customer_id,geography,gender,age,tenure,credit_score,balance,num_of_products,has_cr_card,is_active_member,estimated_salary,exited,risk_tier
ACC-100001,Spain,Female,32,10,684,34548.16,1,1,0,78396.66,1,Low Risk
ACC-100002,France,Male,28,10,664,0.0,1,1,1,171074.45,0,Low Risk
ACC-100003,Spain,Male,38,3,709,0.0,1,1,0,56257.9,0,Low Risk
ACC-100004,France,Female,45,5,648,129255.78,2,1,0,81890.35,0,Low Risk
ACC-100005,France,Male,36,10,684,91286.03,3,1,0,51214.19,0,High Risk
ACC-100006,Germany,Female,42,8,694,104351.21,1,0,1,147569.58,0,Medium Risk
ACC-100007,France,Female,25,10,500,39871.18,1,1,0,138762.68,1,Low Risk
ACC-100008,France,Male,39,10,787,184977.97,1,1,1,158542.7,1,Low Risk
ACC-100009,France,Male,18,9,457,88782.47,2,1,1,86253.0,0,Low Risk
ACC-100010,Spain,Male,28,4,730,66759.84,2,1,0,42774.43,0,Low Risk
ACC-100011,Germany,Female,54,8,848,59139.0,1,1,1,130035.56,1,Medium Risk
ACC-100012,Spain,Female,36,7,702,0.0,1,1,0,80336.93,1,Low Risk
ACC-100013,France,Male,48,5,539,0.0,1,1,0,85437.77,0,Medium Risk
ACC-100014,France,Female,37,10,807,0.0,2,0,1,,0,Low Risk
ACC-100015,France,Male,39,5,667,182484.23,2,0,0,79530.24,0,Low Risk
ACC-100016,Spain,Male,18,9,750,0.0,2,1,1,60337.73,0,Low Risk
ACC-100017,Spain,Female,33,6,499,107443.35,1,0,1,167073.5,0,Low Risk
ACC-100018,France,Male,40,0,721,177062.95,2,1,1,116416.76,0,Low Risk
ACC-100019,France,Female,26,0,675,0.0,2,0,0,167027.81,0,Low Risk
ACC-100020,France,Male,33,9,728,0.0,1,1,1,111331.51,0,Low Risk
ACC-100021,Germany,Female,50,2,767,114434.97,2,0,1,181636.4,0,Low Risk
ACC-100022,France,Male,22,1,630,84805.43,2,0,1,66076.25,0,Low Risk
ACC-100023,France,Female,-25,0,717,0.0,2,1,1,36148.81,0,Low Risk
ACC-100024,France,Male,18,9,570,77710.13,1,1,0,117893.26,1,Low Risk
ACC-100025,Spain,Male,50,1,735,118822.64,1,1,0,73108.59,1,Medium Risk
ACC-100026,France,Female,32,4,592,105298.49,2,1,1,95011.89,0,Low Risk
ACC-100027,France,Male,57,2,587,148788.51,2,0,0,81426.61,0,Medium Risk
ACC-100028,Spain,Male,35,10,652,0.0,2,0,0,154182.91,0,Low Risk
ACC-100029,Spain,Male,29,2,579,107714.51,1,0,1,160972.54,0,Low Risk
ACC-100030,Germany,Male,31,6,850,166189.6,2,1,0,115383.03,0,Medium Risk
ACC-100031,Germany,Female,32,1,669,136506.36,1,0,1,188070.68,0,Medium Risk
ACC-100032,Germany,Male,40,5,709,53553.78,1,1,1,127642.22,0,Low Risk
ACC-100033,France,Male,41,5,614,112291.93,2,1,0,133111.24,0,Low Risk
ACC-100034,Spain,Female,40,5,632,144715.21,3,1,1,75572.85,1,High Risk
ACC-100035,Spain,Female,47,8,677,0.0,2,1,1,168050.58,0,Low Risk
ACC-100036,Spain,Male,-49,3,642,140055.56,2,1,1,130454.84,1,Low Risk
ACC-100037,Germany,Male,41,1,626,63469.83,2,1,1,98844.17,1,Low Risk
ACC-100038,France,Male,44,6,831,64490.3,1,1,1,85924.69,0,Low Risk
ACC-100039,France,Male,21,4,667,0.0,1,1,1,31032.2,0,Low Risk
ACC-100040,Germany,Female,35,10,652,180880.0,2,1,1,181509.65,0,Low Risk
ACC-100041,Spain,Male,52,6,570,41736.24,2,0,0,81872.38,0,Low Risk
ACC-100042,France,Male,44,2,583,111654.9,1,0,0,134010.34,0,Medium Risk
ACC-100043,France,Male,55,10,370,0.0,2,0,0,116034.07,1,Low Risk
ACC-100044,Germany,Female,43,1,702,122267.54,1,1,0,139019.88,0,High Risk
ACC-100045,France,Female,37,8,561,172760.72,2,0,1,102517.61,0,Low Risk
ACC-100046,Germany,Female,28,10,609,64431.15,2,1,0,71750.6,0,Low Risk
ACC-100047,Germany,Male,39,4,696,101363.01,2,1,0,121649.38,0,Medium Risk
ACC-100048,France,Female,47,5,575,145832.41,1,1,1,80415.85,0,Low Risk
ACC-100049,France,Female,54,9,742,0.0,1,1,1,93922.71,1,Low Risk
ACC-100050,Germany,Female,44,10,711,91363.24,2,0,0,176276.83,1,Medium Risk
ACC-100051,France,Male,18,10,667,88629.29,1,1,1,172885.96,0,Low Risk
ACC-100052,France,Female,45,5,653,0.0,1,0,0,92924.77,0,Medium Risk
ACC-100053,Spain,Female,39,10,850,121663.54,1,1,1,52477.99,0,Low Risk
ACC-100054,Spain,Female,31,5,469,40917.21,2,1,1,38274.85,0,Low Risk
ACC-100055,Spain,Male,32,4,767,194256.31,1,1,0,108027.24,0,Medium Risk
ACC-100056,France,Male,60,0,623,0.0,2,1,1,92332.0,0,Low Risk
ACC-100057,Germany,Male,32,2,835,178723.46,1,0,1,68252.16,1,Medium Risk
ACC-100058,Germany,Male,36,8,739,112397.69,2,0,0,131449.7,1,Medium Risk
ACC-100059,France,Female,52,7,583,0.0,1,1,1,68852.8,0,Low Risk
ACC-100060,Spain,Male,47,0,734,44116.45,1,1,0,52739.31,1,Medium Risk
ACC-100061,France,Female,28,5,706,0.0,1,1,1,113887.02,0,Low Risk
ACC-100062,France,Female,29,4,622,0.0,2,1,1,24409.27,0,Low Risk
ACC-100063,Spain,Male,36,0,659,0.0,2,0,1,126948.54,0,Low Risk
ACC-100064,France,Female,32,8,566,0.0,2,0,0,,0,Low Risk
ACC-100065,France,Female,40,7,422,186828.88,1,0,1,133080.57,0,Low Risk
ACC-100066,France,Male,23,8,754,0.0,2,1,0,33763.12,0,Low Risk
ACC-100067,Spain,Female,40,7,459,0.0,2,1,1,105720.31,0,Low Risk
ACC-100068,France,Female,48,1,606,0.0,1,1,0,26667.66,0,Medium Risk
ACC-100069,France,Male,43,10,575,36713.12,1,1,1,98836.1,0,Low Risk
ACC-100070,GERMANY ,Male,62,5,608,185400.28,2,1,1,145190.73,0,Medium Risk
ACC-100071,France,Male,38,7,650,104977.71,2,1,0,165121.98,0,Low Risk
ACC-100072,France,Male,28,5,635,45929.81,2,0,1,50330.37,0,Low Risk
ACC-100073,Germany,Male,42,3,620,89576.47,1,1,0,106683.84,0,Medium Risk
ACC-100074,France,Male,31,4,756,0.0,1,1,1,86848.06,1,Low Risk
ACC-100075,France,Female,40,10,683,0.0,1,0,1,171470.48,0,Low Risk
ACC-100076,Spain,Female,48,2,549,0.0,2,0,0,117101.88,1,Low Risk
ACC-100077,France,Female,29,8,563,0.0,2,0,0,49850.25,0,Low Risk
ACC-100078,Germany,Male,33,9,718,60946.06,1,0,1,168811.89,1,Low Risk
ACC-100079,France,Female,51,3,617,0.0,2,1,1,,0,Low Risk
ACC-100080,Germany,Male,48,2,752,180117.03,1,1,0,167269.32,0,High Risk
ACC-100081,France,Male,18,3,744,85130.22,2,0,0,77445.26,0,Low Risk
ACC-100082,France,Female,30,3,702,0.0,1,0,0,44583.42,1,Low Risk
ACC-100083,France,Female,35,8,494,181896.6,2,1,0,170902.8,0,Low Risk
ACC-100084,France,Male,32,5,784,140692.07,1,0,1,84616.22,0,Low Risk
ACC-100085,Spain,Male,43,2,606,54888.64,2,0,1,50426.93,0,Low Risk
ACC-100086,Spain,Male,49,3,567,167497.48,2,1,1,182835.48,0,Low Risk
ACC-100087,France,Female,35,4,615,147347.7,1,1,0,,1,Medium Risk
ACC-100088,France,Male,48,8,718,177259.71,1,1,0,75959.46,1,Medium Risk
ACC-100089,Germany,Male,45,1,662,38019.05,2,0,0,126513.48,1,Medium Risk
ACC-100090,France,Female,28,0,421,85597.32,2,0,0,141892.19,0,Low Risk
ACC-100091,France,Male,44,5,591,82045.66,1,1,0,55347.74,0,Medium Risk
ACC-100092,Spain,Male,29,6,658,127302.68,1,1,0,185386.35,0,Medium Risk
ACC-100093,Spain,Male,29,0,769,43154.04,2,1,1,115243.52,0,Low Risk
ACC-100094,France,Female,37,4,687,0.0,1,1,0,96474.72,1,Low Risk
ACC-100095,France,Male,30,10,456,80551.18,1,0,0,188325.8,0,Low Risk
ACC-100096,France,Male,40,3,760,109058.65,1,0,0,146466.97,0,Medium Risk
ACC-100097,France,Female,45,3,514,97670.98,1,0,0,142363.51,0,Medium Risk
ACC-100098,Spain,Female,39,1,786,137034.15,2,0,0,49605.53,1,Low Risk
ACC-100099,Spain,Male,45,9,534,0.0,2,1,1,118210.1,0,Low Risk
ACC-100100,France,Male,44,9,795,165261.22,2,1,0,123215.79,1,Low Risk
ACC-100101,France,Male,18,2,507,33214.02,1,1,0,34701.95,0,Low Risk
ACC-100102,Spain,Male,27,10,626,70435.82,1,1,1,181518.23,0,Low Risk
ACC-100103,Spain,Female,52,9,462,177448.82,2,1,0,30591.16,0,Medium Risk
ACC-100104,Spain,Male,47,10,646,0.0,1,0,0,64705.23,1,Medium Risk
ACC-100105,Spain,Male,40,7,525,73320.01,2,0,1,188960.31,0,Low Risk
ACC-100106,France,Male,35,9,599,0.0,1,0,0,32304.8,0,Low Risk
ACC-100107,France,Male,51,1,669,126033.36,1,1,1,36276.1,0,Medium Risk
ACC-100108,Spain,Male,30,9,675,135748.56,2,1,1,108064.42,0,Low Risk
ACC-100109,France,Male,54,3,716,0.0,1,1,0,56091.11,0,Medium Risk
ACC-100110,Spain,Male,54,6,553,27606.26,2,1,0,94119.44,0,Low Risk
ACC-100111,France,Female,33,0,519,103665.74,1,1,1,29037.17,0,Low Risk
ACC-100112,Spain,Female,27,7,532,0.0,2,1,1,61379.64,0,Low Risk
ACC-100113,France,Male,36,6,741,90397.46,2,1,1,178817.75,0,Low Risk
ACC-100114,Germany,Male,38,8,620,178672.73,1,1,0,112077.27,0,Medium Risk
ACC-100115,France,Male,35,5,667,0.0,1,1,1,98182.47,0,Low Risk
ACC-100116,France,Male,39,10,653,90975.1,1,1,1,170886.05,0,Low Risk
ACC-100117,France,Female,36,2,612,81043.03,1,0,1,186484.45,0,Low Risk
ACC-100118,Germany,Female,51,6,571,91967.09,1,1,0,,1,High Risk
ACC-100119,Spain,Female,29,10,660,0.0,2,0,1,123965.47,0,Low Risk
ACC-100120,France,Female,39,1,653,142735.85,1,1,0,,1,Medium Risk
ACC-100121,Spain,Male,41,10,562,171272.4,2,1,1,86900.33,1,Low Risk
ACC-100122,France,Male,51,5,850,0.0,1,1,0,35501.91,0,Medium Risk
ACC-100123,Spain,Female,44,2,583,175597.01,1,1,1,73179.55,0,Low Risk
ACC-100124,Spain,Male,26,5,630,0.0,1,1,1,98649.6,0,Low Risk
ACC-100125,France,Female,32,8,656,148357.98,1,0,0,142563.61,0,Medium Risk
ACC-100126,France,Male,32,9,645,119158.13,1,0,1,158301.81,0,Low Risk
ACC-100127,Germany,Male,43,9,596,120777.8,1,0,1,125352.5,0,Medium Risk
ACC-100128,Germany,Male,-18,0,742,180556.16,2,1,1,162989.01,0,Low Risk
ACC-100129,Spain,Female,34,7,794,0.0,1,0,1,90838.77,0,Low Risk
ACC-100130,GERMANY ,Male,45,10,694,194498.42,1,1,0,134209.4,1,High Risk
ACC-100131,Germany,Female,56,6,652,66561.74,2,0,0,80191.35,0,Medium Risk
ACC-100132,France,Female,30,8,740,166109.64,2,1,0,149991.83,0,Low Risk
ACC-100133,Germany,Female,44,2,510,141174.16,1,1,1,62512.73,1,Medium Risk
ACC-100134,Germany,Female,42,6,542,70102.16,1,1,1,101715.08,0,Medium Risk
ACC-100135,France,Female,49,1,529,156474.77,1,1,1,104999.67,1,Medium Risk
ACC-100136,France,Male,45,0,685,97415.32,3,1,1,60526.03,1,High Risk
ACC-100137,Germany,Female,46,2,502,104903.27,1,1,0,83215.35,1,High Risk
ACC-100138,GERMANY ,Female,30,1,660,156778.74,3,1,1,188929.07,1,High Risk
ACC-100139,France,Male,46,9,435,0.0,1,0,1,90692.62,0,Low Risk
ACC-100140,France,Male,31,5,517,172465.97,1,1,0,111658.46,0,Medium Risk
ACC-100141,Spain,Male,39,0,736,181182.85,1,0,1,30602.06,0,Low Risk
ACC-100142,France,Female,32,9,607,128643.85,2,1,1,154704.26,0,Low Risk
ACC-100143,France,Male,56,4,596,147612.72,2,1,0,182484.59,0,Medium Risk
ACC-100144,France,Female,32,2,676,141449.35,2,1,0,174113.51,0,Low Risk
ACC-100145,France,Male,18,8,541,129644.83,1,1,0,118780.4,0,Medium Risk
ACC-100146,Germany,Female,47,3,601,69629.16,1,1,1,130773.77,0,Medium Risk
ACC-100147,Spain,Male,37,7,557,137561.86,2,1,1,,0,Low Risk
ACC-100148,Germany,Male,34,0,585,139580.5,2,0,1,161234.97,0,Low Risk
ACC-100149,France,Female,29,7,750,187118.6,2,1,1,25574.85,0,Low Risk
ACC-100150,France,Male,37,1,701,174058.54,2,1,0,47990.11,0,Low Risk
ACC-100151,France,Male,34,10,573,0.0,1,1,1,84016.3,0,Low Risk
ACC-100152,France,Female,18,6,445,110163.55,1,0,1,73385.31,0,Low Risk
ACC-100153,Germany,Male,31,4,637,44715.7,2,1,0,31148.56,0,Low Risk
ACC-100154,Germany,Male,44,7,751,80182.46,2,1,0,114620.74,0,Medium Risk
ACC-100155,Germany,Female,46,9,747,75531.61,2,1,0,108952.23,1,Medium Risk
ACC-100156,France,Male,39,2,511,101459.59,2,1,0,135657.03,0,Low Risk
ACC-100157,France,Male,40,6,687,42123.01,2,1,1,79369.58,0,Low Risk
ACC-100158,Germany,Male,29,6,615,61173.19,2,0,0,22267.11,0,Low Risk
ACC-100159,France,Male,49,1,690,177991.47,2,1,0,153972.31,1,Low Risk
ACC-100160,France,Male,49,4,615,168159.98,2,1,0,156478.33,0,Low Risk
ACC-100161,France,Female,42,5,658,119910.28,1,0,0,80465.34,0,Medium Risk
ACC-100162,Germany,Female,43,7,542,188868.42,2,1,1,175104.87,0,Low Risk
ACC-100163,Germany,Female,47,8,350,101011.26,2,0,1,158756.21,0,Low Risk
ACC-100164,France,Female,32,10,534,55064.41,2,1,1,173214.61,0,Low Risk
ACC-100165,France,Female,45,10,582,32516.12,2,1,1,177810.24,1,Low Risk
ACC-100166,France,Male,37,9,548,0.0,2,1,1,81622.19,1,Low Risk
ACC-100167,France,Male,52,7,739,55102.08,2,1,1,158733.34,0,Low Risk
ACC-100168,France,Male,22,10,643,187631.94,1,1,0,161765.97,0,Medium Risk
ACC-100169,France,Female,30,3,850,0.0,1,1,0,28524.52,1,Low Risk
ACC-100170,Germany,Male,42,10,554,150068.34,2,0,0,59621.14,0,Medium Risk
ACC-100171,Spain,Female,26,1,673,80809.86,1,1,0,186376.3,0,Medium Risk
ACC-100172,Germany,Female,41,2,679,108155.24,2,0,0,63995.39,1,Medium Risk
ACC-100173,France,Male,29,2,759,26448.11,3,1,0,127843.84,0,High Risk
ACC-100174,France,Female,41,3,750,69097.22,1,1,1,130729.29,0,Low Risk
ACC-100175,France,Female,52,7,629,0.0,2,1,0,119404.7,0,Low Risk
ACC-100176,Spain,Female,50,6,786,49817.78,3,1,1,62243.18,1,High Risk
ACC-100177,France,Female,29,6,739,0.0,1,0,0,100419.2,0,Low Risk
ACC-100178,France,Male,55,3,626,0.0,1,1,0,160519.3,1,Medium Risk
ACC-100179,Spain,Female,43,3,656,86120.13,1,1,0,73287.33,0,Medium Risk
ACC-100180,Germany,Male,50,3,722,150836.71,1,1,1,56944.29,0,Medium Risk
ACC-100181,Spain,Male,39,2,532,108784.56,2,1,0,96626.11,1,Low Risk
ACC-100182,France,Female,35,4,511,0.0,2,0,0,57917.65,0,Low Risk
ACC-100183,Spain,Female,40,10,619,45648.91,1,1,0,34475.06,1,Low Risk
ACC-100184,France,Male,44,6,766,193180.06,1,1,0,106126.94,0,Medium Risk
ACC-100185,Germany,Male,37,1,687,170105.82,1,1,1,41067.36,0,Medium Risk
ACC-100186,France,Male,51,9,517,0.0,1,1,0,41631.31,1,Medium Risk
ACC-100187,Germany,Male,47,7,678,102902.32,2,1,0,93017.58,0,Medium Risk
ACC-100188,Spain,Female,36,7,526,181500.46,2,0,0,159890.33,0,Low Risk
ACC-100189,France,Male,40,9,615,138110.54,2,1,1,122061.52,0,Low Risk
ACC-100190,France,Female,42,0,595,167286.79,1,1,1,76132.41,1,Medium Risk
ACC-100191,France,Male,-40,7,661,166852.63,2,0,0,33809.84,0,Low Risk
ACC-100192,France,Male,45,4,734,0.0,2,0,0,61693.92,0,Low Risk
ACC-100193,Spain,Female,42,10,792,0.0,1,1,1,156520.43,1,Low Risk
ACC-100194,France,Female,45,4,677,64424.03,1,1,1,40939.68,0,Low Risk
ACC-100195,Spain,Female,35,2,601,98821.12,2,0,1,178320.48,0,Low Risk
ACC-100196,Spain,Male,45,9,494,164318.8,1,1,1,108313.14,0,Low Risk
ACC-100197,France,Female,21,2,737,0.0,1,1,1,171630.86,0,Low Risk
ACC-100198,Spain,Male,31,1,572,29501.34,1,1,1,141355.67,1,Low Risk
ACC-100199,France,Female,48,2,721,39377.1,1,0,1,124361.72,0,Low Risk
ACC-100200,Germany,Male,41,5,777,42338.83,2,1,1,124997.93,0,Low Risk
ACC-100201,Spain,Female,47,0,404,0.0,2,1,1,51995.86,0,Low Risk
ACC-100202,Germany,Female,40,9,689,187704.49,2,1,0,169861.22,1,Medium Risk
ACC-100203,SPAIN ,Female,20,1,617,0.0,2,0,0,125088.16,1,Low Risk
ACC-100204,France,Male,54,3,632,0.0,1,1,0,105668.86,1,Medium Risk
ACC-100205,Spain,Male,32,5,704,48665.01,2,1,1,54654.9,1,Low Risk
ACC-100206,Germany,Female,45,8,523,63721.11,2,0,0,193715.14,0,Medium Risk
ACC-100207,France,Female,26,0,605,59541.36,1,1,1,112898.53,0,Low Risk
ACC-100208,France,Female,47,4,669,118258.25,2,1,0,54010.48,0,Low Risk
ACC-100209,Germany,Male,36,5,609,56941.14,3,1,0,191829.95,1,High Risk
ACC-100210,Germany,Male,32,7,741,81488.7,2,1,0,190039.31,0,Low Risk
ACC-100211,Germany,Male,44,5,480,39893.6,1,0,0,82208.99,0,Medium Risk
ACC-100212,Spain,Female,50,5,630,98346.87,2,0,0,72663.74,0,Low Risk
ACC-100213,France,Female,48,3,506,101129.26,1,1,0,180530.21,1,Medium Risk
ACC-100214,Spain,Female,37,5,598,123742.57,1,1,0,78466.83,1,Medium Risk
ACC-100215,France,Female,24,8,531,0.0,1,1,1,117935.65,0,Low Risk
ACC-100216,Germany,Female,44,0,649,26256.38,1,1,1,146762.3,1,Medium Risk
ACC-100217,France,Male,54,9,719,0.0,1,1,1,47262.78,0,Low Risk
ACC-100218,Spain,Female,46,5,573,0.0,2,1,1,94163.22,0,Low Risk
ACC-100219,France,Male,25,0,734,71362.08,2,1,0,167753.38,0,Low Risk
ACC-100220,Germany,Male,-46,6,816,92052.5,1,0,1,137908.98,1,Medium Risk
ACC-100221,France,Female,27,4,683,128085.55,2,0,1,145135.47,0,Low Risk
ACC-100222,Germany,Male,48,8,685,33352.47,1,1,1,63817.54,0,Medium Risk
ACC-100223,Germany,Male,37,5,408,114837.13,1,1,0,105721.0,0,Medium Risk
ACC-100224,France,Female,33,10,600,59596.05,2,1,0,127705.38,1,Low Risk
ACC-100225,France,Female,18,1,479,0.0,1,1,0,153483.47,0,Medium Risk
ACC-100226,Spain,Male,31,7,593,193893.69,1,0,0,104819.11,0,Medium Risk
ACC-100227,France,Female,41,2,650,48375.27,1,1,0,150995.09,0,Medium Risk
ACC-100228,France,Female,53,3,748,91457.63,1,0,1,90834.63,0,Low Risk
ACC-100229,France,Female,38,4,750,121313.98,1,1,0,77204.2,0,Medium Risk
ACC-100230,Germany,Female,35,7,487,71377.09,2,1,1,150664.25,0,Low Risk
ACC-100231,Spain,Male,43,7,645,120947.7,2,1,1,166536.53,0,Low Risk
ACC-100232,France,Male,41,2,752,52255.25,1,1,0,56205.34,1,Medium Risk
ACC-100233,France,Male,52,7,701,69053.79,1,1,1,188624.77,0,Low Risk
ACC-100234,Germany,Male,20,8,656,124494.89,1,0,1,37534.03,1,Medium Risk
ACC-100235,Spain,Female,28,6,682,0.0,2,1,0,120443.35,0,Low Risk
ACC-100236,France,Female,25,2,539,143835.29,2,0,0,167847.82,1,Low Risk
ACC-100237,France,Male,38,9,541,71059.29,1,1,0,59191.99,0,Low Risk
ACC-100238,Germany,Male,47,8,571,116081.32,1,1,1,114266.22,1,Medium Risk
ACC-100239,Germany,Female,27,4,662,90517.41,1,1,1,116382.7,0,Low Risk
ACC-100240,Spain,Female,35,2,563,29251.5,1,1,1,91854.88,0,Low Risk
ACC-100241,Germany,Male,31,6,504,99025.03,2,0,0,60251.17,0,Low Risk
ACC-100242,France,Male,27,0,574,0.0,1,1,1,27292.26,0,Low Risk
ACC-100243,France,Male,33,5,657,160649.47,2,1,1,35543.97,0,Low Risk
ACC-100244,France,Female,41,1,735,0.0,1,1,1,47611.51,0,Low Risk
ACC-100245,Spain,Female,38,6,581,0.0,1,1,0,90797.02,0,Low Risk
ACC-100246,France,Female,55,1,650,0.0,1,0,1,122270.7,1,Medium Risk
ACC-100247,France,Female,31,5,751,0.0,2,1,1,146767.73,0,Low Risk
ACC-100248,France,Male,66,4,663,56937.47,2,0,0,46294.76,0,Low Risk
ACC-100249,France,Female,53,9,388,32472.58,2,1,0,194380.3,0,Low Risk
ACC-100250,Germany,Male,32,2,666,36958.92,1,1,1,33815.98,1,Low Risk
ACC-100251,France,Female,47,5,576,113428.78,1,0,0,30256.28,0,Medium Risk
ACC-100252,Spain,Male,27,6,651,0.0,1,0,0,167585.57,0,Low Risk
ACC-100253,Spain,Female,44,4,620,0.0,1,1,1,59003.57,0,Low Risk
ACC-100254,France,Male,29,4,503,192292.98,1,1,1,28794.16,0,Low Risk
ACC-100255,France,Male,31,3,741,80917.93,2,1,1,,0,Low Risk
ACC-100256,France,Female,28,1,850,156005.26,2,0,0,92059.77,0,Low Risk
ACC-100257,France,Male,55,4,443,161092.31,1,1,1,122925.99,1,Medium Risk
ACC-100258,FRANCE ,Female,44,2,734,53061.76,2,1,1,29917.75,0,Low Risk
ACC-100259,France,Female,30,6,584,146397.07,2,1,1,24108.25,1,Low Risk
ACC-100260,France,Male,47,3,630,56579.5,2,1,0,36055.74,0,Low Risk
ACC-100261,France,Male,44,5,586,63334.8,2,0,0,86493.33,0,Low Risk
ACC-100262,Germany,Female,-53,10,698,170100.43,1,1,1,46715.44,1,Medium Risk
ACC-100263,Germany,Female,36,5,500,145279.56,2,1,0,61034.0,0,Medium Risk
ACC-100264,Germany,Male,32,6,850,178026.48,1,0,0,47602.5,0,Medium Risk
ACC-100265,France,Male,42,3,769,193304.63,1,1,1,161069.42,0,Low Risk
ACC-100266,France,Male,22,2,467,50258.22,1,1,0,112822.47,0,Low Risk
ACC-100267,Spain,Female,44,0,534,139764.65,2,1,0,30823.0,0,Low Risk
ACC-100268,France,Female,31,4,699,0.0,1,1,1,54303.91,0,Low Risk
ACC-100269,SPAIN ,Female,38,1,540,0.0,1,1,1,144338.58,1,Low Risk
ACC-100270,Germany,Male,42,4,631,93607.93,2,1,1,36190.9,0,Low Risk
ACC-100271,France,Female,22,10,480,108368.98,2,1,1,123347.86,0,Low Risk
ACC-100272,Germany,Male,56,2,648,46444.66,2,1,0,66478.07,1,Medium Risk
ACC-100273,France,Male,34,1,640,0.0,2,0,1,173223.31,0,Low Risk
ACC-100274,France,Female,40,1,705,82612.07,2,0,1,30844.19,0,Low Risk
ACC-100275,France,Female,41,8,600,191134.07,2,1,0,54651.61,0,Low Risk
ACC-100276,Spain,Female,41,0,542,0.0,2,1,1,134272.11,0,Low Risk
ACC-100277,Germany,Female,36,5,746,147319.73,2,1,1,76395.44,1,Low Risk
ACC-100278,France,Male,29,6,472,0.0,2,1,0,41400.46,1,Low Risk
ACC-100279,Spain,Female,18,10,614,191904.75,2,1,0,190331.49,0,Low Risk
ACC-100280,France,Male,34,4,602,154505.82,1,1,1,72298.62,1,Low Risk
ACC-100281,France,Female,38,8,668,34087.13,2,0,1,32786.83,0,Low Risk
ACC-100282,Spain,Female,41,0,728,36479.7,3,1,0,190847.79,1,High Risk
ACC-100283,Germany,Male,52,2,667,131068.58,1,1,1,157410.15,0,Medium Risk
ACC-100284,France,Female,44,6,703,0.0,2,1,0,93282.01,0,Low Risk
ACC-100285,France,Female,22,1,588,189008.96,2,1,0,152211.24,0,Low Risk
ACC-100286,Germany,Male,42,9,654,100634.39,1,1,0,129480.95,0,High Risk
ACC-100287,France,Male,22,8,644,136621.02,1,1,0,102285.8,0,Medium Risk
ACC-100288,Spain,Female,48,3,641,27890.93,1,0,0,36977.46,0,Medium Risk
ACC-100289,Spain,Male,62,2,649,34046.8,1,1,0,191170.69,0,Medium Risk
ACC-100290,France,Female,38,0,577,0.0,2,1,1,159570.29,0,Low Risk
ACC-100291,Germany,Female,35,10,577,34783.31,1,1,1,164474.93,0,Low Risk
ACC-100292,Germany,Female,43,3,722,50368.94,2,0,0,187839.67,1,Medium Risk
ACC-100293,Spain,Male,41,8,476,0.0,1,1,1,70851.38,0,Low Risk
ACC-100294,Germany,Male,60,9,638,105578.11,1,1,1,55945.73,0,Medium Risk
ACC-100295,Germany,Male,30,3,603,153769.14,1,1,0,37684.02,1,Medium Risk
ACC-100296,France,Male,40,1,759,0.0,2,0,1,89908.92,0,Low Risk
ACC-100297,Spain,Male,46,10,628,137269.71,2,1,1,165510.41,0,Low Risk
ACC-100298,France,Male,50,7,618,0.0,1,1,0,,0,Medium Risk
ACC-100299,Spain,Female,18,10,676,164512.73,2,0,0,117338.55,0,Low Risk
ACC-100300,Germany,Male,48,0,777,126577.25,2,1,1,85061.67,1,Medium Risk
ACC-100301,Spain,Female,56,5,822,170455.02,1,1,1,138178.57,0,Medium Risk
ACC-100302,France,Male,35,4,617,151875.58,1,1,0,157011.75,0,Medium Risk
ACC-100303,Germany,Male,28,4,680,51687.78,2,1,1,122965.88,0,Low Risk
ACC-100304,Germany,Female,45,3,593,105525.83,2,0,0,153170.85,0,Medium Risk
ACC-100305,France,Male,28,3,736,166981.43,2,0,0,172839.2,1,Low Risk
ACC-100306,France,Male,24,6,664,74552.93,1,1,1,50746.08,0,Low Risk
ACC-100307,France,Female,40,3,532,75870.12,1,0,0,109191.18,1,Low Risk
ACC-100308,Germany,Male,49,7,732,55222.09,1,0,1,78130.87,0,Medium Risk
ACC-100309,France,Female,30,10,574,0.0,2,1,1,54879.6,0,Low Risk
ACC-100310,Spain,Female,39,6,522,38747.59,2,1,1,194987.04,0,Low Risk
ACC-100311,Spain,Female,38,8,637,81166.5,2,1,1,,0,Low Risk
ACC-100312,Spain,Male,42,10,677,100545.83,1,0,1,164779.72,0,Low Risk
ACC-100313,Germany,Male,48,5,699,179001.04,2,1,1,31083.45,0,Low Risk
ACC-100314,Germany,Female,25,10,577,136225.45,2,0,0,38352.26,0,Medium Risk
ACC-100315,France,Female,24,2,692,0.0,1,1,0,125523.52,0,Low Risk
ACC-100316,France,Female,34,7,690,40150.41,1,1,0,90374.71,0,Low Risk
ACC-100317,France,Female,43,4,692,0.0,2,1,0,120590.99,0,Low Risk
ACC-100318,Germany,Female,20,10,635,182618.37,1,1,0,172616.24,1,Medium Risk
ACC-100319,France,Male,36,2,834,65424.87,1,1,1,136833.96,1,Low Risk
ACC-100320,France,Male,50,3,694,51771.21,1,0,0,127426.06,0,Medium Risk
ACC-100321,France,Male,43,1,668,91993.27,2,1,1,176478.99,0,Low Risk
ACC-100322,Spain,Female,33,10,659,114831.63,1,1,0,124495.3,1,Medium Risk
ACC-100323,France,Male,38,7,687,153228.12,2,1,1,38781.4,0,Low Risk
ACC-100324,France,Male,30,3,732,96809.12,2,0,0,157263.92,0,Low Risk
ACC-100325,France,Male,37,5,701,156893.33,1,1,1,45500.91,0,Low Risk
ACC-100326,France,Male,30,3,707,96661.56,2,1,0,67794.02,0,Low Risk
ACC-100327,France,Female,34,10,690,0.0,2,1,0,191386.91,0,Low Risk
ACC-100328,France,Female,36,9,706,173537.14,1,0,1,172045.07,0,Low Risk
ACC-100329,France,Female,42,0,679,129610.86,3,1,0,77066.72,1,High Risk
ACC-100330,France,Female,43,4,578,63352.1,1,1,0,41169.17,0,Medium Risk
ACC-100331,France,Male,53,9,631,34407.66,2,1,1,69039.82,0,Low Risk
ACC-100332,France,Male,51,7,648,121536.36,2,1,0,48835.43,0,Medium Risk
ACC-100333,France,Female,41,1,713,59719.51,2,0,0,187365.77,0,Low Risk
ACC-100334,France,Female,53,10,694,191465.26,1,1,1,23945.05,0,Medium Risk
ACC-100335,Germany,Male,36,0,524,29172.25,1,1,0,98254.24,1,Medium Risk
ACC-100336,France,Male,47,3,675,0.0,1,0,1,101598.26,0,Low Risk
ACC-100337,Germany,Male,29,9,622,42737.15,1,0,1,105041.69,0,Low Risk
ACC-100338,Germany,Female,30,1,622,128254.93,1,0,0,47533.22,0,High Risk
ACC-100339,FRANCE ,Male,18,8,544,0.0,1,1,1,104903.93,0,Low Risk
ACC-100340,Germany,Female,24,1,587,40981.88,2,1,1,106924.4,0,Low Risk
ACC-100341,France,Male,41,1,457,0.0,2,1,0,80193.32,0,Low Risk
ACC-100342,France,Male,51,10,524,108316.62,1,1,1,131218.62,1,Medium Risk
ACC-100343,France,Male,37,6,638,0.0,2,1,1,112005.57,0,Low Risk
ACC-100344,France,Male,42,5,734,125644.44,1,1,1,143084.12,0,Low Risk
ACC-100345,Spain,Female,47,2,788,0.0,2,1,1,35962.04,0,Low Risk
ACC-100346,Germany,Female,33,7,661,43927.05,1,1,1,155136.31,1,Low Risk
ACC-100347,France,Male,29,7,750,191614.53,1,1,1,72457.29,0,Low Risk
ACC-100348,France,Male,36,10,528,157349.45,1,1,1,133722.15,1,Low Risk
ACC-100349,Spain,Male,45,3,796,0.0,1,1,1,121160.36,0,Low Risk
ACC-100350,France,Male,33,2,740,162263.28,1,1,0,130486.49,1,Medium Risk
ACC-100351,France,Female,26,5,501,60210.83,1,1,1,171564.41,0,Low Risk
ACC-100352,Germany,Male,43,1,549,158108.61,2,0,1,41067.98,0,Medium Risk
ACC-100353,France,Male,44,2,574,77918.96,2,1,1,128567.97,0,Low Risk
ACC-100354,Germany,Female,36,10,647,76153.46,2,0,1,167171.26,0,Low Risk
ACC-100355,Spain,Male,46,8,620,29724.01,2,1,0,60882.47,0,Low Risk
ACC-100356,France,Female,22,3,743,188172.04,1,1,0,160380.56,0,Medium Risk
ACC-100357,France,Female,40,1,738,54529.78,2,1,1,164612.23,0,Low Risk
ACC-100358,France,Male,42,3,614,150947.61,1,1,0,131120.68,1,Medium Risk
ACC-100359,Germany,Female,28,7,717,109531.83,2,1,1,29655.79,0,Low Risk
ACC-100360,France,Male,37,1,550,167022.48,1,1,1,55290.8,1,Low Risk
ACC-100361,France,Female,36,1,576,170361.79,1,1,0,76755.54,1,Medium Risk
ACC-100362,Germany,Male,28,4,543,38509.62,2,1,1,157885.49,0,Low Risk
ACC-100363,France,Female,43,10,686,182007.71,2,1,1,119035.41,0,Low Risk
ACC-100364,France,Male,46,8,739,130818.69,2,1,1,22704.65,0,Low Risk
ACC-100365,France,Male,55,2,530,89412.48,1,1,0,97403.33,1,Medium Risk
ACC-100366,Germany,Female,18,8,713,128109.79,1,0,1,55213.65,1,Medium Risk
ACC-100367,France,Female,40,7,375,0.0,2,1,1,63120.27,0,Low Risk
ACC-100368,France,Male,28,3,755,141209.49,1,1,0,101096.13,0,Medium Risk
ACC-100369,France,Female,64,1,563,0.0,1,1,0,133254.76,0,Medium Risk
ACC-100370,Spain,Female,36,2,659,67060.05,1,1,1,177476.98,0,Low Risk
ACC-100371,France,Female,33,0,847,28044.7,1,1,0,52939.46,0,Medium Risk
ACC-100372,Spain,Female,57,7,627,136085.94,3,1,1,150250.42,1,High Risk
ACC-100373,Spain,Male,36,3,661,0.0,1,0,1,35746.05,0,Low Risk
ACC-100374,France,Female,41,2,611,173683.51,2,1,1,135939.95,0,Low Risk
ACC-100375,Germany,Male,20,7,545,82200.22,2,1,1,47560.76,0,Low Risk
ACC-100376,France,Female,41,5,630,97617.18,1,1,0,73331.85,0,Medium Risk
ACC-100377,Spain,Male,25,4,724,124919.0,2,1,0,179337.85,0,Low Risk
ACC-100378,Germany,Male,33,1,736,32911.34,2,1,1,139597.36,0,Low Risk
ACC-100379,Germany,Male,35,7,489,109519.69,2,1,1,39412.37,0,Low Risk
ACC-100380,Germany,Male,41,5,562,182569.36,1,1,1,175268.42,1,Medium Risk
ACC-100381,France,Male,22,0,693,182625.46,1,1,1,67943.12,1,Low Risk
ACC-100382,Spain,Male,45,5,590,193796.74,2,0,1,109062.16,0,Low Risk
ACC-100383,Germany,Male,-50,0,694,142590.22,2,1,0,70182.12,0,Medium Risk
ACC-100384,Germany,Female,22,1,656,91947.3,1,1,0,98099.86,1,Medium Risk
ACC-100385,France,Male,36,1,710,161405.45,1,0,0,123054.0,1,Medium Risk
ACC-100386,Spain,Male,42,0,530,0.0,1,0,0,109341.2,1,Medium Risk
ACC-100387,France,Male,39,8,612,0.0,2,1,1,31643.61,0,Low Risk
ACC-100388,France,Male,42,3,604,88530.47,2,1,0,25011.33,0,Low Risk
ACC-100389,France,Female,41,4,776,0.0,1,0,1,30731.95,0,Low Risk
ACC-100390,France,Female,40,5,587,111356.02,1,1,0,98132.77,0,Medium Risk
ACC-100391,Spain,Male,41,3,418,167968.15,1,1,0,61898.0,0,Medium Risk
ACC-100392,France,Male,34,0,755,149470.16,1,1,1,,0,Low Risk
ACC-100393,France,Female,40,9,592,95459.19,1,1,0,164577.32,0,Low Risk
ACC-100394,France,Male,33,5,685,167799.93,2,1,1,98340.63,0,Low Risk
ACC-100395,France,Female,27,7,715,60672.43,2,0,1,81083.45,0,Low Risk
ACC-100396,France,Male,34,2,581,57063.36,2,0,1,80365.39,0,Low Risk
ACC-100397,France,Male,39,0,665,171729.71,2,1,0,71253.61,0,Low Risk
ACC-100398,Germany,Female,27,9,703,99373.37,2,0,0,133291.55,0,Low Risk
ACC-100399,Spain,Male,61,0,539,65982.48,1,0,1,88859.95,0,Medium Risk
ACC-100400,Germany,Female,41,3,823,44624.94,2,1,1,83939.17,0,Low Risk
ACC-100401,France,Male,38,9,643,120493.22,2,1,0,118530.47,0,Low Risk
ACC-100402,Spain,Female,49,3,690,102374.4,1,1,1,87475.97,0,Low Risk
ACC-100403,Spain,Male,32,5,558,184894.75,1,1,1,104429.13,0,Low Risk
ACC-100404,Germany,Male,40,10,785,170137.42,3,1,1,188157.14,1,High Risk
ACC-100405,France,Male,38,6,635,102569.98,2,1,1,26140.21,0,Low Risk
ACC-100406,Spain,Male,43,0,624,192009.09,2,0,1,62304.48,0,Low Risk
ACC-100407,Spain,Male,26,6,793,87756.01,1,0,1,57787.56,0,Low Risk
ACC-100408,Spain,Female,22,2,801,136699.07,2,1,0,142771.44,0,Low Risk
ACC-100409,Germany,Male,41,0,624,92949.67,2,1,1,41595.02,0,Low Risk
ACC-100410,Germany,Male,37,0,645,151882.8,1,1,0,147047.68,1,High Risk
ACC-100411,Spain,Female,35,0,665,0.0,1,1,0,86449.85,1,Medium Risk
ACC-100412,Germany,Male,29,2,630,38108.87,1,0,0,160863.36,0,Medium Risk
ACC-100413,France,Male,49,2,579,29586.36,1,1,0,181506.33,1,Medium Risk
ACC-100414,France,Male,40,2,493,169127.77,1,1,1,183428.23,0,Low Risk
ACC-100415,France,Male,31,5,592,71609.11,1,0,1,87811.66,0,Low Risk
ACC-100416,France,Female,27,9,691,44291.75,2,1,1,122821.59,0,Low Risk
ACC-100417,France,Male,35,5,525,0.0,2,1,0,140671.83,0,Low Risk
ACC-100418,France,Male,46,10,645,0.0,2,1,1,37062.6,0,Low Risk
ACC-100419,Spain,Female,27,3,735,0.0,2,0,0,71912.74,0,Low Risk
ACC-100420,Germany,Male,39,2,850,170365.99,1,1,1,54643.38,1,Medium Risk
ACC-100421,France,Female,45,4,770,135473.14,2,1,0,42551.15,0,Low Risk
ACC-100422,France,Male,38,10,831,0.0,2,0,1,169221.48,0,Low Risk
ACC-100423,Spain,Female,45,0,725,26065.43,2,1,1,80698.21,0,Low Risk
ACC-100424,France,Female,33,10,697,185321.33,1,1,1,66389.21,0,Low Risk
ACC-100425,France,Male,42,8,634,75229.29,3,1,1,116042.31,1,High Risk
ACC-100426,Spain,Male,45,5,498,0.0,1,0,0,181290.63,0,Medium Risk
ACC-100427,France,Female,57,0,800,0.0,2,1,1,61822.16,0,Low Risk
ACC-100428,France,Male,55,3,571,150687.24,1,1,0,43989.96,1,Medium Risk
ACC-100429,France,Male,42,4,706,181301.55,2,1,1,34608.83,1,Low Risk
ACC-100430,Germany,Female,30,0,651,27116.93,2,1,1,87987.86,0,Low Risk
ACC-100431,Germany,Male,36,7,544,178629.83,2,1,0,193912.91,0,Medium Risk
ACC-100432,Spain,Female,30,1,711,0.0,2,1,1,,0,Low Risk
ACC-100433,Germany,Female,32,10,583,36082.08,1,0,1,77848.55,0,Low Risk
ACC-100434,Germany,Male,45,9,656,193223.82,2,1,0,51378.84,0,Medium Risk
ACC-100435,Spain,Male,51,8,590,65736.96,1,1,0,121518.48,1,Medium Risk
ACC-100436,France,Female,51,8,706,167471.17,3,0,0,180248.56,1,High Risk
ACC-100437,Spain,Female,38,6,658,0.0,1,1,1,149341.19,0,Low Risk
ACC-100438,Germany,Female,37,8,748,154818.68,2,0,1,32919.06,0,Low Risk
ACC-100439,Germany,Female,54,10,671,75852.93,2,1,1,129870.66,0,Low Risk
ACC-100440,Spain,Male,34,1,581,0.0,2,1,0,150459.23,0,Low Risk
ACC-100441,Spain,Male,39,9,619,140825.0,1,1,1,160291.32,1,Low Risk
ACC-100442,France,Female,38,4,688,103409.58,1,1,0,175020.17,1,Medium Risk
ACC-100443,France,Male,43,5,681,179990.88,1,1,0,128835.32,1,Medium Risk
ACC-100444,France,Male,28,3,754,0.0,1,1,1,68746.88,0,Low Risk
ACC-100445,France,Male,44,8,759,47407.24,1,0,0,104883.6,0,Medium Risk
ACC-100446,Germany,Male,24,6,700,167826.75,1,0,1,120159.82,1,Medium Risk
ACC-100447,France,Female,52,2,678,0.0,2,0,1,146583.92,0,Low Risk
ACC-100448,Germany,Female,55,10,642,54565.89,1,1,1,69318.97,1,Medium Risk
ACC-100449,France,Male,25,6,598,43796.21,3,1,1,152439.36,0,Medium Risk
ACC-100450,Spain,Female,33,5,628,49275.44,1,0,0,106444.53,1,Low Risk
ACC-100451,Germany,Male,34,2,615,173626.72,1,1,0,175038.66,1,Medium Risk
ACC-100452,France,Female,34,2,711,141428.87,2,0,0,26624.79,0,Low Risk
ACC-100453,Germany,Male,45,6,699,89725.64,2,1,0,94356.42,0,Medium Risk
ACC-100454,France,Female,32,9,619,0.0,2,0,1,76622.51,0,Low Risk
ACC-100455,Germany,Female,27,3,727,65830.52,1,0,0,127146.01,0,Medium Risk
ACC-100456,Spain,Male,32,2,670,0.0,2,1,0,70121.29,0,Low Risk
ACC-100457,France,Female,18,1,507,90610.23,1,1,1,54517.57,0,Low Risk
ACC-100458,GERMANY ,Female,31,10,677,43703.61,1,1,1,171378.03,0,Low Risk
ACC-100459,Spain,Female,39,9,543,95783.9,1,1,0,92706.88,0,Low Risk
ACC-100460,GERMANY ,Male,26,2,710,81101.94,2,1,1,76087.14,0,Low Risk
ACC-100461,France,Female,41,10,674,0.0,1,0,1,,0,Low Risk
ACC-100462,Germany,Female,31,10,721,170830.66,2,1,0,86309.74,0,Medium Risk
ACC-100463,France,Male,37,3,741,0.0,2,1,1,145794.38,0,Low Risk
ACC-100464,Spain,Female,26,2,563,137132.33,1,1,0,101042.55,1,Medium Risk
ACC-100465,Spain,Male,18,0,759,145272.56,1,1,1,81189.59,0,Low Risk
ACC-100466,France,Male,26,6,596,124652.9,2,1,0,164812.56,0,Low Risk
ACC-100467,France,Male,45,8,489,0.0,1,1,0,150737.71,0,Medium Risk
ACC-100468,Germany,Female,21,10,638,179164.45,2,1,0,173544.73,0,Medium Risk
ACC-100469,Germany,Male,43,4,498,142916.92,2,1,0,25901.78,1,Medium Risk
ACC-100470,Germany,Male,32,0,850,140623.93,2,1,1,85660.71,0,Low Risk
ACC-100471,Germany,Male,33,4,567,105156.94,1,1,1,121327.64,1,Medium Risk
ACC-100472,France,Female,41,6,667,168881.15,1,1,0,147646.78,0,Medium Risk
ACC-100473,Spain,Female,32,6,702,58015.4,2,1,1,159343.9,0,Low Risk
ACC-100474,France,Male,40,1,570,113211.28,1,1,0,60628.03,0,Medium Risk
ACC-100475,France,Female,39,8,509,0.0,1,1,0,159145.84,0,Low Risk
ACC-100476,France,Female,28,0,619,0.0,2,1,1,41038.04,0,Low Risk
ACC-100477,Germany,Male,43,7,768,181913.56,1,1,0,88353.98,1,High Risk
ACC-100478,Spain,Female,28,7,724,65762.08,1,0,0,137764.97,0,Low Risk
ACC-100479,Germany,Male,43,4,587,146954.77,2,1,1,190991.19,0,Low Risk
ACC-100480,Germany,Male,47,8,384,185905.71,1,1,0,102790.5,1,High Risk
ACC-100481,Germany,Male,30,4,583,168803.94,2,1,1,66573.07,0,Low Risk
ACC-100482,France,Male,24,4,612,125120.06,1,1,0,167442.49,0,Medium Risk
ACC-100483,France,Female,28,2,619,0.0,2,1,1,36327.0,0,Low Risk
ACC-100484,France,Female,43,4,717,172868.09,2,1,0,103550.48,0,Low Risk
ACC-100485,France,Male,34,0,472,0.0,2,1,1,75568.02,0,Low Risk
ACC-100486,Germany,Male,18,1,850,168391.41,2,1,0,173563.49,0,Medium Risk
ACC-100487,France,Male,39,5,567,141859.91,2,1,0,108136.22,0,Low Risk
ACC-100488,Spain,Female,47,2,812,0.0,1,1,0,43761.86,0,Medium Risk
ACC-100489,Spain,Female,39,2,594,84330.47,2,1,0,178567.01,0,Low Risk
ACC-100490,France,Male,19,1,546,188632.56,2,1,1,123034.62,1,Low Risk
ACC-100491,France,Male,18,3,550,0.0,1,0,1,64623.13,0,Low Risk
ACC-100492,France,Female,43,0,667,35549.02,1,0,1,38991.95,0,Low Risk
ACC-100493,France,Male,38,9,843,104658.57,2,1,0,47138.45,0,Low Risk
ACC-100494,Spain,Male,36,9,653,167600.59,1,1,1,36331.17,1,Low Risk
ACC-100495,France,Female,27,5,608,151710.21,2,1,1,179675.97,0,Low Risk
ACC-100496,Spain,Female,32,1,512,0.0,1,0,1,173806.04,0,Low Risk
ACC-100497,Spain,Male,26,1,597,0.0,1,1,1,67675.38,0,Low Risk
ACC-100498,France,Male,36,3,775,169489.1,1,1,1,159368.18,0,Low Risk
ACC-100499,France,Female,48,9,597,101075.03,2,1,1,100450.18,0,Low Risk
ACC-100500,France,Female,39,7,605,175226.74,2,1,1,185090.67,0,Low Risk
ACC-100501,France,Male,31,8,713,179299.27,1,1,0,169408.32,0,Medium Risk
ACC-100502,Germany,Male,35,3,526,126651.09,1,1,1,138210.65,0,Medium Risk
ACC-100503,France,Female,55,9,850,175577.26,2,1,0,187516.55,0,Medium Risk
ACC-100504,SPAIN ,Male,41,10,461,66699.35,1,0,0,145450.33,1,Medium Risk
ACC-100505,France,Female,45,2,850,118817.3,1,0,0,32861.78,0,Medium Risk
ACC-100506,Germany,Male,47,8,766,131020.42,2,1,0,125135.91,0,Medium Risk
ACC-100507,Germany,Female,23,1,651,125161.36,1,1,0,165622.65,1,High Risk
ACC-100508,Spain,Female,-53,6,665,150281.13,1,0,1,68122.68,0,Medium Risk
ACC-100509,France,Male,45,2,655,46635.7,3,1,0,55046.89,0,High Risk
ACC-100510,France,Male,38,9,635,177277.51,1,1,1,158941.08,0,Low Risk
ACC-100511,Germany,Male,52,6,850,86408.8,2,0,1,115587.47,0,Low Risk
ACC-100512,Spain,Female,36,3,540,176412.58,1,1,0,29514.5,1,Medium Risk
ACC-100513,France,Male,59,4,617,62940.89,1,1,1,79052.26,1,Low Risk
ACC-100514,Spain,Female,36,2,650,90112.23,1,0,0,92917.77,0,Low Risk
ACC-100515,Spain,Male,39,1,761,129852.11,1,1,0,116945.87,1,Medium Risk
ACC-100516,Germany,Male,35,3,535,193088.92,4,0,0,43989.11,1,High Risk
ACC-100517,France,Male,33,5,533,53335.38,2,0,1,149862.91,0,Low Risk
ACC-100518,Germany,Male,33,1,542,154040.94,1,0,1,76204.96,0,Medium Risk
ACC-100519,France,Female,35,2,636,0.0,1,1,0,64183.47,1,Low Risk
ACC-100520,France,Female,30,10,850,122787.89,2,0,1,51812.23,0,Low Risk
ACC-100521,Germany,Female,41,7,486,149397.0,2,0,0,,0,Medium Risk
ACC-100522,Germany,Female,36,10,777,140257.09,1,0,1,169936.02,1,Medium Risk
ACC-100523,France,Male,29,8,688,79642.14,1,0,1,143204.97,0,Low Risk
ACC-100524,France,Female,35,9,516,154398.6,2,1,1,180137.02,0,Low Risk
ACC-100525,France,Female,37,4,623,89047.24,2,1,1,140264.06,0,Low Risk
ACC-100526,France,Male,30,3,764,0.0,1,0,0,58074.23,1,Low Risk
ACC-100527,Spain,Male,42,2,618,0.0,2,0,1,80571.27,0,Low Risk
ACC-100528,France,Female,27,6,636,61941.4,2,0,0,181545.48,1,Low Risk
ACC-100529,France,Male,46,7,829,0.0,1,0,0,185867.34,0,Medium Risk
ACC-100530,Spain,Male,59,6,734,0.0,2,1,1,86967.22,0,Low Risk
ACC-100531,Spain,Male,29,0,765,109804.38,1,1,1,68980.84,0,Low Risk
ACC-100532,Germany,Male,47,8,633,142468.02,2,1,1,192581.55,1,Low Risk
ACC-100533,Spain,Female,51,10,683,0.0,2,1,1,181896.06,0,Low Risk
ACC-100534,Spain,Male,52,5,806,0.0,2,1,1,177522.46,0,Low Risk
ACC-100535,France,Male,18,5,679,49398.1,1,1,1,131132.37,0,Low Risk
ACC-100536,Spain,Female,27,1,710,44475.1,2,1,1,162828.76,0,Low Risk
ACC-100537,France,Male,42,0,552,43562.78,2,0,0,,1,Low Risk
ACC-100538,France,Female,36,3,650,56844.55,1,0,0,72240.57,0,Low Risk
ACC-100539,Germany,Female,39,2,537,134837.23,1,1,0,178127.86,1,Medium Risk
ACC-100540,France,Male,30,9,647,28525.88,2,1,1,58497.78,0,Low Risk
ACC-100541,France,Male,32,5,577,104215.45,2,1,0,124913.38,0,Low Risk
ACC-100542,France,Male,55,5,726,57518.29,2,1,0,51610.07,0,Low Risk
ACC-100543,Germany,Female,49,6,604,127413.35,1,1,0,167864.01,1,High Risk
ACC-100544,Spain,Male,36,8,698,161320.28,2,0,1,120340.18,0,Low Risk
ACC-100545,France,Male,33,6,583,128084.34,1,1,0,26328.29,0,Medium Risk
ACC-100546,France,Male,51,3,657,36194.8,1,0,0,41993.45,0,Medium Risk
ACC-100547,France,Male,48,1,747,132467.71,2,1,1,138994.81,0,Low Risk
ACC-100548,Spain,Male,-48,9,562,165185.43,2,1,0,194610.05,0,Low Risk
ACC-100549,France,Female,38,3,635,89910.15,1,1,1,29111.85,0,Low Risk
ACC-100550,Spain,Male,18,8,592,0.0,2,0,1,141822.41,1,Low Risk
ACC-100551,Spain,Female,41,3,627,63882.01,1,1,0,132955.39,0,Medium Risk
ACC-100552,Germany,Female,44,4,695,105012.58,2,1,0,48850.15,0,Medium Risk
ACC-100553,Spain,Male,40,6,485,0.0,4,1,1,121971.15,0,Medium Risk
ACC-100554,Germany,Male,43,10,691,88383.79,2,1,1,188036.59,0,Low Risk
ACC-100555,Germany,Female,46,1,556,70882.03,2,1,0,191601.27,0,Medium Risk
ACC-100556,Germany,Female,44,5,594,58628.53,1,1,1,163103.58,0,Medium Risk
ACC-100557,Germany,Male,44,9,842,191724.59,1,0,0,52728.97,1,High Risk
ACC-100558,France,Male,37,8,560,42452.82,2,1,1,66160.0,0,Low Risk
ACC-100559,Spain,Female,59,0,608,125309.11,2,1,0,146497.97,0,Medium Risk
ACC-100560,Spain,Female,34,10,482,0.0,1,1,0,140404.06,0,Low Risk
ACC-100561,France,Male,46,4,704,193280.01,1,0,1,103121.96,0,Low Risk
ACC-100562,Germany,Female,29,8,549,96241.66,1,1,0,103274.06,0,Medium Risk
ACC-100563,Spain,Male,61,2,711,0.0,1,1,1,179864.0,1,Low Risk
ACC-100564,France,Male,37,5,621,29929.35,2,1,0,191909.92,0,Low Risk
ACC-100565,France,Female,35,8,607,166313.26,2,1,1,86056.69,0,Low Risk
ACC-100566,Germany,Female,25,1,463,150675.71,2,0,1,56795.29,0,Low Risk
ACC-100567,France,Male,44,4,748,54569.52,1,1,0,144284.38,0,Medium Risk
ACC-100568,Spain,Female,56,3,680,142052.65,1,1,0,86364.22,0,Medium Risk
ACC-100569,France,Male,30,2,699,153959.43,1,1,0,156508.25,0,Medium Risk
ACC-100570,France,Female,52,6,525,156792.92,2,1,1,,1,Low Risk
ACC-100571,France,Female,54,7,705,56177.92,1,0,1,154837.56,0,Low Risk
ACC-100572,France,Male,23,7,743,127767.43,2,1,0,124452.91,0,Low Risk
ACC-100573,Germany,Female,29,9,686,143894.36,1,0,1,152954.81,0,Medium Risk
ACC-100574,France,Female,46,3,612,0.0,2,1,1,127873.78,0,Low Risk
ACC-100575,France,Male,26,5,850,48260.47,1,1,0,48517.95,0,Low Risk
ACC-100576,Spain,Male,34,7,808,163953.63,1,0,0,129057.61,0,Medium Risk
ACC-100577,France,Female,26,4,693,0.0,2,0,0,30200.98,0,Low Risk
ACC-100578,France,Male,39,3,628,0.0,1,1,1,67984.56,0,Low Risk
ACC-100579,France,Female,28,1,779,75994.7,1,1,1,96177.39,0,Low Risk
ACC-100580,Germany,Male,35,8,691,152024.94,1,0,1,157904.54,1,Medium Risk
ACC-100581,Spain,Male,41,6,654,0.0,2,1,1,70784.6,0,Low Risk
ACC-100582,Germany,Male,49,3,800,115322.57,1,0,0,140510.01,1,High Risk
ACC-100583,France,Male,25,10,579,183966.67,1,1,0,134484.67,0,Medium Risk
ACC-100584,Germany,Female,46,7,582,33762.78,2,1,0,139149.07,0,Medium Risk
ACC-100585,Germany,Male,33,7,608,156546.2,1,0,1,101070.83,0,Medium Risk
ACC-100586,France,Female,-34,9,589,82823.82,2,0,1,192022.53,0,Low Risk
ACC-100587,Spain,Male,28,4,528,0.0,2,1,0,194262.06,0,Low Risk
ACC-100588,FRANCE ,Female,35,7,600,0.0,1,1,0,86366.02,0,Low Risk
ACC-100589,Germany,Female,44,0,601,164971.51,1,1,0,176551.54,0,High Risk
ACC-100590,France,Male,37,3,592,0.0,1,0,0,174854.88,0,Low Risk
ACC-100591,SPAIN ,Female,30,0,674,194533.35,2,0,1,135889.87,0,Low Risk
ACC-100592,Germany,Female,40,6,743,97889.03,2,1,0,193718.62,0,Low Risk
ACC-100593,France,Female,40,6,600,150095.41,2,0,1,189189.99,0,Low Risk
ACC-100594,Spain,Male,33,6,730,0.0,3,1,0,,1,High Risk
ACC-100595,France,Male,18,5,761,117124.71,1,1,1,63975.83,0,Low Risk
ACC-100596,Spain,Female,28,7,511,39616.74,2,0,1,96452.24,0,Low Risk
ACC-100597,Spain,Male,18,8,427,177584.53,2,1,0,45346.49,0,Low Risk
ACC-100598,France,Female,24,6,635,129424.03,2,0,0,174973.08,0,Low Risk
ACC-100599,France,Female,42,5,780,180550.61,1,0,1,130084.36,0,Low Risk
ACC-100600,Spain,Female,28,9,795,32482.32,2,1,0,170144.74,0,Low Risk
ACC-100601,Germany,Female,31,10,762,162215.74,2,1,1,57278.32,0,Low Risk
ACC-100602,Spain,Female,52,2,528,0.0,2,1,0,108324.21,0,Low Risk
ACC-100603,France,Female,45,9,651,170333.95,2,0,0,167304.36,1,Low Risk
ACC-100604,France,Female,42,6,454,37955.05,1,0,0,24990.8,0,Medium Risk
ACC-100605,France,Female,33,3,549,75762.31,1,0,0,177496.31,0,Low Risk
ACC-100606,Germany,Male,23,9,569,157060.33,1,0,0,162675.61,1,Medium Risk
ACC-100607,Germany,Male,54,9,702,116873.28,2,1,1,149063.21,1,Medium Risk
ACC-100608,France,Female,26,6,661,163427.67,2,1,1,33085.5,0,Low Risk
ACC-100609,France,Male,34,4,744,126946.0,2,1,1,94277.63,0,Low Risk
ACC-100610,France,Female,31,5,645,144478.92,1,1,1,191457.02,0,Low Risk
ACC-100611,France,Female,28,1,726,177033.77,1,1,0,175662.01,0,Medium Risk
ACC-100612,France,Female,27,6,598,84874.57,2,1,0,170822.29,0,Low Risk
ACC-100613,France,Male,30,1,360,110080.48,1,0,1,160761.12,0,Low Risk
ACC-100614,Germany,Female,39,2,706,94553.85,2,1,0,65110.58,0,Low Risk
ACC-100615,GERMANY ,Female,37,1,693,62729.48,1,1,1,58792.44,1,Medium Risk
ACC-100616,France,Female,49,3,680,0.0,1,0,1,42020.65,0,Low Risk
ACC-100617,France,Female,29,8,523,0.0,1,0,1,150429.61,1,Low Risk
ACC-100618,Germany,Female,58,5,663,62560.09,1,1,1,98722.58,0,Medium Risk
ACC-100619,Germany,Female,42,10,702,57098.66,2,0,1,177792.25,0,Low Risk
ACC-100620,France,Female,52,8,640,84544.26,3,0,0,150226.92,1,High Risk
ACC-100621,France,Male,30,10,781,184508.77,2,1,1,168001.02,0,Low Risk
ACC-100622,GERMANY ,Male,46,6,731,148136.45,2,1,0,45033.47,0,Medium Risk
ACC-100623,Spain,Male,18,7,585,0.0,1,1,0,140660.85,0,Low Risk
ACC-100624,France,Female,39,2,569,118753.48,3,1,1,43581.01,0,High Risk
ACC-100625,Germany,Female,45,0,750,158221.94,1,1,0,66806.15,1,High Risk
ACC-100626,France,Female,28,4,748,0.0,1,1,0,148066.53,1,Low Risk
ACC-100627,Spain,Female,41,7,715,31390.17,2,0,0,138938.48,1,Low Risk
ACC-100628,France,Male,31,4,602,172288.71,2,0,1,38395.76,0,Low Risk
ACC-100629,Germany,Male,-36,9,643,191787.13,2,1,0,70333.75,1,Medium Risk
ACC-100630,France,Male,32,0,602,190713.59,2,1,0,173662.75,1,Low Risk
ACC-100631,Germany,Female,-50,10,686,147150.36,2,0,1,95982.97,0,Low Risk
ACC-100632,France,Female,46,5,593,178530.0,1,1,0,173136.66,0,Medium Risk
ACC-100633,SPAIN ,Male,29,5,675,73672.34,2,1,0,62091.35,0,Low Risk
ACC-100634,Spain,Female,35,3,574,0.0,2,1,0,,0,Low Risk
ACC-100635,Spain,Female,35,8,754,166901.64,1,1,1,49492.74,0,Low Risk
ACC-100636,Germany,Female,23,9,584,155858.19,2,1,0,166474.5,1,Medium Risk
ACC-100637,France,Male,29,9,555,180080.24,1,0,1,114158.69,0,Low Risk
ACC-100638,Spain,Female,35,9,654,166962.35,1,0,1,159538.78,1,Low Risk
ACC-100639,Germany,Female,19,2,733,176795.85,1,1,1,176707.03,0,Medium Risk
ACC-100640,Germany,Male,29,5,606,156259.11,2,1,0,133965.16,1,Medium Risk
ACC-100641,France,Female,24,6,649,131786.15,1,0,0,58350.31,0,Medium Risk
ACC-100642,France,Male,54,1,528,115722.12,1,0,0,191828.14,1,High Risk
ACC-100643,Spain,Male,25,7,615,191473.26,1,0,1,,0,Low Risk
ACC-100644,France,Female,54,9,723,184756.41,1,1,1,106892.4,1,Medium Risk
ACC-100645,Spain,Male,36,5,616,42506.8,1,1,0,94025.69,0,Low Risk
ACC-100646,Spain,Female,28,8,691,52595.08,2,0,1,78894.15,0,Low Risk
ACC-100647,Germany,Male,39,0,675,39272.37,2,1,1,156991.86,1,Low Risk
ACC-100648,France,Female,37,9,644,0.0,1,0,1,125127.05,0,Low Risk
ACC-100649,Spain,Female,34,0,697,0.0,1,1,0,35858.62,0,Medium Risk
ACC-100650,Germany,Female,32,1,607,70691.33,3,1,1,25128.06,1,High Risk
ACC-100651,Spain,Female,39,6,589,123177.06,3,0,1,123102.63,1,High Risk
ACC-100652,Germany,Female,60,1,772,109742.85,1,0,0,131689.39,0,High Risk
ACC-100653,Spain,Male,53,1,774,117631.44,1,1,1,66735.19,1,Medium Risk
ACC-100654,France,Male,46,4,692,125032.69,2,1,1,31290.31,0,Low Risk
ACC-100655,France,Female,23,9,706,32621.01,1,1,1,124513.38,0,Low Risk
ACC-100656,France,Male,21,4,739,156324.59,2,1,0,31489.84,0,Low Risk
ACC-100657,France,Female,48,9,461,162713.65,2,1,1,173160.74,1,Low Risk
ACC-100658,Spain,Male,27,9,675,159497.6,2,1,0,163438.86,1,Low Risk
ACC-100659,France,Male,30,7,516,88223.25,2,1,1,190107.4,0,Low Risk
ACC-100660,Germany,Female,44,1,693,126181.21,2,1,1,26884.02,0,Medium Risk
ACC-100661,Spain,Female,44,2,641,0.0,1,1,1,151778.86,1,Low Risk
ACC-100662,Germany,Male,45,4,672,26310.49,2,1,1,103301.85,0,Low Risk
ACC-100663,France,Female,33,3,574,99352.47,2,1,1,105013.14,1,Low Risk
ACC-100664,France,Male,33,6,685,0.0,1,1,0,46419.47,0,Low Risk
ACC-100665,Spain,Female,42,1,558,79546.1,3,1,0,81509.25,1,High Risk
ACC-100666,France,Female,45,2,656,151103.47,2,1,0,22581.43,0,Low Risk
ACC-100667,France,Male,21,1,811,51281.51,1,1,0,86890.77,1,Medium Risk
ACC-100668,France,Male,48,8,530,37029.86,1,1,1,55528.51,1,Low Risk
ACC-100669,France,Female,38,6,678,44787.38,1,0,1,172847.91,0,Low Risk
ACC-100670,Germany,Male,30,4,636,46627.44,2,1,1,155460.17,0,Low Risk
ACC-100671,Spain,Female,53,4,576,153970.36,1,1,1,60002.34,1,Medium Risk
ACC-100672,Germany,Male,28,3,794,40951.6,2,1,0,156979.73,1,Low Risk
ACC-100673,France,Female,36,4,731,113459.14,1,0,1,125811.22,0,Low Risk
ACC-100674,France,Male,39,10,571,0.0,2,0,1,194273.75,0,Low Risk
ACC-100675,France,Female,18,2,533,153692.25,2,1,1,141611.18,0,Low Risk
ACC-100676,Spain,Female,31,5,711,145209.33,2,1,1,56418.27,0,Low Risk
ACC-100677,Germany,Female,42,3,529,26117.81,2,1,1,188713.31,1,Low Risk
ACC-100678,France,Male,36,6,724,124848.72,1,1,0,131557.21,1,Medium Risk
ACC-100679,France,Female,39,8,615,114142.35,2,1,1,160119.56,0,Low Risk
ACC-100680,France,Female,45,5,606,167677.11,1,0,1,184425.88,1,Low Risk
ACC-100681,France,Male,18,1,621,182718.36,1,1,1,182050.48,0,Low Risk
ACC-100682,France,Male,37,1,493,125120.05,1,0,0,73474.37,0,Medium Risk
ACC-100683,France,Male,29,1,689,126186.58,1,0,0,77137.93,1,Medium Risk
ACC-100684,France,Female,35,1,740,141368.9,2,1,1,73062.68,0,Low Risk
ACC-100685,Germany,Female,19,6,758,51143.91,2,1,0,153985.46,0,Low Risk
ACC-100686,Spain,Female,24,2,641,142337.31,1,1,1,138855.69,0,Low Risk
ACC-100687,France,Male,43,1,638,0.0,2,1,1,123026.84,0,Low Risk
ACC-100688,France,Male,55,4,664,193640.42,2,0,0,165636.89,0,Medium Risk
ACC-100689,Germany,Female,52,5,507,83316.4,1,1,0,96169.48,1,High Risk
ACC-100690,France,Male,47,10,847,168199.32,1,1,1,159629.91,1,Low Risk
ACC-100691,Spain,Female,40,10,630,0.0,1,1,0,185429.81,0,Low Risk
ACC-100692,France,Male,38,9,740,58301.36,1,0,0,194227.24,1,Low Risk
ACC-100693,France,Female,36,1,807,153135.43,2,1,0,127226.02,1,Low Risk
ACC-100694,France,Female,40,6,447,190002.61,1,1,0,164567.49,0,Medium Risk
ACC-100695,France,Male,59,8,540,62981.35,1,1,1,41026.18,0,Low Risk
ACC-100696,Spain,Female,41,10,759,128820.67,2,0,1,89299.91,1,Low Risk
ACC-100697,Spain,Male,29,6,736,134059.89,4,1,1,101067.59,1,High Risk
ACC-100698,France,Female,31,6,719,99774.64,2,1,0,133667.37,0,Low Risk
ACC-100699,France,Female,20,10,716,182015.03,1,1,0,32842.78,0,Medium Risk
ACC-100700,France,Male,-56,2,543,170088.11,1,1,0,90523.24,0,Medium Risk
ACC-100701,Spain,Female,29,7,719,118525.61,2,1,1,187296.67,0,Low Risk
ACC-100702,France,Male,29,10,734,0.0,1,1,1,,0,Low Risk
ACC-100703,Spain,Female,46,4,712,73901.91,1,1,0,68828.25,1,Medium Risk
ACC-100704,France,Female,28,2,547,151479.68,1,1,0,48633.21,1,Medium Risk
ACC-100705,France,Male,50,6,610,25060.24,1,1,1,180028.02,0,Low Risk
ACC-100706,France,Female,48,4,645,0.0,1,0,0,172906.7,1,Medium Risk
ACC-100707,Germany,Male,30,9,509,33058.82,2,1,0,88785.84,1,Low Risk
ACC-100708,Spain,Female,48,9,481,55853.42,2,0,1,114232.61,0,Low Risk
ACC-100709,Spain,Female,41,7,763,111607.61,1,0,1,150614.83,1,Low Risk
ACC-100710,Spain,Female,32,7,640,0.0,2,1,1,145206.68,0,Low Risk
ACC-100711,Germany,Female,23,3,535,99286.02,2,0,1,136095.32,0,Low Risk
ACC-100712,France,Female,41,2,642,0.0,2,0,0,101782.85,0,Low Risk
ACC-100713,France,Female,25,6,570,0.0,2,1,1,113605.84,0,Low Risk
ACC-100714,Spain,Female,39,9,772,0.0,3,1,1,105479.63,0,Medium Risk
ACC-100715,Spain,Male,45,9,551,0.0,2,1,1,72804.45,0,Low Risk
ACC-100716,France,Female,47,1,712,104206.02,2,0,1,,0,Low Risk
ACC-100717,France,Female,65,3,689,0.0,2,1,1,166689.61,0,Low Risk
ACC-100718,Spain,Male,35,4,712,161670.08,3,1,0,93263.12,1,High Risk
ACC-100719,France,Female,27,10,503,193438.85,2,0,0,41829.15,1,Low Risk
ACC-100720,France,Male,33,8,616,101745.91,1,1,1,156208.95,1,Low Risk
ACC-100721,Germany,Female,39,5,576,73981.18,1,0,1,72720.35,0,Low Risk
ACC-100722,France,Male,21,3,597,0.0,1,1,0,45150.58,0,Low Risk
ACC-100723,Spain,Male,49,8,666,58401.07,3,1,1,95794.09,1,High Risk
ACC-100724,France,Male,42,8,594,71078.94,1,1,0,131835.77,0,Medium Risk
ACC-100725,France,Male,34,7,516,60605.38,1,1,0,136932.92,0,Low Risk
ACC-100726,France,Female,43,2,581,74029.15,2,1,0,25835.27,1,Low Risk
ACC-100727,Germany,Female,46,10,834,66806.13,1,0,1,135488.35,1,Medium Risk
ACC-100728,France,Male,36,5,704,0.0,1,1,1,182266.6,0,Low Risk
ACC-100729,France,Male,29,4,633,0.0,2,0,1,35811.01,0,Low Risk
ACC-100730,France,Male,24,5,654,0.0,1,0,1,190464.95,0,Low Risk
ACC-100731,France,Female,24,10,792,72722.62,2,1,1,65057.55,0,Low Risk
ACC-100732,France,Male,37,2,679,182340.56,1,1,0,52170.03,0,Medium Risk
ACC-100733,Spain,Female,29,2,599,139701.49,3,0,1,174426.92,0,High Risk
ACC-100734,Spain,Male,27,0,603,98469.4,2,0,1,171876.86,0,Low Risk
ACC-100735,France,Female,59,2,729,78582.84,1,1,0,,1,Medium Risk
ACC-100736,Spain,Male,38,6,670,0.0,3,1,0,59222.97,0,High Risk
ACC-100737,France,Male,59,3,710,179273.48,2,1,0,169161.17,0,Medium Risk
ACC-100738,France,Male,49,4,626,159976.27,2,1,0,107133.78,0,Low Risk
ACC-100739,France,Male,29,0,637,133765.84,2,0,0,32766.2,0,Low Risk
ACC-100740,Spain,Female,58,3,508,89026.88,2,1,0,165678.5,0,Low Risk
ACC-100741,Germany,Female,30,1,554,28894.39,2,1,1,119814.0,0,Low Risk
ACC-100742,France,Female,42,3,563,0.0,1,1,1,119876.01,1,Low Risk
ACC-100743,France,Female,-36,3,609,44298.07,1,0,0,120048.59,0,Low Risk
ACC-100744,France,Male,47,10,544,73382.07,1,0,0,97671.04,0,Medium Risk
ACC-100745,France,Female,24,7,574,159352.18,2,1,1,75412.34,0,Low Risk
ACC-100746,France,Female,44,2,634,137992.26,1,1,1,151291.66,1,Low Risk
ACC-100747,Germany,Female,43,10,794,51196.41,2,1,1,122899.34,0,Low Risk
ACC-100748,Germany,Female,41,4,609,138222.35,2,1,1,168531.19,0,Low Risk
ACC-100749,Germany,Male,43,7,738,111209.99,1,1,1,185746.19,0,Medium Risk
ACC-100750,France,Female,27,9,650,159904.18,1,1,1,22985.89,0,Low Risk
ACC-100751,France,Male,33,3,648,0.0,1,1,1,72947.37,0,Low Risk
ACC-100752,Spain,Male,37,5,632,54474.63,1,1,1,166426.41,1,Low Risk
ACC-100753,Spain,Female,47,1,709,169004.51,1,1,0,140325.29,0,Medium Risk
ACC-100754,Spain,Male,23,0,641,147186.73,2,1,0,169106.61,1,Low Risk
ACC-100755,France,Female,28,3,683,183547.39,1,0,1,169704.75,0,Low Risk
ACC-100756,Germany,Female,25,7,697,138610.42,3,1,1,64740.03,0,High Risk
ACC-100757,Spain,Female,45,3,577,0.0,2,0,1,78192.15,0,Low Risk
ACC-100758,France,Male,37,8,411,30786.3,2,1,0,34851.01,0,Low Risk
ACC-100759,Spain,Male,35,8,610,0.0,2,1,0,148166.63,0,Low Risk
ACC-100760,Spain,Male,39,10,573,172948.98,1,1,1,113966.55,0,Low Risk
ACC-100761,Germany,Female,50,2,615,68993.86,2,1,1,111606.15,0,Low Risk
ACC-100762,France,Male,32,2,482,164439.81,1,0,1,103381.53,0,Low Risk
ACC-100763,France,Male,43,10,604,0.0,2,1,1,194378.49,0,Low Risk
ACC-100764,FRANCE ,Female,40,1,690,116254.97,2,1,0,66096.45,0,Low Risk
ACC-100765,France,Male,46,6,707,66232.61,2,0,0,134418.02,0,Low Risk
ACC-100766,France,Female,41,9,850,143407.89,1,1,1,114192.54,0,Low Risk
ACC-100767,France,Male,46,9,552,0.0,2,1,0,83502.87,1,Low Risk
ACC-100768,Spain,Male,18,6,669,0.0,2,0,0,102483.61,0,Low Risk
ACC-100769,France,Male,39,7,644,161989.1,1,1,1,111908.21,0,Low Risk
ACC-100770,Germany,Male,38,7,684,183593.67,2,1,1,103723.22,0,Low Risk
ACC-100771,France,Male,24,6,819,153199.94,1,1,0,96644.7,1,Medium Risk
ACC-100772,Germany,Male,21,4,560,144886.98,1,0,1,89337.86,0,Medium Risk
ACC-100773,Germany,Female,36,1,620,147535.56,2,1,0,105685.36,1,Medium Risk
ACC-100774,France,Male,32,10,620,103744.02,1,0,1,185122.16,0,Low Risk
ACC-100775,France,Male,18,9,725,113980.36,1,0,1,124708.49,0,Low Risk
ACC-100776,France,Female,51,9,614,190214.54,1,1,1,26892.96,0,Medium Risk
ACC-100777,Germany,Male,34,6,687,137944.06,2,1,1,34097.01,0,Low Risk
ACC-100778,Germany,Female,33,2,630,132428.42,1,1,0,94764.7,1,Medium Risk
ACC-100779,Germany,Male,31,7,735,154189.64,2,1,0,175153.37,0,Medium Risk
ACC-100780,France,Female,28,4,695,0.0,1,1,0,29996.89,1,Low Risk
ACC-100781,Spain,Female,46,8,583,126406.69,1,1,0,28194.44,0,Medium Risk
ACC-100782,France,Male,57,2,624,0.0,1,1,0,194521.7,0,Medium Risk
ACC-100783,France,Male,41,3,682,86230.21,2,1,0,83304.25,0,Low Risk
ACC-100784,Spain,Male,38,6,550,147338.42,2,1,0,54720.25,0,Low Risk
ACC-100785,Spain,Male,31,8,782,48662.29,2,1,1,190905.2,0,Low Risk
ACC-100786,Germany,Male,47,5,701,95326.75,1,0,0,138309.29,0,Medium Risk
ACC-100787,France,Male,-55,3,724,0.0,1,1,1,171151.69,0,Low Risk
ACC-100788,France,Female,25,8,820,109569.44,2,1,1,99435.38,0,Low Risk
ACC-100789,France,Male,37,8,588,0.0,1,1,1,41241.74,0,Low Risk
ACC-100790,France,Female,46,10,647,52449.29,2,1,1,,0,Low Risk
ACC-100791,France,Female,51,0,560,117209.74,2,0,1,93701.31,0,Low Risk
ACC-100792,Germany,Female,18,3,565,57453.65,1,0,1,164922.27,1,Low Risk
ACC-100793,Spain,Male,49,9,559,51482.83,2,1,1,40760.72,0,Low Risk
ACC-100794,Germany,Male,35,3,758,65458.05,1,0,0,107502.57,0,Medium Risk
ACC-100795,Spain,Male,43,4,584,0.0,1,0,1,126881.85,0,Low Risk
ACC-100796,France,Female,44,8,850,0.0,2,0,1,26249.52,0,Low Risk
ACC-100797,Germany,Male,37,6,722,78803.22,2,1,1,149353.2,0,Low Risk
ACC-100798,Germany,Male,46,5,826,158611.59,1,1,0,181669.11,1,High Risk
ACC-100799,France,Male,34,5,670,0.0,2,0,0,87102.8,0,Low Risk
ACC-100800,Germany,Male,42,5,741,62395.31,1,1,0,23243.4,0,Medium Risk
ACC-100801,Germany,Female,26,10,568,60631.17,2,0,1,43165.96,0,Low Risk
ACC-100802,Germany,Female,22,4,650,121721.41,1,0,0,148015.02,0,Medium Risk
ACC-100803,France,Female,43,1,692,137121.36,2,1,0,138870.43,0,Low Risk
ACC-100804,France,Male,36,10,485,52158.95,2,1,0,,0,Low Risk
ACC-100805,France,Male,39,10,627,88319.96,1,1,1,129285.86,1,Low Risk
ACC-100806,Spain,Male,22,9,639,174622.44,1,1,1,25417.97,0,Low Risk
ACC-100807,France,Female,61,4,569,117188.76,2,1,1,106014.46,0,Low Risk
ACC-100808,Spain,Female,28,3,850,33601.92,2,1,1,61231.7,0,Low Risk
ACC-100809,Spain,Male,30,8,569,70758.32,2,0,1,170948.59,0,Low Risk
ACC-100810,Spain,Male,36,3,715,91264.61,1,1,0,54602.3,0,Low Risk
ACC-100811,FRANCE ,Male,48,6,724,35834.7,1,0,1,165364.53,1,Low Risk
ACC-100812,France,Male,24,6,624,116889.4,2,1,1,159428.36,0,Low Risk
ACC-100813,France,Female,35,8,438,154518.09,2,1,1,33748.17,0,Low Risk
ACC-100814,France,Female,49,2,612,45523.81,1,1,1,34981.79,0,Low Risk
ACC-100815,France,Female,50,10,694,0.0,1,0,0,140433.72,0,Medium Risk
ACC-100816,Germany,Male,25,3,731,179186.97,1,1,0,133169.74,0,Medium Risk
ACC-100817,Germany,Male,27,9,481,115087.9,2,1,0,172276.1,0,Medium Risk
ACC-100818,France,Male,43,5,574,36657.03,2,1,0,181321.68,0,Low Risk
ACC-100819,France,Male,21,9,718,99317.35,2,0,1,67568.87,0,Low Risk
ACC-100820,France,Female,28,8,695,30055.94,2,1,0,109518.85,0,Low Risk
ACC-100821,France,Male,36,7,645,0.0,2,0,0,119863.45,0,Low Risk
ACC-100822,Germany,Male,48,10,651,160900.22,1,1,1,176702.11,0,Medium Risk
ACC-100823,France,Female,28,2,655,149099.54,1,1,1,116202.58,0,Low Risk
ACC-100824,Spain,Male,37,5,745,109976.46,2,1,0,78567.4,0,Low Risk
ACC-100825,France,Female,37,1,589,0.0,1,1,0,27435.68,1,Medium Risk
ACC-100826,France,Female,30,9,670,160788.57,1,0,0,72197.42,1,Medium Risk
ACC-100827,Spain,Female,36,5,719,161849.39,2,1,1,62861.22,0,Low Risk
ACC-100828,France,Male,31,7,543,0.0,2,1,1,180281.35,0,Low Risk
ACC-100829,France,Female,26,9,679,144691.17,1,1,0,159354.97,0,Medium Risk
ACC-100830,Germany,Male,42,1,612,149063.69,1,1,0,174450.27,1,High Risk
ACC-100831,France,Female,29,1,458,0.0,2,1,1,27741.74,0,Low Risk
ACC-100832,France,Female,39,10,536,0.0,2,0,1,111513.04,0,Low Risk
ACC-100833,France,Male,56,6,765,0.0,1,1,0,181138.02,0,Medium Risk
ACC-100834,Germany,Male,42,6,575,93720.83,1,1,1,132007.17,0,Medium Risk
ACC-100835,France,Female,25,6,643,34715.65,2,1,1,93465.02,0,Low Risk
ACC-100836,Spain,Male,39,10,668,140875.03,1,0,1,117975.16,0,Low Risk
ACC-100837,Germany,Female,34,5,786,146655.11,1,1,0,84623.38,1,Medium Risk
ACC-100838,France,Male,41,9,600,172293.67,1,1,0,44277.53,0,Medium Risk
ACC-100839,France,Female,40,1,644,167418.5,2,1,0,191876.23,0,Low Risk
ACC-100840,Spain,Female,45,9,742,0.0,1,1,1,36545.3,0,Low Risk
ACC-100841,France,Female,45,8,533,168986.89,1,1,1,58682.89,1,Low Risk
ACC-100842,Spain,Female,26,0,776,0.0,1,0,1,73957.36,0,Low Risk
ACC-100843,France,Male,48,0,532,112784.78,2,1,0,149086.18,1,Low Risk
ACC-100844,Spain,Female,43,9,850,0.0,1,1,1,47232.56,0,Low Risk
ACC-100845,France,Female,46,8,668,153044.76,1,1,0,140716.39,1,Medium Risk
ACC-100846,Spain,Female,40,7,614,0.0,1,1,1,169823.98,0,Low Risk
ACC-100847,Spain,Male,30,7,630,147337.39,1,1,1,97811.95,0,Low Risk
ACC-100848,France,Male,42,6,758,0.0,1,1,1,32656.66,0,Low Risk
ACC-100849,France,Male,55,1,641,115180.78,1,1,1,125896.47,1,Medium Risk
ACC-100850,France,Male,47,3,560,55109.63,1,1,0,184605.43,0,Medium Risk
ACC-100851,France,Male,25,10,520,122972.24,1,1,1,60521.57,0,Low Risk
ACC-100852,France,Female,49,10,664,0.0,1,0,1,136744.8,0,Low Risk
ACC-100853,France,Male,63,8,753,0.0,1,0,1,88366.61,0,Low Risk
ACC-100854,France,Female,57,6,773,25127.61,1,0,0,50268.42,1,Medium Risk
ACC-100855,Germany,Male,37,3,649,127953.79,1,1,0,,0,Medium Risk
ACC-100856,Germany,Female,43,1,633,62214.52,3,1,1,137288.71,1,High Risk
ACC-100857,France,Male,58,10,738,93779.85,1,1,0,96688.42,0,Medium Risk
ACC-100858,Spain,Male,82,3,552,0.0,1,1,0,47803.7,1,Medium Risk
ACC-100859,France,Female,31,9,729,67794.14,2,1,1,,0,Low Risk
ACC-100860,Germany,Male,47,5,640,98770.91,2,1,1,170822.24,0,Low Risk
ACC-100861,France,Male,26,7,660,96060.57,3,0,0,31938.9,0,High Risk
ACC-100862,Germany,Male,44,2,690,79409.76,3,1,1,66121.7,1,High Risk
ACC-100863,Germany,Female,42,0,527,158542.98,1,1,0,114245.06,0,High Risk
ACC-100864,France,Male,31,5,602,0.0,2,1,1,103006.17,0,Low Risk
ACC-100865,Spain,Female,45,7,689,0.0,2,1,0,119609.61,1,Low Risk
ACC-100866,Germany,Male,47,1,590,161890.49,1,1,1,32719.65,0,Medium Risk
ACC-100867,Spain,Female,18,10,708,136596.42,1,0,0,136534.07,0,Medium Risk
ACC-100868,Germany,Male,45,7,516,149875.46,1,1,1,149266.07,0,Medium Risk
ACC-100869,Germany,Female,36,10,807,25881.89,2,1,0,83910.67,0,Low Risk
ACC-100870,Germany,Male,42,2,568,104120.15,1,1,1,73663.0,0,Medium Risk
ACC-100871,Spain,Male,45,2,680,52479.96,1,1,0,54254.12,1,Medium Risk
ACC-100872,Spain,Male,41,0,646,0.0,1,1,0,106752.64,0,Medium Risk
ACC-100873,Spain,Female,59,3,684,0.0,2,1,1,82573.31,0,Low Risk
ACC-100874,Spain,Female,52,0,633,75705.38,2,1,1,156150.38,1,Low Risk
ACC-100875,Germany,Male,48,2,630,83558.09,1,1,0,169854.1,0,Medium Risk
ACC-100876,France,Female,54,5,583,38554.88,1,1,0,55185.43,0,Medium Risk
ACC-100877,France,Male,51,0,489,46930.12,1,0,0,77255.11,0,Medium Risk
ACC-100878,France,Female,43,6,500,0.0,1,0,0,141045.97,0,Medium Risk
ACC-100879,Spain,Male,47,5,455,54178.35,1,1,0,161033.36,1,Medium Risk
ACC-100880,France,Female,42,5,759,46469.26,1,1,0,190326.23,1,Medium Risk
ACC-100881,Spain,Male,51,7,777,62233.3,1,1,1,43548.86,0,Low Risk
ACC-100882,GERMANY ,Female,41,9,602,192539.94,2,1,0,37952.76,1,Medium Risk
ACC-100883,Spain,Female,43,9,478,0.0,2,0,0,48543.11,0,Low Risk
ACC-100884,Spain,Male,44,5,720,91434.77,2,0,1,186713.55,0,Low Risk
ACC-100885,Germany,Male,31,6,473,66335.13,2,1,0,145179.92,0,Low Risk
ACC-100886,France,Female,37,4,737,0.0,1,1,1,179960.33,0,Low Risk
ACC-100887,Spain,Female,27,9,526,0.0,3,1,0,173661.84,1,High Risk
ACC-100888,Spain,Male,35,10,587,28256.03,1,0,1,126158.41,0,Low Risk
ACC-100889,France,Male,33,5,843,153260.08,2,1,1,32116.23,0,Low Risk
ACC-100890,Germany,Male,37,2,574,177503.93,2,1,1,54647.03,0,Low Risk
ACC-100891,France,Male,40,5,438,93023.12,2,1,1,34841.78,0,Low Risk
ACC-100892,France,Male,40,2,617,170189.46,1,1,1,98649.26,0,Low Risk
ACC-100893,Spain,Male,38,5,671,46012.6,1,1,0,41138.61,0,Low Risk
ACC-100894,France,Male,47,10,505,190338.67,2,0,0,40132.43,0,Low Risk
ACC-100895,France,Male,32,4,553,0.0,2,0,1,97937.4,0,Low Risk
ACC-100896,Germany,Male,19,3,760,179029.07,1,1,0,73686.78,1,Medium Risk
ACC-100897,Germany,Female,28,10,581,46421.3,1,1,1,194314.99,0,Low Risk
ACC-100898,Spain,Male,24,4,538,144006.94,1,1,0,43581.98,0,Medium Risk
ACC-100899,France,Female,32,8,730,152449.57,2,1,0,84993.44,0,Low Risk
ACC-100900,Spain,Male,30,10,639,0.0,1,1,0,72026.84,0,Low Risk
ACC-100901,France,Female,23,0,497,0.0,1,1,0,179590.53,1,Medium Risk
ACC-100902,France,Female,36,0,523,127790.5,2,0,0,159297.25,0,Low Risk
ACC-100903,Spain,Male,49,1,551,189724.19,1,1,0,68362.01,1,Medium Risk
ACC-100904,France,Female,37,6,783,113024.09,1,1,0,22030.76,1,Medium Risk
ACC-100905,France,Male,38,5,775,172781.17,1,1,0,46535.12,1,Medium Risk
ACC-100906,Germany,Male,29,10,625,169026.07,1,1,1,25577.38,0,Medium Risk
ACC-100907,France,Male,41,7,625,118161.94,1,0,0,25940.62,0,Medium Risk
ACC-100908,Germany,Male,54,0,616,47795.92,1,0,1,156497.19,0,Medium Risk
ACC-100909,Spain,Female,36,6,622,161450.11,2,1,1,29771.94,0,Low Risk
ACC-100910,France,Male,45,7,740,91020.46,1,1,1,69896.05,1,Low Risk
ACC-100911,Germany,Female,-50,3,660,116867.54,1,1,1,28828.29,0,Medium Risk
ACC-100912,France,Male,46,8,690,48638.69,2,1,0,119104.53,0,Low Risk
ACC-100913,France,Male,33,6,647,91247.73,2,1,1,193211.89,0,Low Risk
ACC-100914,France,Female,36,7,571,95172.98,1,0,1,29156.73,0,Low Risk
ACC-100915,Germany,Male,47,5,600,56898.41,1,1,1,53579.55,0,Medium Risk
ACC-100916,Spain,Female,34,4,760,73493.99,2,1,0,174272.43,0,Low Risk
ACC-100917,France,Female,19,2,713,132234.94,2,0,1,35523.14,0,Low Risk
ACC-100918,Germany,Female,53,3,787,158303.89,1,0,0,102365.55,1,High Risk
ACC-100919,Germany,Male,45,8,608,165740.96,1,1,1,63403.56,0,Medium Risk
ACC-100920,France,Female,42,9,557,132528.36,2,1,0,117708.46,1,Low Risk
ACC-100921,Germany,Female,35,1,787,149291.85,1,1,1,60922.94,0,Medium Risk
ACC-100922,France,Male,29,1,621,79966.71,2,1,1,138245.04,0,Low Risk
ACC-100923,France,Male,35,9,571,189588.86,2,1,1,35808.43,0,Low Risk
ACC-100924,Spain,Male,38,6,685,135231.16,1,0,0,132984.42,0,Medium Risk
ACC-100925,France,Male,47,3,480,144654.54,1,1,1,118100.83,0,Low Risk
ACC-100926,France,Male,50,5,586,0.0,2,1,1,128798.24,0,Low Risk
ACC-100927,France,Male,36,9,567,0.0,2,0,0,89782.26,0,Low Risk
ACC-100928,France,Male,41,7,594,43355.01,2,1,1,145937.18,0,Low Risk
ACC-100929,France,Male,36,2,738,55688.16,1,0,1,69203.15,0,Low Risk
ACC-100930,Germany,Male,37,7,812,94659.74,1,0,1,174982.24,0,Low Risk
ACC-100931,France,Female,50,7,672,0.0,2,1,0,140826.99,0,Low Risk
ACC-100932,Spain,Male,-31,6,421,0.0,2,0,0,72682.63,0,Low Risk
ACC-100933,Germany,Male,28,2,678,51248.08,2,0,1,112033.4,0,Low Risk
ACC-100934,Germany,Male,38,9,850,99835.19,2,1,1,170214.24,1,Low Risk
ACC-100935,France,Male,40,7,591,154518.66,1,0,1,44058.5,0,Low Risk
ACC-100936,FRANCE ,Male,39,7,515,111369.81,3,1,0,166161.87,1,High Risk
ACC-100937,Germany,Male,70,1,678,80001.53,3,1,0,84389.2,1,High Risk
ACC-100938,FRANCE ,Male,54,2,766,173684.45,1,0,0,112177.34,1,Medium Risk
ACC-100939,France,Female,56,2,710,0.0,2,0,1,62670.02,0,Low Risk
ACC-100940,Germany,Male,46,6,690,66997.96,1,1,0,116241.0,0,Medium Risk
ACC-100941,Germany,Male,57,0,654,111476.78,2,1,1,183457.42,0,Medium Risk
ACC-100942,Germany,Female,34,5,594,147696.07,1,1,0,160655.13,0,Medium Risk
ACC-100943,Spain,Male,20,5,603,0.0,1,1,1,82769.81,0,Low Risk
ACC-100944,Germany,Female,43,6,714,38224.52,1,1,0,108545.43,0,Medium Risk
ACC-100945,Germany,Female,18,10,582,186172.56,3,0,0,160745.01,1,High Risk
ACC-100946,France,Female,43,0,593,0.0,2,1,0,23927.09,0,Low Risk
ACC-100947,France,Female,21,8,673,150615.58,2,0,1,127999.75,0,Low Risk
ACC-100948,France,Female,40,9,744,99971.38,2,1,1,194992.77,0,Low Risk
ACC-100949,Spain,Male,42,7,611,81601.64,2,1,0,154636.89,0,Low Risk
ACC-100950,France,Female,53,1,768,115813.58,1,0,0,80657.55,0,High Risk
ACC-100951,Spain,Male,25,1,655,56682.76,1,1,0,182531.5,1,Medium Risk
ACC-100952,Spain,Female,42,10,519,47993.73,1,1,1,106765.13,1,Low Risk
ACC-100953,Germany,Female,37,10,717,124619.14,1,1,0,27390.88,1,Medium Risk
ACC-100954,France,Female,47,7,687,146604.93,2,1,0,114122.54,0,Low Risk
ACC-100955,Spain,Female,25,3,553,0.0,1,1,1,189465.77,0,Low Risk
ACC-100956,Spain,Male,33,5,692,0.0,1,1,0,192607.74,0,Low Risk
ACC-100957,France,Female,35,5,568,0.0,1,1,1,148024.11,0,Low Risk
ACC-100958,Spain,Female,36,7,756,156200.32,3,1,1,169790.0,1,High Risk
ACC-100959,France,Female,29,10,635,98466.32,1,0,1,188483.16,1,Low Risk
ACC-100960,France,Male,58,2,755,0.0,3,1,1,29736.98,1,High Risk
ACC-100961,France,Male,39,1,648,159603.64,1,1,0,59693.48,1,Medium Risk
ACC-100962,France,Male,38,5,825,0.0,2,1,1,192231.45,0,Low Risk
ACC-100963,Spain,Female,24,7,470,0.0,1,1,1,47921.44,0,Low Risk
ACC-100964,France,Female,47,4,850,192700.3,1,0,0,154887.6,1,Medium Risk
ACC-100965,France,Female,44,9,666,0.0,1,0,0,79322.06,1,Medium Risk
ACC-100966,France,Female,46,6,708,110956.34,2,0,1,126732.17,0,Low Risk
ACC-100967,Spain,Female,43,3,580,64447.62,1,1,0,56080.0,0,Medium Risk
ACC-100968,Spain,Female,34,4,657,116249.35,1,1,0,44166.67,0,Medium Risk
ACC-100969,Spain,Male,34,7,638,186952.08,4,1,0,104235.76,1,High Risk
ACC-100970,Germany,Female,44,6,627,124381.25,1,1,0,180814.6,1,High Risk
ACC-100971,Germany,Female,44,0,609,101594.54,2,1,0,175060.37,0,Medium Risk
ACC-100972,Spain,Female,42,2,563,0.0,1,0,0,40665.01,1,Medium Risk
ACC-100973,Germany,Male,55,9,776,82960.3,1,1,1,184892.77,1,Medium Risk
ACC-100974,France,Female,57,9,802,165729.96,2,1,1,104602.19,1,Low Risk
ACC-100975,France,Male,18,3,651,66347.94,2,0,0,33142.32,0,Low Risk
ACC-100976,Spain,Female,64,3,751,146951.7,2,0,1,163616.96,0,Low Risk
ACC-100977,Spain,Male,23,2,718,65215.1,1,1,1,158886.95,0,Low Risk
ACC-100978,Spain,Female,56,5,668,48548.71,1,0,1,97849.65,0,Low Risk
ACC-100979,Spain,Male,38,10,671,0.0,3,0,1,158758.95,0,Medium Risk
ACC-100980,France,Male,32,7,552,25884.66,1,1,0,51353.01,0,Low Risk
ACC-100981,Spain,Female,43,1,621,0.0,2,1,1,118146.14,0,Low Risk
ACC-100982,France,Male,38,6,712,123376.63,1,1,0,50975.91,0,Medium Risk
ACC-100983,France,Male,35,10,686,0.0,4,1,0,153805.62,1,High Risk
ACC-100984,France,Female,43,10,569,183520.63,2,1,1,75152.38,1,Low Risk
ACC-100985,Germany,Female,62,7,485,115563.39,2,0,0,168199.88,0,Medium Risk
ACC-100986,France,Male,48,6,596,112595.83,2,1,1,47432.75,0,Low Risk
ACC-100987,France,Male,36,2,570,194455.47,2,0,1,87258.51,0,Low Risk
ACC-100988,Spain,Female,45,10,641,88953.72,2,0,0,144122.8,0,Low Risk
ACC-100989,Spain,Female,39,10,624,0.0,1,1,0,58779.63,0,Low Risk
ACC-100990,France,Male,54,2,481,0.0,2,0,0,52937.9,1,Low Risk
ACC-100991,Germany,Female,23,0,695,116443.68,2,1,0,39291.17,1,Medium Risk
ACC-100992,France,Female,49,8,539,72946.69,1,1,1,129685.4,0,Low Risk
ACC-100993,FRANCE ,Male,29,2,846,0.0,2,0,1,61562.18,0,Low Risk
ACC-100994,Germany,Male,35,4,787,96599.11,2,1,1,93448.1,0,Low Risk
ACC-100995,France,Female,24,4,745,0.0,1,1,1,166198.01,0,Low Risk
ACC-100996,France,Male,30,10,537,151753.97,1,1,1,59471.06,0,Low Risk
ACC-100997,France,Male,36,10,652,62865.81,2,1,0,88653.44,0,Low Risk
ACC-100998,France,Female,36,2,836,90375.0,2,1,1,73805.85,0,Low Risk
ACC-100999,Spain,Male,45,1,495,172562.24,1,1,0,127043.67,1,Medium Risk
ACC-101000,France,Male,42,3,747,130812.36,1,0,0,112125.72,0,Medium Risk
ACC-101001,France,Female,46,9,826,0.0,2,1,1,182647.58,0,Low Risk
ACC-101002,France,Male,45,4,602,36495.36,1,1,0,28798.44,0,Medium Risk
ACC-101003,France,Male,32,2,801,88066.36,2,0,1,158729.59,0,Low Risk
ACC-101004,France,Female,32,10,606,70087.53,2,0,1,67302.92,0,Low Risk
ACC-101005,Spain,Male,38,6,588,34645.6,1,1,0,193334.18,0,Low Risk
ACC-101006,Spain,Male,43,1,613,0.0,1,1,0,127405.19,1,Medium Risk
ACC-101007,Spain,Female,45,3,523,35983.85,2,0,1,87999.67,1,Low Risk
ACC-101008,France,Male,59,2,689,0.0,2,1,0,151246.29,1,Low Risk
ACC-101009,France,Male,33,3,763,47213.82,2,1,1,139297.65,0,Low Risk
ACC-101010,Spain,Male,45,5,671,142178.76,1,1,1,192345.47,0,Low Risk
ACC-101011,Spain,Male,28,9,850,0.0,2,1,0,162905.02,0,Low Risk
ACC-101012,Germany,Male,22,6,535,39244.67,1,1,0,141865.53,0,Medium Risk
ACC-101013,France,Female,29,6,759,52062.64,1,1,1,185958.53,0,Low Risk
ACC-101014,Germany,Male,51,8,477,126683.06,1,1,1,177537.8,0,Medium Risk
ACC-101015,Spain,Female,32,9,650,179516.34,2,1,0,194044.87,1,Low Risk
ACC-101016,France,Male,47,5,628,96248.59,2,0,0,134233.18,0,Low Risk
ACC-101017,Germany,Female,42,10,760,177944.31,1,0,1,113061.36,1,Medium Risk
ACC-101018,France,Male,41,3,808,131002.99,1,1,0,156971.11,0,Medium Risk
ACC-101019,Spain,Female,40,6,568,54630.82,1,0,0,155505.03,0,Low Risk
ACC-101020,Germany,Female,58,7,500,171276.24,1,1,0,175260.38,0,High Risk
ACC-101021,France,Female,28,10,665,91243.35,1,1,0,,1,Low Risk
ACC-101022,France,Male,32,10,624,107437.24,1,0,0,192129.36,0,Medium Risk
ACC-101023,France,Female,30,5,585,0.0,2,1,0,50263.13,0,Low Risk
ACC-101024,France,Female,46,2,464,58464.03,1,1,1,76102.98,1,Low Risk
ACC-101025,France,Male,46,2,580,145582.52,2,0,1,167721.55,0,Low Risk
ACC-101026,France,Male,36,3,786,122231.25,2,0,1,63474.5,0,Low Risk
ACC-101027,Germany,Male,27,4,661,90260.61,2,1,1,,1,Low Risk
ACC-101028,Germany,Female,18,4,583,27639.79,2,0,0,121467.72,1,Low Risk
ACC-101029,Spain,Female,29,3,604,0.0,3,1,0,77112.09,0,High Risk
ACC-101030,France,Female,18,4,718,135340.29,1,1,0,158912.69,0,Medium Risk
ACC-101031,France,Male,42,9,649,151910.19,1,0,0,125717.11,0,Medium Risk
ACC-101032,Spain,Female,45,0,658,166810.95,2,1,1,,0,Low Risk
ACC-101033,France,Male,54,1,588,149893.36,1,1,0,55987.43,1,High Risk
ACC-101034,France,Male,47,0,599,48379.56,2,1,1,103272.81,0,Low Risk
ACC-101035,France,Male,32,10,712,169799.01,1,1,1,,0,Low Risk
ACC-101036,France,Female,27,5,575,35832.02,1,1,0,22413.48,0,Low Risk
ACC-101037,France,Male,40,5,626,105471.24,2,0,0,26783.11,0,Low Risk
ACC-101038,Spain,Female,33,9,647,136492.29,1,1,1,193924.21,0,Low Risk
ACC-101039,France,Male,68,7,766,0.0,2,1,1,138417.75,0,Low Risk
ACC-101040,France,Female,31,9,770,0.0,1,0,0,54403.4,0,Low Risk
ACC-101041,Spain,Male,31,5,573,0.0,1,0,0,148538.31,0,Low Risk
ACC-101042,France,Female,37,1,696,110195.9,2,1,1,44986.08,0,Low Risk
ACC-101043,France,Male,39,4,718,0.0,2,1,0,137252.65,0,Low Risk
ACC-101044,Spain,Female,31,1,550,0.0,3,0,0,45003.9,1,High Risk
ACC-101045,France,Male,36,8,656,0.0,1,1,0,,0,Low Risk
ACC-101046,Germany,Male,21,4,656,176934.95,2,1,0,37150.99,0,Medium Risk
ACC-101047,France,Female,44,5,670,38780.78,1,1,1,107752.54,0,Low Risk
ACC-101048,France,Male,37,8,620,89623.72,4,0,1,146855.55,0,Medium Risk
ACC-101049,France,Male,26,8,673,90968.77,1,1,0,176471.48,0,Low Risk
ACC-101050,France,Male,21,0,570,42635.31,2,1,1,59423.05,0,Low Risk
ACC-101051,Germany,Female,44,3,668,36808.43,2,1,1,138995.31,0,Low Risk
ACC-101052,Germany,Male,18,6,626,163569.42,2,1,0,87351.22,0,Medium Risk
ACC-101053,France,Male,35,7,645,77328.06,1,1,0,94766.59,0,Low Risk
ACC-101054,Germany,Female,47,9,729,93449.72,1,1,0,99741.44,1,Medium Risk
ACC-101055,France,Male,30,4,789,79907.02,2,0,0,133449.64,0,Low Risk
ACC-101056,France,Female,40,3,618,123330.21,1,0,1,97469.7,0,Low Risk
ACC-101057,France,Male,46,4,792,110242.39,2,1,1,51579.98,0,Low Risk
ACC-101058,Spain,Male,63,6,519,141628.42,2,1,0,25016.13,1,Medium Risk
ACC-101059,Germany,Female,36,4,668,48157.68,1,1,1,75423.59,0,Low Risk
ACC-101060,France,Male,37,5,619,0.0,4,0,1,172112.45,0,Medium Risk
ACC-101061,Spain,Female,39,0,481,170342.4,2,1,1,94237.25,0,Low Risk
ACC-101062,Germany,Female,18,2,518,41658.25,2,0,1,114402.69,0,Low Risk
ACC-101063,Germany,Male,39,0,673,192866.82,2,1,0,126065.97,0,Medium Risk
ACC-101064,France,Female,43,7,711,0.0,2,1,0,148952.31,1,Low Risk
ACC-101065,Spain,Male,42,0,600,63156.44,2,0,1,40891.02,0,Low Risk
ACC-101066,France,Female,27,6,533,69163.77,1,1,1,104067.09,0,Low Risk
ACC-101067,SPAIN ,Male,26,8,709,158856.56,2,1,0,128801.45,0,Low Risk
ACC-101068,France,Female,48,4,769,0.0,1,1,1,134482.48,1,Low Risk
ACC-101069,France,Female,58,3,785,0.0,1,1,0,163894.57,1,Medium Risk
ACC-101070,France,Female,36,9,513,0.0,2,1,0,74296.42,0,Low Risk
ACC-101071,Spain,Female,21,9,781,181812.12,1,1,1,92959.74,0,Low Risk
ACC-101072,Germany,Male,18,9,520,98152.24,1,0,0,122919.43,1,Medium Risk
ACC-101073,Spain,Male,43,0,785,0.0,3,0,1,96788.11,1,High Risk
ACC-101074,Germany,Male,44,6,624,82467.32,1,1,1,181645.35,0,Medium Risk
ACC-101075,France,Male,44,5,599,151077.35,2,1,1,143974.24,1,Low Risk
ACC-101076,France,Female,24,8,705,0.0,1,0,1,75777.39,0,Low Risk
ACC-101077,Spain,Male,31,4,648,0.0,3,1,1,170359.55,0,Medium Risk
ACC-101078,Spain,Male,31,10,719,92347.55,1,1,0,99913.0,0,Low Risk
ACC-101079,France,Male,32,2,576,88760.02,1,1,0,23168.5,0,Low Risk
ACC-101080,Spain,Male,25,10,753,139584.46,2,1,1,75081.56,0,Low Risk
ACC-101081,France,Male,50,7,811,0.0,1,1,0,76500.42,0,Medium Risk
ACC-101082,France,Female,51,2,670,0.0,2,0,1,59199.4,0,Low Risk
ACC-101083,Spain,Male,27,4,724,0.0,2,1,1,90800.07,0,Low Risk
ACC-101084,Spain,Male,44,4,595,191685.7,1,1,1,138435.3,1,Low Risk
ACC-101085,France,Male,34,1,558,154831.35,1,1,0,42036.18,1,Medium Risk
ACC-101086,Germany,Female,43,2,741,132218.43,1,1,0,52917.74,1,High Risk
ACC-101087,France,Female,29,3,778,0.0,1,1,1,86752.71,0,Low Risk
ACC-101088,Germany,Female,42,1,567,72293.85,2,1,1,139531.37,0,Low Risk
ACC-101089,Spain,Male,53,6,721,108070.91,1,0,1,68909.04,0,Medium Risk
ACC-101090,Germany,Male,38,1,571,97968.11,1,0,1,152824.23,0,Medium Risk
ACC-101091,Spain,Male,25,10,491,78070.89,1,1,0,107846.7,0,Low Risk
ACC-101092,Germany,Female,36,6,599,33318.13,2,1,1,60293.59,0,Low Risk
ACC-101093,Spain,Male,36,0,529,0.0,2,1,0,65282.08,0,Low Risk
ACC-101094,Germany,Male,34,3,850,54678.03,1,1,0,64595.86,0,Medium Risk
ACC-101095,Spain,Male,33,8,734,0.0,2,1,1,96905.73,0,Low Risk
ACC-101096,France,Male,47,8,729,147081.36,1,0,0,146705.08,0,Medium Risk
ACC-101097,Germany,Female,39,0,706,129574.41,1,1,1,163998.53,0,Medium Risk
ACC-101098,France,Male,41,4,599,133126.55,2,1,1,182372.14,0,Low Risk
ACC-101099,France,Female,49,1,530,122937.96,2,0,1,97878.5,0,Low Risk
ACC-101100,Germany,Female,51,2,688,110848.48,2,0,1,147658.27,0,Medium Risk
ACC-101101,France,Female,34,2,761,69531.54,1,1,1,,0,Low Risk
ACC-101102,Spain,Female,69,2,777,65386.14,2,1,0,125125.77,1,Low Risk
ACC-101103,France,Male,29,0,682,146339.92,2,1,0,100636.9,0,Low Risk
ACC-101104,France,Male,38,2,750,152586.23,1,1,1,188061.38,0,Low Risk
ACC-101105,Spain,Female,18,0,583,191418.37,2,0,0,162357.99,0,Low Risk
ACC-101106,GERMANY ,Female,37,8,566,145993.75,1,1,1,101717.81,0,Medium Risk
ACC-101107,France,Female,18,10,605,25410.67,1,1,1,143782.99,0,Low Risk
ACC-101108,Germany,Female,38,6,703,105209.87,2,1,1,180844.56,0,Low Risk
ACC-101109,France,Female,18,0,638,0.0,2,0,0,120912.31,0,Low Risk
ACC-101110,Spain,Male,45,5,673,155168.48,2,1,0,112361.36,1,Low Risk
ACC-101111,France,Male,35,6,588,80054.15,2,1,0,114186.83,0,Low Risk
ACC-101112,Spain,Male,41,1,512,0.0,2,1,1,96386.83,0,Low Risk
ACC-101113,Spain,Male,39,0,784,172908.61,1,0,1,158511.75,1,Low Risk
ACC-101114,Germany,Male,18,9,646,176057.66,1,1,1,35286.58,0,Medium Risk
ACC-101115,France,Female,40,5,786,167975.91,1,0,1,84687.03,0,Low Risk
ACC-101116,Germany,Male,43,2,743,30108.86,2,1,0,127336.78,0,Medium Risk
ACC-101117,France,Female,56,8,595,48212.5,2,1,1,78026.98,1,Low Risk
ACC-101118,France,Male,29,9,595,160536.94,2,0,1,80845.86,1,Low Risk
ACC-101119,France,Male,40,4,687,0.0,3,1,1,116581.13,0,Medium Risk
ACC-101120,France,Male,38,4,592,0.0,1,0,1,188033.14,1,Low Risk
ACC-101121,France,Male,43,1,672,183911.93,2,1,0,86000.49,1,Low Risk
ACC-101122,Spain,Male,42,10,530,0.0,1,0,0,31867.62,0,Medium Risk
ACC-101123,France,Male,52,3,560,48245.47,2,1,1,38443.79,0,Low Risk
ACC-101124,France,Female,37,6,643,157916.86,4,1,0,124363.43,1,High Risk
ACC-101125,Spain,Male,41,1,801,140275.84,1,1,1,81499.71,1,Medium Risk
ACC-101126,France,Female,18,2,638,124331.88,2,1,1,167817.78,1,Low Risk
ACC-101127,France,Female,34,2,694,153718.24,1,1,0,130467.42,0,Medium Risk
ACC-101128,SPAIN ,Female,36,3,489,0.0,1,1,1,105101.26,0,Low Risk
ACC-101129,Spain,Male,63,9,492,0.0,1,0,0,,0,Medium Risk
ACC-101130,Spain,Female,61,9,667,100064.82,1,1,1,107058.74,1,Medium Risk
ACC-101131,France,Female,44,1,686,0.0,1,0,0,,0,Medium Risk
ACC-101132,France,Male,44,1,464,194369.48,2,1,1,39221.93,0,Low Risk
ACC-101133,FRANCE ,Female,18,8,750,192783.74,1,1,0,32172.06,0,Medium Risk
ACC-101134,Spain,Female,38,7,502,92222.63,2,1,0,140301.89,1,Low Risk
ACC-101135,France,Male,28,3,700,163632.96,2,0,0,112621.53,0,Low Risk
ACC-101136,France,Male,36,6,678,0.0,1,1,1,27941.88,0,Low Risk
ACC-101137,Spain,Male,28,0,574,161574.59,1,0,0,113460.73,0,Medium Risk
ACC-101138,France,Male,37,6,749,174447.5,1,1,0,126882.96,0,Medium Risk
ACC-101139,France,Female,41,4,643,52107.8,1,1,0,91558.28,0,Medium Risk
ACC-101140,Spain,Female,50,8,550,72950.41,1,0,1,84510.11,0,Low Risk
ACC-101141,France,Female,32,10,722,59502.46,2,1,0,136647.37,0,Low Risk
ACC-101142,Germany,Male,38,0,482,161264.04,4,0,1,127737.98,0,High Risk
ACC-101143,France,Male,26,9,588,53404.29,1,1,1,118816.24,0,Low Risk
ACC-101144,France,Female,26,0,759,0.0,2,1,1,22823.99,0,Low Risk
ACC-101145,France,Female,40,1,634,0.0,2,1,0,77442.45,0,Low Risk
ACC-101146,Spain,Female,47,7,677,187720.56,1,0,0,105955.71,1,Medium Risk
ACC-101147,France,Male,34,4,532,92807.15,1,0,0,96178.91,0,Low Risk
ACC-101148,France,Female,51,4,577,186616.03,2,0,1,128798.99,0,Low Risk
ACC-101149,Spain,Male,47,0,653,55982.04,2,1,1,158772.36,0,Low Risk
ACC-101150,Germany,Male,36,2,672,96279.57,1,1,1,78918.49,0,Low Risk
ACC-101151,France,Male,42,0,558,0.0,2,1,0,124514.8,0,Low Risk
ACC-101152,Germany,Female,31,1,840,147306.22,2,1,0,144162.81,0,Medium Risk
ACC-101153,Germany,Male,35,3,436,54496.23,2,0,0,121619.17,0,Low Risk
ACC-101154,Germany,Male,35,5,578,41702.04,1,1,1,147169.39,0,Low Risk
ACC-101155,Germany,Male,33,9,781,60829.55,1,1,1,133079.39,0,Low Risk
ACC-101156,Germany,Male,18,9,739,82685.24,2,1,0,121345.21,1,Low Risk
ACC-101157,SPAIN ,Female,47,0,662,0.0,2,1,0,80855.24,0,Low Risk
ACC-101158,Spain,Female,29,0,678,82540.46,2,1,0,161384.28,0,Low Risk
ACC-101159,France,Female,30,3,610,43868.29,1,1,0,148471.55,0,Low Risk
ACC-101160,France,Female,42,8,581,116191.15,1,0,1,119802.02,0,Low Risk
ACC-101161,France,Male,34,7,631,87130.36,1,0,0,77902.88,0,Low Risk
ACC-101162,France,Female,34,0,639,67021.04,1,1,0,158281.43,0,Medium Risk
ACC-101163,France,Female,47,5,673,115486.05,2,1,1,92212.9,0,Low Risk
ACC-101164,France,Female,42,3,623,56759.51,2,0,1,117106.08,0,Low Risk
ACC-101165,Spain,Female,51,5,849,128398.25,2,1,0,60104.85,1,Medium Risk
ACC-101166,FRANCE ,Female,33,1,668,96131.96,1,1,1,,0,Low Risk
ACC-101167,France,Female,37,9,476,28470.47,1,1,0,39574.49,0,Low Risk
ACC-101168,France,Male,31,6,504,60058.56,2,1,1,126873.19,0,Low Risk
ACC-101169,Germany,Female,29,4,811,111906.65,1,1,1,133485.33,0,Medium Risk
ACC-101170,Germany,Male,45,3,605,187255.55,2,0,1,30800.58,1,Low Risk
ACC-101171,France,Male,21,4,678,75722.24,1,1,0,164915.42,1,Low Risk
ACC-101172,France,Female,40,7,808,107965.25,1,1,1,145393.96,0,Low Risk
ACC-101173,France,Female,51,10,620,75286.49,1,1,1,,1,Low Risk
ACC-101174,Spain,Male,38,7,720,36823.58,1,0,0,90695.58,0,Low Risk
ACC-101175,Spain,Female,63,9,743,156062.29,1,1,1,90006.46,1,Medium Risk
ACC-101176,France,Female,40,7,577,54382.69,2,1,0,193564.52,0,Low Risk
ACC-101177,France,Female,19,0,645,104917.8,1,1,1,40967.6,0,Low Risk
ACC-101178,France,Male,35,4,695,182831.91,1,0,1,29399.56,0,Low Risk
ACC-101179,France,Female,49,9,658,101353.37,2,1,0,51053.51,0,Low Risk
ACC-101180,France,Male,36,8,522,38570.93,1,0,1,105263.46,0,Low Risk
ACC-101181,Germany,Male,40,9,656,187787.88,1,1,0,36251.06,0,Medium Risk
ACC-101182,Spain,Male,29,6,669,0.0,1,0,1,189753.25,0,Low Risk
ACC-101183,France,Female,42,4,544,0.0,1,1,1,160261.65,0,Low Risk
ACC-101184,Germany,Male,31,6,776,55761.39,1,0,1,53634.43,1,Low Risk
ACC-101185,Germany,Male,48,4,643,85649.11,1,1,0,50475.74,1,Medium Risk
ACC-101186,Spain,Male,32,7,621,187419.9,1,1,1,110982.41,0,Low Risk
ACC-101187,Spain,Male,30,3,594,164060.75,2,1,0,163396.85,0,Low Risk
ACC-101188,Germany,Female,41,8,514,132200.37,2,1,0,136243.71,0,Medium Risk
ACC-101189,Spain,Male,43,7,765,51425.53,2,1,1,70133.0,0,Low Risk
ACC-101190,Germany,Female,48,1,850,42776.77,1,1,0,162791.87,1,High Risk
ACC-101191,Spain,Female,46,10,705,147265.11,2,1,1,111694.87,0,Low Risk
ACC-101192,France,Female,35,9,791,0.0,3,1,0,71398.66,0,High Risk
ACC-101193,France,Male,34,10,785,67844.13,2,1,0,151607.49,0,Low Risk
ACC-101194,France,Male,42,0,569,41247.35,2,1,1,135307.74,0,Low Risk
ACC-101195,Germany,Female,33,5,850,117492.15,2,1,1,47829.29,0,Low Risk
ACC-101196,France,Male,35,3,623,0.0,1,0,1,59778.1,0,Low Risk
ACC-101197,Germany,Female,42,8,741,50551.08,2,1,1,66018.62,0,Low Risk
ACC-101198,Spain,Male,18,7,615,79673.25,1,1,1,124466.71,0,Low Risk
ACC-101199,France,Female,49,7,532,69622.9,2,1,0,114462.12,0,Low Risk
ACC-101200,Spain,Male,43,8,723,26724.71,2,1,0,92912.2,0,Low Risk
ACC-101201,Germany,Male,49,6,646,117941.16,1,1,1,92967.31,1,Medium Risk
ACC-101202,Spain,Female,30,10,636,63502.24,2,1,0,69501.09,0,Low Risk
ACC-101203,France,Female,30,4,581,0.0,1,0,0,142953.26,0,Low Risk
ACC-101204,Germany,Male,43,10,505,134038.17,2,1,1,179080.32,0,Low Risk
ACC-101205,Spain,Female,37,4,812,82667.16,2,0,1,186636.47,0,Low Risk
ACC-101206,France,Male,27,0,652,153796.79,2,1,1,101351.33,0,Low Risk
ACC-101207,France,Male,37,3,640,141434.75,3,1,0,179002.06,1,High Risk
ACC-101208,Spain,Male,30,7,620,48254.17,2,1,1,115504.77,0,Low Risk
ACC-101209,Spain,Male,38,8,660,79783.19,2,0,1,114285.7,0,Low Risk
ACC-101210,Germany,Male,58,8,552,170434.06,1,1,0,156260.97,1,High Risk
ACC-101211,Spain,Female,46,0,720,0.0,1,1,0,123602.08,1,Medium Risk
ACC-101212,Spain,Male,50,10,660,0.0,1,1,0,76475.83,0,Medium Risk
ACC-101213,France,Male,50,5,644,0.0,1,1,0,96335.04,1,Medium Risk
ACC-101214,Germany,Male,18,0,589,145266.84,2,0,0,131151.13,0,Medium Risk
ACC-101215,Spain,Female,30,0,761,163469.52,1,1,0,125647.24,0,Medium Risk
ACC-101216,Spain,Male,49,0,612,0.0,2,1,0,138946.55,1,Low Risk
ACC-101217,Germany,Female,32,9,602,145226.24,2,1,1,33960.28,0,Low Risk
ACC-101218,Germany,Female,41,3,713,39269.67,3,1,0,26601.07,1,High Risk
ACC-101219,Spain,Female,35,8,466,180251.15,1,1,0,49702.55,0,Medium Risk
ACC-101220,Spain,Female,28,7,614,112011.82,2,1,0,78157.2,0,Low Risk
ACC-101221,France,Female,39,5,753,80144.23,2,1,1,23625.29,0,Low Risk
ACC-101222,France,Male,44,9,558,83500.47,4,1,1,37319.4,1,High Risk
ACC-101223,Germany,Female,39,7,537,147309.49,1,1,1,95926.38,0,Medium Risk
ACC-101224,Germany,Female,50,0,657,32926.69,2,0,1,59082.15,0,Low Risk
ACC-101225,Spain,Male,32,5,728,53569.13,1,0,0,152796.86,0,Low Risk
ACC-101226,France,Male,54,4,773,0.0,2,0,0,71204.56,0,Low Risk
ACC-101227,Spain,Male,28,6,552,68577.53,1,1,1,146325.46,0,Low Risk
ACC-101228,France,Female,38,1,685,83186.4,3,1,0,115054.41,1,High Risk
ACC-101229,France,Female,35,7,661,101496.81,2,1,1,60640.87,0,Low Risk
ACC-101230,Spain,Male,36,2,834,0.0,1,1,1,98507.88,0,Low Risk
ACC-101231,Germany,Female,51,5,497,162814.15,1,1,1,86711.44,1,Medium Risk
ACC-101232,France,Male,35,0,749,0.0,2,0,0,125380.59,1,Low Risk
ACC-101233,Spain,Male,46,1,623,170746.08,1,1,1,88228.9,0,Medium Risk
ACC-101234,Spain,Female,43,9,707,41715.49,1,1,1,89452.88,1,Low Risk
ACC-101235,SPAIN ,Female,52,0,785,126411.83,2,0,1,168673.41,0,Low Risk
ACC-101236,Germany,Male,25,7,405,37943.85,1,1,1,140172.32,0,Low Risk
ACC-101237,France,Male,58,2,707,37568.99,1,0,1,64032.97,0,Low Risk
ACC-101238,France,Female,30,1,720,114185.26,1,1,1,69634.06,1,Low Risk
ACC-101239,Spain,Female,67,6,690,0.0,1,0,1,65746.02,0,Low Risk
ACC-101240,Spain,Female,48,1,658,0.0,2,0,0,47950.61,0,Low Risk
ACC-101241,France,Male,27,2,785,73394.29,2,1,1,34547.51,0,Low Risk
ACC-101242,Spain,Male,37,7,617,0.0,1,0,1,47527.28,0,Low Risk
ACC-101243,France,Male,-41,2,691,95766.44,1,0,1,192563.41,0,Low Risk
ACC-101244,Spain,Male,30,10,560,0.0,3,1,0,112571.88,1,High Risk
ACC-101245,France,Female,43,7,693,114764.46,1,1,1,177036.17,0,Low Risk
ACC-101246,Spain,Female,36,0,615,183772.56,1,1,1,60555.93,0,Low Risk
ACC-101247,Germany,Male,24,6,779,168865.09,1,0,0,187431.94,0,Medium Risk
ACC-101248,Germany,Female,43,9,638,155682.79,1,1,1,90664.88,0,Medium Risk
ACC-101249,France,Male,21,1,646,109667.46,1,0,0,48341.31,0,Medium Risk
ACC-101250,Spain,Female,29,9,590,167006.97,2,1,0,182384.27,0,Low Risk
ACC-101251,Germany,Female,36,3,695,101294.75,3,1,0,124361.52,0,High Risk
ACC-101252,Germany,Male,44,5,408,37755.9,1,1,1,86517.22,1,Medium Risk
ACC-101253,Germany,Female,41,1,679,40982.44,1,1,0,95344.93,1,High Risk
ACC-101254,France,Female,34,6,685,0.0,2,1,1,157129.64,0,Low Risk
ACC-101255,Germany,Female,20,9,607,183126.97,1,0,0,124938.98,1,Medium Risk
ACC-101256,France,Male,23,9,624,74679.49,2,0,0,62301.9,0,Low Risk
ACC-101257,France,Male,29,1,658,176722.94,1,0,0,101995.73,0,Medium Risk
ACC-101258,Spain,Female,46,0,650,0.0,1,0,1,165050.88,0,Low Risk
ACC-101259,France,Female,26,3,569,0.0,2,0,0,28493.29,1,Low Risk
ACC-101260,Spain,Male,37,9,632,68672.68,1,1,0,66849.66,0,Low Risk
ACC-101261,Germany,Male,23,1,741,61361.31,1,1,1,37344.59,0,Medium Risk
ACC-101262,France,Female,46,1,513,117748.72,1,0,1,99564.02,1,Medium Risk
ACC-101263,France,Male,43,5,620,121810.3,1,1,0,94024.77,0,Medium Risk
ACC-101264,Spain,Male,37,8,548,0.0,2,1,0,50124.69,0,Low Risk
ACC-101265,France,Male,52,9,697,179543.7,1,1,1,,0,Medium Risk
ACC-101266,Spain,Male,49,8,787,109615.3,1,0,0,108816.6,1,Medium Risk
ACC-101267,France,Male,41,5,693,101384.35,1,0,0,23045.28,0,Medium Risk
ACC-101268,Spain,Male,41,1,718,42210.56,1,0,1,69972.7,1,Low Risk
ACC-101269,France,Male,39,6,661,34582.74,2,0,1,31352.09,0,Low Risk
ACC-101270,France,Male,-59,5,757,0.0,1,1,0,192646.94,0,Medium Risk
ACC-101271,Spain,Female,48,1,577,37244.42,2,0,0,193961.48,1,Low Risk
ACC-101272,Germany,Male,56,8,614,64541.63,2,1,0,178170.21,1,Medium Risk
ACC-101273,Spain,Female,47,3,732,0.0,3,1,1,97151.79,1,High Risk
ACC-101274,France,Male,42,7,739,167672.99,3,1,1,77575.47,1,High Risk
ACC-101275,France,Male,50,6,603,193787.54,2,0,1,84897.94,0,Low Risk
ACC-101276,Spain,Female,46,1,499,0.0,2,0,1,145847.01,0,Low Risk
ACC-101277,France,Female,20,7,850,88642.23,2,1,0,46017.86,0,Low Risk
ACC-101278,Spain,Male,55,6,655,185173.14,2,1,1,181930.88,0,Low Risk
ACC-101279,France,Male,28,8,686,147162.88,2,1,1,41125.04,0,Low Risk
ACC-101280,France,Male,36,5,698,0.0,1,0,1,46715.91,0,Low Risk
ACC-101281,France,Female,39,6,723,142426.2,2,1,1,53400.59,0,Low Risk
ACC-101282,Germany,Male,23,6,655,180640.63,2,1,0,36450.54,1,Medium Risk
ACC-101283,France,Female,39,1,539,141570.37,3,1,0,46488.79,1,High Risk
ACC-101284,France,Male,32,3,523,34557.42,2,1,1,101946.51,0,Low Risk
ACC-101285,France,Male,43,2,687,47153.39,1,1,1,152653.75,0,Low Risk
ACC-101286,France,Male,32,10,608,109999.46,1,1,0,72954.68,0,Medium Risk
ACC-101287,Spain,Female,45,1,732,126755.34,2,1,1,154439.52,0,Low Risk
ACC-101288,Spain,Female,33,6,749,98560.19,1,1,0,145869.04,0,Low Risk
ACC-101289,France,Male,53,4,757,131459.41,2,0,1,105903.07,0,Low Risk
ACC-101290,Germany,Female,48,3,711,154945.21,1,0,0,61585.96,1,High Risk
ACC-101291,Germany,Male,36,6,733,51023.14,2,1,1,144088.2,0,Low Risk
ACC-101292,SPAIN ,Male,43,7,687,0.0,1,1,0,178733.47,1,Medium Risk
ACC-101293,Germany,Female,58,2,638,182364.74,1,1,1,130407.26,1,Medium Risk
ACC-101294,Spain,Male,26,0,774,81600.69,1,1,1,101396.54,0,Low Risk
ACC-101295,Germany,Female,46,7,742,165364.55,2,0,1,184176.14,0,Low Risk
ACC-101296,France,Male,44,2,733,168794.38,2,0,0,97678.65,0,Low Risk
ACC-101297,Spain,Female,39,8,594,0.0,1,1,1,27766.74,1,Low Risk
ACC-101298,France,Female,39,0,692,0.0,1,1,1,54945.17,0,Low Risk
ACC-101299,Spain,Female,38,3,758,182038.41,1,1,1,68199.76,1,Low Risk
ACC-101300,Germany,Male,33,7,656,29364.8,2,0,1,128486.18,0,Low Risk
ACC-101301,Spain,Male,57,10,657,128773.05,1,0,1,127950.08,0,Medium Risk
ACC-101302,Spain,Female,26,7,619,42030.83,2,0,1,164891.05,1,Low Risk
ACC-101303,France,Male,29,7,653,45057.92,1,1,1,96586.64,0,Low Risk
ACC-101304,France,Male,59,3,518,94096.87,1,1,0,145210.98,0,Medium Risk
ACC-101305,France,Male,32,6,793,123116.44,2,1,0,33933.62,1,Low Risk
ACC-101306,France,Male,37,2,827,36857.34,2,1,1,83134.5,0,Low Risk
ACC-101307,Spain,Female,52,2,729,52168.26,1,1,1,146406.03,0,Low Risk
ACC-101308,Spain,Male,39,1,573,0.0,1,1,1,148612.96,0,Low Risk
ACC-101309,Germany,Male,29,2,572,118055.75,2,1,1,126974.05,0,Low Risk
ACC-101310,France,Male,23,2,606,25848.23,1,0,0,94109.62,0,Low Risk
ACC-101311,Germany,Female,37,6,554,55841.02,2,0,1,76591.94,0,Low Risk
ACC-101312,Germany,Female,30,0,601,100830.59,1,0,0,22011.83,0,High Risk
ACC-101313,Germany,Female,24,5,729,59138.93,2,1,1,149237.94,1,Low Risk
ACC-101314,Spain,Male,25,0,626,48474.72,2,1,0,115461.84,0,Low Risk
ACC-101315,France,Female,60,5,707,187488.75,1,1,1,81135.3,0,Medium Risk
ACC-101316,France,Male,36,3,655,116818.51,2,1,1,152188.67,0,Low Risk
ACC-101317,Spain,Male,31,6,592,192826.85,2,1,1,125006.94,0,Low Risk
ACC-101318,France,Male,36,6,672,51818.65,2,0,1,35075.86,0,Low Risk
ACC-101319,Germany,Female,40,3,648,93997.49,1,1,1,119104.36,0,Low Risk
ACC-101320,Spain,Male,39,0,710,121074.71,1,1,0,105772.54,0,Medium Risk
ACC-101321,France,Male,44,3,644,80823.52,2,0,0,173479.77,0,Low Risk
ACC-101322,France,Female,47,2,647,0.0,2,1,0,80149.23,0,Low Risk
ACC-101323,Germany,Male,53,6,714,30717.19,1,1,0,110697.54,1,High Risk
ACC-101324,Germany,Female,32,1,576,134239.84,2,1,1,172854.27,0,Low Risk
ACC-101325,France,Male,25,9,588,63579.2,2,1,1,193751.79,0,Low Risk
ACC-101326,France,Female,36,6,809,0.0,2,0,1,130180.37,0,Low Risk
ACC-101327,France,Female,30,5,650,96574.36,1,0,0,72301.78,0,Low Risk
ACC-101328,France,Male,54,8,551,27333.88,2,0,1,114662.82,1,Low Risk
ACC-101329,France,Male,18,8,707,177357.37,2,0,1,101688.8,0,Low Risk
ACC-101330,Spain,Male,26,8,512,0.0,3,0,0,112468.48,1,High Risk
ACC-101331,Spain,Male,31,9,593,69976.07,1,1,0,177197.76,0,Low Risk
ACC-101332,Germany,Male,42,5,682,141338.02,1,0,0,23536.33,1,High Risk
ACC-101333,Germany,Male,36,7,720,137516.25,1,0,1,184102.62,0,Medium Risk
ACC-101334,Spain,Male,53,4,722,67808.7,1,1,0,65371.81,1,Medium Risk
ACC-101335,France,Female,45,8,801,111090.61,1,1,1,53663.87,0,Low Risk
ACC-101336,France,Female,45,10,519,168617.59,1,1,1,26401.48,0,Low Risk
ACC-101337,France,Male,31,7,433,28577.95,3,1,1,189481.89,0,Medium Risk
ACC-101338,Germany,Male,53,0,700,33607.5,1,1,0,165484.35,1,High Risk
ACC-101339,Germany,Female,39,4,816,35257.16,1,0,0,49021.03,1,Medium Risk
ACC-101340,France,Male,42,10,850,44880.48,1,0,0,34279.59,1,Medium Risk
ACC-101341,Spain,Male,32,9,708,91351.3,2,0,0,192891.78,0,Low Risk
ACC-101342,Spain,Male,40,10,841,49242.72,2,1,0,95147.34,0,Low Risk
ACC-101343,Germany,Female,52,7,573,117846.17,1,0,1,181277.3,1,Medium Risk
ACC-101344,France,Female,23,6,613,95614.7,2,0,1,187027.41,0,Low Risk
ACC-101345,France,Female,27,9,530,0.0,2,1,0,95795.15,0,Low Risk
ACC-101346,Germany,Female,40,9,733,184533.64,1,0,1,160329.65,0,Medium Risk
ACC-101347,Germany,Male,56,3,704,107086.7,1,1,1,97394.17,0,Medium Risk
ACC-101348,France,Female,35,8,692,168030.65,2,1,0,164500.31,0,Low Risk
ACC-101349,Germany,Male,33,4,630,177255.07,1,0,0,59253.34,0,Medium Risk
ACC-101350,France,Male,18,6,500,41067.49,1,1,1,127954.75,0,Low Risk
ACC-101351,Germany,Male,47,10,610,71526.82,1,1,0,160143.09,0,Medium Risk
ACC-101352,Spain,Female,35,8,753,183056.24,1,1,0,57675.68,0,Medium Risk
ACC-101353,Spain,Female,44,10,663,28849.35,2,1,1,133925.6,0,Low Risk
ACC-101354,Germany,Male,47,9,615,161395.72,2,1,1,147383.65,0,Low Risk
ACC-101355,France,Male,49,1,598,38226.58,2,1,1,151684.9,0,Low Risk
ACC-101356,France,Female,34,8,713,49928.42,1,0,0,85286.51,0,Low Risk
ACC-101357,Germany,Male,30,2,567,192962.2,3,1,1,95669.62,1,High Risk
ACC-101358,Germany,Male,55,9,724,95775.8,4,1,1,82088.5,1,High Risk
ACC-101359,France,Male,33,0,594,177324.03,1,1,0,34307.82,1,Medium Risk
ACC-101360,Spain,Female,25,6,485,92135.84,1,0,0,53204.58,0,Low Risk
ACC-101361,France,Female,36,8,713,0.0,1,0,1,91809.17,0,Low Risk
ACC-101362,France,Female,36,6,553,42729.36,2,0,0,133995.08,0,Low Risk
ACC-101363,France,Male,58,9,757,176094.26,1,1,1,87701.69,0,Medium Risk
ACC-101364,France,Male,50,3,597,121929.84,2,1,1,88619.43,0,Low Risk
ACC-101365,France,Male,38,1,685,72899.63,1,1,0,126834.81,0,Medium Risk
ACC-101366,Germany,Female,40,1,624,33531.48,1,0,0,184929.53,0,Medium Risk
ACC-101367,France,Female,56,6,655,102487.88,1,1,0,192901.23,1,Medium Risk
ACC-101368,Germany,Female,33,9,593,177112.48,1,0,0,183378.36,1,Medium Risk
ACC-101369,France,Female,36,7,645,0.0,2,0,0,146846.69,0,Low Risk
ACC-101370,Spain,Male,22,2,596,107790.42,1,0,1,106316.51,1,Low Risk
ACC-101371,Germany,Male,49,9,526,52306.21,1,1,0,99283.11,1,Medium Risk
ACC-101372,Germany,Female,53,7,679,168528.12,2,0,1,59782.31,0,Medium Risk
ACC-101373,France,Male,44,4,800,112316.06,3,1,1,100248.23,0,High Risk
ACC-101374,Germany,Male,56,4,850,130429.2,1,1,0,155253.38,0,High Risk
ACC-101375,Germany,Female,19,0,617,165617.14,1,0,0,75177.34,1,High Risk
ACC-101376,France,Female,32,1,569,0.0,2,1,1,176649.6,1,Low Risk
ACC-101377,France,Male,20,2,723,103813.83,2,0,1,172408.57,0,Low Risk
ACC-101378,Germany,Female,43,6,804,150673.09,2,1,1,81988.13,0,Low Risk
ACC-101379,France,Male,30,3,693,59883.67,2,0,1,188764.03,0,Low Risk
ACC-101380,Spain,Female,48,6,684,34309.49,2,1,0,78821.39,0,Low Risk
ACC-101381,France,Male,43,0,704,0.0,1,0,1,184264.96,0,Low Risk
ACC-101382,France,Male,22,8,850,183458.76,1,1,1,31861.81,0,Low Risk
ACC-101383,France,Female,31,7,619,102427.47,1,1,1,169350.47,0,Low Risk
ACC-101384,France,Female,35,0,607,85760.12,2,0,1,153480.27,0,Low Risk
ACC-101385,France,Female,54,5,688,0.0,2,1,0,145829.53,1,Low Risk
ACC-101386,France,Female,43,3,682,0.0,1,1,1,97083.28,0,Low Risk
ACC-101387,France,Male,44,7,574,78983.88,2,1,0,173459.33,0,Low Risk
ACC-101388,France,Female,41,3,850,0.0,1,1,1,,0,Low Risk
ACC-101389,France,Male,46,1,634,44702.31,2,1,0,145366.87,0,Low Risk
ACC-101390,Spain,Male,25,6,604,0.0,2,0,0,192184.88,0,Low Risk
ACC-101391,Spain,Male,25,4,713,68813.65,1,1,0,112085.09,1,Low Risk
ACC-101392,Germany,Male,38,1,618,107144.49,1,1,0,172549.15,1,High Risk
ACC-101393,France,Female,43,1,684,47429.47,1,1,1,116459.52,0,Low Risk
ACC-101394,France,Female,28,3,575,25363.32,2,1,0,99215.66,0,Low Risk
ACC-101395,Spain,Male,47,8,725,113272.15,2,1,0,191743.54,0,Low Risk
ACC-101396,Germany,Male,31,4,850,88273.42,1,1,0,194938.72,1,Medium Risk
ACC-101397,Spain,Male,18,7,666,125436.2,1,1,1,23739.33,0,Low Risk
ACC-101398,Germany,Female,35,2,780,105233.01,2,0,0,29119.16,0,Medium Risk
ACC-101399,France,Female,32,4,740,31582.8,2,1,1,44840.82,1,Low Risk
ACC-101400,France,Male,36,1,484,0.0,1,1,0,192456.76,1,Medium Risk
ACC-101401,Spain,Female,29,3,483,178784.09,2,1,1,179796.61,1,Low Risk
ACC-101402,Spain,Female,28,10,843,101978.66,2,1,1,88270.54,1,Low Risk
ACC-101403,France,Male,29,7,643,141743.56,1,0,1,45096.09,0,Low Risk
ACC-101404,France,Male,38,5,599,51647.21,1,1,0,109669.19,0,Low Risk
ACC-101405,France,Male,35,6,680,54336.97,4,1,1,93544.33,1,Medium Risk
ACC-101406,Spain,Female,28,10,582,0.0,2,0,1,117213.51,0,Low Risk
ACC-101407,Germany,Male,45,2,612,114386.76,3,1,1,140775.48,1,High Risk
ACC-101408,Germany,Female,38,2,619,53692.42,2,1,0,143431.91,0,Low Risk
ACC-101409,France,Female,48,0,716,140132.75,1,1,1,193109.88,0,Medium Risk
ACC-101410,France,Female,39,6,788,142392.63,4,1,1,54689.04,1,High Risk
ACC-101411,Germany,Female,58,8,850,54614.18,1,0,1,90197.11,0,Medium Risk
ACC-101412,Germany,Male,46,1,681,69939.49,1,1,0,122075.05,0,High Risk
ACC-101413,France,Female,34,3,766,30516.59,3,1,0,74754.35,1,High Risk
ACC-101414,France,Female,47,3,488,0.0,2,0,1,41656.19,1,Low Risk
ACC-101415,France,Female,48,5,689,48060.0,2,1,1,179975.83,0,Low Risk
ACC-101416,France,Male,35,2,683,143179.49,4,1,0,186696.05,1,High Risk
ACC-101417,Spain,Male,43,7,731,90430.63,1,0,0,145846.66,0,Medium Risk
ACC-101418,France,Male,36,6,643,124485.63,1,1,0,38559.2,1,Medium Risk
ACC-101419,France,Female,40,8,850,41815.45,2,1,0,,0,Low Risk
ACC-101420,France,Male,38,2,690,0.0,1,0,1,50222.52,0,Low Risk
ACC-101421,France,Male,50,2,473,73688.89,1,1,0,88852.0,0,Medium Risk
ACC-101422,Spain,Female,28,9,703,67111.92,1,1,0,125560.79,0,Low Risk
ACC-101423,Spain,Male,39,10,758,174546.95,1,0,0,101399.67,1,Medium Risk
ACC-101424,Germany,Female,44,1,658,170024.47,1,0,1,102827.16,1,Medium Risk
ACC-101425,France,Male,38,9,515,28511.99,1,1,1,113759.52,0,Low Risk
ACC-101426,Spain,Female,41,0,687,0.0,2,1,0,187496.39,0,Low Risk
ACC-101427,France,Male,32,1,752,89718.18,1,1,0,86234.43,0,Medium Risk
ACC-101428,Spain,Male,39,1,770,56831.4,1,1,0,190414.57,0,Medium Risk
ACC-101429,Germany,Male,31,6,681,119542.96,2,1,0,111503.17,0,Medium Risk
ACC-101430,Spain,Female,39,3,601,0.0,1,0,1,120507.76,0,Low Risk
ACC-101431,France,Female,33,2,757,44935.45,2,1,1,189294.38,0,Low Risk
ACC-101432,France,Female,38,2,560,147151.34,2,1,0,69104.84,1,Low Risk
ACC-101433,France,Female,42,0,494,125906.22,1,1,0,24068.29,1,Medium Risk
ACC-101434,Spain,Female,48,10,835,151796.55,2,0,1,36007.55,0,Low Risk
ACC-101435,Spain,Male,39,4,639,71263.76,1,0,1,115774.52,0,Low Risk
ACC-101436,Spain,Female,33,7,622,56129.39,2,0,0,65805.07,0,Low Risk
ACC-101437,Spain,Female,-44,7,786,63147.33,1,1,1,36638.62,0,Low Risk
ACC-101438,France,Male,28,7,745,0.0,1,1,0,22983.94,0,Low Risk
ACC-101439,France,Male,30,4,655,166213.79,2,1,0,38338.98,0,Low Risk
ACC-101440,Germany,Male,31,1,799,175613.23,1,0,0,77279.46,1,High Risk
ACC-101441,Spain,Male,47,9,645,0.0,1,1,0,126292.48,0,Medium Risk
ACC-101442,SPAIN ,Male,36,7,821,0.0,1,1,0,80040.82,0,Low Risk
ACC-101443,France,Female,-40,2,563,0.0,1,1,0,42184.98,1,Low Risk
ACC-101444,Germany,Male,37,3,839,118019.6,1,0,1,194727.31,0,Medium Risk
ACC-101445,France,Male,45,9,545,71953.21,2,1,1,69909.63,0,Low Risk
ACC-101446,Spain,Male,27,0,585,0.0,2,0,0,99341.13,0,Low Risk
ACC-101447,Germany,Female,40,4,717,124478.06,1,1,0,100213.68,0,Medium Risk
ACC-101448,Spain,Male,40,9,608,0.0,2,1,0,34768.44,0,Low Risk
ACC-101449,France,Male,43,7,555,0.0,2,1,0,29347.61,1,Low Risk
ACC-101450,Germany,Male,33,6,775,32913.5,1,1,1,115064.01,0,Low Risk
ACC-101451,Spain,Male,37,6,736,100088.86,1,1,0,34829.13,1,Medium Risk
ACC-101452,France,Male,41,1,700,64374.62,2,1,0,155640.52,0,Low Risk
ACC-101453,France,Male,28,9,801,0.0,1,0,1,142354.0,0,Low Risk
ACC-101454,France,Male,33,1,540,30508.07,1,1,0,106598.57,0,Medium Risk
ACC-101455,France,Male,45,0,635,0.0,3,1,0,73851.64,1,High Risk
ACC-101456,Spain,Male,33,9,714,58340.54,2,0,0,194048.49,0,Low Risk
ACC-101457,Germany,Female,22,2,514,102962.95,2,1,1,127521.31,0,Low Risk
ACC-101458,France,Male,52,2,593,0.0,1,1,1,56704.45,0,Low Risk
ACC-101459,Germany,Female,43,10,785,73573.21,1,0,1,182605.12,0,Medium Risk
ACC-101460,Spain,Male,40,8,700,150971.04,2,0,1,168265.98,0,Low Risk
ACC-101461,Germany,Male,42,2,636,104550.56,2,1,0,182965.95,1,Medium Risk
ACC-101462,France,Male,50,3,628,0.0,1,1,1,159701.0,0,Low Risk
ACC-101463,France,Male,29,6,669,127884.22,2,0,1,130826.79,0,Low Risk
ACC-101464,France,Female,21,4,642,77859.78,1,1,1,137666.12,0,Low Risk
ACC-101465,France,Female,37,3,494,140638.44,1,0,0,128675.03,0,Medium Risk
ACC-101466,France,Male,32,5,691,33141.98,1,0,1,162389.04,0,Low Risk
ACC-101467,France,Male,39,1,668,116857.51,2,1,1,169701.31,1,Low Risk
ACC-101468,Germany,Male,46,10,741,66712.55,1,0,0,80380.88,1,Medium Risk
ACC-101469,France,Male,36,0,481,115201.26,1,1,1,158328.24,0,Low Risk
ACC-101470,France,Male,47,9,637,190239.16,1,1,1,99184.3,0,Low Risk
ACC-101471,France,Male,24,3,833,0.0,2,1,1,153243.53,0,Low Risk
ACC-101472,Germany,Male,27,6,689,30862.26,1,0,1,104698.26,1,Low Risk
ACC-101473,Germany,Female,47,10,659,34315.55,2,1,1,143788.67,0,Low Risk
ACC-101474,Spain,Male,58,0,624,97726.92,1,1,0,54667.26,1,Medium Risk
ACC-101475,France,Female,36,9,488,81456.38,1,1,1,143440.32,0,Low Risk
ACC-101476,Spain,Female,28,9,724,27883.22,1,1,0,143775.83,0,Low Risk
ACC-101477,France,Male,44,2,597,0.0,2,1,1,60495.09,0,Low Risk
ACC-101478,France,Male,37,9,753,112643.7,2,1,1,144418.28,0,Low Risk
ACC-101479,France,Female,36,9,735,38270.46,1,0,0,174038.9,0,Low Risk
ACC-101480,France,Male,46,1,637,188762.78,2,0,1,100344.34,1,Low Risk
ACC-101481,GERMANY ,Male,39,5,695,48963.01,1,1,0,187387.46,0,Medium Risk
ACC-101482,Germany,Female,50,0,665,162983.86,1,0,0,23672.77,1,High Risk
ACC-101483,Spain,Male,51,1,663,148780.04,2,1,0,29017.77,1,Medium Risk
ACC-101484,France,Female,38,3,609,0.0,1,1,1,67662.85,0,Low Risk
ACC-101485,Spain,Male,27,6,528,83943.96,2,0,0,164321.13,0,Low Risk
ACC-101486,France,Male,42,3,372,0.0,1,1,0,83691.54,1,Medium Risk
ACC-101487,France,Male,26,7,640,0.0,1,1,0,117370.47,1,Low Risk
ACC-101488,Spain,Male,36,5,517,0.0,2,1,0,86128.65,0,Low Risk
ACC-101489,France,Male,49,8,639,95214.07,1,0,1,34467.61,0,Low Risk
ACC-101490,Spain,Male,47,5,653,0.0,1,0,1,57423.72,0,Low Risk
ACC-101491,France,Male,46,7,700,0.0,1,1,1,125040.64,1,Low Risk
ACC-101492,France,Male,43,10,724,161100.99,2,1,0,83345.67,0,Low Risk
ACC-101493,France,Male,28,1,576,62713.77,1,0,1,106819.95,0,Low Risk
ACC-101494,France,Male,53,1,693,75733.26,1,1,0,122577.8,0,Medium Risk
ACC-101495,Spain,Male,41,4,564,47974.56,1,1,0,47162.11,0,Medium Risk
ACC-101496,France,Male,45,1,696,0.0,1,1,0,161503.91,0,Medium Risk
ACC-101497,France,Male,44,9,513,157801.68,1,1,1,121081.02,1,Low Risk
ACC-101498,France,Male,38,7,627,106956.75,1,1,0,26211.49,0,Medium Risk
ACC-101499,France,Male,31,5,571,75320.22,1,1,0,54346.43,1,Low Risk
ACC-101500,Germany,Female,52,2,656,83927.93,1,1,0,31581.15,0,High Risk
ACC-101501,France,Female,45,8,577,82461.63,1,1,1,97799.39,1,Low Risk
ACC-101502,Germany,Male,40,9,537,159428.49,2,1,0,158146.16,0,Medium Risk
ACC-101503,France,Male,36,5,756,55040.22,1,1,1,31698.27,1,Low Risk
ACC-101504,France,Male,43,7,693,32918.62,2,1,1,188660.22,0,Low Risk
ACC-101505,France,Female,42,6,679,100379.0,2,1,1,134943.44,1,Low Risk
ACC-101506,France,Male,33,5,714,0.0,1,1,1,153717.9,0,Low Risk
ACC-101507,France,Male,56,2,665,0.0,2,1,0,90085.65,1,Low Risk
ACC-101508,Germany,Female,28,4,476,60075.3,2,1,1,52165.14,0,Low Risk
ACC-101509,Germany,Male,46,8,757,56820.34,2,1,0,129598.04,0,Medium Risk
ACC-101510,Spain,Male,47,2,393,32997.78,1,1,0,158572.1,1,Medium Risk
ACC-101511,France,Male,44,0,491,102363.8,2,0,1,144499.89,0,Low Risk
ACC-101512,Spain,Male,38,3,722,56613.68,1,1,1,96962.67,0,Low Risk
ACC-101513,France,Male,41,0,597,96483.64,2,0,0,85835.52,0,Low Risk
ACC-101514,Germany,Male,43,7,547,39186.22,1,0,1,97787.1,0,Medium Risk
ACC-101515,Germany,Female,45,4,569,117731.11,1,0,1,160622.66,1,Medium Risk
ACC-101516,France,Female,23,7,743,36703.2,1,1,1,27120.12,0,Low Risk
ACC-101517,France,Female,30,1,610,55022.4,1,1,1,190586.46,0,Low Risk
ACC-101518,Spain,Male,35,6,686,184246.74,1,1,0,178816.27,0,Medium Risk
ACC-101519,France,Female,35,3,562,0.0,2,1,1,129635.04,0,Low Risk
ACC-101520,Germany,Female,58,3,532,110886.35,1,1,0,117468.23,0,High Risk
ACC-101521,France,Male,34,10,707,0.0,1,0,1,92389.96,0,Low Risk
ACC-101522,Spain,Male,49,9,494,145337.84,1,1,0,73593.18,0,Medium Risk
ACC-101523,Germany,Male,39,5,657,136713.44,1,1,0,149012.04,1,Medium Risk
ACC-101524,Spain,Male,45,5,705,0.0,2,1,1,116713.06,0,Low Risk
ACC-101525,Germany,Male,55,3,619,189804.74,1,0,0,160189.01,1,High Risk
ACC-101526,France,Male,28,8,784,43996.25,1,1,1,64614.76,0,Low Risk
ACC-101527,France,Female,46,9,773,164765.99,2,1,1,56986.51,1,Low Risk
ACC-101528,Spain,Male,34,8,779,152365.43,1,1,1,44082.05,0,Low Risk
ACC-101529,Spain,Female,43,5,780,97467.55,1,0,0,100104.2,1,Medium Risk
ACC-101530,Spain,Male,48,3,665,54245.18,1,0,0,91545.52,1,Medium Risk
ACC-101531,Spain,Female,23,3,642,0.0,1,1,0,176659.72,0,Low Risk
ACC-101532,Germany,Female,39,6,654,93495.12,2,1,1,77328.53,0,Low Risk
ACC-101533,Spain,Male,36,9,528,0.0,1,1,0,172955.3,1,Low Risk
ACC-101534,Germany,Female,43,3,758,125576.76,2,1,1,75100.89,0,Low Risk
ACC-101535,Spain,Female,26,4,682,0.0,1,0,0,54148.41,0,Low Risk
ACC-101536,France,Female,18,10,623,0.0,1,0,1,132553.39,0,Low Risk
ACC-101537,France,Male,45,4,552,169709.94,2,1,1,81609.73,0,Low Risk
ACC-101538,France,Male,35,0,616,0.0,2,1,1,64729.85,0,Low Risk
ACC-101539,France,Male,52,5,830,50469.0,1,1,1,170154.08,0,Low Risk
ACC-101540,Germany,Female,25,3,596,110245.34,2,1,0,181545.12,1,Medium Risk
ACC-101541,France,Female,52,6,612,149749.85,2,1,1,103311.28,1,Low Risk
ACC-101542,Spain,Female,47,10,761,0.0,1,0,0,94126.37,1,Medium Risk
ACC-101543,Spain,Female,36,7,650,0.0,2,0,0,181303.43,0,Low Risk
ACC-101544,France,Male,43,1,553,38868.26,1,0,0,140877.68,0,Medium Risk
ACC-101545,Germany,Male,47,3,639,186671.65,1,1,1,127440.61,0,Medium Risk
ACC-101546,France,Male,33,3,695,127726.63,1,1,1,41527.59,0,Low Risk
ACC-101547,France,Male,52,6,639,181998.22,1,1,0,33224.09,1,Medium Risk
ACC-101548,Germany,Female,50,6,614,66847.05,1,1,0,31614.56,1,Medium Risk
ACC-101549,Spain,Female,31,3,737,86558.88,4,1,1,174995.22,1,Medium Risk
ACC-101550,Germany,Female,31,4,662,194997.21,1,1,0,167870.47,1,Medium Risk
ACC-101551,France,Female,33,10,815,61413.18,2,0,0,48096.75,0,Low Risk
ACC-101552,France,Female,37,0,788,157773.41,1,1,1,149818.89,0,Low Risk
ACC-101553,GERMANY ,Female,57,5,702,29839.73,2,1,1,136099.78,0,Low Risk
ACC-101554,Spain,Female,40,4,586,0.0,1,1,1,128634.1,1,Low Risk
ACC-101555,Spain,Male,56,9,761,170736.98,1,0,0,67919.55,0,Medium Risk
ACC-101556,FRANCE ,Female,60,10,623,44360.96,4,1,1,29599.06,1,High Risk
ACC-101557,Spain,Male,25,10,760,0.0,2,1,1,52361.62,0,Low Risk
ACC-101558,France,Male,44,2,654,0.0,2,1,0,181017.09,0,Low Risk
ACC-101559,France,Female,59,9,713,42817.82,1,1,0,54551.95,1,Medium Risk
ACC-101560,France,Female,33,2,645,102909.84,1,1,0,102332.84,0,Medium Risk
ACC-101561,Spain,Male,22,7,653,173568.95,1,1,1,122176.98,0,Low Risk
ACC-101562,France,Male,28,5,788,0.0,1,1,1,156092.19,0,Low Risk
ACC-101563,Germany,Male,18,3,822,48727.41,1,0,0,147574.87,0,Medium Risk
ACC-101564,France,Female,20,8,737,74930.11,1,1,0,94105.92,0,Low Risk
ACC-101565,France,Female,60,8,758,87863.09,1,0,1,171973.43,0,Low Risk
ACC-101566,France,Female,22,0,755,109646.02,2,1,1,139416.07,0,Low Risk
ACC-101567,Spain,Female,36,3,783,0.0,1,1,0,68093.82,0,Low Risk
ACC-101568,Germany,Female,31,8,623,54276.67,1,1,0,40559.62,1,Medium Risk
ACC-101569,Spain,Male,58,1,820,0.0,2,0,0,43633.6,0,Medium Risk
ACC-101570,France,Female,32,0,703,176143.69,2,1,1,50223.05,0,Low Risk
ACC-101571,Spain,Male,35,5,567,60573.95,2,1,1,149760.05,0,Low Risk
ACC-101572,Germany,Male,21,0,577,33421.74,2,1,0,113271.86,0,Medium Risk
ACC-101573,France,Male,38,0,591,77852.74,1,1,1,192463.73,0,Low Risk
ACC-101574,France,Female,47,1,657,0.0,3,0,1,152803.46,0,High Risk
ACC-101575,France,Female,18,6,773,39263.72,1,0,1,108629.29,1,Low Risk
ACC-101576,France,Female,31,6,850,77492.0,2,0,1,97152.04,0,Low Risk
ACC-101577,Germany,Male,40,2,710,115840.97,2,1,1,129782.47,1,Low Risk
ACC-101578,Spain,Female,31,3,626,129077.83,2,1,0,80830.25,1,Low Risk
ACC-101579,Germany,Female,44,9,538,133657.17,1,0,0,125215.72,0,High Risk
ACC-101580,France,Female,35,7,708,109700.37,2,1,0,190932.25,0,Low Risk
ACC-101581,Spain,Male,47,8,698,0.0,1,1,1,115376.99,0,Low Risk
ACC-101582,Germany,Male,20,6,716,142115.9,1,1,0,135047.33,1,Medium Risk
ACC-101583,France,Female,21,8,559,27604.35,1,1,0,47456.67,0,Low Risk
ACC-101584,Germany,Female,42,1,557,99935.39,1,1,0,165348.18,0,High Risk
ACC-101585,Germany,Female,37,0,399,171126.82,3,1,1,75217.15,0,High Risk
ACC-101586,Spain,Male,29,10,653,0.0,1,1,0,63748.41,0,Low Risk
ACC-101587,Germany,Male,47,7,426,138382.97,1,0,0,194942.93,1,High Risk
ACC-101588,France,Male,36,4,850,0.0,2,1,1,,0,Low Risk
ACC-101589,France,Male,57,8,583,0.0,2,1,1,190839.12,0,Low Risk
ACC-101590,Germany,Female,56,4,471,124463.59,1,0,1,99799.83,0,Medium Risk
ACC-101591,Germany,Male,53,0,661,36064.93,2,0,0,146558.55,0,Medium Risk
ACC-101592,France,Male,21,9,678,0.0,1,0,0,136388.16,0,Low Risk
ACC-101593,Germany,Female,42,7,565,134890.81,2,1,0,49597.1,1,Medium Risk
ACC-101594,Germany,Male,37,7,676,71209.81,1,1,1,38160.24,1,Low Risk
ACC-101595,France,Male,49,10,682,62608.3,1,0,1,100561.13,0,Low Risk
ACC-101596,France,Male,35,6,651,149197.57,2,1,1,188443.19,0,Low Risk
ACC-101597,France,Female,18,3,627,27691.75,1,1,1,,0,Low Risk
ACC-101598,Germany,Male,18,0,707,182228.0,1,1,0,36948.11,0,High Risk
ACC-101599,Spain,Male,36,0,764,155904.96,1,1,1,142700.25,0,Low Risk
ACC-101600,Spain,Female,39,2,559,123208.77,2,1,0,165871.73,1,Low Risk
ACC-101601,France,Male,37,7,606,28507.87,1,0,0,117174.63,0,Low Risk
ACC-101602,France,Male,41,5,661,138745.85,2,1,1,101572.53,0,Low Risk
ACC-101603,France,Female,22,8,813,33430.86,1,1,0,186350.44,0,Low Risk
ACC-101604,Spain,Male,33,2,813,0.0,3,1,0,191874.64,1,High Risk
ACC-101605,France,Female,37,9,489,0.0,2,1,1,178879.0,0,Low Risk
ACC-101606,France,Male,31,6,742,150245.18,1,0,1,181352.27,1,Low Risk
ACC-101607,Germany,Male,31,8,560,192061.92,2,1,1,107083.85,0,Low Risk
ACC-101608,France,Male,39,9,540,135517.96,1,0,0,150349.11,1,Medium Risk
ACC-101609,France,Female,32,4,576,0.0,1,1,0,166596.89,0,Low Risk
ACC-101610,Spain,Female,51,4,691,174444.43,1,1,0,40850.06,1,Medium Risk
ACC-101611,Germany,Male,40,1,731,98868.79,1,1,1,157100.26,1,Medium Risk
ACC-101612,France,Male,50,1,599,0.0,1,1,1,171668.16,0,Low Risk
ACC-101613,Spain,Female,45,9,618,185305.14,1,1,0,24980.28,0,Medium Risk
ACC-101614,France,Female,38,0,635,135254.87,2,1,1,133759.97,0,Low Risk
ACC-101615,France,Male,18,7,579,0.0,2,1,1,34954.47,0,Low Risk
ACC-101616,Germany,Male,47,0,701,56822.43,2,1,1,139322.34,0,Low Risk
ACC-101617,Germany,Female,43,3,703,52866.91,1,1,0,95837.96,1,Medium Risk
ACC-101618,France,Male,39,4,685,26909.84,1,1,0,74103.72,0,Low Risk
ACC-101619,Spain,Female,58,6,528,194227.13,1,1,0,46893.99,0,Medium Risk
ACC-101620,Spain,Female,34,10,701,0.0,2,1,0,192129.33,0,Low Risk
ACC-101621,France,Male,31,8,722,0.0,2,0,1,171408.75,0,Low Risk
ACC-101622,Germany,Female,50,2,751,115940.32,2,0,1,183565.13,0,Low Risk
ACC-101623,Spain,Female,67,8,584,147107.31,1,1,1,191083.53,1,Medium Risk
ACC-101624,Germany,Female,53,7,546,75424.2,1,1,1,114614.44,1,Medium Risk
ACC-101625,Germany,Male,28,5,582,97369.14,1,0,1,104324.63,0,Low Risk
ACC-101626,Spain,Male,20,9,717,107164.01,1,1,0,58885.42,0,Medium Risk
ACC-101627,France,Female,49,3,727,160276.66,1,0,0,61219.78,1,Medium Risk
ACC-101628,France,Male,51,4,676,83367.73,2,1,1,,0,Low Risk
ACC-101629,Spain,Female,29,1,643,95201.14,1,1,1,48757.34,1,Low Risk
ACC-101630,France,Male,39,6,626,66051.41,1,1,1,100218.42,0,Low Risk
ACC-101631,France,Male,38,7,705,135614.82,1,1,0,181691.33,0,Medium Risk
ACC-101632,France,Male,39,0,657,0.0,1,1,0,189696.77,0,Medium Risk
ACC-101633,FRANCE ,Female,45,6,687,103230.51,1,1,1,123181.22,0,Low Risk
ACC-101634,Germany,Male,48,6,649,74082.76,1,1,0,150630.1,1,Medium Risk
ACC-101635,Spain,Female,32,8,672,58879.02,1,0,1,178986.57,0,Low Risk
ACC-101636,Spain,Female,46,7,439,190797.63,1,1,0,109867.43,1,Medium Risk
ACC-101637,Spain,Male,50,8,776,34610.5,1,1,0,126810.71,0,Medium Risk
ACC-101638,Spain,Male,32,3,654,82020.21,2,1,0,89862.33,1,Low Risk
ACC-101639,France,Male,29,5,719,172790.29,2,0,0,99294.72,0,Low Risk
ACC-101640,France,Female,46,10,632,185159.74,2,1,1,46533.12,0,Low Risk
ACC-101641,France,Female,19,0,591,165880.86,1,1,1,151659.88,0,Low Risk
ACC-101642,France,Male,42,8,812,109684.17,1,0,1,147756.18,0,Low Risk
ACC-101643,France,Female,34,3,822,181267.0,2,1,0,138305.9,0,Low Risk
ACC-101644,Spain,Female,29,4,546,0.0,1,1,0,128103.74,0,Low Risk
ACC-101645,Spain,Female,34,4,694,163867.2,1,1,1,121401.18,0,Low Risk
ACC-101646,Spain,Male,55,10,643,0.0,2,0,1,112187.48,0,Low Risk
ACC-101647,Germany,Female,43,6,779,78932.67,2,0,1,109064.17,0,Low Risk
ACC-101648,Germany,Male,46,10,350,136157.36,1,1,1,121939.29,0,Medium Risk
ACC-101649,Spain,Female,43,4,630,0.0,2,0,0,143735.7,0,Low Risk
ACC-101650,Germany,Male,52,6,716,174580.8,1,0,0,94090.63,1,High Risk
ACC-101651,Germany,Female,30,9,807,48424.12,1,1,1,138805.15,0,Low Risk
ACC-101652,Spain,Female,35,7,724,35829.54,2,0,1,67176.85,1,Low Risk
ACC-101653,France,Female,30,8,660,127083.95,2,1,1,107922.47,0,Low Risk
ACC-101654,France,Male,37,6,734,134450.93,1,0,0,74506.19,0,Medium Risk
ACC-101655,Spain,Male,36,10,786,163959.45,2,0,1,,1,Low Risk
ACC-101656,Germany,Male,38,2,605,123686.82,4,0,0,65274.7,1,High Risk
ACC-101657,Germany,Male,36,7,661,82434.59,2,1,1,110285.09,0,Low Risk
ACC-101658,France,Male,22,9,619,96505.76,2,0,0,140789.94,0,Low Risk
ACC-101659,France,Female,28,2,665,0.0,1,1,0,84801.01,0,Low Risk
ACC-101660,Spain,Female,45,6,569,177809.02,3,0,0,183940.58,1,High Risk
ACC-101661,Germany,Male,36,9,693,75404.4,2,1,0,75726.58,0,Low Risk
ACC-101662,France,Female,33,8,677,47201.3,1,1,1,169910.1,0,Low Risk
ACC-101663,France,Female,36,4,788,0.0,2,1,1,105997.33,0,Low Risk
ACC-101664,France,Female,27,1,637,194446.2,1,1,0,139751.21,0,Medium Risk
ACC-101665,Germany,Male,33,6,664,76617.3,2,1,0,86984.68,1,Low Risk
ACC-101666,France,Female,35,4,651,178281.06,2,1,1,27681.3,0,Low Risk
ACC-101667,France,Female,30,4,749,142972.4,3,1,1,28318.43,0,High Risk
ACC-101668,France,Female,35,8,495,193754.03,1,1,1,79064.38,0,Low Risk
ACC-101669,Germany,Male,46,1,719,168207.27,2,1,1,59084.96,0,Medium Risk
ACC-101670,France,Female,61,10,643,91966.65,1,1,0,190068.34,0,Medium Risk
ACC-101671,France,Male,39,9,707,79670.76,1,1,1,117863.03,1,Low Risk
ACC-101672,France,Female,28,3,620,104856.31,1,1,0,153686.55,1,Medium Risk
ACC-101673,Germany,Female,38,7,678,156372.45,1,1,0,30906.17,0,Medium Risk
ACC-101674,France,Male,20,2,809,0.0,3,1,1,127076.29,1,Medium Risk
ACC-101675,Spain,Male,29,7,650,156279.99,2,0,1,98361.27,0,Low Risk
ACC-101676,France,Male,51,4,764,152031.61,2,0,1,88420.22,0,Low Risk
ACC-101677,Spain,Female,38,9,686,99453.33,1,1,0,155078.49,0,Low Risk
ACC-101678,France,Female,37,3,706,0.0,1,1,0,76478.73,0,Low Risk
ACC-101679,France,Female,27,5,689,65591.1,1,1,1,172529.78,0,Low Risk
ACC-101680,Germany,Male,43,5,669,151632.38,2,1,0,28555.14,0,Medium Risk
ACC-101681,Germany,Male,-41,6,394,179065.26,1,1,0,141119.25,1,High Risk
ACC-101682,France,Female,35,5,565,0.0,1,1,0,106651.29,0,Low Risk
ACC-101683,France,Female,41,10,772,40331.63,2,1,0,158524.87,0,Low Risk
ACC-101684,Spain,Male,37,4,633,101749.67,1,0,1,151619.96,0,Low Risk
ACC-101685,France,Male,40,5,701,161041.48,3,1,0,73456.9,1,High Risk
ACC-101686,France,Male,32,9,628,61717.33,2,1,0,46390.59,1,Low Risk
ACC-101687,France,Female,47,1,823,93300.29,2,1,1,129439.0,0,Low Risk
ACC-101688,Germany,Female,34,5,646,108002.33,1,1,0,102089.97,1,Medium Risk
ACC-101689,France,Female,37,0,555,102952.55,2,1,0,137538.64,0,Low Risk
ACC-101690,Spain,Male,42,9,675,188121.31,2,0,0,64094.16,0,Low Risk
ACC-101691,France,Female,28,7,622,178220.29,2,0,1,180968.87,0,Low Risk
ACC-101692,Germany,Female,38,10,599,110641.41,1,0,1,159644.3,1,Medium Risk
ACC-101693,Spain,Female,36,9,652,173916.59,4,1,0,90887.49,1,High Risk
ACC-101694,Spain,Male,43,4,706,32204.49,2,1,1,120120.97,0,Low Risk
ACC-101695,Germany,Female,32,0,665,160136.2,3,1,1,56035.24,1,High Risk
ACC-101696,Germany,Female,52,1,630,167720.6,1,1,1,114925.77,1,High Risk
ACC-101697,France,Male,28,10,627,65918.23,1,1,1,125521.91,0,Low Risk
ACC-101698,Germany,Male,27,4,646,55608.19,1,1,1,69741.12,0,Low Risk
ACC-101699,Germany,Male,37,0,606,158200.8,2,1,1,143304.78,0,Low Risk
ACC-101700,Spain,Male,40,5,604,39180.83,2,1,1,170438.18,0,Low Risk
ACC-101701,Spain,Female,33,2,566,0.0,2,1,0,75975.78,1,Low Risk
ACC-101702,France,Female,29,0,504,63955.74,1,1,1,157201.79,0,Low Risk
ACC-101703,France,Male,32,8,598,0.0,2,1,1,144315.08,0,Low Risk
ACC-101704,Germany,Male,18,3,656,99041.97,1,1,0,104315.86,0,Medium Risk
ACC-101705,France,Female,28,6,668,129373.2,1,0,1,100806.58,0,Low Risk
ACC-101706,Spain,Male,54,4,665,180451.62,2,1,1,126331.39,0,Low Risk
ACC-101707,France,Male,44,9,641,141262.89,1,1,1,139282.07,0,Low Risk
ACC-101708,France,Male,49,1,758,172252.06,2,1,0,192273.28,0,Low Risk
ACC-101709,France,Female,35,1,705,0.0,3,1,1,117899.32,0,High Risk
ACC-101710,France,Female,45,1,731,44514.35,1,1,0,103061.6,0,Medium Risk
ACC-101711,France,Female,49,7,709,0.0,1,1,0,113603.28,0,Medium Risk
ACC-101712,Germany,Female,44,2,580,71357.45,2,1,0,108627.28,1,Medium Risk
ACC-101713,France,Male,38,3,627,137670.71,2,0,0,27842.13,1,Low Risk
ACC-101714,France,Female,41,4,850,189389.98,1,1,1,193219.06,0,Low Risk
ACC-101715,Germany,Female,48,1,646,116092.43,2,0,1,190571.32,0,Medium Risk
ACC-101716,France,Female,19,4,738,81281.68,2,1,0,181769.52,1,Low Risk
ACC-101717,France,Female,35,1,662,76533.28,2,0,1,141893.25,0,Low Risk
ACC-101718,Germany,Male,32,2,686,76978.15,1,1,1,82037.98,1,Low Risk
ACC-101719,France,Male,43,10,653,128332.32,2,1,1,30097.87,0,Low Risk
ACC-101720,Spain,Female,44,8,528,0.0,1,1,0,157856.73,0,Medium Risk
ACC-101721,Germany,Male,59,4,571,87573.85,2,1,1,166049.26,1,Low Risk
ACC-101722,Spain,Female,40,5,722,56039.32,1,1,1,107202.46,1,Low Risk
ACC-101723,France,Female,37,0,710,0.0,2,1,1,64965.76,0,Low Risk
ACC-101724,France,Male,38,8,710,0.0,2,0,0,146812.38,0,Low Risk
ACC-101725,France,Male,-33,1,449,98283.28,4,0,0,153078.67,1,High Risk
ACC-101726,France,Male,24,5,626,168928.56,2,1,0,63651.76,0,Low Risk
ACC-101727,France,Male,45,8,657,136290.4,1,0,0,71901.26,0,Medium Risk
ACC-101728,Germany,Male,43,4,701,153473.05,1,1,0,167765.11,1,High Risk
ACC-101729,France,Male,28,3,588,0.0,1,1,0,96244.4,0,Low Risk
ACC-101730,France,Female,43,8,728,190976.45,3,1,1,130891.01,0,High Risk
ACC-101731,Germany,Female,45,0,685,107560.11,2,1,1,181909.92,1,Medium Risk
ACC-101732,France,Female,23,9,746,83158.94,1,1,1,130549.02,0,Low Risk
ACC-101733,Germany,Female,47,7,577,166491.31,1,0,0,100585.58,0,High Risk
ACC-101734,Germany,Female,39,8,850,192307.82,3,0,0,22308.01,0,High Risk
ACC-101735,Spain,Female,56,8,539,133007.22,2,1,1,153075.09,0,Low Risk
ACC-101736,Germany,Male,37,0,611,163875.46,1,1,0,45564.99,1,High Risk
ACC-101737,France,Male,29,7,588,118031.0,1,1,1,114078.11,0,Low Risk
ACC-101738,France,Male,34,1,495,0.0,2,1,1,50819.99,1,Low Risk
ACC-101739,Germany,Female,36,0,593,175428.18,2,1,0,25881.21,1,Medium Risk
ACC-101740,Germany,Female,36,4,655,154854.1,1,1,1,34668.18,0,Medium Risk
ACC-101741,France,Female,18,5,693,149094.94,2,1,1,46416.58,1,Low Risk
ACC-101742,France,Male,21,2,469,76864.7,2,1,1,139796.8,0,Low Risk
ACC-101743,Germany,Female,46,0,564,53901.12,1,1,1,115765.6,1,Medium Risk
ACC-101744,Germany,Male,46,1,547,184077.44,2,1,0,117331.65,0,Medium Risk
ACC-101745,France,Male,45,1,712,0.0,2,1,0,43007.68,1,Low Risk
ACC-101746,France,Male,30,7,753,130669.26,1,1,0,33037.55,1,Medium Risk
ACC-101747,France,Female,28,1,623,90700.74,1,1,1,134856.32,0,Low Risk
ACC-101748,France,Female,35,9,789,52595.68,1,1,1,31161.03,0,Low Risk
ACC-101749,France,Male,20,3,719,192522.23,3,1,0,23558.12,0,High Risk
ACC-101750,Germany,Male,43,4,648,105902.95,1,0,0,104483.65,0,High Risk
ACC-101751,France,Female,-25,8,773,174690.58,1,0,0,87055.03,0,Medium Risk
ACC-101752,Spain,Male,52,0,533,0.0,1,0,1,177794.17,0,Medium Risk
ACC-101753,France,Male,29,0,508,97235.45,1,0,1,71527.06,0,Low Risk
ACC-101754,France,Male,35,10,631,91539.73,1,0,0,48250.57,0,Low Risk
ACC-101755,GERMANY ,Female,45,0,646,80037.23,1,1,0,65337.4,1,High Risk
ACC-101756,France,Male,41,3,632,69481.56,3,1,1,108545.0,1,High Risk
ACC-101757,France,Male,27,0,691,82276.28,1,1,1,69929.79,1,Low Risk
ACC-101758,Germany,Female,28,10,537,82489.36,2,1,1,68799.62,0,Low Risk
ACC-101759,France,Female,46,3,619,0.0,1,1,0,,0,Medium Risk
ACC-101760,Spain,Male,29,8,725,176928.17,1,1,0,115682.24,0,Medium Risk
ACC-101761,France,Male,47,8,728,75013.63,1,1,1,144690.68,0,Low Risk
ACC-101762,France,Male,27,6,595,107032.18,2,0,1,131561.17,0,Low Risk
ACC-101763,France,Male,37,3,688,95714.48,2,1,1,134193.66,0,Low Risk
ACC-101764,France,Female,22,1,651,44669.53,2,1,0,191255.23,1,Low Risk
ACC-101765,France,Male,60,7,679,55506.88,2,1,0,127271.8,0,Low Risk
ACC-101766,France,Male,44,0,557,189817.21,1,1,1,134124.28,0,Medium Risk
ACC-101767,Spain,Female,50,5,731,0.0,1,1,1,134920.18,1,Low Risk
ACC-101768,France,Male,38,0,764,54614.92,1,1,1,144594.12,0,Low Risk
ACC-101769,France,Male,41,7,702,79492.41,2,1,1,144313.72,0,Low Risk
ACC-101770,Spain,Female,41,10,568,183855.07,2,1,0,168275.37,1,Low Risk
ACC-101771,Germany,Female,48,6,406,129468.65,1,0,0,176231.91,1,High Risk
ACC-101772,France,Male,35,3,590,40384.09,1,1,0,180027.01,0,Low Risk
ACC-101773,France,Male,28,7,750,190744.01,1,1,0,36958.11,0,Medium Risk
ACC-101774,France,Male,34,6,719,79280.59,3,1,0,37225.87,1,High Risk
ACC-101775,Spain,Female,32,10,361,117658.21,2,0,1,31205.73,1,Low Risk
ACC-101776,France,Male,22,0,619,120203.47,2,1,1,125578.02,0,Low Risk
ACC-101777,France,Male,28,6,745,46069.56,1,0,1,136423.54,0,Low Risk
ACC-101778,GERMANY ,Female,54,0,654,110750.68,2,1,1,118010.57,0,Medium Risk
ACC-101779,France,Female,36,1,594,0.0,2,1,1,126837.91,0,Low Risk
ACC-101780,France,Female,26,1,546,118055.94,1,1,1,31870.94,0,Low Risk
ACC-101781,Spain,Female,34,9,778,0.0,1,1,0,57142.27,0,Low Risk
ACC-101782,SPAIN ,Male,48,9,719,0.0,2,0,1,125162.53,0,Low Risk
ACC-101783,France,Female,38,1,578,0.0,2,0,1,78792.57,0,Low Risk
ACC-101784,France,Female,31,8,628,0.0,2,1,1,185409.4,0,Low Risk
ACC-101785,France,Male,22,1,671,177326.71,1,1,1,28363.67,1,Low Risk
ACC-101786,Germany,Female,35,10,692,29833.13,1,1,0,162966.11,0,Medium Risk
ACC-101787,Spain,Female,55,5,605,46167.98,2,0,1,186638.9,0,Low Risk
ACC-101788,Spain,Female,23,10,611,177973.03,2,0,1,27122.43,0,Low Risk
ACC-101789,France,Female,60,3,686,0.0,2,1,1,152594.29,0,Low Risk
ACC-101790,Spain,Female,42,1,529,0.0,1,1,0,160681.16,0,Medium Risk
ACC-101791,Germany,Male,42,10,441,131633.13,2,1,1,114317.05,0,Low Risk
ACC-101792,Germany,Male,22,3,689,97219.29,1,1,0,91956.94,0,Medium Risk
ACC-101793,France,Male,37,6,623,0.0,2,1,1,186642.11,0,Low Risk
ACC-101794,France,Female,50,9,522,136182.65,2,1,0,43384.24,1,Low Risk
ACC-101795,Germany,Male,43,4,575,29009.51,2,1,1,44278.06,0,Low Risk
ACC-101796,France,Female,40,0,623,117511.52,2,1,0,145342.09,0,Low Risk
ACC-101797,France,Male,43,6,712,120991.24,2,1,1,30472.86,1,Low Risk
ACC-101798,France,Male,54,2,678,130308.03,1,0,0,46819.03,0,Medium Risk
ACC-101799,France,Female,58,10,626,0.0,1,0,0,181582.49,0,Medium Risk
ACC-101800,France,Female,34,7,465,66015.29,1,1,0,,0,Low Risk
ACC-101801,France,Male,31,1,513,0.0,2,1,1,105035.08,0,Low Risk
ACC-101802,France,Male,37,5,547,114403.03,2,1,1,171298.26,0,Low Risk
ACC-101803,Spain,Male,40,3,567,0.0,2,1,0,111761.67,0,Low Risk
ACC-101804,France,Female,45,10,784,53311.16,1,1,1,187546.73,0,Low Risk
ACC-101805,Germany,Female,28,1,781,86003.69,2,1,1,49501.71,0,Low Risk
ACC-101806,Germany,Male,60,4,656,180011.78,2,1,1,70715.23,0,Medium Risk
ACC-101807,France,Male,26,4,673,0.0,1,1,0,34623.18,1,Low Risk
ACC-101808,France,Female,38,3,689,0.0,1,0,0,129529.19,0,Low Risk
ACC-101809,Germany,Male,53,10,840,126870.52,3,0,1,27563.42,1,High Risk
ACC-101810,Germany,Female,55,0,717,165507.66,2,0,1,184747.14,1,Medium Risk
ACC-101811,France,Female,38,10,673,142328.87,1,1,1,153813.11,0,Low Risk
ACC-101812,Germany,Female,24,9,684,112242.61,1,0,1,118753.32,0,Medium Risk
ACC-101813,France,Female,38,9,850,165078.42,1,1,0,159432.57,0,Medium Risk
ACC-101814,France,Male,39,4,658,50894.06,1,0,1,166927.44,0,Low Risk
ACC-101815,France,Female,38,0,673,0.0,1,1,0,68129.82,0,Medium Risk
ACC-101816,Spain,Female,38,7,585,62629.44,2,0,0,161894.87,0,Low Risk
ACC-101817,France,Female,38,2,579,124042.59,2,0,0,103719.74,0,Low Risk
ACC-101818,Germany,Female,35,1,566,72134.87,2,1,0,72392.52,1,Medium Risk
ACC-101819,France,Female,32,1,588,92339.91,1,1,1,,0,Low Risk
ACC-101820,France,Female,28,1,542,36394.98,2,1,0,75515.04,0,Low Risk
ACC-101821,Spain,Female,28,0,746,0.0,1,1,0,162621.74,0,Medium Risk
ACC-101822,Germany,Male,32,8,710,159155.08,1,1,0,81214.41,0,Medium Risk
ACC-101823,Spain,Male,30,6,734,0.0,1,1,1,136906.57,0,Low Risk
ACC-101824,Germany,Female,35,0,802,30910.61,1,0,1,138999.77,0,Medium Risk
ACC-101825,France,Female,46,1,823,177780.43,1,1,1,173109.49,0,Medium Risk
ACC-101826,Spain,Female,38,5,748,63380.91,1,1,1,161680.51,0,Low Risk
ACC-101827,France,Male,40,4,668,0.0,1,0,1,,0,Low Risk
ACC-101828,France,Male,47,10,586,144258.8,2,1,1,85934.85,0,Low Risk
ACC-101829,France,Male,32,7,576,28609.45,2,1,1,131305.06,0,Low Risk
ACC-101830,Spain,Male,43,5,544,38606.6,1,1,1,23108.51,0,Low Risk
ACC-101831,France,Male,24,3,618,145224.56,3,1,1,96948.78,1,High Risk
ACC-101832,France,Male,25,6,636,66394.82,1,1,1,119714.68,0,Low Risk
ACC-101833,Spain,Female,37,4,759,0.0,2,1,0,163477.31,0,Low Risk
ACC-101834,GERMANY ,Female,38,8,610,119686.39,2,0,0,130211.31,0,Medium Risk
ACC-101835,Germany,Female,34,9,673,154978.67,1,1,0,40590.61,0,Medium Risk
ACC-101836,Germany,Female,38,2,575,84410.09,2,1,1,30739.14,0,Low Risk
ACC-101837,Germany,Female,18,1,745,126154.71,1,1,1,29257.9,1,Medium Risk
ACC-101838,Spain,Male,36,9,581,0.0,2,1,0,57823.39,0,Low Risk
ACC-101839,France,Male,46,3,710,0.0,2,1,0,99276.76,0,Low Risk
ACC-101840,France,Male,46,8,646,0.0,1,1,0,170321.12,1,Medium Risk
ACC-101841,Spain,Male,46,5,503,0.0,1,0,1,117357.21,0,Low Risk
ACC-101842,Germany,Male,52,2,578,68272.41,2,1,1,98464.65,0,Low Risk
ACC-101843,France,Male,40,9,725,63746.16,2,0,1,130049.78,0,Low Risk
ACC-101844,Spain,Female,37,8,524,48853.72,2,1,1,72984.76,0,Low Risk
ACC-101845,Germany,Male,26,6,779,99363.17,4,1,1,126282.7,1,High Risk
ACC-101846,Spain,Female,47,6,519,0.0,1,1,1,123037.25,0,Low Risk
ACC-101847,Spain,Female,42,8,763,0.0,2,1,0,154385.69,0,Low Risk
ACC-101848,Germany,Male,40,5,723,94311.82,1,1,0,113209.22,1,Medium Risk
ACC-101849,France,Male,38,9,739,42399.92,1,0,1,152493.94,0,Low Risk
ACC-101850,France,Female,51,2,531,124669.4,1,0,1,162514.46,1,Medium Risk
ACC-101851,France,Male,35,3,700,0.0,1,1,1,72117.24,0,Low Risk
ACC-101852,France,Male,53,5,738,181761.31,2,1,1,23227.45,0,Low Risk
ACC-101853,Germany,Male,32,4,684,34118.36,1,1,1,173022.05,0,Low Risk
ACC-101854,Germany,Female,64,1,702,156285.48,2,1,1,82415.13,0,Medium Risk
ACC-101855,Germany,Male,38,2,590,121610.95,1,0,0,170252.5,0,Medium Risk
ACC-101856,France,Female,47,4,547,117844.72,1,1,1,71327.01,0,Low Risk
ACC-101857,Germany,Female,32,4,691,83484.07,2,1,0,57748.77,1,Low Risk
ACC-101858,France,Female,18,4,628,33284.18,3,1,1,157892.04,0,Medium Risk
ACC-101859,Germany,Male,20,9,623,104157.3,1,1,0,81393.9,1,Medium Risk
ACC-101860,France,Male,41,4,760,0.0,1,0,1,110352.14,0,Low Risk
ACC-101861,Germany,Male,46,0,644,73217.06,1,1,0,49238.37,1,High Risk
ACC-101862,Germany,Male,42,1,715,72584.7,2,1,1,149593.0,0,Low Risk
ACC-101863,France,Male,25,7,543,49952.5,2,1,0,23313.54,0,Low Risk
ACC-101864,France,Male,31,9,643,92585.0,1,1,0,49374.69,0,Low Risk
ACC-101865,Germany,Male,29,2,529,94949.74,3,1,0,116952.81,1,High Risk
ACC-101866,France,Female,47,3,767,91629.2,2,0,1,147800.05,0,Low Risk
ACC-101867,Spain,Female,21,8,625,70487.15,2,1,1,161119.85,0,Low Risk
ACC-101868,Spain,Female,24,10,628,30709.06,1,1,1,59892.16,0,Low Risk
ACC-101869,France,Female,35,1,611,148431.85,1,1,0,134959.64,1,Medium Risk
ACC-101870,France,Male,27,0,678,106537.86,4,1,0,178442.27,1,High Risk
ACC-101871,France,Female,42,5,805,126751.62,2,1,0,47312.08,0,Low Risk
ACC-101872,Spain,Male,39,9,707,136877.14,1,0,1,180621.43,1,Low Risk
ACC-101873,Spain,Female,22,4,627,194164.33,1,1,1,164146.49,0,Low Risk
ACC-101874,Germany,Female,34,7,574,25356.35,2,1,1,98592.6,0,Low Risk
ACC-101875,France,Male,25,7,642,152352.79,2,1,1,157504.67,1,Low Risk
ACC-101876,France,Male,44,7,751,0.0,1,1,1,72967.33,0,Low Risk
ACC-101877,France,Female,18,5,601,119065.05,2,1,0,73935.43,0,Low Risk
ACC-101878,France,Male,33,9,589,0.0,2,1,1,99109.1,0,Low Risk
ACC-101879,France,Female,35,10,678,171303.61,1,1,0,124211.59,0,Medium Risk
ACC-101880,France,Female,18,1,662,72301.21,1,1,1,177482.99,0,Low Risk
ACC-101881,France,Female,49,1,668,129778.03,1,0,1,92003.9,0,Medium Risk
ACC-101882,France,Male,37,6,674,152429.89,2,1,1,148238.1,0,Low Risk
ACC-101883,France,Male,49,2,612,0.0,3,0,1,192388.18,0,High Risk
ACC-101884,France,Male,34,3,626,0.0,1,0,0,48965.18,0,Low Risk
ACC-101885,Germany,Female,53,4,451,119684.69,2,1,0,139586.89,1,Medium Risk
ACC-101886,France,Male,42,8,786,73685.68,1,0,0,100324.07,0,Medium Risk
ACC-101887,France,Female,47,2,809,138630.07,1,1,1,187518.4,0,Low Risk
ACC-101888,France,Female,34,4,712,59186.77,1,1,0,124778.83,0,Low Risk
ACC-101889,Spain,Female,48,10,557,0.0,1,1,0,22804.02,1,Medium Risk
ACC-101890,France,Male,45,3,732,0.0,1,0,0,123599.28,1,Medium Risk
ACC-101891,France,Female,34,10,610,183789.64,2,1,0,192906.85,0,Low Risk
ACC-101892,Spain,Female,45,2,657,0.0,1,1,1,139812.01,0,Low Risk
ACC-101893,Spain,Male,22,6,350,145378.33,1,1,0,165004.27,1,Medium Risk
ACC-101894,Spain,Male,32,2,689,170985.25,1,0,1,62874.49,1,Low Risk
ACC-101895,Germany,Female,37,10,789,102990.47,3,1,0,61316.31,1,High Risk
ACC-101896,Germany,Male,32,0,758,155406.43,1,0,1,137915.72,1,Medium Risk
ACC-101897,Spain,Male,27,1,646,140526.9,1,1,1,103286.89,0,Low Risk
ACC-101898,Germany,Male,31,0,741,74341.14,1,1,0,117100.37,0,Medium Risk
ACC-101899,Spain,Male,36,4,584,0.0,1,0,0,,0,Low Risk
ACC-101900,Germany,Male,29,3,587,83826.13,2,0,0,132947.91,0,Low Risk
ACC-101901,Spain,Female,53,9,582,0.0,2,1,0,190275.86,1,Low Risk
ACC-101902,Germany,Female,46,7,493,149926.5,1,1,1,80726.67,0,Medium Risk
ACC-101903,Spain,Male,44,3,747,0.0,2,0,0,27819.52,0,Low Risk
ACC-101904,Spain,Male,55,10,629,0.0,1,0,1,144285.9,0,Low Risk
ACC-101905,France,Male,42,1,601,55973.41,2,0,0,42385.21,0,Low Risk
ACC-101906,France,Male,34,2,621,132433.17,2,1,0,150928.35,0,Low Risk
ACC-101907,France,Female,19,10,638,171593.24,1,1,1,90995.37,1,Low Risk
ACC-101908,Spain,Female,45,7,537,127930.9,2,1,1,186887.75,0,Low Risk
ACC-101909,France,Female,57,6,540,54241.09,2,1,1,89620.49,1,Low Risk
ACC-101910,France,Female,40,10,621,131709.52,1,1,0,119449.84,1,Medium Risk
ACC-101911,Germany,Male,18,2,589,73507.86,2,1,0,192497.14,0,Low Risk
ACC-101912,Germany,Female,38,4,699,114002.58,1,0,0,54951.19,0,Medium Risk
ACC-101913,Spain,Female,30,6,574,112783.64,1,1,1,131702.84,0,Low Risk
ACC-101914,France,Male,34,3,601,163533.85,2,0,1,124740.21,0,Low Risk
ACC-101915,France,Female,49,8,569,139544.01,2,1,0,30426.76,0,Low Risk
ACC-101916,Germany,Female,39,4,705,152703.32,2,1,1,77525.61,0,Low Risk
ACC-101917,Spain,Male,34,7,748,0.0,2,1,1,115404.06,0,Low Risk
ACC-101918,Spain,Male,33,5,583,44753.45,2,1,0,35269.46,0,Low Risk
ACC-101919,France,Female,34,4,661,191673.05,2,1,1,170959.22,0,Low Risk
ACC-101920,France,Male,44,2,616,0.0,2,0,1,69527.6,0,Low Risk
ACC-101921,Germany,Male,31,7,657,39069.33,1,1,0,194516.76,1,Medium Risk
ACC-101922,Germany,Female,35,9,539,84888.21,2,0,0,23761.09,0,Low Risk
ACC-101923,Germany,Female,49,7,551,35074.84,1,1,1,87289.96,0,Medium Risk
ACC-101924,France,Male,40,4,640,130656.02,2,1,1,157080.32,0,Low Risk
ACC-101925,France,Female,55,10,626,57931.14,1,1,0,53047.91,0,Medium Risk
ACC-101926,Germany,Male,18,9,645,29109.32,2,0,0,161332.6,1,Low Risk
ACC-101927,France,Male,38,6,550,188533.39,1,0,1,100679.0,0,Low Risk
ACC-101928,Spain,Male,37,5,473,81396.49,1,1,1,52007.84,0,Low Risk
ACC-101929,France,Female,51,4,759,83334.62,2,1,0,32971.01,1,Low Risk
ACC-101930,France,Male,35,9,637,0.0,1,1,0,57402.75,0,Low Risk
ACC-101931,Spain,Female,41,3,598,67501.47,1,1,1,177391.75,0,Low Risk
ACC-101932,France,Male,28,0,385,156034.79,2,1,1,27235.41,0,Low Risk
ACC-101933,Spain,Male,43,7,815,0.0,1,1,1,178493.57,1,Low Risk
ACC-101934,Germany,Male,41,1,730,111423.79,1,1,1,77321.38,1,Medium Risk
ACC-101935,France,Female,36,3,544,72293.88,3,1,1,137772.84,0,Medium Risk
ACC-101936,France,Female,33,10,742,83148.86,1,0,0,38378.86,0,Low Risk
ACC-101937,France,Male,18,8,605,0.0,2,1,0,144813.04,0,Low Risk
ACC-101938,Germany,Male,32,7,573,81117.37,1,1,0,86937.55,1,Medium Risk
ACC-101939,France,Female,39,6,535,94719.73,1,0,1,86151.96,0,Low Risk
ACC-101940,Germany,Female,48,2,763,181164.24,1,1,1,59204.83,0,Medium Risk
ACC-101941,France,Female,37,6,570,183562.75,2,1,1,140148.01,1,Low Risk
ACC-101942,France,Male,50,10,688,0.0,1,1,0,26419.48,0,Medium Risk
ACC-101943,Germany,Male,39,7,518,100868.6,1,0,0,111160.17,0,Medium Risk
ACC-101944,Germany,Female,33,8,568,103575.05,1,1,1,112520.63,0,Medium Risk
ACC-101945,Spain,Female,57,2,738,0.0,2,1,1,171079.17,0,Low Risk
ACC-101946,Germany,Male,45,8,564,120333.89,2,1,1,52666.28,0,Low Risk
ACC-101947,Spain,Female,48,7,776,85857.14,1,1,0,112980.82,1,Medium Risk
ACC-101948,France,Male,59,8,549,0.0,2,1,1,81504.52,0,Low Risk
ACC-101949,France,Male,48,2,617,186971.57,1,1,0,121180.24,1,Medium Risk
ACC-101950,France,Female,34,0,608,0.0,1,0,1,48178.84,0,Low Risk
ACC-101951,Spain,Male,25,5,777,38325.95,2,1,0,153448.51,0,Low Risk
ACC-101952,France,Male,40,2,569,77812.27,1,0,1,38075.05,0,Low Risk
ACC-101953,Spain,Male,44,10,726,66562.95,2,1,1,124446.74,0,Low Risk
ACC-101954,France,Female,30,6,659,0.0,2,1,1,178472.64,0,Low Risk
ACC-101955,France,Female,45,1,474,42093.52,2,0,0,185797.35,1,Low Risk
ACC-101956,France,Male,41,8,598,132435.73,4,0,0,47355.54,1,High Risk
ACC-101957,France,Female,21,9,630,131718.12,2,1,0,119199.55,0,Low Risk
ACC-101958,France,Female,33,5,847,29101.64,2,1,0,40439.8,0,Low Risk
ACC-101959,Germany,Male,56,8,647,125063.0,1,1,0,44934.04,1,High Risk
ACC-101960,Germany,Female,34,9,689,81042.87,1,1,0,180831.62,1,Medium Risk
ACC-101961,France,Female,52,5,736,0.0,2,0,1,77050.11,0,Low Risk
ACC-101962,Spain,Female,18,9,561,90846.42,1,0,0,31706.85,0,Low Risk
ACC-101963,France,Female,38,1,706,0.0,1,1,0,34063.88,0,Medium Risk
ACC-101964,Spain,Male,40,6,551,88878.26,1,0,0,162253.23,0,Low Risk
ACC-101965,France,Female,41,8,655,87206.6,1,0,0,82232.8,1,Medium Risk
ACC-101966,France,Male,33,3,537,73377.75,2,1,0,27661.44,0,Low Risk
ACC-101967,FRANCE ,Male,35,2,514,101469.3,1,1,1,36891.67,0,Low Risk
ACC-101968,Spain,Female,25,6,681,0.0,2,1,0,192014.65,0,Low Risk
ACC-101969,Germany,Male,42,3,674,30794.25,2,1,1,174939.93,1,Low Risk
ACC-101970,France,Female,33,2,572,95939.59,1,1,1,150140.41,0,Low Risk
ACC-101971,Spain,Female,43,1,506,168975.13,2,1,1,55510.06,0,Low Risk
ACC-101972,Germany,Female,52,4,776,93032.18,2,1,1,159023.65,0,Low Risk
ACC-101973,France,Male,-43,7,751,0.0,1,1,0,58639.23,0,Medium Risk
ACC-101974,Germany,Female,37,9,734,182023.38,1,0,0,104303.62,0,Medium Risk
ACC-101975,France,Male,26,10,721,117428.78,1,0,0,38114.96,0,Medium Risk
ACC-101976,Germany,Female,37,7,639,100254.62,2,1,1,154959.75,1,Low Risk
ACC-101977,Spain,Female,36,9,729,0.0,1,1,1,54454.2,0,Low Risk
ACC-101978,France,Female,36,5,850,0.0,1,1,1,139150.08,0,Low Risk
ACC-101979,France,Female,39,1,448,112200.41,1,1,0,124117.47,1,Medium Risk
ACC-101980,France,Male,60,5,537,145604.75,1,1,1,49129.11,0,Medium Risk
ACC-101981,France,Male,61,9,833,95028.87,2,1,0,67860.95,0,Low Risk
ACC-101982,France,Male,40,8,602,87341.01,1,0,0,135744.19,1,Low Risk
ACC-101983,Spain,Male,33,9,740,110564.05,1,1,1,47676.45,0,Low Risk
ACC-101984,Spain,Female,45,0,491,147411.52,2,1,1,55721.18,0,Low Risk
ACC-101985,Germany,Female,36,4,522,57300.81,2,1,0,71541.8,1,Low Risk
ACC-101986,France,Female,-40,6,823,168175.06,1,0,0,147328.45,1,Medium Risk
ACC-101987,France,Female,19,10,571,124340.13,1,1,1,169217.24,0,Low Risk
ACC-101988,Spain,Male,58,9,600,0.0,2,0,0,107042.19,0,Low Risk
ACC-101989,France,Male,35,0,719,129728.44,1,0,1,129842.15,0,Low Risk
ACC-101990,Spain,Male,36,1,620,145066.13,2,0,1,179164.51,0,Low Risk
ACC-101991,Spain,Female,58,4,718,0.0,1,1,1,51455.14,0,Low Risk
ACC-101992,France,Male,-58,10,628,0.0,1,1,0,41689.66,1,Medium Risk
ACC-101993,France,Male,31,3,565,146005.04,1,1,0,55437.38,1,Medium Risk
ACC-101994,Germany,Male,26,2,734,160525.41,2,1,1,96262.62,0,Low Risk
ACC-101995,Germany,Male,39,7,748,74387.08,1,1,1,137351.45,0,Low Risk
ACC-101996,France,Male,25,7,644,0.0,1,1,0,,0,Low Risk
ACC-101997,Spain,Male,31,3,745,40837.4,1,1,0,,1,Low Risk
ACC-101998,France,Male,53,9,636,162211.11,1,1,0,30563.83,1,Medium Risk
ACC-101999,France,Male,36,9,502,0.0,1,0,1,142031.61,1,Low Risk
ACC-102000,France,Female,39,8,638,0.0,1,0,1,162986.74,0,Low Risk
ACC-102001,France,Male,-25,5,845,144801.07,2,1,1,99589.63,0,Low Risk
ACC-102002,France,Male,23,1,608,124356.12,2,0,0,171535.58,0,Low Risk
ACC-102003,France,Male,41,4,657,0.0,2,0,1,144392.33,0,Low Risk
ACC-102004,France,Male,48,0,686,0.0,1,1,1,140901.15,0,Low Risk
ACC-102005,France,Female,25,3,648,182466.79,1,0,1,140553.79,0,Low Risk
ACC-102006,Germany,Male,31,2,770,121477.12,1,0,0,165450.17,0,Medium Risk
ACC-102007,Spain,Male,29,8,588,64978.79,2,1,1,80485.39,1,Low Risk
ACC-102008,France,Female,48,7,825,0.0,1,1,0,32955.36,0,Medium Risk
ACC-102009,France,Male,47,3,700,118236.73,2,1,1,69700.24,0,Low Risk
ACC-102010,France,Male,46,4,679,118872.14,2,1,1,158795.6,0,Low Risk
ACC-102011,Germany,Female,49,0,714,111047.03,2,1,0,137675.79,1,Medium Risk
ACC-102012,France,Female,23,1,763,25145.68,1,1,0,145027.18,0,Medium Risk
ACC-102013,Germany,Male,28,10,645,36665.21,1,0,0,110817.63,0,Medium Risk
ACC-102014,France,Female,44,8,692,92402.13,1,1,0,77902.94,1,Medium Risk
ACC-102015,Germany,Female,43,3,604,89796.75,1,1,0,,0,Medium Risk
ACC-102016,Spain,Female,18,0,770,178959.56,2,1,0,36570.66,0,Low Risk
ACC-102017,Germany,Male,23,9,710,32720.96,2,1,0,97197.99,0,Low Risk
ACC-102018,France,Male,58,5,665,91017.06,1,1,0,64870.29,0,Medium Risk
ACC-102019,France,Male,37,6,630,0.0,2,1,1,82386.66,0,Low Risk
ACC-102020,France,Female,28,1,561,49602.75,2,0,0,51459.53,0,Low Risk
ACC-102021,France,Female,44,9,738,129825.75,1,0,0,,0,Medium Risk
ACC-102022,Germany,Male,26,4,669,119987.17,1,1,1,184162.49,1,Medium Risk
ACC-102023,France,Female,19,10,539,144050.73,2,1,1,158388.69,0,Low Risk
ACC-102024,Spain,Male,61,1,752,139844.38,1,0,0,171010.24,1,High Risk
ACC-102025,Germany,Female,32,3,584,78119.98,2,0,1,152960.21,0,Low Risk
ACC-102026,France,Male,31,4,575,144358.26,1,1,1,194354.15,0,Low Risk
ACC-102027,Germany,Male,53,8,540,177242.1,2,1,0,145396.97,0,Medium Risk
ACC-102028,France,Female,52,5,609,0.0,2,1,0,152117.62,0,Low Risk
ACC-102029,Spain,Male,40,5,629,45385.07,2,1,1,187338.41,0,Low Risk
ACC-102030,Germany,Male,43,6,711,85341.4,1,0,0,114730.32,1,Medium Risk
ACC-102031,France,Male,39,7,575,120495.2,2,0,0,52805.97,0,Low Risk
ACC-102032,France,Male,37,9,703,106692.83,1,0,0,189264.4,1,Medium Risk
ACC-102033,France,Male,38,2,475,127352.63,1,0,0,178917.31,0,Medium Risk
ACC-102034,Spain,Female,26,5,631,103404.56,2,0,1,134552.51,0,Low Risk
ACC-102035,Germany,Female,21,6,603,176365.1,2,1,1,63936.85,0,Low Risk
ACC-102036,France,Male,39,5,640,0.0,2,0,1,31362.66,0,Low Risk
ACC-102037,Germany,Male,46,0,435,47113.71,2,1,0,35833.13,1,Medium Risk
ACC-102038,France,Male,59,4,629,165280.71,2,1,1,187424.22,0,Low Risk
ACC-102039,Germany,Female,26,6,638,93930.35,1,1,1,65143.96,0,Low Risk
ACC-102040,Germany,Female,33,3,600,143504.96,1,1,1,131405.14,0,Medium Risk
ACC-102041,Germany,Female,38,6,741,147659.11,2,1,1,176193.0,0,Low Risk
ACC-102042,France,Male,46,0,824,0.0,1,1,0,25002.64,0,Medium Risk
ACC-102043,France,Female,49,10,585,0.0,2,1,0,162423.7,1,Low Risk
ACC-102044,Germany,Female,29,3,668,194322.45,2,1,1,65277.31,0,Low Risk
ACC-102045,Germany,Female,44,2,600,110636.67,2,0,0,128154.93,1,Medium Risk
ACC-102046,Spain,Male,32,8,444,56550.18,2,1,0,23301.02,0,Low Risk
ACC-102047,Spain,Female,36,5,801,0.0,2,0,0,77234.54,0,Low Risk
ACC-102048,Germany,Female,39,5,743,140729.21,2,1,1,107149.71,1,Low Risk
ACC-102049,France,Male,34,8,529,176589.44,1,1,1,52679.86,0,Low Risk
ACC-102050,Spain,Male,49,7,586,109106.92,1,1,0,117120.45,0,Medium Risk
ACC-102051,France,Female,46,10,661,0.0,1,1,0,111367.48,0,Medium Risk
ACC-102052,Germany,Male,39,8,653,78734.35,2,1,0,30079.72,0,Low Risk
ACC-102053,France,Male,27,2,534,0.0,2,0,0,177788.35,0,Low Risk
ACC-102054,France,Male,43,10,515,102995.71,2,0,0,110962.27,0,Low Risk
ACC-102055,France,Female,38,1,604,69959.55,1,0,0,171608.65,0,Medium Risk
ACC-102056,Spain,Female,47,9,644,51271.89,2,0,0,103662.48,0,Low Risk
ACC-102057,Germany,Male,45,5,748,161169.66,2,1,1,73415.24,1,Low Risk
ACC-102058,Germany,Female,49,1,729,76242.92,2,1,0,25392.05,1,Medium Risk
ACC-102059,Germany,Female,48,5,762,191493.85,2,1,1,111044.27,0,Low Risk
ACC-102060,Germany,Male,35,2,395,155286.4,1,1,0,134529.71,0,Medium Risk
ACC-102061,France,Male,54,5,485,0.0,1,1,0,167400.0,1,Medium Risk
ACC-102062,France,Male,46,10,702,159361.18,1,1,1,42202.54,1,Low Risk
ACC-102063,France,Male,39,6,576,127345.36,2,1,1,105940.62,0,Low Risk
ACC-102064,France,Female,45,5,605,0.0,1,1,0,41192.18,0,Medium Risk
ACC-102065,France,Male,38,7,771,143908.55,2,1,0,182412.9,1,Low Risk
ACC-102066,France,Male,31,1,598,176477.75,1,0,0,155782.43,1,Medium Risk
ACC-102067,Germany,Male,45,4,710,71813.79,2,1,0,48258.04,1,Medium Risk
ACC-102068,Germany,Female,56,3,627,163014.12,2,1,0,,1,Medium Risk
ACC-102069,France,Male,36,9,580,118053.28,3,1,0,126632.79,1,High Risk
ACC-102070,France,Male,36,9,704,153397.8,2,1,0,37477.04,0,Low Risk
ACC-102071,France,Male,31,3,565,113174.34,1,1,1,176249.5,0,Low Risk
ACC-102072,Germany,Male,47,0,462,66532.7,2,1,0,136343.24,1,Medium Risk
ACC-102073,France,Female,42,3,562,26019.31,2,1,0,153395.47,0,Low Risk
ACC-102074,France,Female,47,8,639,33900.79,1,1,0,131081.63,0,Medium Risk
ACC-102075,France,Male,18,1,769,58193.23,2,1,0,126895.29,0,Low Risk
ACC-102076,France,Female,26,1,721,76450.24,2,1,1,64714.0,0,Low Risk
ACC-102077,France,Male,30,1,656,0.0,1,0,1,100852.24,0,Low Risk
ACC-102078,FRANCE ,Male,38,5,755,39423.09,1,0,0,173005.97,0,Low Risk
ACC-102079,France,Female,46,0,708,58077.42,1,1,1,148790.06,0,Low Risk
ACC-102080,France,Male,18,7,590,39471.58,1,1,1,83747.77,0,Low Risk
ACC-102081,Spain,Female,58,9,482,123932.39,2,0,0,174506.23,1,Medium Risk
ACC-102082,Germany,Male,39,3,731,176196.99,1,0,0,26821.41,0,Medium Risk
ACC-102083,France,Female,57,6,730,136339.89,2,0,0,105909.21,1,Medium Risk
ACC-102084,France,Male,34,4,449,155359.15,2,1,1,86254.6,0,Low Risk
ACC-102085,Germany,Female,45,6,545,70226.59,2,0,0,33593.34,1,Medium Risk
ACC-102086,Germany,Male,32,8,725,135158.74,1,0,0,59488.25,0,Medium Risk
ACC-102087,France,Male,33,0,504,68677.57,1,1,0,41139.96,0,Medium Risk
ACC-102088,France,Female,40,10,492,36100.55,1,1,1,29962.85,0,Low Risk
ACC-102089,France,Male,47,7,602,0.0,2,1,1,89198.63,0,Low Risk
ACC-102090,France,Male,32,9,674,0.0,1,1,1,129149.84,1,Low Risk
ACC-102091,Spain,Male,42,2,703,0.0,2,0,0,112799.29,0,Low Risk
ACC-102092,France,Female,18,4,587,121884.29,1,1,0,180127.87,1,Medium Risk
ACC-102093,France,Female,31,0,743,84157.43,2,1,0,172974.09,0,Low Risk
ACC-102094,France,Male,39,1,629,138863.94,3,0,0,58992.84,1,High Risk
ACC-102095,France,Male,20,4,496,90006.85,1,0,0,109421.47,0,Low Risk
ACC-102096,France,Male,37,8,636,141529.39,2,0,1,55784.4,1,Low Risk
ACC-102097,France,Female,40,0,605,0.0,2,1,0,52801.34,0,Low Risk
ACC-102098,France,Male,51,8,562,152944.82,2,1,1,69149.34,0,Low Risk
ACC-102099,France,Male,35,4,664,0.0,1,1,1,40423.8,0,Low Risk
ACC-102100,Germany,Female,34,6,478,103291.45,2,1,1,182507.39,0,Low Risk
ACC-102101,France,Female,33,2,850,25674.15,1,1,0,183826.81,0,Low Risk
ACC-102102,Spain,Female,45,5,557,0.0,1,1,1,105758.72,0,Low Risk
ACC-102103,Spain,Male,31,6,649,148863.23,1,1,0,114412.9,0,Medium Risk
ACC-102104,Germany,Female,58,9,625,187245.87,2,1,0,152943.81,1,Medium Risk
ACC-102105,France,Male,25,3,578,169759.48,2,1,0,47494.29,0,Low Risk
ACC-102106,France,Female,35,5,455,0.0,1,0,0,125770.44,0,Low Risk
ACC-102107,Spain,Female,-30,1,726,89010.08,1,0,0,25858.15,0,Medium Risk
ACC-102108,Spain,Female,54,9,644,98703.03,1,1,1,112327.55,0,Low Risk
ACC-102109,France,Female,33,5,678,137943.53,1,1,1,73706.87,0,Low Risk
ACC-102110,Germany,Male,37,6,631,110022.22,2,1,1,49226.64,0,Low Risk
ACC-102111,Germany,Male,21,3,481,107490.89,1,1,1,44678.78,0,Medium Risk
ACC-102112,Germany,Female,35,4,646,27161.79,1,0,0,60274.21,0,Medium Risk
ACC-102113,Spain,Male,37,6,385,26571.64,1,0,0,41500.63,1,Low Risk
ACC-102114,France,Female,45,5,640,179635.05,1,0,0,147903.84,1,Medium Risk
ACC-102115,Spain,Female,50,5,656,0.0,1,1,0,32037.03,0,Medium Risk
ACC-102116,France,Male,54,4,786,165184.93,3,0,0,182369.71,1,High Risk
ACC-102117,France,Female,34,7,484,0.0,1,1,0,83645.43,0,Low Risk
ACC-102118,France,Male,41,1,647,63173.97,2,0,1,126663.03,1,Low Risk
ACC-102119,France,Female,40,7,475,72842.93,1,1,1,62557.01,0,Low Risk
ACC-102120,Spain,Male,45,10,714,119996.53,1,1,0,81485.7,1,Medium Risk
ACC-102121,France,Male,32,9,585,43793.5,1,0,0,51184.6,0,Low Risk
ACC-102122,Spain,Female,46,3,698,0.0,1,1,1,61273.2,0,Low Risk
ACC-102123,France,Female,52,0,436,0.0,1,1,1,126553.99,1,Medium Risk
ACC-102124,France,Female,27,8,706,28231.73,2,0,1,121895.55,0,Low Risk
ACC-102125,France,Female,31,5,661,0.0,1,1,0,163769.16,0,Low Risk
ACC-102126,France,Male,33,8,450,27707.32,2,1,0,141702.21,0,Low Risk
ACC-102127,France,Female,57,7,583,0.0,2,0,1,83588.42,0,Low Risk
ACC-102128,Spain,Male,41,4,477,71931.62,1,0,1,154788.12,0,Low Risk
ACC-102129,France,Female,42,6,742,192818.53,2,1,1,37027.91,0,Low Risk
ACC-102130,Spain,Male,41,0,554,0.0,1,1,0,174753.65,1,Medium Risk
ACC-102131,France,Male,46,9,637,142829.27,2,1,0,26235.95,0,Low Risk
ACC-102132,France,Male,58,1,611,151583.14,1,1,1,41442.72,0,Medium Risk
ACC-102133,Spain,Male,57,2,699,0.0,2,1,1,141292.39,0,Low Risk
ACC-102134,Germany,Male,23,7,613,56773.85,2,1,0,47408.01,1,Low Risk
ACC-102135,Spain,Female,46,5,672,0.0,1,0,1,170709.93,0,Low Risk
ACC-102136,Spain,Female,44,2,542,178213.39,2,0,1,171586.61,0,Low Risk
ACC-102137,France,Male,32,6,742,58399.06,1,1,1,169170.79,0,Low Risk
ACC-102138,France,Female,38,1,592,84120.75,3,1,1,127845.7,1,High Risk
ACC-102139,Spain,Male,35,5,806,0.0,1,1,0,51325.2,0,Low Risk
ACC-102140,France,Female,40,3,656,0.0,1,1,0,166962.56,0,Low Risk
ACC-102141,France,Male,39,10,594,0.0,3,0,0,126655.26,1,High Risk
ACC-102142,France,Female,46,6,514,165856.33,2,1,1,121261.19,0,Low Risk
ACC-102143,France,Female,22,4,710,0.0,2,1,1,105503.58,0,Low Risk
ACC-102144,SPAIN ,Male,29,9,835,0.0,2,1,1,80017.36,0,Low Risk
ACC-102145,France,Male,36,1,609,0.0,1,1,1,37125.29,0,Low Risk
ACC-102146,Germany,Female,44,9,536,187407.08,2,1,1,56239.37,0,Low Risk
ACC-102147,Germany,Female,19,1,617,121362.31,2,1,0,65180.12,0,Medium Risk
ACC-102148,Germany,Female,37,2,850,121681.7,1,0,1,60929.02,1,Medium Risk
ACC-102149,Germany,Male,48,6,664,191689.7,1,1,1,102172.99,1,Medium Risk
ACC-102150,France,Female,33,4,779,102722.25,2,1,0,145814.68,0,Low Risk
ACC-102151,France,Female,41,7,647,0.0,2,0,1,30569.6,1,Low Risk
ACC-102152,Spain,Male,35,5,638,173417.68,1,1,0,127634.2,1,Medium Risk
ACC-102153,France,Male,38,9,765,179273.22,2,1,0,80526.24,0,Low Risk
ACC-102154,Spain,Male,38,10,719,0.0,1,1,0,24789.68,1,Low Risk
ACC-102155,Germany,Male,21,2,697,60100.54,1,0,1,,0,Low Risk
ACC-102156,Germany,Female,45,5,522,27298.05,2,1,0,83859.69,0,Medium Risk
ACC-102157,Germany,Male,39,3,682,35167.52,1,1,0,159725.54,0,Medium Risk
ACC-102158,France,Female,36,8,705,0.0,1,1,1,119510.62,0,Low Risk
ACC-102159,France,Female,26,9,759,191636.73,1,0,1,160540.1,0,Low Risk
ACC-102160,France,Male,29,8,634,0.0,2,1,0,173220.96,0,Low Risk
ACC-102161,Germany,Female,48,3,459,136145.5,1,1,1,113451.46,0,Medium Risk
ACC-102162,Germany,Male,37,5,609,69590.96,1,1,1,131796.09,0,Low Risk
ACC-102163,France,Male,40,7,587,0.0,2,1,0,96332.36,0,Low Risk
ACC-102164,Germany,Female,33,8,678,119521.91,1,0,1,111057.4,0,Medium Risk
ACC-102165,France,Male,38,6,680,97135.77,2,0,0,42591.3,0,Low Risk
ACC-102166,Germany,Female,43,10,630,175131.95,2,1,0,133002.33,0,Medium Risk
ACC-102167,SPAIN ,Female,34,1,579,0.0,3,1,1,,1,High Risk
ACC-102168,France,Female,32,5,758,124068.42,1,1,1,145957.85,0,Low Risk
ACC-102169,Germany,Female,30,9,599,34159.51,1,1,0,,0,Medium Risk
ACC-102170,France,Male,46,3,760,0.0,2,1,0,171474.53,0,Low Risk
ACC-102171,Spain,Male,22,1,522,76718.12,1,0,1,194287.33,0,Low Risk
ACC-102172,Spain,Female,33,10,735,0.0,2,0,1,136138.42,0,Low Risk
ACC-102173,Germany,Male,32,1,822,123528.2,1,1,1,,1,Medium Risk
ACC-102174,France,Male,34,7,689,107540.71,2,1,0,90257.71,0,Low Risk
ACC-102175,Germany,Male,-37,1,698,26625.32,1,1,1,96368.73,0,Medium Risk
ACC-102176,France,Female,37,4,655,35153.34,1,1,1,25873.59,0,Low Risk
ACC-102177,Germany,Female,37,10,663,34045.91,1,0,0,122071.85,0,Medium Risk
ACC-102178,Spain,Female,34,4,768,25034.39,2,1,1,107540.6,0,Low Risk
ACC-102179,France,Female,39,4,561,82366.85,2,1,1,120630.59,0,Low Risk
ACC-102180,Spain,Female,44,2,706,0.0,2,1,1,174139.91,0,Low Risk
ACC-102181,Germany,Male,47,6,441,190248.88,2,1,1,31242.35,0,Low Risk
ACC-102182,Germany,Male,30,8,683,83842.97,1,1,0,70933.85,1,Medium Risk
ACC-102183,Spain,Male,41,6,577,48781.78,3,1,0,142147.66,1,High Risk
ACC-102184,Germany,Female,36,7,709,62291.15,3,1,1,64233.67,1,High Risk
ACC-102185,Germany,Male,33,6,656,84292.81,2,0,1,175734.64,0,Low Risk
ACC-102186,France,Male,38,6,730,84856.87,2,0,1,128139.92,0,Low Risk
ACC-102187,Spain,Male,57,4,584,0.0,1,0,1,89266.78,1,Low Risk
ACC-102188,France,Male,43,5,577,0.0,1,1,0,151236.12,0,Medium Risk
ACC-102189,France,Female,40,6,490,30309.93,2,1,1,40303.59,0,Low Risk
ACC-102190,Spain,Female,51,7,685,70558.22,1,1,1,126752.19,0,Low Risk
ACC-102191,Germany,Female,31,2,676,164390.8,2,1,1,84926.63,0,Low Risk
ACC-102192,France,Female,45,3,754,114588.8,2,0,0,131629.43,1,Low Risk
ACC-102193,Spain,Male,55,9,572,76623.46,2,1,1,147060.42,0,Low Risk
ACC-102194,Germany,Male,31,2,600,155289.1,2,1,0,164592.33,0,Medium Risk
ACC-102195,Spain,Male,-44,2,697,100176.45,2,1,1,125467.55,0,Low Risk
ACC-102196,Germany,Male,18,8,671,105924.64,2,1,1,183225.35,0,Low Risk
ACC-102197,Spain,Female,48,2,620,51410.01,1,0,1,152720.49,0,Low Risk
ACC-102198,France,Female,51,2,635,99913.32,1,1,0,139549.47,1,Medium Risk
ACC-102199,France,Female,46,6,731,194390.27,1,1,0,123441.68,1,Medium Risk
ACC-102200,Spain,Female,45,3,581,182892.12,2,1,1,142136.22,0,Low Risk
ACC-102201,Spain,Male,47,3,733,78970.51,2,1,1,54748.3,0,Low Risk
ACC-102202,France,Female,40,8,748,45888.63,1,1,1,44471.34,0,Low Risk
ACC-102203,Spain,Male,44,4,500,141922.72,1,1,1,179636.67,0,Low Risk
ACC-102204,Spain,Female,35,4,796,33802.94,2,0,0,68075.95,0,Low Risk
ACC-102205,France,Female,38,8,696,151462.43,2,1,0,62130.11,0,Low Risk
ACC-102206,France,Female,35,8,566,92591.0,1,1,1,111957.75,0,Low Risk
ACC-102207,Germany,Female,24,9,688,61734.36,1,1,1,184526.27,0,Low Risk
ACC-102208,Spain,Male,39,7,575,87355.29,2,1,1,188773.14,0,Low Risk
ACC-102209,Germany,Female,36,0,527,82052.16,2,1,1,160342.14,0,Low Risk
ACC-102210,France,Female,28,1,749,147449.67,1,1,0,79692.89,1,Medium Risk
ACC-102211,France,Male,31,4,578,165513.3,1,1,1,96186.22,0,Low Risk
ACC-102212,Spain,Female,46,4,682,0.0,2,0,0,143413.82,0,Low Risk
ACC-102213,Spain,Male,50,4,716,0.0,1,1,1,154264.95,1,Low Risk
ACC-102214,France,Male,18,10,621,0.0,1,1,1,129912.27,0,Low Risk
ACC-102215,Spain,Male,29,4,674,0.0,1,0,1,130132.51,0,Low Risk
ACC-102216,France,Male,31,9,661,25399.95,1,1,1,171664.21,0,Low Risk
ACC-102217,France,Male,45,1,603,171493.71,1,1,1,136425.87,0,Medium Risk
ACC-102218,France,Male,31,4,850,194672.58,1,0,1,52636.69,0,Low Risk
ACC-102219,Germany,Male,28,8,655,70691.68,2,1,0,179212.91,1,Low Risk
ACC-102220,Germany,Male,38,5,642,191731.33,2,1,0,182211.37,0,Medium Risk
ACC-102221,France,Female,33,7,645,47748.9,1,1,1,159646.83,0,Low Risk
ACC-102222,Germany,Male,44,8,631,115466.16,2,0,1,113112.74,0,Low Risk
ACC-102223,Spain,Male,33,5,438,161620.9,1,1,0,172581.28,0,Medium Risk
ACC-102224,France,Male,24,1,574,0.0,2,0,1,63120.6,0,Low Risk
ACC-102225,Germany,Male,49,6,729,193456.97,2,1,1,34898.66,0,Low Risk
ACC-102226,Spain,Male,52,6,562,0.0,1,1,0,60972.25,0,Medium Risk
ACC-102227,France,Female,24,2,766,29192.99,2,1,0,178373.58,0,Low Risk
ACC-102228,Spain,Male,36,3,669,0.0,2,1,1,124289.79,0,Low Risk
ACC-102229,Spain,Female,31,0,677,0.0,1,1,1,127911.32,0,Low Risk
ACC-102230,Spain,Male,43,9,636,165111.55,2,1,1,,0,Low Risk
ACC-102231,Spain,Male,30,0,625,0.0,2,1,0,163112.71,0,Low Risk
ACC-102232,Germany,Female,53,0,587,108011.22,2,1,1,104533.67,0,Medium Risk
ACC-102233,Spain,Male,23,8,665,0.0,1,1,0,,0,Low Risk
ACC-102234,Germany,Female,33,7,560,89586.08,1,1,1,187021.74,0,Low Risk
ACC-102235,France,Female,41,4,553,0.0,2,1,1,186564.58,0,Low Risk
ACC-102236,Germany,Male,30,4,616,113855.95,2,0,0,39059.78,0,Medium Risk
ACC-102237,Germany,Male,60,6,516,71760.65,2,1,0,54459.32,1,Medium Risk
ACC-102238,Germany,Female,54,2,770,33974.49,2,0,1,133737.14,1,Low Risk
ACC-102239,Spain,Female,32,4,673,0.0,2,1,0,171755.21,0,Low Risk
ACC-102240,France,Female,-37,1,647,168722.95,4,1,1,193243.09,0,High Risk
ACC-102241,France,Male,33,8,577,79069.36,1,1,1,86615.29,0,Low Risk
ACC-102242,Germany,Male,55,2,650,161391.39,2,1,1,40576.89,1,Medium Risk
ACC-102243,France,Male,21,6,840,0.0,1,1,1,125900.2,0,Low Risk
ACC-102244,Germany,Female,40,4,583,26676.38,1,1,0,90012.9,0,Medium Risk
ACC-102245,Germany,Male,27,1,542,169565.44,1,1,1,23283.93,0,Medium Risk
ACC-102246,Spain,Female,33,4,603,75345.37,1,0,1,194792.23,0,Low Risk
ACC-102247,France,Male,47,2,618,89315.5,1,0,1,183128.95,0,Low Risk
ACC-102248,France,Male,48,10,587,98678.33,1,1,0,127833.12,0,Medium Risk
ACC-102249,France,Female,27,10,560,118900.84,2,1,1,66949.17,1,Low Risk
ACC-102250,Spain,Male,18,9,696,168787.27,2,0,0,39654.66,0,Low Risk
ACC-102251,France,Male,41,0,675,0.0,2,0,0,190900.97,1,Low Risk
ACC-102252,Germany,Female,39,3,700,171748.41,1,0,1,,1,Medium Risk
ACC-102253,Spain,Male,41,6,674,0.0,1,1,1,179371.07,0,Low Risk
ACC-102254,Germany,Male,30,10,715,49393.94,2,1,1,176351.5,1,Low Risk
ACC-102255,Germany,Female,36,8,673,176520.41,2,1,0,27888.49,0,Medium Risk
ACC-102256,Germany,Male,40,10,573,50122.01,2,0,1,92010.87,0,Low Risk
ACC-102257,France,Male,23,2,560,84444.33,2,1,1,30572.97,0,Low Risk
ACC-102258,France,Male,38,10,503,0.0,1,1,0,46880.0,0,Low Risk
ACC-102259,Spain,Female,32,6,450,0.0,2,0,1,192146.17,0,Low Risk
ACC-102260,Spain,Male,52,2,676,177682.14,1,1,1,158200.92,0,Medium Risk
ACC-102261,Germany,Male,56,9,674,124950.17,2,1,0,96081.37,0,Medium Risk
ACC-102262,France,Female,50,0,850,0.0,1,1,0,47198.51,1,Medium Risk
ACC-102263,France,Female,60,7,652,70448.87,2,1,0,180188.77,0,Low Risk
ACC-102264,France,Female,32,0,709,0.0,1,0,0,189108.53,0,Medium Risk
ACC-102265,France,Female,33,5,471,25668.95,2,1,0,39825.74,0,Low Risk
ACC-102266,France,Male,38,0,559,0.0,2,1,0,185050.63,0,Low Risk
ACC-102267,France,Female,40,1,648,186398.54,1,1,1,90975.72,0,Low Risk
ACC-102268,France,Female,28,3,566,84973.36,1,1,0,27781.56,0,Low Risk
ACC-102269,Spain,Male,35,1,527,0.0,1,1,0,63073.22,0,Medium Risk
ACC-102270,France,Female,41,4,767,32412.2,2,0,0,177145.84,0,Low Risk
ACC-102271,France,Male,29,5,516,142351.0,2,0,0,29995.85,1,Low Risk
ACC-102272,Spain,Male,36,2,631,130113.83,2,1,0,138749.36,1,Low Risk
ACC-102273,Germany,Female,28,1,543,25472.91,1,0,1,116832.01,0,Medium Risk
ACC-102274,France,Female,21,2,622,59948.51,2,1,1,81310.61,1,Low Risk
ACC-102275,Spain,Female,45,7,708,75925.9,2,1,0,117104.03,0,Low Risk
ACC-102276,Germany,Male,23,10,604,185027.21,1,1,0,83463.47,0,Medium Risk
ACC-102277,France,Male,28,3,747,145348.01,2,0,1,131244.48,0,Low Risk
ACC-102278,France,Male,41,1,603,117939.11,1,1,1,75191.61,0,Medium Risk
ACC-102279,Germany,Female,36,3,678,34081.7,1,1,1,42547.81,0,Low Risk
ACC-102280,France,Male,41,10,604,0.0,1,1,1,57178.2,1,Low Risk
ACC-102281,Germany,Male,40,6,708,61878.18,4,1,0,68513.92,1,High Risk
ACC-102282,Germany,Male,31,1,610,106738.28,2,1,0,114441.17,1,Medium Risk
ACC-102283,FRANCE ,Male,38,7,834,104660.43,1,1,0,157954.44,0,Medium Risk
ACC-102284,Germany,Male,40,3,669,58584.67,1,1,0,125799.32,0,Medium Risk
ACC-102285,Germany,Male,31,7,529,72175.62,2,1,1,182944.61,0,Low Risk
ACC-102286,France,Male,33,8,520,100557.46,2,0,1,60470.5,0,Low Risk
ACC-102287,Spain,Male,44,7,850,45736.59,1,1,1,160627.58,0,Low Risk
ACC-102288,Germany,Female,38,9,682,148492.9,2,1,1,34133.16,0,Low Risk
ACC-102289,France,Female,34,6,639,0.0,1,0,1,61278.56,0,Low Risk
ACC-102290,Spain,Male,56,6,669,116103.22,1,1,1,178292.64,0,Medium Risk
ACC-102291,France,Female,-33,2,630,179912.98,2,0,1,58302.42,0,Low Risk
ACC-102292,Spain,Female,22,8,752,115046.66,2,1,1,89160.8,0,Low Risk
ACC-102293,Germany,Male,29,9,761,170952.51,2,0,0,30108.77,0,Medium Risk
ACC-102294,Germany,Female,39,0,669,108581.38,2,1,1,33128.47,0,Low Risk
ACC-102295,Spain,Male,54,4,778,80086.41,2,1,1,131666.63,1,Low Risk
ACC-102296,France,Female,51,7,719,30313.75,1,1,1,,1,Low Risk
ACC-102297,Germany,Female,35,9,629,63085.9,2,1,1,148678.97,1,Low Risk
ACC-102298,France,Male,34,9,720,116078.82,2,1,0,144593.07,0,Low Risk
ACC-102299,Germany,Female,46,4,533,157318.87,2,0,0,57422.88,1,Medium Risk
ACC-102300,Germany,Female,28,7,547,84779.65,2,1,1,175128.02,0,Low Risk
ACC-102301,France,Female,48,6,622,39042.2,2,1,1,169793.96,0,Low Risk
ACC-102302,France,Female,34,3,714,120513.29,1,1,1,150292.54,1,Low Risk
ACC-102303,Spain,Male,56,6,791,60339.14,3,0,1,123548.64,1,High Risk
ACC-102304,France,Male,37,5,841,0.0,2,1,1,86789.92,1,Low Risk
ACC-102305,France,Female,45,2,736,188497.76,2,1,1,63317.98,0,Low Risk
ACC-102306,Germany,Female,38,8,793,63229.04,1,1,1,108250.91,1,Low Risk
ACC-102307,Germany,Male,48,10,543,161328.19,2,1,0,52021.48,1,Medium Risk
ACC-102308,France,Female,44,2,540,100720.99,2,1,1,121932.58,0,Low Risk
ACC-102309,France,Female,22,3,676,99765.29,2,0,1,157957.64,0,Low Risk
ACC-102310,France,Female,36,8,554,0.0,1,1,1,132392.81,1,Low Risk
ACC-102311,Germany,Female,43,10,734,152210.04,1,1,1,188557.74,1,Medium Risk
ACC-102312,Germany,Male,31,3,678,136286.59,2,1,0,155335.39,0,Medium Risk
ACC-102313,Germany,Male,33,4,722,85362.3,2,1,1,189738.8,0,Low Risk
ACC-102314,Spain,Male,32,10,678,0.0,1,1,0,31332.3,0,Low Risk
ACC-102315,Spain,Female,40,10,620,123753.15,2,1,0,144941.26,0,Low Risk
ACC-102316,Spain,Female,19,5,699,137864.65,2,1,0,,1,Low Risk
ACC-102317,Spain,Male,46,4,633,0.0,1,1,0,188279.35,1,Medium Risk
ACC-102318,France,Male,34,0,655,55873.59,1,0,1,122222.07,0,Low Risk
ACC-102319,France,Female,34,7,592,125188.56,1,1,1,168163.68,1,Low Risk
ACC-102320,FRANCE ,Male,45,8,603,61892.74,2,0,0,178126.48,0,Low Risk
ACC-102321,France,Female,38,7,574,0.0,2,0,1,128996.69,0,Low Risk
ACC-102322,Germany,Male,41,0,657,178104.85,2,1,1,103630.88,0,Medium Risk
ACC-102323,Germany,Female,47,8,674,174341.7,2,1,0,182558.24,0,Medium Risk
ACC-102324,France,Male,25,2,681,0.0,1,1,0,186275.86,0,Low Risk
ACC-102325,Germany,Female,37,7,665,187530.08,1,1,0,101747.58,0,Medium Risk
ACC-102326,France,Female,43,5,808,92876.9,1,1,0,172045.62,0,Medium Risk
ACC-102327,Spain,Male,29,4,629,0.0,1,1,0,123849.57,0,Low Risk
ACC-102328,France,Male,28,3,615,0.0,1,1,0,42355.23,1,Low Risk
ACC-102329,France,Male,46,1,599,35146.88,2,1,1,85004.86,0,Low Risk
ACC-102330,Spain,Male,41,4,699,0.0,2,1,1,121387.05,0,Low Risk
ACC-102331,France,Male,32,4,776,0.0,2,1,0,56220.86,0,Low Risk
ACC-102332,Germany,Female,18,1,644,53429.85,2,1,1,53696.8,0,Low Risk
ACC-102333,France,Female,19,9,566,93414.39,2,0,0,22510.86,0,Low Risk
ACC-102334,France,Female,46,7,546,140933.32,1,1,0,73622.68,1,Medium Risk
ACC-102335,France,Female,36,10,731,0.0,1,1,0,108361.34,0,Low Risk
ACC-102336,France,Female,41,0,638,85617.56,1,1,0,90547.49,0,Medium Risk
ACC-102337,Germany,Female,38,6,638,88576.85,2,1,0,189374.22,0,Low Risk
ACC-102338,Spain,Male,29,5,732,157338.87,2,1,0,108103.41,0,Low Risk
ACC-102339,Germany,Male,24,7,722,148873.04,2,0,1,101654.59,0,Low Risk
ACC-102340,France,Male,41,8,705,84723.76,2,0,0,23725.0,0,Low Risk
ACC-102341,Spain,Male,42,9,722,55284.78,1,1,1,147162.21,1,Low Risk
ACC-102342,France,Female,48,4,645,94419.14,2,0,0,182787.17,0,Low Risk
ACC-102343,France,Male,35,7,680,25144.92,2,1,0,165978.71,0,Low Risk
ACC-102344,France,Male,21,5,650,162916.21,1,0,1,145262.44,0,Low Risk
ACC-102345,Germany,Female,33,3,709,57974.32,1,1,0,119782.65,1,Medium Risk
ACC-102346,France,Male,40,0,632,0.0,2,0,1,106459.11,0,Low Risk
ACC-102347,Spain,Female,43,4,661,62777.97,1,0,1,171088.67,1,Low Risk
ACC-102348,France,Female,33,10,640,62796.53,1,1,1,180226.22,0,Low Risk
ACC-102349,Spain,Male,25,7,667,112971.92,2,1,1,171243.95,0,Low Risk
ACC-102350,Germany,Female,49,4,816,67305.54,2,0,0,171270.94,0,Medium Risk
ACC-102351,France,Male,55,9,850,0.0,1,0,0,124238.29,1,Medium Risk
ACC-102352,France,Male,31,4,673,130241.04,1,1,0,24882.31,0,Medium Risk
ACC-102353,Germany,Male,40,2,657,27259.32,1,1,0,101643.56,1,Medium Risk
ACC-102354,France,Female,35,9,694,42088.71,1,1,1,37095.18,0,Low Risk
ACC-102355,France,Male,43,0,557,0.0,2,1,1,167044.68,0,Low Risk
ACC-102356,Spain,Female,49,7,671,0.0,2,1,0,32345.15,0,Low Risk
ACC-102357,Germany,Male,39,9,683,105016.01,2,0,1,112783.53,0,Low Risk
ACC-102358,France,Female,35,4,551,0.0,1,0,1,94140.01,0,Low Risk
ACC-102359,Germany,Female,38,8,641,77242.61,2,1,1,144953.61,0,Low Risk
ACC-102360,France,Female,53,0,437,0.0,2,0,0,137830.42,1,Medium Risk
ACC-102361,France,Male,32,2,818,110007.53,1,0,1,67258.29,0,Low Risk
ACC-102362,France,Male,43,9,706,121014.24,1,1,1,166042.8,0,Low Risk
ACC-102363,France,Male,42,8,850,157926.93,1,0,0,114433.01,0,Medium Risk
ACC-102364,Germany,Female,40,1,554,169593.54,2,0,1,41839.15,0,Low Risk
ACC-102365,Spain,Female,24,5,725,66979.47,1,0,0,59292.15,0,Low Risk
ACC-102366,Spain,Female,31,1,768,176181.06,2,0,1,164922.42,0,Low Risk
ACC-102367,France,Male,37,8,629,187809.22,2,1,0,70791.99,0,Low Risk
ACC-102368,Germany,Female,22,10,653,111428.35,2,0,1,90928.08,0,Low Risk
ACC-102369,France,Female,48,8,609,107894.96,1,1,1,128611.75,0,Low Risk
ACC-102370,France,Male,46,4,584,160428.27,1,1,0,92700.0,1,Medium Risk
ACC-102371,France,Male,29,5,522,133833.02,2,1,1,106248.48,0,Low Risk
ACC-102372,Germany,Female,42,4,592,30522.73,1,1,0,58152.33,1,Medium Risk
ACC-102373,Spain,Male,52,10,761,53064.24,2,1,0,135604.3,0,Low Risk
ACC-102374,France,Male,38,1,595,186698.41,1,1,0,143963.81,0,Medium Risk
ACC-102375,Spain,Female,25,5,610,154843.9,1,1,0,149733.88,1,Medium Risk
ACC-102376,Spain,Male,33,10,484,30018.35,2,0,1,115192.28,0,Low Risk
ACC-102377,Spain,Male,18,10,703,93218.27,1,0,0,100180.59,1,Low Risk
ACC-102378,Spain,Male,40,8,736,118392.94,1,1,1,99653.31,0,Low Risk
ACC-102379,France,Female,30,0,640,144559.18,1,1,0,41497.12,0,Medium Risk
ACC-102380,France,Female,36,9,739,0.0,2,0,0,56553.16,0,Low Risk
ACC-102381,Germany,Female,42,8,692,82087.22,1,1,0,27985.47,0,Medium Risk
ACC-102382,France,Male,34,3,628,44764.39,2,1,0,171846.27,0,Low Risk
ACC-102383,Germany,Female,27,7,680,94914.77,1,1,1,117932.9,0,Low Risk
ACC-102384,France,Male,30,5,585,0.0,2,1,1,149371.9,0,Low Risk
ACC-102385,France,Male,52,8,627,65643.42,2,1,0,119436.56,1,Low Risk
ACC-102386,France,Female,41,5,596,0.0,2,1,0,51520.02,0,Low Risk
ACC-102387,Germany,Male,40,2,806,147581.6,1,1,0,76664.79,0,Medium Risk
ACC-102388,France,Female,41,2,711,0.0,2,0,1,139158.17,1,Low Risk
ACC-102389,Spain,Male,47,1,779,143074.39,2,1,1,190641.32,0,Low Risk
ACC-102390,Spain,Female,53,5,516,96105.38,1,1,1,117341.54,1,Low Risk
ACC-102391,Spain,Female,32,8,660,151369.58,2,0,1,157708.47,0,Low Risk
ACC-102392,Germany,Male,38,3,751,92777.5,1,0,1,23222.92,0,Low Risk
ACC-102393,France,Male,31,4,487,89688.87,2,0,0,143391.63,1,Low Risk
ACC-102394,Germany,Male,40,5,550,130518.97,1,1,0,141767.94,0,Medium Risk
ACC-102395,France,Female,34,7,548,113290.66,1,1,0,,0,Medium Risk
ACC-102396,France,Male,29,2,657,67708.68,1,1,1,141380.76,0,Low Risk
ACC-102397,Germany,Male,19,6,610,76011.89,1,1,1,151759.19,0,Low Risk
ACC-102398,Germany,Male,37,1,732,163553.07,2,1,1,190883.16,0,Low Risk
ACC-102399,Spain,Female,32,6,740,169404.08,1,1,1,166189.67,0,Low Risk
ACC-102400,Spain,Female,25,0,610,123145.83,3,1,1,153347.96,1,High Risk
ACC-102401,Spain,Male,36,10,647,0.0,1,1,1,161456.62,0,Low Risk
ACC-102402,Germany,Female,-34,3,665,126880.8,1,0,0,84132.55,0,Medium Risk
ACC-102403,France,Female,22,8,540,0.0,1,1,0,91373.81,0,Low Risk
ACC-102404,France,Male,34,3,599,117430.77,1,1,1,136099.3,0,Low Risk
ACC-102405,France,Male,33,9,616,186698.99,1,0,1,151792.64,0,Low Risk
ACC-102406,France,Male,25,9,583,89324.38,1,0,0,119370.19,0,Low Risk
ACC-102407,France,Male,43,7,635,148419.78,2,1,0,83263.47,0,Low Risk
ACC-102408,France,Female,26,6,694,0.0,1,1,1,63070.35,0,Low Risk
ACC-102409,France,Male,42,6,713,26084.94,2,1,0,116450.91,1,Low Risk
ACC-102410,France,Female,38,0,801,0.0,1,1,1,26128.91,0,Low Risk
ACC-102411,France,Male,36,8,634,39081.18,2,0,0,167868.62,0,Low Risk
ACC-102412,Germany,Male,39,0,829,59466.95,1,1,1,74063.26,1,Medium Risk
ACC-102413,Spain,Male,31,3,824,137229.34,2,1,1,,0,Low Risk
ACC-102414,Spain,Female,53,10,643,0.0,1,1,0,164220.15,0,Medium Risk
ACC-102415,Germany,Female,42,1,669,160041.37,2,1,0,137691.74,1,Medium Risk
ACC-102416,Spain,Male,-28,10,619,27004.07,2,1,1,88504.84,0,Low Risk
ACC-102417,Spain,Male,27,4,609,165859.98,2,0,0,52344.04,0,Low Risk
ACC-102418,Germany,Female,42,9,669,172658.97,1,1,1,74706.21,0,Medium Risk
ACC-102419,France,Male,36,0,525,142538.95,1,0,1,192434.73,0,Low Risk
ACC-102420,France,Male,27,5,651,148927.48,2,0,1,115685.31,0,Low Risk
ACC-102421,Spain,Male,36,4,616,169683.65,1,1,1,127628.33,0,Low Risk
ACC-102422,Germany,Male,40,4,654,114011.06,1,1,0,129134.9,0,Medium Risk
ACC-102423,Spain,Male,25,1,641,38203.4,1,0,0,151246.63,1,Medium Risk
ACC-102424,Germany,Female,34,4,673,49021.02,2,1,1,58168.55,0,Low Risk
ACC-102425,France,Female,34,2,811,157999.75,2,1,0,164303.52,0,Low Risk
ACC-102426,Germany,Female,28,0,688,134342.35,2,1,1,75345.08,0,Low Risk
ACC-102427,France,Male,23,2,717,192502.18,1,0,1,59644.71,0,Low Risk
ACC-102428,France,Male,47,8,565,51486.99,1,1,1,48424.5,0,Low Risk
ACC-102429,France,Female,38,9,694,78390.94,2,0,1,87636.6,0,Low Risk
ACC-102430,Spain,Male,30,2,757,48450.49,1,1,1,104128.32,0,Low Risk
ACC-102431,France,Male,19,9,777,63760.33,2,1,1,86387.41,0,Low Risk
ACC-102432,Germany,Male,37,1,683,82965.37,1,1,0,85546.65,0,Medium Risk
ACC-102433,Germany,Female,43,8,577,97215.89,1,1,0,89894.35,1,Medium Risk
ACC-102434,Germany,Female,22,2,581,118560.06,2,1,0,178421.22,1,Medium Risk
ACC-102435,France,Male,40,7,630,67970.31,1,1,0,63769.09,1,Low Risk
ACC-102436,Spain,Female,39,5,692,0.0,2,1,0,98868.04,0,Low Risk
ACC-102437,France,Male,35,9,747,0.0,2,1,0,113260.95,0,Low Risk
ACC-102438,France,Male,38,5,523,176068.27,1,1,1,161592.54,0,Low Risk
ACC-102439,Germany,Male,18,2,559,174274.08,1,1,0,106733.8,0,Medium Risk
ACC-102440,Spain,Female,64,10,756,133453.0,2,1,1,149261.47,1,Low Risk
ACC-102441,Spain,Male,43,2,670,119731.88,1,1,1,118577.13,0,Low Risk
ACC-102442,France,Male,54,1,693,184765.97,1,1,0,134748.93,0,High Risk
ACC-102443,France,Male,42,1,646,105744.5,2,1,1,38563.68,1,Low Risk
ACC-102444,France,Male,31,7,574,193585.88,1,1,0,43186.71,0,Medium Risk
ACC-102445,Spain,Male,32,8,523,0.0,2,1,1,171218.82,0,Low Risk
ACC-102446,Germany,Male,44,2,773,182013.82,2,0,0,144589.85,0,Medium Risk
ACC-102447,Spain,Male,28,2,534,46699.2,2,1,1,,1,Low Risk
ACC-102448,France,Female,33,6,639,0.0,2,1,0,142416.82,0,Low Risk
ACC-102449,France,Female,44,3,686,0.0,1,1,0,83339.51,1,Medium Risk
ACC-102450,France,Female,46,2,520,0.0,3,1,0,72979.53,0,High Risk
ACC-102451,Spain,Male,50,7,592,110043.15,1,1,0,64690.61,0,Medium Risk
ACC-102452,France,Female,37,3,556,27850.15,1,1,0,126210.07,1,Low Risk
ACC-102453,Germany,Male,50,2,725,140287.63,2,1,1,168416.54,0,Low Risk
ACC-102454,France,Male,45,1,692,0.0,3,1,1,139277.42,1,High Risk
ACC-102455,Germany,Female,28,8,792,32936.1,1,1,1,172184.47,0,Low Risk
ACC-102456,France,Female,44,9,608,0.0,2,0,1,104796.05,0,Low Risk
ACC-102457,Spain,Female,43,0,501,38898.96,1,1,1,149961.98,0,Low Risk
ACC-102458,France,Female,28,1,682,0.0,1,0,0,36191.33,1,Medium Risk
ACC-102459,Germany,Female,49,4,624,187123.96,1,1,1,56086.79,1,Medium Risk
ACC-102460,France,Male,38,6,676,0.0,2,0,0,24667.99,0,Low Risk
ACC-102461,Spain,Male,20,2,587,0.0,2,1,1,191747.69,0,Low Risk
ACC-102462,France,Male,34,0,640,76299.08,1,1,1,68906.72,0,Low Risk
ACC-102463,France,Female,32,2,488,0.0,1,1,1,109974.55,0,Low Risk
ACC-102464,France,Female,37,7,683,0.0,2,0,1,29055.77,0,Low Risk
ACC-102465,France,Male,21,5,525,0.0,1,1,0,71610.6,0,Low Risk
ACC-102466,Spain,Male,25,7,595,76310.27,1,1,0,49951.77,0,Low Risk
ACC-102467,France,Male,33,8,434,101570.65,3,1,1,53743.47,1,High Risk
ACC-102468,France,Male,57,0,664,127495.05,1,1,1,42768.23,0,Medium Risk
ACC-102469,Spain,Female,26,7,597,193896.78,1,0,1,27780.62,0,Low Risk
ACC-102470,France,Female,46,6,723,0.0,2,1,1,55890.46,0,Low Risk
ACC-102471,Spain,Male,52,9,765,115764.81,2,1,1,34822.72,0,Low Risk
ACC-102472,France,Male,31,5,846,176276.32,1,1,1,134105.78,0,Low Risk
ACC-102473,France,Male,42,3,692,167100.72,2,1,1,43237.59,0,Low Risk
ACC-102474,Germany,Female,61,8,577,167213.17,1,0,1,68424.53,1,Medium Risk
ACC-102475,Spain,Male,33,6,492,123332.76,1,1,1,40752.73,0,Low Risk
ACC-102476,Germany,Male,50,8,652,63108.28,2,0,1,117768.03,0,Low Risk
ACC-102477,Germany,Male,45,8,568,181564.27,2,1,1,22474.53,0,Low Risk
ACC-102478,France,Female,38,2,546,150504.79,1,1,1,185885.49,0,Low Risk
ACC-102479,France,Male,-38,7,714,0.0,1,1,1,82860.64,0,Low Risk
ACC-102480,Spain,Female,28,2,692,0.0,2,1,1,28260.18,0,Low Risk
ACC-102481,France,Male,41,3,531,172987.92,1,1,0,99429.62,0,Medium Risk
ACC-102482,France,Female,51,0,577,34321.84,1,1,0,154178.32,1,Medium Risk
ACC-102483,Spain,Female,41,4,738,0.0,1,0,1,71181.02,1,Low Risk
ACC-102484,Spain,Female,38,5,662,127586.12,1,1,0,,0,Medium Risk
ACC-102485,Germany,Female,31,4,712,98040.91,1,1,0,65104.96,1,Medium Risk
ACC-102486,Spain,Male,39,5,386,127267.33,1,1,1,162298.86,0,Low Risk
ACC-102487,Germany,Male,26,9,629,123064.65,1,1,1,87960.0,0,Medium Risk
ACC-102488,France,Male,42,2,509,0.0,2,1,0,59595.83,0,Low Risk
ACC-102489,France,Female,57,9,696,0.0,1,1,0,105643.41,1,Medium Risk
ACC-102490,France,Male,40,4,618,153670.73,1,1,1,186535.16,0,Low Risk
ACC-102491,France,Male,60,3,557,37028.9,1,1,1,174813.92,0,Low Risk
ACC-102492,France,Male,47,10,453,140571.45,2,1,1,64287.49,0,Low Risk
ACC-102493,Germany,Male,30,2,627,97337.76,2,0,1,137369.3,1,Low Risk
ACC-102494,France,Male,54,0,596,184182.72,2,1,1,161896.83,0,Low Risk
ACC-102495,France,Male,48,8,619,0.0,2,0,1,169511.97,0,Low Risk
ACC-102496,Germany,Female,42,10,642,29989.52,2,1,1,181380.67,0,Low Risk
ACC-102497,France,Male,37,0,729,0.0,2,1,0,187031.66,0,Low Risk
ACC-102498,France,Male,39,9,772,149029.84,1,1,0,106197.0,1,Medium Risk
ACC-102499,France,Male,41,10,769,162197.1,1,1,1,26522.14,0,Low Risk
ACC-102500,Spain,Female,39,9,662,0.0,2,1,1,155762.93,0,Low Risk
ACC-102501,Germany,Male,39,4,640,138742.28,2,0,0,142271.8,0,Medium Risk
ACC-102502,Spain,Male,38,7,785,36212.89,1,1,1,132524.47,0,Low Risk
ACC-102503,France,Male,21,7,579,112692.34,2,1,1,36475.3,0,Low Risk
ACC-102504,France,Female,39,6,726,0.0,1,0,1,113831.4,0,Low Risk
ACC-102505,Spain,Male,48,8,755,0.0,2,0,0,34722.27,0,Low Risk
ACC-102506,France,Male,47,2,679,0.0,1,0,0,106611.77,1,Medium Risk
ACC-102507,Germany,Female,42,4,834,61334.65,2,1,1,138026.64,0,Low Risk
ACC-102508,Spain,Female,44,2,774,30947.07,2,1,0,73580.34,0,Low Risk
ACC-102509,France,Male,43,5,640,0.0,1,0,0,155576.8,0,Medium Risk
ACC-102510,Germany,Female,44,0,673,159398.67,1,1,0,182853.0,1,High Risk
ACC-102511,Germany,Male,31,6,625,169746.74,2,1,0,38599.41,0,Medium Risk
ACC-102512,France,Male,32,7,605,191081.2,2,0,1,40215.54,0,Low Risk
ACC-102513,Germany,Male,31,10,524,86805.81,1,0,0,27205.06,0,Medium Risk
ACC-102514,Germany,Female,33,7,619,31236.65,1,1,1,129420.08,0,Low Risk
ACC-102515,Spain,Female,30,7,669,132965.96,2,0,0,67381.13,0,Low Risk
ACC-102516,Spain,Male,43,9,669,0.0,1,1,0,,0,Medium Risk
ACC-102517,Germany,Male,35,7,699,120150.6,1,1,0,119857.95,1,Medium Risk
ACC-102518,GERMANY ,Female,51,10,630,145616.21,2,1,0,28386.52,0,Medium Risk
ACC-102519,Spain,Female,30,10,645,143574.28,2,1,0,158441.46,0,Low Risk
ACC-102520,Germany,Male,37,10,489,33752.78,1,1,0,106723.4,0,Medium Risk
ACC-102521,France,Female,45,2,705,0.0,2,0,0,155674.14,0,Low Risk
ACC-102522,France,Male,36,6,801,0.0,3,1,0,110144.94,0,High Risk
ACC-102523,France,Male,36,10,723,134515.49,1,1,1,34892.08,0,Low Risk
ACC-102524,Germany,Female,30,10,642,76138.71,1,1,1,106405.84,0,Low Risk
ACC-102525,Germany,Female,25,3,810,180454.92,2,0,1,157695.0,0,Low Risk
ACC-102526,France,Female,30,10,763,0.0,2,1,0,159603.54,0,Low Risk
ACC-102527,France,Male,34,6,502,0.0,2,1,1,133304.55,0,Low Risk
ACC-102528,Spain,Male,49,1,612,131045.69,2,1,0,115087.91,0,Low Risk
ACC-102529,Germany,Female,41,8,710,85215.59,1,1,1,63730.5,0,Medium Risk
ACC-102530,France,Female,34,6,538,131491.48,2,0,0,176705.03,0,Low Risk
ACC-102531,France,Female,18,10,767,83933.5,2,1,1,59448.53,0,Low Risk
ACC-102532,France,Male,48,0,722,135738.73,1,1,1,45762.6,0,Medium Risk
ACC-102533,Spain,Female,26,6,693,121606.32,2,1,0,81298.91,0,Low Risk
ACC-102534,France,Female,36,8,714,145835.19,3,1,1,125852.82,1,High Risk
ACC-102535,France,Female,36,5,624,146325.23,1,0,1,65022.17,1,Low Risk
ACC-102536,Spain,Male,35,6,605,125857.68,1,1,0,142373.59,0,Medium Risk
ACC-102537,France,Female,18,5,696,130760.08,2,0,0,130771.42,0,Low Risk
ACC-102538,France,Male,52,9,675,157501.48,1,1,1,129269.75,1,Medium Risk
ACC-102539,Germany,Female,24,7,640,146743.63,1,0,1,93959.05,0,Medium Risk
ACC-102540,France,Female,35,8,472,46189.68,2,1,1,144450.78,0,Low Risk
ACC-102541,Germany,Female,-34,1,756,64236.62,2,1,1,55244.83,0,Low Risk
ACC-102542,France,Male,47,3,731,0.0,2,1,0,64002.84,1,Low Risk
ACC-102543,Germany,Female,40,4,622,87601.16,1,1,0,59769.91,0,Medium Risk
ACC-102544,Germany,Male,43,6,757,83564.44,1,1,1,168235.16,1,Medium Risk
ACC-102545,France,Female,43,0,658,169009.9,2,1,0,172680.71,0,Low Risk
ACC-102546,Spain,Male,25,4,690,71056.17,2,0,1,145050.76,0,Low Risk
ACC-102547,Spain,Male,46,9,578,42142.89,1,0,0,163664.38,0,Medium Risk
ACC-102548,France,Female,45,5,663,29615.86,1,1,1,161338.58,0,Low Risk
ACC-102549,France,Male,35,9,657,193961.39,2,1,0,116319.05,1,Low Risk
ACC-102550,Spain,Male,23,2,545,39836.15,1,0,1,165423.46,1,Low Risk
ACC-102551,Spain,Male,49,0,538,0.0,2,1,0,103281.89,1,Low Risk
ACC-102552,Spain,Female,38,1,759,120197.86,1,1,1,149081.36,1,Low Risk
ACC-102553,Spain,Male,35,5,686,0.0,2,0,1,118690.03,0,Low Risk
ACC-102554,Spain,Female,33,4,637,130982.83,1,0,0,23043.32,1,Medium Risk
ACC-102555,Spain,Male,31,2,540,140839.58,1,0,1,72278.45,0,Low Risk
ACC-102556,FRANCE ,Male,-18,4,531,161554.18,2,1,1,120889.37,0,Low Risk
ACC-102557,Germany,Female,44,7,692,52508.42,3,1,0,188846.34,1,High Risk
ACC-102558,Germany,Male,40,6,560,85070.77,1,1,0,182424.76,0,Medium Risk
ACC-102559,Spain,Female,43,4,724,35626.61,2,0,0,125050.64,0,Low Risk
ACC-102560,France,Female,24,9,453,101378.12,1,1,1,49509.39,1,Low Risk
ACC-102561,Spain,Male,42,9,613,158063.32,1,0,0,112812.68,1,Medium Risk
ACC-102562,Germany,Female,58,6,604,44570.61,1,1,0,151335.88,0,High Risk
ACC-102563,France,Female,41,1,850,63965.24,2,1,1,75035.37,0,Low Risk
ACC-102564,Spain,Male,34,9,514,0.0,2,1,0,84905.07,0,Low Risk
ACC-102565,France,Male,46,7,752,102641.47,1,1,0,52094.92,1,Medium Risk
ACC-102566,France,Female,51,9,549,0.0,2,1,0,102293.0,1,Low Risk
ACC-102567,Germany,Female,51,3,677,116250.13,4,1,1,143007.37,1,High Risk
ACC-102568,Spain,Female,29,7,723,0.0,2,1,0,143712.01,0,Low Risk
ACC-102569,France,Male,54,5,721,168545.64,1,1,0,173416.55,0,Medium Risk
ACC-102570,France,Female,24,7,567,0.0,2,1,1,118289.56,0,Low Risk
ACC-102571,France,Male,45,5,742,54464.54,2,1,0,35916.49,0,Low Risk
ACC-102572,France,Female,44,0,495,145979.61,2,1,1,63288.05,0,Low Risk
ACC-102573,France,Female,35,8,639,0.0,2,1,0,123059.39,0,Low Risk
ACC-102574,Spain,Male,35,3,588,0.0,2,1,0,125584.01,1,Low Risk
ACC-102575,Spain,Female,30,5,663,57797.65,2,1,0,67317.93,1,Low Risk
ACC-102576,France,Female,41,6,773,165282.06,2,1,0,178984.69,0,Low Risk
ACC-102577,Germany,Female,47,2,556,35724.33,2,1,1,120127.19,1,Low Risk
ACC-102578,Spain,Male,23,9,712,176902.22,2,1,0,130815.39,0,Low Risk
ACC-102579,Germany,Male,30,1,674,131744.81,1,1,0,89633.82,1,High Risk
ACC-102580,Spain,Female,58,6,647,0.0,2,1,1,158991.24,0,Low Risk
ACC-102581,France,Female,39,7,603,0.0,1,0,0,143137.1,1,Low Risk
ACC-102582,France,Female,36,9,476,144265.21,1,1,0,119349.5,1,Medium Risk
ACC-102583,France,Female,21,9,718,0.0,1,1,0,36532.32,0,Low Risk
ACC-102584,Spain,Female,54,5,850,179975.16,1,1,1,150744.63,0,Medium Risk
ACC-102585,Spain,Male,37,8,729,39225.56,1,0,1,50416.56,0,Low Risk
ACC-102586,France,Male,46,8,565,32188.19,1,0,0,147134.33,1,Medium Risk
ACC-102587,France,Male,41,1,612,0.0,1,1,0,,0,Medium Risk
ACC-102588,France,Male,40,9,385,98807.42,1,1,1,124279.45,0,Low Risk
ACC-102589,France,Female,32,9,566,161080.97,1,0,0,183864.33,1,Medium Risk
ACC-102590,Spain,Male,36,5,676,154173.95,1,1,0,130269.0,0,Medium Risk
ACC-102591,France,Female,43,0,785,52751.16,1,1,1,58810.33,0,Low Risk
ACC-102592,Spain,Male,38,6,670,173710.91,1,0,1,107894.31,0,Low Risk
ACC-102593,Germany,Male,50,3,518,34210.72,2,1,1,111025.34,0,Low Risk
ACC-102594,Spain,Female,48,4,757,100352.54,2,0,0,36643.63,0,Low Risk
ACC-102595,Spain,Female,40,6,676,79143.34,2,1,1,180400.44,1,Low Risk
ACC-102596,Germany,Male,43,7,375,66806.81,1,0,1,113955.73,0,Medium Risk
ACC-102597,Germany,Female,40,2,683,82142.3,2,1,0,26541.61,0,Low Risk
ACC-102598,Spain,Female,43,8,712,0.0,1,0,1,69632.27,0,Low Risk
ACC-102599,France,Male,36,0,552,0.0,2,1,0,192221.07,0,Low Risk
ACC-102600,France,Male,32,1,649,78915.05,2,1,1,118974.48,0,Low Risk
ACC-102601,France,Male,28,6,594,99604.7,1,1,0,57677.43,0,Low Risk
ACC-102602,France,Male,27,3,679,130572.62,1,1,1,146490.08,1,Low Risk
ACC-102603,France,Male,46,10,679,89229.37,1,1,0,189341.98,0,Medium Risk
ACC-102604,Germany,Female,35,5,627,55574.17,2,1,1,178365.77,0,Low Risk
ACC-102605,France,Male,40,8,601,0.0,1,1,1,30889.43,0,Low Risk
ACC-102606,Germany,Female,27,10,583,81056.31,2,1,1,144357.98,0,Low Risk
ACC-102607,Germany,Female,37,9,598,36405.11,2,1,0,26838.17,0,Low Risk
ACC-102608,Germany,Male,59,2,485,122420.0,1,0,0,109708.1,0,High Risk
ACC-102609,Germany,Male,22,1,633,59235.35,1,1,1,37930.73,0,Medium Risk
ACC-102610,France,Male,31,1,609,190991.75,2,0,0,175365.06,0,Low Risk
ACC-102611,France,Male,40,10,848,37772.16,2,0,0,49181.31,1,Low Risk
ACC-102612,Spain,Female,39,6,686,37639.18,2,1,0,129823.36,0,Low Risk
ACC-102613,Spain,Male,48,5,692,0.0,1,1,0,31120.74,0,Medium Risk
ACC-102614,Spain,Male,36,1,665,77706.2,1,1,1,151710.89,0,Low Risk
ACC-102615,France,Male,46,9,609,179999.77,1,0,0,159417.06,1,Medium Risk
ACC-102616,Spain,Female,-55,3,698,0.0,2,1,0,120236.25,0,Low Risk
ACC-102617,France,Male,47,1,628,184145.11,1,1,1,79970.04,0,Medium Risk
ACC-102618,Germany,Female,43,1,546,151516.13,2,1,1,149929.62,0,Medium Risk
ACC-102619,Spain,Male,31,0,481,147022.39,1,0,0,,1,Medium Risk
ACC-102620,Germany,Male,36,5,715,139855.67,2,1,1,27318.8,0,Low Risk
ACC-102621,France,Male,35,10,673,45071.67,2,0,1,62658.57,0,Low Risk
ACC-102622,Spain,Female,43,10,719,0.0,2,1,0,81426.08,0,Low Risk
ACC-102623,France,Female,44,8,455,61802.95,2,0,1,144712.32,0,Low Risk
ACC-102624,France,Female,41,6,680,0.0,1,1,0,117425.74,1,Medium Risk
ACC-102625,France,Female,43,7,732,34230.05,1,0,1,156386.29,0,Low Risk
ACC-102626,France,Male,51,7,756,183299.84,1,1,0,171287.09,0,Medium Risk
ACC-102627,Spain,Male,49,10,615,49430.25,2,0,1,98202.49,0,Low Risk
ACC-102628,Germany,Male,41,3,486,62764.49,1,1,1,161086.28,0,Medium Risk
ACC-102629,Spain,Female,38,1,749,33459.92,2,0,1,158853.3,0,Low Risk
ACC-102630,France,Female,35,3,747,128755.36,2,1,1,186482.37,0,Low Risk
ACC-102631,Spain,Male,53,8,704,0.0,2,0,0,112629.18,0,Low Risk
ACC-102632,France,Female,42,1,654,59633.39,1,1,0,173185.58,0,Medium Risk
ACC-102633,France,Female,30,6,548,0.0,2,1,1,42248.56,0,Low Risk
ACC-102634,Germany,Female,40,8,673,73378.07,1,1,0,27443.67,1,Medium Risk
ACC-102635,Spain,Male,30,8,592,127921.37,2,1,0,110091.54,0,Low Risk
ACC-102636,Germany,Male,29,4,812,85273.13,1,1,1,41446.15,0,Low Risk
ACC-102637,Spain,Male,32,10,732,0.0,2,0,1,122932.04,1,Low Risk
ACC-102638,Germany,Male,49,8,629,122924.27,1,1,0,123292.22,1,High Risk
ACC-102639,GERMANY ,Female,36,9,610,93404.1,1,1,0,25128.79,0,Medium Risk
ACC-102640,France,Male,26,9,705,157017.19,1,1,0,166264.89,1,Medium Risk
ACC-102641,France,Male,28,1,612,101322.34,1,1,1,144371.72,1,Low Risk
ACC-102642,Germany,Female,25,8,642,32448.53,1,0,0,108710.98,1,Medium Risk
ACC-102643,France,Male,36,4,651,51417.74,1,1,1,148763.75,0,Low Risk
ACC-102644,Germany,Male,55,1,742,38339.22,2,1,1,136103.48,1,Medium Risk
ACC-102645,France,Female,40,7,593,135047.84,1,1,0,106276.35,1,Medium Risk
ACC-102646,Spain,Male,42,4,668,189309.77,1,0,0,155301.98,0,Medium Risk
ACC-102647,France,Male,48,0,657,77858.41,2,1,1,90957.62,0,Low Risk
ACC-102648,Germany,Male,60,2,560,192559.41,1,0,1,71215.13,1,Medium Risk
ACC-102649,Germany,Female,44,8,850,65015.49,1,1,0,150897.28,0,Medium Risk
ACC-102650,Germany,Male,49,1,753,174344.56,2,1,1,177827.81,0,Medium Risk
ACC-102651,France,Male,58,6,614,119546.58,2,1,0,45818.18,1,Medium Risk
ACC-102652,Spain,Female,46,10,535,56336.18,1,1,1,123470.97,0,Low Risk
ACC-102653,Spain,Male,37,7,636,0.0,1,1,0,133452.13,1,Low Risk
ACC-102654,France,Male,-28,7,685,130289.38,3,1,1,83927.76,1,High Risk
ACC-102655,France,Male,22,2,538,170301.19,2,1,0,110991.81,0,Low Risk
ACC-102656,Spain,Male,42,3,741,194147.67,2,1,1,44496.89,1,Low Risk
ACC-102657,Spain,Male,32,5,644,193784.74,1,1,1,58467.7,0,Low Risk
ACC-102658,Spain,Male,42,3,641,0.0,1,1,0,79857.75,0,Medium Risk
ACC-102659,France,Male,42,6,643,116392.03,1,1,0,73073.89,0,Medium Risk
ACC-102660,Spain,Male,50,8,623,45365.63,1,1,1,100521.32,0,Low Risk
ACC-102661,Spain,Male,33,6,696,181236.82,1,1,1,40919.56,0,Low Risk
ACC-102662,Germany,Male,40,2,622,80828.74,2,1,1,160845.11,0,Low Risk
ACC-102663,Germany,Female,25,8,644,190135.73,2,1,0,42151.59,1,Medium Risk
ACC-102664,Germany,Female,39,6,850,42777.52,2,1,1,175251.06,0,Low Risk
ACC-102665,Spain,Female,40,10,514,0.0,2,0,0,24550.71,0,Low Risk
ACC-102666,Spain,Male,39,0,644,0.0,1,1,0,90104.86,1,Medium Risk
ACC-102667,Germany,Male,42,5,626,54470.05,2,1,1,38225.4,0,Low Risk
ACC-102668,France,Female,31,1,707,110329.41,2,0,1,113568.16,0,Low Risk
ACC-102669,Germany,Male,46,4,694,42471.32,1,1,0,65806.84,1,Medium Risk
ACC-102670,France,Male,26,2,681,168107.97,1,1,0,166051.31,1,Medium Risk
ACC-102671,France,Female,43,10,546,86323.33,1,1,1,95801.08,0,Low Risk
ACC-102672,France,Male,30,0,604,0.0,2,0,1,103367.5,1,Low Risk
ACC-102673,France,Male,30,10,640,144308.26,1,1,0,162705.74,1,Medium Risk
ACC-102674,France,Female,47,8,560,157148.62,1,1,0,134798.91,1,Medium Risk
ACC-102675,Germany,Female,31,1,737,160858.68,1,0,1,24805.69,1,Medium Risk
ACC-102676,Spain,Male,-38,9,596,30992.18,1,1,1,92095.57,0,Low Risk
ACC-102677,France,Female,36,4,499,186687.21,2,1,1,113604.98,0,Low Risk
ACC-102678,France,Male,55,6,621,53449.44,1,1,1,115607.72,0,Low Risk
ACC-102679,Germany,Male,26,1,774,159521.28,1,1,1,147428.53,1,Medium Risk
ACC-102680,France,Female,36,5,625,88135.0,1,1,1,45087.12,0,Low Risk
ACC-102681,France,Female,32,2,661,0.0,2,1,0,,0,Low Risk
ACC-102682,France,Female,29,9,552,0.0,1,0,1,34389.63,0,Low Risk
ACC-102683,SPAIN ,Female,39,10,850,104480.42,2,1,0,129090.38,0,Low Risk
ACC-102684,France,Male,37,1,612,0.0,2,1,1,,0,Low Risk
ACC-102685,Germany,Female,43,10,750,121407.26,1,0,1,146282.62,1,Medium Risk
ACC-102686,Germany,Female,26,7,606,36647.5,2,1,0,91335.9,0,Low Risk
ACC-102687,France,Female,37,5,683,93833.65,2,1,0,33512.2,0,Low Risk
ACC-102688,France,Female,47,1,509,148004.64,2,1,0,176380.85,1,Low Risk
ACC-102689,France,Male,38,9,731,44051.55,1,1,1,154530.82,0,Low Risk
ACC-102690,France,Female,44,9,728,119302.08,2,1,0,186117.87,0,Low Risk
ACC-102691,Germany,Male,36,2,678,69110.66,2,1,0,102240.16,0,Low Risk
ACC-102692,France,Male,30,8,530,0.0,1,1,1,177592.99,0,Low Risk
ACC-102693,France,Male,23,3,739,0.0,2,1,0,131252.04,0,Low Risk
ACC-102694,France,Male,31,7,702,37513.8,2,1,0,159426.65,0,Low Risk
ACC-102695,Spain,Male,45,9,776,0.0,2,0,0,99650.01,1,Low Risk
ACC-102696,France,Male,48,4,837,0.0,2,1,1,172760.11,0,Low Risk
ACC-102697,Spain,Male,28,3,645,0.0,2,1,1,74556.31,0,Low Risk
ACC-102698,France,Male,30,7,579,65918.02,1,0,0,,0,Low Risk
ACC-102699,Germany,Female,51,1,604,122158.65,1,1,1,122034.83,1,High Risk
ACC-102700,Spain,Female,39,3,663,148229.32,2,1,0,41863.96,0,Low Risk
ACC-102701,Germany,Female,50,10,621,33066.23,2,1,1,183930.97,0,Low Risk
ACC-102702,Germany,Male,35,7,842,188665.04,3,1,1,62683.76,1,High Risk
ACC-102703,France,Male,34,4,694,56234.12,2,0,1,26451.71,0,Low Risk
ACC-102704,Spain,Female,35,10,684,85896.64,1,1,1,127623.93,0,Low Risk
ACC-102705,France,Female,35,9,530,168333.5,2,0,0,147621.96,0,Low Risk
ACC-102706,France,Male,45,8,655,28915.97,3,1,1,191512.95,1,High Risk
ACC-102707,Germany,Female,65,1,615,82326.36,1,1,1,32918.12,0,Medium Risk
ACC-102708,FRANCE ,Male,38,10,628,0.0,1,1,1,132595.75,0,Low Risk
ACC-102709,France,Female,41,8,659,130357.35,2,1,1,132152.2,1,Low Risk
ACC-102710,Germany,Female,24,10,480,37602.14,1,1,0,146839.92,1,Medium Risk
ACC-102711,Spain,Male,49,7,714,144228.8,1,0,0,169969.88,0,Medium Risk
ACC-102712,France,Female,48,0,721,124850.0,1,1,1,135103.32,0,Medium Risk
ACC-102713,France,Female,29,3,631,174274.87,1,1,0,118000.04,0,Medium Risk
ACC-102714,Germany,Female,43,2,666,65912.75,1,1,1,22180.05,0,Medium Risk
ACC-102715,France,Female,19,0,644,128520.08,1,0,0,23976.1,0,Medium Risk
ACC-102716,Germany,Male,39,2,592,70230.14,1,1,0,150979.31,1,Medium Risk
ACC-102717,France,Male,49,0,753,0.0,1,1,0,123750.49,0,Medium Risk
ACC-102718,France,Female,18,5,760,147925.84,1,1,1,84148.71,0,Low Risk
ACC-102719,Spain,Female,37,2,677,41345.84,1,1,1,170891.05,0,Low Risk
ACC-102720,Spain,Male,47,9,695,157995.02,1,1,0,131093.45,0,Medium Risk
ACC-102721,France,Female,27,2,512,180379.07,2,0,1,131752.47,0,Low Risk
ACC-102722,Germany,Female,58,10,642,132468.21,2,1,0,83222.67,1,Medium Risk
ACC-102723,France,Male,46,1,548,154339.79,1,1,0,49966.91,1,Medium Risk
ACC-102724,Spain,Male,31,1,595,68136.33,2,1,0,,1,Low Risk
ACC-102725,Spain,Male,49,3,522,0.0,2,1,0,155309.85,0,Low Risk
ACC-102726,Germany,Male,34,2,579,167106.19,3,1,1,55569.4,1,High Risk
ACC-102727,Spain,Male,18,8,726,0.0,1,1,1,83825.58,1,Low Risk
ACC-102728,France,Female,33,3,664,73674.33,2,1,1,34316.39,0,Low Risk
ACC-102729,Germany,Female,40,8,673,47800.27,1,1,0,42378.03,1,Medium Risk
ACC-102730,France,Female,29,7,576,147104.01,1,0,1,143186.87,0,Low Risk
ACC-102731,Germany,Female,38,0,402,71575.62,1,0,1,194948.23,0,Medium Risk
ACC-102732,France,Male,47,1,681,119507.63,1,1,1,164109.76,0,Medium Risk
ACC-102733,Spain,Male,60,10,608,165157.61,1,1,0,95185.95,1,Medium Risk
ACC-102734,Germany,Male,44,1,762,103353.78,2,1,1,84354.41,0,Medium Risk
ACC-102735,Spain,Male,37,1,638,77140.76,3,1,0,53425.82,1,High Risk
ACC-102736,Germany,Male,43,3,440,84048.33,2,1,0,71026.32,1,Medium Risk
ACC-102737,Spain,Female,43,7,701,0.0,1,1,1,38573.1,1,Low Risk
ACC-102738,France,Female,55,9,850,91041.38,3,1,1,133061.95,0,High Risk
ACC-102739,Spain,Female,46,10,636,44739.66,3,1,0,157288.31,1,High Risk
ACC-102740,Germany,Female,22,2,748,168973.51,1,1,0,149816.62,1,Medium Risk
ACC-102741,Spain,Male,34,5,599,146144.23,1,1,0,37335.18,0,Medium Risk
ACC-102742,Spain,Female,30,0,605,170031.68,2,1,1,95838.28,0,Low Risk
ACC-102743,Spain,Male,40,8,577,182312.02,1,1,1,193699.98,0,Low Risk
ACC-102744,France,Female,34,10,669,0.0,2,1,0,57627.06,0,Low Risk
ACC-102745,Spain,Female,21,3,638,95103.24,2,0,1,187892.58,0,Low Risk
ACC-102746,Spain,Male,20,3,581,0.0,2,0,0,22857.57,0,Low Risk
ACC-102747,Germany,Male,23,4,716,59325.89,2,1,0,52332.32,0,Low Risk
ACC-102748,France,Female,18,10,802,180104.93,1,1,0,167273.75,0,Medium Risk
ACC-102749,Germany,Female,31,9,670,32038.46,1,1,0,87583.59,0,Medium Risk
ACC-102750,France,Male,54,2,484,0.0,1,1,0,22885.65,0,Medium Risk
ACC-102751,France,Male,34,2,663,0.0,2,0,1,143903.27,0,Low Risk
ACC-102752,Spain,Male,41,10,482,0.0,2,1,0,77506.3,0,Low Risk
ACC-102753,France,Male,52,3,730,0.0,1,1,0,149976.9,0,Medium Risk
ACC-102754,Germany,Male,18,0,661,87350.65,1,1,0,144635.06,1,Medium Risk
ACC-102755,France,Male,49,2,778,0.0,1,1,1,96025.33,1,Low Risk
ACC-102756,Germany,Female,39,4,558,155709.69,1,1,0,170854.01,0,Medium Risk
ACC-102757,France,Female,44,4,512,135169.66,2,1,0,47869.45,0,Low Risk
ACC-102758,France,Male,25,9,538,107619.85,2,1,1,,0,Low Risk
ACC-102759,France,Male,36,0,778,136993.49,1,1,1,163530.42,0,Low Risk
ACC-102760,France,Male,34,4,635,65856.28,1,1,1,114894.95,0,Low Risk
ACC-102761,France,Female,43,0,827,112084.64,1,1,0,166703.68,0,Medium Risk
ACC-102762,France,Male,26,2,430,0.0,2,0,0,182696.54,0,Low Risk
ACC-102763,GERMANY ,Male,52,7,608,136762.47,2,1,0,88984.88,0,Medium Risk
ACC-102764,France,Male,46,6,498,109501.27,1,0,1,73178.91,1,Low Risk
ACC-102765,France,Male,42,9,713,188704.8,2,0,0,22257.2,0,Low Risk
ACC-102766,France,Female,24,2,498,0.0,1,0,1,83343.42,0,Low Risk
ACC-102767,Germany,Male,41,3,539,63176.16,2,0,1,153095.11,0,Low Risk
ACC-102768,Spain,Male,35,1,604,86230.67,1,1,0,149589.21,1,Medium Risk
ACC-102769,Germany,Female,31,8,742,47303.04,2,0,1,146914.24,0,Low Risk
ACC-102770,Germany,Male,32,0,628,82788.1,1,1,0,180438.32,1,Medium Risk
ACC-102771,SPAIN ,Female,26,7,709,0.0,2,1,0,53205.36,1,Low Risk
ACC-102772,Spain,Male,49,9,776,105010.05,2,1,0,44212.51,0,Low Risk
ACC-102773,Germany,Male,38,5,651,163504.43,2,1,1,155147.37,0,Low Risk
ACC-102774,Spain,Female,35,10,631,0.0,1,1,0,,0,Low Risk
ACC-102775,France,Male,35,2,651,152546.27,3,1,1,137797.18,1,High Risk
ACC-102776,France,Male,29,2,593,52023.71,1,1,0,101633.31,0,Low Risk
ACC-102777,France,Male,40,6,825,121592.78,2,0,0,193735.0,0,Low Risk
ACC-102778,Germany,Male,40,9,619,193028.42,2,0,0,28726.89,1,Medium Risk
ACC-102779,Germany,Male,26,2,629,103904.34,2,0,1,133277.34,1,Low Risk
ACC-102780,France,Male,43,7,479,144037.51,2,1,0,107195.77,1,Low Risk
ACC-102781,Germany,Male,28,10,382,150647.36,2,1,0,160144.86,1,Medium Risk
ACC-102782,Spain,Male,20,10,459,155388.42,1,1,1,37178.08,1,Low Risk
ACC-102783,Spain,Male,32,4,738,114626.41,1,1,1,174427.14,1,Low Risk
ACC-102784,Spain,Male,40,5,721,148067.45,1,1,1,97088.06,0,Low Risk
ACC-102785,France,Female,26,4,754,47664.27,2,1,0,149972.71,0,Low Risk
ACC-102786,Spain,Male,46,7,632,86411.69,1,0,1,124990.24,0,Low Risk
ACC-102787,France,Male,28,10,583,47950.19,3,1,0,121382.47,1,High Risk
ACC-102788,Germany,Male,41,6,473,32546.1,1,1,0,51786.26,1,Medium Risk
ACC-102789,France,Female,32,8,629,131584.68,2,0,0,44525.15,1,Low Risk
ACC-102790,France,Female,49,10,557,42946.89,2,1,0,54453.04,0,Low Risk
ACC-102791,Germany,Male,55,2,637,85183.58,1,1,1,113467.83,1,Medium Risk
ACC-102792,France,Female,52,5,665,0.0,1,1,1,86108.01,0,Low Risk
ACC-102793,France,Female,40,4,606,144956.65,2,0,1,35050.25,0,Low Risk
ACC-102794,Germany,Female,26,8,659,118257.2,1,0,0,23905.38,0,Medium Risk
ACC-102795,Germany,Female,50,7,703,140994.19,1,1,0,85661.75,1,High Risk
ACC-102796,France,Male,43,9,779,124289.76,1,1,1,97813.86,0,Low Risk
ACC-102797,France,Female,42,3,850,94925.95,2,1,0,,0,Low Risk
ACC-102798,France,Female,28,9,805,0.0,1,1,1,43636.72,0,Low Risk
ACC-102799,France,Male,19,5,529,0.0,1,0,0,183821.71,0,Low Risk
ACC-102800,Spain,Male,34,6,577,0.0,1,1,0,40067.31,1,Low Risk
ACC-102801,France,Male,39,5,692,159266.97,2,0,0,111157.46,0,Low Risk
ACC-102802,Spain,Female,39,1,568,0.0,1,1,1,44666.32,0,Low Risk
ACC-102803,Spain,Male,40,0,619,0.0,1,0,0,129769.1,0,Medium Risk
ACC-102804,France,Female,46,3,639,63893.54,1,1,1,158765.46,0,Low Risk
ACC-102805,Spain,Female,25,8,592,0.0,3,1,1,140465.8,0,Medium Risk
ACC-102806,Germany,Female,54,9,694,106109.26,1,1,1,162820.11,1,Medium Risk
ACC-102807,Germany,Male,35,7,664,159778.88,2,0,0,23238.91,0,Medium Risk
ACC-102808,Spain,Female,22,0,634,184059.71,2,1,0,61380.38,0,Low Risk
ACC-102809,France,Female,40,6,638,0.0,1,0,0,158121.84,0,Low Risk
ACC-102810,Spain,Male,49,3,744,0.0,1,1,0,77515.42,0,Medium Risk
ACC-102811,France,Female,42,1,613,30734.04,2,1,1,105332.18,0,Low Risk
ACC-102812,Spain,Female,43,3,600,130611.91,1,0,1,157795.4,1,Low Risk
ACC-102813,Spain,Male,40,3,674,167446.58,1,0,1,178231.41,0,Low Risk
ACC-102814,France,Female,45,2,690,0.0,2,1,1,183760.92,0,Low Risk
ACC-102815,Germany,Male,41,0,713,134605.45,1,1,0,161371.91,1,High Risk
ACC-102816,Germany,Female,41,3,716,65880.05,2,1,1,171843.83,1,Low Risk
ACC-102817,France,Male,37,2,542,160447.03,1,1,0,65292.3,0,Medium Risk
ACC-102818,France,Female,44,5,749,58249.27,1,1,1,154553.16,0,Low Risk
ACC-102819,Germany,Male,24,6,740,142689.24,1,0,1,92979.33,0,Medium Risk
ACC-102820,France,Female,39,2,523,76353.03,2,1,1,31243.33,0,Low Risk
ACC-102821,Spain,Male,40,8,651,0.0,1,0,0,138310.62,0,Low Risk
ACC-102822,France,Male,62,10,580,0.0,1,1,0,64185.5,1,Medium Risk
ACC-102823,Germany,Male,50,8,482,175751.24,1,1,1,91577.73,1,Medium Risk
ACC-102824,Germany,Female,19,8,713,91679.32,1,0,0,143132.1,1,Medium Risk
ACC-102825,Spain,Male,30,0,733,184344.42,1,1,1,140247.87,0,Low Risk
ACC-102826,Germany,Male,40,7,616,152310.47,1,0,1,54833.09,1,Medium Risk
ACC-102827,Spain,Male,51,7,558,0.0,1,0,0,75065.33,0,Medium Risk
ACC-102828,France,Male,48,2,627,51417.57,1,1,1,154479.69,0,Low Risk
ACC-102829,France,Female,44,9,640,180487.82,2,1,0,24702.83,0,Low Risk
ACC-102830,France,Female,25,7,640,0.0,1,0,0,117487.7,0,Low Risk
ACC-102831,Spain,Female,37,8,790,101822.42,2,1,0,156170.75,1,Low Risk
ACC-102832,France,Female,22,5,603,120039.36,1,1,0,44475.19,1,Medium Risk
ACC-102833,France,Male,28,2,682,92496.2,1,1,0,183628.13,0,Low Risk
ACC-102834,France,Male,34,10,743,0.0,1,1,1,139942.23,0,Low Risk
ACC-102835,France,Female,42,6,756,115764.83,2,1,1,153238.0,0,Low Risk
ACC-102836,France,Male,50,3,655,187856.47,1,0,1,107210.04,0,Low Risk
ACC-102837,Germany,Female,48,4,736,130663.0,1,0,1,177021.41,0,Medium Risk
ACC-102838,France,Male,52,4,552,0.0,2,1,1,28666.57,0,Low Risk
ACC-102839,France,Female,45,6,722,86024.23,1,1,0,60998.0,0,Medium Risk
ACC-102840,France,Male,52,4,525,0.0,2,0,0,85549.26,0,Low Risk
ACC-102841,France,Male,30,5,690,90503.33,2,1,0,149633.02,0,Low Risk
ACC-102842,France,Female,48,6,665,0.0,1,1,1,68215.16,0,Low Risk
ACC-102843,France,Male,47,8,713,64312.03,2,1,1,132948.71,0,Low Risk
ACC-102844,Spain,Male,33,2,813,0.0,2,0,1,154251.67,0,Low Risk
ACC-102845,France,Male,38,5,818,111141.37,1,1,1,166627.56,1,Low Risk
ACC-102846,France,Male,47,9,504,0.0,2,1,1,147100.33,0,Low Risk
ACC-102847,France,Male,28,6,678,158055.55,2,1,1,186485.91,1,Low Risk
ACC-102848,Spain,Male,53,8,542,0.0,2,1,1,41640.57,0,Low Risk
ACC-102849,France,Female,37,10,607,68485.17,2,1,1,128179.31,0,Low Risk
ACC-102850,France,Female,43,0,668,109752.59,2,1,1,74667.88,0,Low Risk
ACC-102851,France,Male,21,10,745,97413.47,2,1,0,50170.58,0,Low Risk
ACC-102852,Spain,Female,40,0,671,0.0,2,1,0,166152.11,0,Low Risk
ACC-102853,France,Male,42,6,578,107896.37,2,1,0,168113.1,0,Low Risk
ACC-102854,Germany,Male,35,1,418,70820.31,1,1,1,138231.78,0,Medium Risk
ACC-102855,France,Female,18,6,730,0.0,3,1,0,194206.14,1,High Risk
ACC-102856,Germany,Male,52,0,470,68684.42,1,0,1,164394.74,0,Medium Risk
ACC-102857,France,Male,25,2,592,86621.55,1,0,0,158395.15,0,Low Risk
ACC-102858,France,Male,47,1,850,0.0,2,1,0,77023.52,0,Low Risk
ACC-102859,Germany,Female,44,4,531,167866.67,2,1,1,152898.09,1,Low Risk
ACC-102860,Spain,Female,23,2,549,59028.11,2,0,1,58901.96,0,Low Risk
ACC-102861,Germany,Male,22,7,656,191461.86,2,1,1,148925.84,0,Low Risk
ACC-102862,France,Female,30,3,583,143523.79,1,0,0,34673.39,0,Medium Risk
ACC-102863,France,Female,45,9,617,111546.88,1,1,0,188461.55,0,Medium Risk
ACC-102864,France,Female,36,8,552,178720.17,1,1,0,76662.39,1,Medium Risk
ACC-102865,Germany,Female,27,3,644,38803.67,2,1,1,153553.89,0,Low Risk
ACC-102866,Germany,Male,18,8,640,140764.41,2,1,1,63055.29,0,Low Risk
ACC-102867,Spain,Female,41,3,747,75685.48,2,1,0,86097.31,0,Low Risk
ACC-102868,Spain,Male,37,6,707,116872.06,2,0,1,39067.34,0,Low Risk
ACC-102869,France,Female,24,1,643,98503.77,1,0,0,55870.43,0,Medium Risk
ACC-102870,Germany,Male,48,1,625,77557.95,2,1,0,172447.64,1,Medium Risk
ACC-102871,France,Male,37,6,751,159542.45,2,0,1,106699.22,0,Low Risk
ACC-102872,Spain,Female,18,0,671,54738.44,2,1,1,61535.36,0,Low Risk
ACC-102873,Spain,Female,35,9,717,160362.99,2,1,0,158796.15,1,Low Risk
ACC-102874,Germany,Female,44,10,573,171034.35,2,1,1,95875.78,0,Low Risk
ACC-102875,France,Female,46,8,572,0.0,2,1,1,64623.19,0,Low Risk
ACC-102876,France,Female,41,4,790,0.0,2,1,0,187974.91,0,Low Risk
ACC-102877,Germany,Male,45,8,672,91057.98,1,1,0,175633.73,1,Medium Risk
ACC-102878,France,Male,30,4,675,53084.18,2,1,0,49868.03,0,Low Risk
ACC-102879,Spain,Male,49,10,824,64739.84,1,0,0,148692.44,0,Medium Risk
ACC-102880,France,Female,44,7,748,115296.23,2,1,1,53901.48,0,Low Risk
ACC-102881,Spain,Male,37,1,590,0.0,2,1,0,163657.04,0,Low Risk
ACC-102882,France,Male,20,3,687,0.0,1,1,0,87460.1,1,Low Risk
ACC-102883,France,Female,48,3,494,185301.92,2,1,1,29572.68,0,Low Risk
ACC-102884,Spain,Male,33,3,627,77357.21,2,1,0,46493.37,0,Low Risk
ACC-102885,France,Female,30,0,650,181813.37,1,1,0,142575.68,1,Medium Risk
ACC-102886,Germany,Male,28,8,722,186294.12,1,0,1,89069.3,0,Medium Risk
ACC-102887,France,Male,42,9,590,0.0,2,1,1,131167.5,1,Low Risk
ACC-102888,Spain,Male,38,2,617,70414.86,2,1,1,93388.91,0,Low Risk
ACC-102889,France,Male,35,3,432,0.0,2,0,1,185001.49,0,Low Risk
ACC-102890,Spain,Male,53,0,615,141754.51,1,0,0,104469.42,0,High Risk
ACC-102891,Germany,Female,43,2,545,132552.5,2,1,1,50293.04,1,Low Risk
ACC-102892,GERMANY ,Male,42,4,602,108754.24,1,0,1,188751.38,1,Medium Risk
ACC-102893,France,Male,35,5,654,191355.41,2,1,1,24349.77,0,Low Risk
ACC-102894,Germany,Male,49,8,642,67358.27,2,0,0,108319.33,1,Medium Risk
ACC-102895,France,Male,56,10,723,128744.61,1,0,0,158950.47,0,Medium Risk
ACC-102896,France,Male,23,4,650,186408.45,1,0,0,163704.53,0,Medium Risk
ACC-102897,France,Male,35,9,755,80919.51,1,0,0,144507.06,1,Low Risk
ACC-102898,France,Female,32,8,813,55700.28,1,1,1,35765.73,0,Low Risk
ACC-102899,France,Female,42,7,684,99039.04,1,1,1,84751.18,0,Low Risk
ACC-102900,France,Female,33,9,724,108422.08,2,1,0,45087.44,0,Low Risk
ACC-102901,France,Female,40,7,747,0.0,2,1,0,100621.77,0,Low Risk
ACC-102902,France,Male,26,6,364,0.0,1,1,1,109058.24,0,Low Risk
ACC-102903,Spain,Male,49,9,737,0.0,1,1,0,188371.73,1,Medium Risk
ACC-102904,Germany,Male,29,6,820,96315.06,1,0,0,155175.17,0,Medium Risk
ACC-102905,Spain,Female,55,1,600,193349.46,1,0,0,46264.46,1,High Risk
ACC-102906,France,Male,43,10,713,160293.77,1,0,1,,0,Low Risk
ACC-102907,France,Female,35,0,609,77355.05,2,1,1,99994.78,0,Low Risk
ACC-102908,France,Female,40,10,638,140385.65,1,1,1,143105.06,0,Low Risk
ACC-102909,Spain,Female,25,1,581,88306.56,2,1,0,26817.05,0,Low Risk
ACC-102910,France,Male,49,7,768,0.0,2,1,0,178865.22,0,Low Risk
ACC-102911,France,Female,42,2,643,32596.44,2,1,1,,0,Low Risk
ACC-102912,Spain,Female,56,4,661,74802.2,2,1,0,73126.91,0,Low Risk
ACC-102913,France,Female,35,8,666,0.0,2,0,1,187327.66,0,Low Risk
ACC-102914,Spain,Male,37,2,550,113874.8,2,0,0,107398.32,0,Low Risk
ACC-102915,Spain,Male,31,9,607,141486.56,2,0,1,53121.22,0,Low Risk
ACC-102916,France,Female,38,4,677,139523.08,2,1,1,187214.61,0,Low Risk
ACC-102917,Germany,Female,36,0,707,109077.38,1,1,1,150970.47,0,Medium Risk
ACC-102918,France,Female,48,9,824,151737.37,2,1,0,54860.11,0,Low Risk
ACC-102919,Spain,Male,39,6,632,180185.03,1,0,0,161240.12,1,Medium Risk
ACC-102920,Spain,Male,41,6,816,71473.18,2,1,1,33796.83,0,Low Risk
ACC-102921,FRANCE ,Female,42,1,675,89158.95,1,1,1,161690.55,1,Low Risk
ACC-102922,Germany,Male,33,3,473,179143.27,1,1,1,123837.2,0,Medium Risk
ACC-102923,France,Female,25,2,642,0.0,2,1,0,145391.84,0,Low Risk
ACC-102924,France,Male,41,8,639,0.0,2,1,1,189139.12,0,Low Risk
ACC-102925,Spain,Male,41,5,661,82313.28,2,1,1,156187.94,0,Low Risk
ACC-102926,France,Male,32,5,709,54566.22,2,1,0,81579.93,1,Low Risk
ACC-102927,France,Female,25,7,550,127594.18,1,0,0,132798.4,1,Medium Risk
ACC-102928,France,Male,35,10,585,119563.24,1,1,0,125443.37,0,Medium Risk
ACC-102929,France,Female,18,5,569,111433.29,1,0,0,88122.92,1,Medium Risk
ACC-102930,Spain,Male,49,9,756,147222.05,2,0,0,126752.87,0,Low Risk
ACC-102931,Spain,Male,34,2,481,113393.26,1,0,1,109466.8,0,Low Risk
ACC-102932,Germany,Male,24,1,626,148863.04,2,1,0,,1,Medium Risk
ACC-102933,France,Male,30,6,721,83890.55,1,0,1,150541.26,0,Low Risk
ACC-102934,France,Male,39,7,713,0.0,2,0,1,76995.58,0,Low Risk
ACC-102935,Spain,Female,44,6,752,126066.04,1,1,0,165938.15,0,Medium Risk
ACC-102936,Spain,Female,21,0,682,184696.1,2,1,0,61594.05,0,Low Risk
ACC-102937,France,Male,48,8,654,101433.37,2,1,1,139771.0,0,Low Risk
ACC-102938,France,Female,28,4,706,0.0,1,1,1,110842.88,0,Low Risk
ACC-102939,France,Male,30,0,687,136926.14,1,1,0,64912.33,0,Medium Risk
ACC-102940,Spain,Male,26,10,763,110934.57,1,1,1,22667.29,0,Low Risk
ACC-102941,Spain,Male,37,8,725,174743.61,1,1,0,90317.74,1,Medium Risk
ACC-102942,France,Male,36,3,726,0.0,2,0,0,162566.79,0,Low Risk
ACC-102943,Germany,Male,25,8,740,60951.32,1,1,0,79028.52,1,Medium Risk
ACC-102944,France,Male,43,4,705,102892.69,2,1,0,23431.82,0,Low Risk
ACC-102945,Germany,Female,29,6,642,136506.16,1,0,0,112962.77,0,Medium Risk
ACC-102946,France,Male,25,3,589,36268.37,1,0,1,83991.32,0,Low Risk
ACC-102947,Spain,Male,44,7,745,118378.58,2,0,1,101187.36,0,Low Risk
ACC-102948,Spain,Female,32,0,557,0.0,1,1,1,182595.22,0,Low Risk
ACC-102949,France,Female,18,8,694,46898.16,1,1,1,63477.05,0,Low Risk
ACC-102950,Spain,Male,29,5,485,145739.12,1,1,1,25376.7,0,Low Risk
ACC-102951,Spain,Male,27,5,601,0.0,2,0,1,,0,Low Risk
ACC-102952,France,Female,-40,6,725,0.0,2,0,1,40700.23,0,Low Risk
ACC-102953,Spain,Female,44,0,573,0.0,1,0,0,27243.74,0,Medium Risk
ACC-102954,France,Female,36,4,759,65028.64,1,1,0,108461.41,0,Low Risk
ACC-102955,Germany,Female,41,9,850,59509.57,2,0,1,105317.65,0,Low Risk
ACC-102956,France,Female,28,4,804,92266.72,1,1,0,100650.08,0,Low Risk
ACC-102957,France,Female,50,3,734,0.0,2,1,0,45201.57,0,Low Risk
ACC-102958,France,Female,56,0,635,55455.49,1,0,0,65552.53,1,Medium Risk
ACC-102959,Spain,Female,55,5,729,146282.85,1,0,1,52802.84,0,Medium Risk
ACC-102960,Germany,Female,40,0,726,119551.73,1,0,1,118250.64,0,Medium Risk
ACC-102961,Germany,Female,35,1,766,75393.58,2,1,1,60436.19,0,Low Risk
ACC-102962,Germany,Male,33,5,592,85277.0,2,1,1,133702.26,0,Low Risk
ACC-102963,Spain,Male,29,0,529,95109.77,1,0,0,103583.17,0,Medium Risk
ACC-102964,Spain,Male,41,8,626,189111.46,2,1,0,53400.32,1,Low Risk
ACC-102965,Germany,Male,40,10,638,165318.87,1,1,0,22769.71,0,Medium Risk
ACC-102966,France,Male,36,2,668,136597.04,2,1,0,168634.56,0,Low Risk
ACC-102967,France,Female,37,6,658,0.0,1,0,1,76371.6,0,Low Risk
ACC-102968,France,Male,26,3,637,176392.74,2,1,0,44899.59,0,Low Risk
ACC-102969,Spain,Male,24,4,840,44023.59,2,1,0,63052.76,0,Low Risk
ACC-102970,Germany,Female,40,9,694,186706.17,1,0,1,80283.02,0,Medium Risk
ACC-102971,GERMANY ,Male,34,0,715,83877.21,2,1,1,161134.49,0,Low Risk
ACC-102972,France,Male,25,10,549,55838.86,2,1,1,156511.57,0,Low Risk
ACC-102973,France,Female,38,4,563,160619.79,2,1,0,176554.38,0,Low Risk
ACC-102974,GERMANY ,Female,29,8,677,169706.08,2,0,0,142932.66,1,Medium Risk
ACC-102975,Spain,Female,39,4,596,64681.04,2,1,1,138006.1,0,Low Risk
ACC-102976,France,Female,51,4,557,40458.77,2,0,0,190744.58,1,Low Risk
ACC-102977,Spain,Female,18,5,646,0.0,2,1,1,25014.4,0,Low Risk
ACC-102978,France,Male,22,3,642,94910.69,1,1,1,111289.1,0,Low Risk
ACC-102979,France,Male,41,4,664,126049.61,2,1,0,,0,Low Risk
ACC-102980,Spain,Male,45,9,609,81309.27,1,1,1,147433.2,0,Low Risk
ACC-102981,Spain,Female,36,1,679,66142.96,2,1,1,24223.56,0,Low Risk
ACC-102982,Spain,Female,24,10,673,119413.31,1,1,0,108823.45,1,Medium Risk
ACC-102983,Germany,Male,53,7,607,153791.38,1,1,1,109224.74,0,Medium Risk
ACC-102984,Spain,Female,33,2,747,168528.51,1,1,0,62977.49,0,Medium Risk
ACC-102985,France,Female,34,6,595,51286.48,2,1,0,111720.36,1,Low Risk
ACC-102986,France,Female,42,5,693,156024.33,2,0,1,66414.56,0,Low Risk
ACC-102987,Spain,Male,40,2,597,0.0,1,1,0,151443.1,0,Low Risk
ACC-102988,Germany,Male,36,8,679,31559.29,3,1,1,141867.27,0,High Risk
ACC-102989,Spain,Female,33,9,767,71368.32,1,1,0,87304.68,0,Low Risk
ACC-102990,France,Male,34,4,687,60492.76,2,1,1,180999.31,0,Low Risk
ACC-102991,France,Male,55,1,688,156610.56,2,0,1,120709.39,0,Low Risk
ACC-102992,Germany,Female,40,1,693,35434.76,2,0,1,36427.56,0,Low Risk
ACC-102993,France,Female,42,0,607,154602.72,1,1,0,146968.88,1,Medium Risk
ACC-102994,Germany,Male,47,4,538,39752.51,2,1,0,182508.13,0,Medium Risk
ACC-102995,France,Female,20,8,613,132646.4,2,1,0,106686.43,0,Low Risk
ACC-102996,France,Female,25,7,605,174335.22,1,0,0,72697.44,0,Medium Risk
ACC-102997,France,Female,38,2,689,0.0,2,1,0,106442.02,0,Low Risk
ACC-102998,Germany,Male,33,9,641,120805.24,2,1,0,29778.54,0,Medium Risk
ACC-102999,Germany,Male,41,7,675,124325.98,2,0,0,101913.55,0,Medium Risk
ACC-103000,France,Female,42,6,553,89513.96,2,1,0,26225.92,0,Low Risk
ACC-103001,Spain,Female,47,7,664,146678.03,1,1,0,155121.8,0,Medium Risk
ACC-103002,GERMANY ,Male,23,0,680,26994.87,1,1,1,88899.13,0,Medium Risk
ACC-103003,France,Female,39,8,624,0.0,2,1,1,189078.0,0,Low Risk
ACC-103004,Spain,Male,25,8,674,0.0,1,1,1,82271.76,0,Low Risk
ACC-103005,Germany,Male,26,5,786,118738.9,2,1,1,191395.72,1,Low Risk
ACC-103006,Spain,Male,53,6,673,0.0,3,1,0,79279.75,1,High Risk
ACC-103007,Spain,Male,44,4,623,0.0,1,1,0,186905.67,0,Medium Risk
ACC-103008,France,Male,48,6,588,82065.19,2,1,1,106648.19,0,Low Risk
ACC-103009,France,Female,18,2,726,122583.8,1,1,1,60546.6,0,Low Risk
ACC-103010,Germany,Female,45,1,595,185221.91,1,1,0,47391.35,0,High Risk
ACC-103011,Germany,Male,28,8,761,170770.52,1,1,1,149903.7,0,Medium Risk
ACC-103012,France,Female,23,3,737,154059.5,2,1,0,110341.0,0,Low Risk
ACC-103013,Spain,Female,27,7,594,113677.75,2,1,0,109981.63,1,Low Risk
ACC-103014,France,Male,46,10,743,193266.21,1,1,1,88439.4,0,Low Risk
ACC-103015,Germany,Female,37,4,700,38726.57,2,0,1,61606.74,0,Low Risk
ACC-103016,France,Male,46,3,799,112133.99,2,1,0,117715.42,0,Low Risk
ACC-103017,Spain,Male,42,3,557,79633.6,1,1,0,176275.46,1,Medium Risk
ACC-103018,France,Male,49,10,587,68113.17,2,1,0,125895.8,0,Low Risk
ACC-103019,France,Male,57,0,629,0.0,2,1,1,189002.99,0,Low Risk
ACC-103020,France,Female,21,8,643,71346.88,2,0,1,165512.77,0,Low Risk
ACC-103021,France,Male,41,0,772,109492.82,1,1,0,91376.09,1,Medium Risk
ACC-103022,Spain,Male,30,10,660,0.0,2,1,0,66582.37,0,Low Risk
ACC-103023,France,Female,38,4,740,0.0,3,1,1,78410.75,0,Medium Risk
ACC-103024,France,Male,-36,5,657,92507.46,2,1,1,87772.81,0,Low Risk
ACC-103025,Spain,Male,35,8,662,33271.36,1,1,0,33634.42,0,Low Risk
ACC-103026,Germany,Female,-32,10,773,151372.64,2,1,0,35420.43,0,Medium Risk
ACC-103027,France,Female,41,2,685,63499.51,1,1,0,37157.03,1,Medium Risk
ACC-103028,Spain,Male,52,5,620,35130.26,1,1,0,64951.91,0,Medium Risk
ACC-103029,Germany,Female,38,6,699,92434.55,1,1,0,178825.12,0,Medium Risk
ACC-103030,France,Female,35,1,673,79255.91,1,0,0,48154.28,0,Medium Risk
ACC-103031,France,Female,46,8,513,47809.16,3,0,0,74411.16,0,High Risk
ACC-103032,Germany,Female,43,10,656,99479.06,2,1,0,,0,Medium Risk
ACC-103033,Germany,Female,33,7,614,98314.21,2,1,1,57614.93,0,Low Risk
ACC-103034,France,Male,41,10,571,80085.58,1,1,0,144633.72,1,Medium Risk
ACC-103035,France,Male,51,6,579,177288.16,3,1,1,109514.16,1,High Risk
ACC-103036,Germany,Male,60,9,706,55493.34,2,0,1,117568.96,0,Low Risk
ACC-103037,Germany,Male,41,9,646,104154.52,1,1,0,63687.73,1,High Risk
ACC-103038,Spain,Male,45,8,642,0.0,2,1,1,149648.31,0,Low Risk
ACC-103039,France,Female,21,9,634,88984.78,1,1,1,48738.32,0,Low Risk
ACC-103040,Spain,Male,45,10,735,81023.17,2,0,0,75520.05,1,Low Risk
ACC-103041,Germany,Female,35,0,850,129827.09,2,1,0,142987.99,1,Medium Risk
ACC-103042,Spain,Female,-39,2,711,28221.45,1,1,1,132117.76,0,Low Risk
ACC-103043,France,Male,37,5,754,0.0,1,1,0,172127.45,0,Low Risk
ACC-103044,Germany,Male,43,3,549,172766.23,1,0,1,58175.34,1,Medium Risk
ACC-103045,Spain,Male,29,2,643,40207.66,2,0,0,194252.33,0,Low Risk
ACC-103046,Spain,Male,48,9,580,32238.81,1,1,1,144688.85,0,Low Risk
ACC-103047,Germany,Female,21,5,658,37095.59,1,0,0,183502.74,0,Medium Risk
ACC-103048,France,Male,42,2,835,0.0,2,1,1,39874.05,0,Low Risk
ACC-103049,Spain,Female,20,0,544,0.0,1,1,0,106104.41,1,Medium Risk
ACC-103050,France,Female,58,4,480,191255.7,2,0,1,51160.3,0,Low Risk
ACC-103051,France,Female,39,8,803,0.0,2,1,1,61167.35,0,Low Risk
ACC-103052,France,Male,28,8,641,139041.84,1,1,0,111701.15,0,Medium Risk
ACC-103053,Germany,Female,25,4,652,39787.12,2,1,1,,0,Low Risk
ACC-103054,France,Male,51,4,597,29465.23,4,1,0,115243.99,1,High Risk
ACC-103055,Germany,Female,26,8,651,67684.9,2,1,0,129983.75,0,Low Risk
ACC-103056,Spain,Male,41,9,715,0.0,1,0,1,61535.09,0,Low Risk
ACC-103057,Spain,Female,18,4,671,0.0,2,1,1,84759.35,0,Low Risk
ACC-103058,Germany,Female,33,6,658,33064.75,2,1,0,97580.74,0,Low Risk
ACC-103059,Spain,Male,-29,8,578,156642.27,2,0,1,114990.12,0,Low Risk
ACC-103060,Spain,Male,19,0,823,97027.35,1,0,1,46707.75,1,Low Risk
ACC-103061,France,Male,49,4,697,77670.38,1,1,0,48293.51,0,Medium Risk
ACC-103062,France,Male,31,10,620,45263.22,2,1,1,,1,Low Risk
ACC-103063,France,Male,52,5,563,45099.26,1,1,1,100933.67,0,Low Risk
ACC-103064,SPAIN ,Female,70,3,710,0.0,1,1,0,64889.61,0,Medium Risk
ACC-103065,Spain,Male,40,5,762,0.0,1,1,1,82148.92,0,Low Risk
ACC-103066,France,Male,31,10,595,0.0,2,1,1,32266.58,0,Low Risk
ACC-103067,Spain,Female,29,3,767,0.0,2,1,1,186544.87,0,Low Risk
ACC-103068,Spain,Female,47,4,558,65627.72,2,0,1,38792.44,0,Low Risk
ACC-103069,France,Male,42,6,568,47896.1,1,1,1,97770.97,0,Low Risk
ACC-103070,Spain,Male,38,4,600,165262.81,1,0,0,94498.33,0,Medium Risk
ACC-103071,Spain,Male,32,3,777,48693.12,1,1,1,170125.34,0,Low Risk
ACC-103072,France,Male,26,7,714,40736.48,3,1,1,43796.9,1,Medium Risk
ACC-103073,FRANCE ,Female,37,10,733,172387.31,2,1,1,104349.87,0,Low Risk
ACC-103074,Germany,Female,38,2,665,80325.1,1,0,0,128996.63,0,Medium Risk
ACC-103075,Spain,Male,46,3,758,0.0,1,0,0,169542.65,0,Medium Risk
ACC-103076,France,Female,35,4,511,86195.9,4,0,0,133899.15,1,High Risk
ACC-103077,France,Female,41,4,647,167805.88,1,1,0,152084.96,0,Medium Risk
ACC-103078,France,Female,51,2,677,121621.37,2,1,1,36601.43,0,Low Risk
ACC-103079,Germany,Male,30,1,773,64137.27,2,1,1,194529.69,0,Low Risk
ACC-103080,FRANCE ,Male,18,9,445,46476.59,1,1,1,56762.51,0,Low Risk
ACC-103081,France,Male,51,4,579,45044.28,1,0,0,107407.98,1,Medium Risk
ACC-103082,France,Female,44,2,708,74751.37,2,0,1,192129.67,0,Low Risk
ACC-103083,Germany,Female,45,2,762,119069.07,2,1,0,124088.24,1,Medium Risk
ACC-103084,Spain,Male,35,4,559,0.0,3,1,0,43840.72,1,High Risk
ACC-103085,Spain,Female,40,10,565,62036.84,1,0,1,88485.64,0,Low Risk
ACC-103086,Germany,Female,48,0,587,106705.39,2,1,0,194433.4,0,Medium Risk
ACC-103087,France,Male,31,0,571,125742.0,2,0,1,183608.79,0,Low Risk
ACC-103088,Germany,Male,48,8,729,109030.21,2,1,0,111500.3,1,Medium Risk
ACC-103089,Germany,Male,49,10,805,40164.9,2,1,0,193393.87,0,Medium Risk
ACC-103090,Germany,Female,54,4,617,114583.83,2,1,0,90002.15,0,Medium Risk
ACC-103091,Spain,Male,35,3,586,0.0,1,1,1,135598.6,0,Low Risk
ACC-103092,Spain,Male,49,10,623,72616.48,1,1,0,95412.99,0,Medium Risk
ACC-103093,Germany,Female,45,3,695,69298.45,1,1,0,38413.79,1,Medium Risk
ACC-103094,France,Male,46,0,694,26331.15,2,0,0,129138.48,0,Low Risk
ACC-103095,Spain,Male,-36,9,584,0.0,1,0,1,137580.08,0,Low Risk
ACC-103096,Spain,Female,35,6,618,0.0,2,1,1,166501.66,0,Low Risk
ACC-103097,Spain,Female,42,9,640,128242.19,1,0,0,66717.81,1,Medium Risk
ACC-103098,France,Male,24,3,719,56242.59,1,1,1,97827.49,0,Low Risk
ACC-103099,France,Female,36,10,578,125702.16,2,1,1,45170.88,0,Low Risk
ACC-103100,Spain,Female,39,6,623,190141.12,2,0,0,186623.0,0,Low Risk
ACC-103101,Spain,Male,33,7,702,70536.5,1,1,1,113923.43,0,Low Risk
ACC-103102,Spain,Male,50,9,561,85821.63,1,1,0,30885.24,0,Medium Risk
ACC-103103,France,Male,37,4,691,91734.88,2,0,1,182585.54,0,Low Risk
ACC-103104,Germany,Female,51,8,681,27004.24,1,1,1,175323.3,0,Medium Risk
ACC-103105,France,Male,41,7,563,140785.26,2,0,1,,0,Low Risk
ACC-103106,France,Female,29,6,399,0.0,2,1,0,42899.88,0,Low Risk
ACC-103107,Spain,Female,39,3,769,124530.67,1,0,1,143329.71,0,Low Risk
ACC-103108,France,Female,52,7,759,0.0,2,1,1,169082.41,0,Low Risk
ACC-103109,Germany,Female,26,9,776,54027.01,2,1,1,100479.35,0,Low Risk
ACC-103110,Germany,Female,29,10,666,125632.81,1,0,0,187775.57,1,Medium Risk
ACC-103111,France,Male,25,10,741,77219.92,1,1,0,99890.12,0,Low Risk
ACC-103112,France,Female,47,0,619,183847.68,2,1,0,94532.18,0,Low Risk
ACC-103113,Germany,Male,38,1,658,164742.81,1,1,1,59260.42,1,Medium Risk
ACC-103114,Spain,Male,35,9,680,34158.03,2,1,1,47781.65,0,Low Risk
ACC-103115,Spain,Male,44,10,608,70299.71,2,1,1,51573.43,0,Low Risk
ACC-103116,Spain,Male,64,10,756,45485.79,2,1,0,95096.07,0,Low Risk
ACC-103117,France,Male,45,8,709,136624.03,2,0,1,150714.02,0,Low Risk
ACC-103118,France,Male,23,6,572,133071.69,2,1,1,121378.08,0,Low Risk
ACC-103119,Spain,Male,45,6,741,67591.09,1,0,1,159694.68,0,Low Risk
ACC-103120,France,Female,44,1,850,91696.25,2,1,0,28658.86,0,Low Risk
ACC-103121,France,Female,31,4,834,0.0,2,1,1,156292.73,0,Low Risk
ACC-103122,France,Male,20,8,806,192346.32,2,1,1,155199.15,0,Low Risk
ACC-103123,France,Male,46,10,703,0.0,2,1,0,102032.73,1,Low Risk
ACC-103124,France,Male,34,4,500,0.0,3,0,0,120816.96,1,High Risk
ACC-103125,France,Female,48,4,820,103808.19,2,1,1,82666.72,0,Low Risk
ACC-103126,France,Female,22,5,639,0.0,2,1,0,105359.82,0,Low Risk
ACC-103127,France,Male,36,3,615,0.0,1,1,0,120858.44,0,Low Risk
ACC-103128,France,Male,56,7,648,0.0,2,1,0,117351.62,0,Low Risk
ACC-103129,France,Male,35,6,602,33994.12,2,1,1,105282.51,0,Low Risk
ACC-103130,Germany,Male,21,3,594,27142.19,2,1,1,181806.48,0,Low Risk
ACC-103131,GERMANY ,Male,40,4,682,140043.18,1,1,1,184860.4,0,Medium Risk
ACC-103132,Germany,Male,19,10,670,180988.05,2,1,1,162561.39,0,Low Risk
ACC-103133,France,Male,21,8,734,0.0,2,1,0,160869.49,0,Low Risk
ACC-103134,Germany,Male,42,9,609,89094.22,2,0,0,69435.19,0,Medium Risk
ACC-103135,France,Female,35,6,735,142555.55,1,1,1,93430.83,0,Low Risk
ACC-103136,Spain,Female,45,5,711,175491.26,2,1,0,86013.21,0,Low Risk
ACC-103137,France,Male,43,4,724,163414.69,2,1,1,73987.48,0,Low Risk
ACC-103138,France,Male,34,0,510,66657.41,1,1,0,164695.09,1,Medium Risk
ACC-103139,Germany,Male,-27,4,720,165370.44,2,1,0,83018.58,1,Medium Risk
ACC-103140,Spain,Male,26,5,523,147527.14,1,1,0,80023.0,1,Medium Risk
ACC-103141,Spain,Male,36,9,547,51154.17,2,0,0,186753.04,0,Low Risk
ACC-103142,Spain,Female,33,6,762,0.0,2,1,1,99392.92,0,Low Risk
ACC-103143,Germany,Female,37,9,731,39706.8,1,1,1,76260.25,0,Low Risk
ACC-103144,France,Male,51,6,551,170147.45,2,1,1,183943.7,0,Low Risk
ACC-103145,Spain,Female,39,2,850,107530.69,1,1,1,183537.6,1,Low Risk
ACC-103146,Spain,Female,38,3,677,0.0,1,0,0,169502.07,0,Low Risk
ACC-103147,France,Male,40,4,613,0.0,2,0,1,127294.02,0,Low Risk
ACC-103148,France,Female,38,10,664,75440.2,1,1,0,29979.37,0,Low Risk
ACC-103149,France,Male,48,2,579,87181.34,2,1,0,165887.11,0,Low Risk
ACC-103150,Spain,Male,37,8,775,83972.44,1,1,1,145223.94,0,Low Risk
ACC-103151,France,Male,22,8,668,80385.4,1,1,0,43279.65,0,Low Risk
ACC-103152,France,Male,50,1,539,192998.6,1,0,1,187681.22,1,Medium Risk
ACC-103153,France,Female,25,1,579,174486.87,1,0,0,131992.82,0,Medium Risk
ACC-103154,Spain,Female,44,6,636,0.0,2,1,1,33554.27,0,Low Risk
ACC-103155,France,Male,57,10,688,69325.12,1,1,0,132760.55,1,Medium Risk
ACC-103156,France,Female,42,9,627,43649.48,1,1,1,137462.9,1,Low Risk
ACC-103157,France,Female,46,7,700,149936.34,2,1,0,141091.2,0,Low Risk
ACC-103158,Spain,Male,36,7,573,49730.42,1,0,0,149775.8,0,Low Risk
ACC-103159,Germany,Female,45,4,522,161440.78,2,1,1,173512.73,0,Low Risk
ACC-103160,France,Male,29,4,746,168564.59,2,1,0,39016.21,0,Low Risk
ACC-103161,Spain,Female,44,6,746,88863.99,2,0,0,115039.09,0,Low Risk
ACC-103162,France,Male,49,1,670,34825.44,1,1,0,26603.14,1,Medium Risk
ACC-103163,Germany,Male,31,4,704,78684.67,1,1,0,170508.75,0,Medium Risk
ACC-103164,Germany,Male,65,2,512,50501.91,2,0,1,141880.0,0,Low Risk
ACC-103165,France,Male,27,5,524,40875.9,1,1,0,187188.22,1,Low Risk
ACC-103166,Spain,Male,49,7,583,0.0,1,1,0,179807.71,0,Medium Risk
ACC-103167,France,Female,18,7,679,0.0,1,1,1,57881.3,0,Low Risk
ACC-103168,France,Male,38,2,747,32788.88,1,0,0,49556.67,1,Low Risk
ACC-103169,France,Male,35,3,776,46897.04,1,0,1,180540.15,1,Low Risk
ACC-103170,Germany,Female,45,3,744,61071.28,1,1,1,117754.75,1,Medium Risk
ACC-103171,Spain,Male,27,10,665,0.0,2,1,0,27807.55,0,Low Risk
ACC-103172,Germany,Female,24,6,725,62377.06,1,0,0,112831.23,0,Medium Risk
ACC-103173,Germany,Female,29,1,604,81428.44,2,1,1,71085.19,0,Low Risk
ACC-103174,France,Male,69,6,767,106714.9,2,0,1,34165.77,0,Low Risk
ACC-103175,Spain,Male,48,4,621,86023.58,1,1,1,94990.78,1,Low Risk
ACC-103176,Germany,Female,34,4,613,55258.43,1,1,1,146625.0,1,Low Risk
ACC-103177,Spain,Male,34,1,513,0.0,1,1,1,35348.22,0,Low Risk
ACC-103178,France,Female,52,2,520,149259.31,1,1,1,99696.32,0,Medium Risk
ACC-103179,France,Female,35,2,772,168422.95,1,0,1,42743.55,1,Low Risk
ACC-103180,France,Female,18,10,610,108807.4,1,1,0,160818.22,0,Medium Risk
ACC-103181,Spain,Male,34,10,651,0.0,2,1,1,58923.13,0,Low Risk
ACC-103182,France,Male,31,6,702,131652.67,1,1,0,33207.52,0,Medium Risk
ACC-103183,France,Female,26,5,689,185432.79,1,1,1,82977.69,0,Low Risk
ACC-103184,Germany,Male,28,4,655,30442.48,2,1,1,,0,Low Risk
ACC-103185,France,Male,40,7,678,71773.19,2,0,0,53446.82,0,Low Risk
ACC-103186,France,Male,-37,1,725,159324.72,2,0,0,137335.54,0,Low Risk
ACC-103187,France,Male,40,9,536,137776.08,1,1,1,72820.7,0,Low Risk
ACC-103188,France,Female,49,4,620,57705.26,2,0,0,135831.83,1,Low Risk
ACC-103189,Spain,Female,49,1,646,0.0,1,0,0,68554.28,1,Medium Risk
ACC-103190,Spain,Female,42,6,614,66790.66,2,0,1,42196.06,0,Low Risk
ACC-103191,Germany,Male,47,6,807,37397.74,1,1,1,125963.08,0,Medium Risk
ACC-103192,France,Male,43,9,533,111989.51,2,1,0,187192.97,0,Low Risk
ACC-103193,Spain,Male,40,3,703,165653.39,1,0,1,112041.59,0,Low Risk
ACC-103194,France,Female,48,10,839,82427.32,1,1,0,178236.13,1,Medium Risk
ACC-103195,France,Female,40,8,667,112352.5,1,0,1,97968.6,0,Low Risk
ACC-103196,Germany,Female,39,6,466,177332.81,1,1,0,53176.44,0,Medium Risk
ACC-103197,Spain,Female,22,1,624,100292.51,2,1,1,129650.75,0,Low Risk
ACC-103198,Spain,Male,31,5,736,143954.12,2,1,1,164751.84,1,Low Risk
ACC-103199,Germany,Male,29,8,557,162022.01,2,1,0,187506.53,0,Medium Risk
ACC-103200,France,Female,32,2,559,0.0,2,1,0,193445.79,0,Low Risk
ACC-103201,Spain,Male,31,8,564,58360.08,1,1,0,,0,Low Risk
ACC-103202,France,Male,35,3,676,143128.73,1,1,0,134003.75,1,Medium Risk
ACC-103203,Germany,Male,34,7,709,124117.9,1,1,1,59090.11,0,Medium Risk
ACC-103204,Germany,Male,34,1,648,149836.07,2,1,0,136326.69,1,Medium Risk
ACC-103205,France,Male,43,8,795,0.0,2,1,1,59669.99,0,Low Risk
ACC-103206,Germany,Female,47,1,719,42214.65,1,0,0,186791.07,1,High Risk
ACC-103207,Spain,Female,51,7,584,53962.78,2,1,0,136909.0,0,Low Risk
ACC-103208,France,Female,41,10,850,0.0,2,0,1,81040.79,0,Low Risk
ACC-103209,Germany,Female,-50,4,640,132114.43,1,1,0,93464.37,1,High Risk
ACC-103210,France,Male,29,6,643,105185.76,1,1,0,72115.39,0,Medium Risk
ACC-103211,Germany,Male,48,9,599,41830.87,1,0,0,180705.29,0,Medium Risk
ACC-103212,France,Female,38,9,625,177114.3,2,0,1,189695.68,1,Low Risk
ACC-103213,France,Female,46,7,562,0.0,1,0,0,92370.42,1,Medium Risk
ACC-103214,Germany,Female,26,8,560,145935.27,2,1,1,38731.8,0,Low Risk
ACC-103215,France,Male,37,0,807,146860.6,2,1,0,134616.11,0,Low Risk
ACC-103216,Germany,Male,47,8,670,180539.83,2,0,1,145463.67,1,Low Risk
ACC-103217,France,Male,21,3,693,150648.02,2,1,1,106094.77,0,Low Risk
ACC-103218,Spain,Male,44,5,696,0.0,2,0,1,39480.7,0,Low Risk
ACC-103219,Spain,Male,48,10,436,0.0,1,1,1,73144.03,0,Low Risk
ACC-103220,France,Female,37,9,671,81570.22,3,1,0,125986.91,1,High Risk
ACC-103221,Spain,Male,23,4,613,32118.91,2,1,0,143964.9,0,Low Risk
ACC-103222,France,Male,52,6,670,180694.58,2,1,1,94425.58,0,Low Risk
ACC-103223,France,Male,25,3,643,90730.78,1,0,1,41902.7,0,Low Risk
ACC-103224,France,Male,37,7,764,58732.77,1,0,1,46912.51,0,Low Risk
ACC-103225,Spain,Male,63,3,559,89038.12,1,1,1,52919.84,0,Low Risk
ACC-103226,France,Female,26,4,506,0.0,2,1,1,34471.43,0,Low Risk
ACC-103227,Germany,Male,46,10,570,86530.66,1,0,1,194119.01,1,Medium Risk
ACC-103228,France,Female,36,2,736,136726.09,2,1,1,82831.81,0,Low Risk
ACC-103229,France,Female,26,7,528,90897.21,2,0,1,24027.63,0,Low Risk
ACC-103230,Germany,Male,34,3,610,175898.27,1,1,0,106958.88,1,Medium Risk
ACC-103231,Spain,Female,20,6,644,71280.49,2,1,1,182539.36,0,Low Risk
ACC-103232,France,Female,41,3,795,126031.64,2,1,0,115936.21,0,Low Risk
ACC-103233,Germany,Female,46,3,745,111050.62,2,1,0,59784.81,0,Medium Risk
ACC-103234,France,Female,45,6,597,112829.14,1,0,0,135798.58,1,Medium Risk
ACC-103235,France,Male,46,6,675,0.0,2,1,0,47174.14,0,Low Risk
ACC-103236,France,Female,32,2,613,78626.49,4,1,0,127777.4,0,High Risk
ACC-103237,France,Male,41,7,727,91817.96,2,1,0,39231.68,1,Low Risk
ACC-103238,France,Male,26,2,648,186536.14,2,1,0,99322.87,1,Low Risk
ACC-103239,Germany,Female,50,8,517,80824.28,2,0,0,115548.38,0,Medium Risk
ACC-103240,Spain,Female,37,8,714,0.0,1,1,0,38053.55,0,Low Risk
ACC-103241,Germany,Female,31,0,635,185612.95,2,0,1,172065.8,0,Low Risk
ACC-103242,France,Female,34,2,850,0.0,1,1,1,110689.69,0,Low Risk
ACC-103243,France,Male,50,6,631,0.0,1,1,1,182712.74,1,Low Risk
ACC-103244,Germany,Female,30,0,579,89795.15,1,1,1,51652.35,0,Medium Risk
ACC-103245,France,Female,37,3,757,91012.69,2,0,0,136563.28,1,Low Risk
ACC-103246,Spain,Male,54,4,647,121159.91,1,1,0,194433.48,0,Medium Risk
ACC-103247,France,Male,33,9,686,0.0,1,1,0,116525.53,0,Low Risk
ACC-103248,Germany,Male,24,5,748,116374.16,2,1,0,160387.45,1,Medium Risk
ACC-103249,France,Female,54,5,678,34869.15,2,1,1,72085.29,0,Low Risk
ACC-103250,France,Female,34,0,630,0.0,2,1,1,94662.5,0,Low Risk
ACC-103251,France,Male,20,2,519,93380.03,2,1,1,,0,Low Risk
ACC-103252,France,Female,20,7,686,0.0,2,0,0,,1,Low Risk
ACC-103253,Spain,Male,41,4,761,97796.7,1,1,0,56810.61,0,Medium Risk
ACC-103254,France,Female,23,10,694,0.0,2,0,1,119365.02,0,Low Risk
ACC-103255,France,Male,48,8,476,150597.25,1,0,0,117909.03,1,Medium Risk
ACC-103256,FRANCE ,Female,30,3,781,59142.79,2,0,0,40409.31,0,Low Risk
ACC-103257,Germany,Female,53,7,634,138896.14,1,1,1,118232.64,0,Medium Risk
ACC-103258,Germany,Female,45,4,747,97779.03,2,1,0,60590.0,1,Medium Risk
ACC-103259,Germany,Male,31,3,595,168874.31,2,1,0,,0,Medium Risk
ACC-103260,Spain,Male,28,1,459,0.0,2,1,0,59168.05,0,Low Risk
ACC-103261,France,Female,41,5,756,47390.3,1,1,0,39099.13,0,Medium Risk
ACC-103262,Germany,Male,40,9,748,175206.05,2,1,0,96010.57,0,Medium Risk
ACC-103263,France,Male,19,0,527,122620.91,1,1,0,127987.38,0,Medium Risk
ACC-103264,France,Female,51,5,657,0.0,1,1,1,30458.19,0,Low Risk
ACC-103265,France,Female,45,1,720,53906.66,1,1,1,119728.53,1,Low Risk
ACC-103266,Spain,Female,37,10,529,0.0,3,1,1,63142.49,1,Medium Risk
ACC-103267,Spain,Male,35,10,622,142669.37,1,1,0,178546.25,0,Medium Risk
ACC-103268,France,Male,36,7,700,32658.83,1,1,1,175851.37,0,Low Risk
ACC-103269,France,Male,37,1,598,147154.74,1,1,0,185484.31,1,Medium Risk
ACC-103270,Spain,Male,34,6,715,0.0,2,1,0,135713.98,0,Low Risk
ACC-103271,France,Male,34,3,520,40578.83,2,1,0,,0,Low Risk
ACC-103272,France,Male,57,1,659,103366.81,2,1,1,25626.13,0,Low Risk
ACC-103273,France,Female,27,6,748,0.0,2,1,0,162936.02,1,Low Risk
ACC-103274,Germany,Female,54,4,478,181219.74,2,0,0,115846.69,1,Medium Risk
ACC-103275,Spain,Female,34,10,718,0.0,2,1,0,114965.37,0,Low Risk
ACC-103276,Germany,Female,34,1,634,59392.39,1,1,0,95316.83,0,Medium Risk
ACC-103277,France,Female,35,5,840,108306.6,2,0,0,85283.94,0,Low Risk
ACC-103278,Spain,Female,40,1,706,0.0,1,1,1,153005.21,1,Low Risk
ACC-103279,France,Male,43,1,638,115313.66,1,1,0,191380.24,0,Medium Risk
ACC-103280,Germany,Female,43,10,655,145084.75,1,1,1,165189.98,0,Medium Risk
ACC-103281,France,Male,38,10,469,156976.75,2,1,1,52509.44,0,Low Risk
ACC-103282,Germany,Male,32,2,665,29359.97,1,1,0,,0,Medium Risk
ACC-103283,France,Male,37,8,657,0.0,4,1,0,24815.21,1,High Risk
ACC-103284,Germany,Male,24,3,616,38314.84,1,1,1,120439.6,0,Low Risk
ACC-103285,Germany,Female,46,5,601,186269.4,2,1,1,32359.54,0,Low Risk
ACC-103286,Spain,Male,41,8,618,166681.9,1,1,1,88719.79,1,Low Risk
ACC-103287,Germany,Female,28,6,542,159408.76,1,1,1,65295.99,0,Medium Risk
ACC-103288,Spain,Female,37,1,567,127109.98,2,1,0,158197.43,1,Low Risk
ACC-103289,France,Male,43,4,721,122761.76,2,1,1,63144.43,0,Low Risk
ACC-103290,Germany,Female,18,0,600,113058.62,2,1,0,35469.04,0,Medium Risk
ACC-103291,Germany,Female,21,6,617,80650.81,1,0,1,73823.66,0,Low Risk
ACC-103292,Germany,Male,51,1,676,27043.24,1,1,1,174441.85,1,Medium Risk
ACC-103293,Spain,Female,34,4,619,149749.84,2,0,1,43286.12,0,Low Risk
ACC-103294,France,Female,49,5,572,140702.46,1,1,1,147178.14,0,Low Risk
ACC-103295,France,Female,27,3,616,84874.63,1,1,1,77469.0,0,Low Risk
ACC-103296,Spain,Male,47,6,695,39476.67,1,0,1,101526.76,1,Low Risk
ACC-103297,Germany,Male,45,6,616,149442.4,2,1,0,24752.99,0,Medium Risk
ACC-103298,France,Male,40,10,607,0.0,2,1,0,93425.36,0,Low Risk
ACC-103299,France,Female,23,9,616,0.0,2,1,0,140701.99,0,Low Risk
ACC-103300,France,Male,24,9,775,57224.06,1,1,0,85622.38,1,Low Risk
ACC-103301,France,Female,56,7,606,117942.65,2,1,1,147987.47,0,Low Risk
ACC-103302,France,Female,23,5,737,98160.29,1,0,1,128327.48,0,Low Risk
ACC-103303,Germany,Female,56,6,660,153785.06,1,0,1,123827.24,1,Medium Risk
ACC-103304,France,Male,43,8,718,96108.98,2,1,1,185656.86,0,Low Risk
ACC-103305,France,Male,35,2,572,73151.04,2,1,0,90425.89,0,Low Risk
ACC-103306,Germany,Male,28,10,492,89780.82,1,1,0,138624.69,1,Medium Risk
ACC-103307,France,Female,33,6,732,50805.55,1,1,1,137374.33,1,Low Risk
ACC-103308,France,Male,41,9,745,0.0,1,1,0,75758.8,0,Medium Risk
ACC-103309,Spain,Male,46,7,636,0.0,2,0,1,113172.62,0,Low Risk
ACC-103310,France,Female,25,4,617,0.0,1,0,0,126038.71,0,Low Risk
ACC-103311,Germany,Male,25,6,678,48768.58,2,1,0,154701.94,0,Low Risk
ACC-103312,France,Female,28,10,663,123391.05,3,1,1,84586.76,0,High Risk
ACC-103313,Germany,Female,25,10,683,68605.17,1,0,1,44155.25,0,Low Risk
ACC-103314,Spain,Male,43,8,525,194770.06,2,1,1,,0,Low Risk
ACC-103315,Spain,Male,27,3,637,48497.65,1,1,1,95921.18,0,Low Risk
ACC-103316,France,Male,58,6,543,171961.17,4,1,0,76785.95,1,High Risk
ACC-103317,Spain,Female,18,4,630,0.0,2,0,1,50806.91,0,Low Risk
ACC-103318,France,Female,50,8,543,132898.07,1,0,1,126886.99,1,Low Risk
ACC-103319,France,Female,36,4,538,0.0,1,0,1,55010.98,1,Low Risk
ACC-103320,Spain,Female,26,1,624,129371.49,1,1,0,78790.6,0,Medium Risk
ACC-103321,France,Female,24,10,667,0.0,1,1,0,138458.35,0,Low Risk
ACC-103322,France,Female,36,5,777,178258.2,1,1,0,28203.66,1,Medium Risk
ACC-103323,Spain,Female,41,5,630,94245.18,1,1,1,53724.76,0,Low Risk
ACC-103324,France,Male,30,9,568,41770.58,1,1,0,39711.94,0,Low Risk
ACC-103325,Spain,Female,25,1,648,0.0,1,0,1,128235.64,0,Low Risk
ACC-103326,France,Female,56,1,702,53929.76,2,1,1,109150.43,0,Low Risk
ACC-103327,France,Female,42,4,677,112277.12,1,1,1,104537.98,0,Low Risk
ACC-103328,France,Female,29,1,588,67901.86,2,1,0,150196.65,0,Low Risk
ACC-103329,France,Female,42,8,653,75965.33,1,0,0,183561.48,1,Medium Risk
ACC-103330,France,Female,39,3,683,95004.4,2,1,0,158138.57,0,Low Risk
ACC-103331,France,Female,38,8,617,40904.47,1,0,1,192586.55,0,Low Risk
ACC-103332,France,Male,29,9,698,0.0,4,1,0,144958.46,1,High Risk
ACC-103333,France,Female,53,4,489,164046.73,1,1,0,140664.19,1,Medium Risk
ACC-103334,Germany,Female,34,10,682,157428.8,2,0,1,30785.59,0,Low Risk
ACC-103335,France,Male,43,8,570,121034.7,2,1,0,61596.69,0,Low Risk
ACC-103336,Germany,Male,37,1,808,151222.92,2,1,1,117807.09,1,Low Risk
ACC-103337,Germany,Male,21,2,532,98141.89,3,0,1,87334.48,1,High Risk
ACC-103338,France,Male,33,0,656,131907.53,2,0,1,54753.87,0,Low Risk
ACC-103339,Germany,Male,41,8,651,55498.56,1,1,0,160523.23,1,Medium Risk
ACC-103340,Spain,Female,32,8,752,87004.54,1,1,0,136137.64,0,Low Risk
ACC-103341,Spain,Male,42,3,612,171111.04,1,1,1,116632.9,1,Low Risk
ACC-103342,France,Male,33,1,634,170401.8,2,1,1,163673.48,0,Low Risk
ACC-103343,Germany,Female,42,1,663,58939.53,2,1,0,24487.81,0,Medium Risk
ACC-103344,France,Male,26,1,694,73469.65,2,1,1,83020.22,0,Low Risk
ACC-103345,Spain,Male,35,2,714,61142.01,2,1,0,73909.79,0,Low Risk
ACC-103346,Germany,Female,45,7,586,71603.43,2,1,0,170034.84,1,Medium Risk
ACC-103347,Spain,Male,47,7,605,172565.06,1,0,1,111516.21,0,Low Risk
ACC-103348,France,Female,45,4,662,148355.49,1,1,0,67676.51,1,Medium Risk
ACC-103349,GERMANY ,Male,35,2,740,72997.83,1,1,0,161528.61,1,Medium Risk
ACC-103350,France,Female,36,10,511,79755.14,2,1,0,122110.75,0,Low Risk
ACC-103351,France,Female,46,4,534,75893.04,1,1,0,172759.51,0,Medium Risk
ACC-103352,Germany,Female,42,4,568,65779.44,2,1,0,50985.05,0,Medium Risk
ACC-103353,France,Female,48,9,746,35304.87,2,1,0,101483.06,0,Low Risk
ACC-103354,France,Male,43,3,714,55816.08,2,1,0,122722.63,1,Low Risk
ACC-103355,France,Male,29,2,758,142324.66,2,1,1,23785.06,0,Low Risk
ACC-103356,Spain,Male,42,0,712,0.0,1,1,1,145036.69,0,Low Risk
ACC-103357,France,Male,35,9,589,56283.52,2,1,1,47594.85,0,Low Risk
ACC-103358,GERMANY ,Male,46,10,617,166105.43,2,1,1,107650.87,0,Low Risk
ACC-103359,Spain,Male,46,9,722,80195.77,3,1,1,129291.93,1,High Risk
ACC-103360,Spain,Male,38,6,657,0.0,1,1,0,150447.27,1,Low Risk
ACC-103361,France,Male,25,3,555,141299.06,1,1,0,43247.4,0,Medium Risk
ACC-103362,France,Male,48,4,534,193959.5,1,0,0,128769.72,0,Medium Risk
ACC-103363,Germany,Male,32,0,727,52101.37,1,1,1,149114.95,1,Medium Risk
ACC-103364,Germany,Male,34,7,611,154528.64,1,1,0,82703.02,1,Medium Risk
ACC-103365,Germany,Male,41,8,519,61150.67,1,0,0,47418.77,1,Medium Risk
ACC-103366,France,Male,59,3,736,172473.14,2,0,0,45230.88,0,Medium Risk
ACC-103367,France,Male,42,0,800,165724.47,1,1,0,75916.11,1,Medium Risk
ACC-103368,France,Female,52,3,615,86731.18,1,0,1,130558.28,0,Low Risk
ACC-103369,France,Female,29,0,573,47370.1,2,0,1,43000.09,0,Low Risk
ACC-103370,France,Female,39,3,638,103651.74,3,1,0,68671.36,1,High Risk
ACC-103371,Germany,Female,38,0,792,114394.23,2,1,0,23207.64,0,Medium Risk
ACC-103372,Spain,Male,-38,10,754,126024.69,2,1,1,43301.65,0,Low Risk
ACC-103373,Spain,Female,41,2,686,0.0,2,0,0,72427.97,0,Low Risk
ACC-103374,Germany,Male,51,4,629,114467.5,2,1,1,55562.31,0,Medium Risk
ACC-103375,Spain,Male,28,8,622,0.0,2,0,1,70281.48,0,Low Risk
ACC-103376,Germany,Female,24,2,628,52728.38,1,1,0,161727.11,0,Medium Risk
ACC-103377,GERMANY ,Male,28,2,850,82968.26,2,1,1,156321.75,0,Low Risk
ACC-103378,Germany,Male,42,2,536,91499.28,3,0,1,77895.66,1,High Risk
ACC-103379,France,Female,39,4,624,0.0,1,1,0,72563.41,0,Low Risk
ACC-103380,Spain,Female,42,9,696,0.0,2,1,0,67076.74,0,Low Risk
ACC-103381,France,Male,-41,4,726,0.0,1,0,0,147245.76,0,Medium Risk
ACC-103382,Germany,Male,40,9,666,132583.09,2,1,0,102271.86,0,Medium Risk
ACC-103383,France,Male,40,7,533,53422.1,1,1,1,137590.0,0,Low Risk
ACC-103384,France,Female,34,7,657,69968.91,1,1,0,177165.66,0,Low Risk
ACC-103385,France,Male,41,4,435,0.0,1,1,1,121694.93,1,Low Risk
ACC-103386,Spain,Male,40,6,666,53670.01,1,1,0,71122.31,0,Low Risk
ACC-103387,France,Male,49,1,691,89564.65,2,1,0,53375.24,1,Low Risk
ACC-103388,Spain,Female,37,9,378,34832.23,2,1,0,89732.49,1,Low Risk
ACC-103389,Germany,Male,35,1,703,99190.4,1,1,0,173159.12,0,Medium Risk
ACC-103390,France,Female,32,3,801,0.0,1,0,0,69921.13,0,Low Risk
ACC-103391,Spain,Female,51,4,534,0.0,1,1,1,85055.39,0,Low Risk
ACC-103392,Germany,Female,43,0,565,37085.09,1,1,1,68242.98,0,Medium Risk
ACC-103393,Spain,Male,35,8,689,114260.89,1,1,1,122163.38,1,Low Risk
ACC-103394,Spain,Male,49,3,429,0.0,2,0,0,59628.06,0,Low Risk
ACC-103395,Germany,Female,47,0,617,135472.12,2,1,0,124381.34,0,Medium Risk
ACC-103396,France,Female,28,3,767,0.0,1,1,0,59070.75,0,Low Risk
ACC-103397,Germany,Male,18,5,644,185600.07,1,0,1,25192.65,0,Medium Risk
ACC-103398,Spain,Male,34,9,578,101093.3,1,1,0,160849.44,0,Medium Risk
ACC-103399,Spain,Female,18,9,646,0.0,1,0,1,68951.38,0,Low Risk
ACC-103400,France,Female,43,9,635,0.0,1,1,1,47020.81,0,Low Risk
ACC-103401,Spain,Female,32,1,703,0.0,1,1,0,41893.9,1,Medium Risk
ACC-103402,France,Male,44,5,600,38580.26,2,0,0,103377.48,0,Low Risk
ACC-103403,Germany,Female,49,2,626,83754.57,1,1,1,108934.47,0,Medium Risk
ACC-103404,Germany,Female,46,3,645,133509.17,2,1,1,161433.0,0,Low Risk
ACC-103405,Germany,Female,46,0,620,67100.01,1,1,0,71008.96,1,High Risk
ACC-103406,France,Male,44,7,617,171541.91,1,1,0,43414.56,0,Medium Risk
ACC-103407,Germany,Male,48,2,605,33861.16,2,1,0,102427.0,0,Medium Risk
ACC-103408,France,Male,28,3,490,0.0,2,0,0,43957.42,1,Low Risk
ACC-103409,Spain,Male,27,0,631,97910.85,1,1,0,51468.13,1,Medium Risk
ACC-103410,France,Male,46,5,812,145814.62,2,1,0,26468.88,0,Low Risk
ACC-103411,Germany,Female,34,2,795,170893.7,2,1,0,84840.93,0,Medium Risk
ACC-103412,Spain,Male,35,1,583,105805.56,1,0,0,134783.09,0,Medium Risk
ACC-103413,France,Female,44,7,712,0.0,2,0,1,108742.23,0,Low Risk
ACC-103414,Spain,Male,54,7,635,32747.51,2,1,1,98256.43,1,Low Risk
ACC-103415,Spain,Male,34,1,502,172201.08,1,1,1,184338.81,0,Low Risk
ACC-103416,Spain,Female,43,8,748,112721.66,2,1,0,62418.27,0,Low Risk
ACC-103417,Spain,Male,26,9,573,0.0,2,1,1,114411.22,0,Low Risk
ACC-103418,France,Female,27,1,659,33036.51,1,1,1,64465.54,0,Low Risk
ACC-103419,Spain,Female,40,4,463,172362.52,1,1,0,192927.68,1,Medium Risk
ACC-103420,France,Female,60,5,604,114990.17,1,1,1,119752.0,1,Medium Risk
ACC-103421,France,Female,33,5,850,0.0,1,0,1,86896.19,0,Low Risk
ACC-103422,Spain,Male,38,0,684,165876.19,2,1,1,144252.17,0,Low Risk
ACC-103423,Germany,Male,33,9,420,166411.61,2,1,0,142519.46,1,Medium Risk
ACC-103424,France,Male,18,8,604,0.0,1,1,0,87140.87,1,Low Risk
ACC-103425,France,Female,33,0,648,0.0,3,1,0,,1,High Risk
ACC-103426,Germany,Male,48,7,697,130460.86,1,1,0,70734.25,1,High Risk
ACC-103427,Spain,Male,43,10,606,58586.99,2,1,1,33525.37,0,Low Risk
ACC-103428,Spain,Male,28,3,701,56682.69,2,0,0,128048.71,0,Low Risk
ACC-103429,Spain,Male,23,5,678,65864.16,1,1,0,172545.28,0,Low Risk
ACC-103430,France,Male,29,6,751,193042.17,1,1,1,108102.58,0,Low Risk
ACC-103431,France,Male,36,1,694,107575.57,2,1,0,,0,Low Risk
ACC-103432,Spain,Female,36,8,649,78671.4,1,1,0,98993.1,0,Low Risk
ACC-103433,France,Male,45,7,525,0.0,2,0,0,108877.26,0,Low Risk
ACC-103434,FRANCE ,Female,30,5,719,179010.48,2,1,1,65476.45,0,Low Risk
ACC-103435,Spain,Male,59,2,848,62319.26,2,1,1,66268.69,0,Low Risk
ACC-103436,Germany,Female,44,8,682,29659.69,1,1,1,172999.97,0,Medium Risk
ACC-103437,France,Female,32,3,626,109739.96,1,1,0,31419.78,0,Medium Risk
ACC-103438,France,Female,44,3,573,111007.25,2,0,1,84200.81,0,Low Risk
ACC-103439,Spain,Male,46,0,581,67884.51,3,0,0,122359.96,1,High Risk
ACC-103440,France,Female,36,5,687,41354.82,1,0,0,128584.06,0,Low Risk
ACC-103441,Spain,Female,56,5,671,178327.29,2,1,0,146191.09,0,Medium Risk
ACC-103442,France,Female,21,1,850,0.0,1,1,0,151414.45,0,Medium Risk
ACC-103443,France,Female,39,10,677,131126.94,2,1,0,,0,Low Risk
ACC-103444,Germany,Female,26,5,634,66338.35,1,1,1,107156.23,0,Low Risk
ACC-103445,Spain,Male,42,9,603,145338.57,1,1,0,160222.51,1,Medium Risk
ACC-103446,France,Female,-39,9,474,0.0,2,1,0,,0,Low Risk
ACC-103447,Germany,Female,25,9,738,67935.55,1,0,1,77647.52,0,Low Risk
ACC-103448,Germany,Male,30,7,522,39408.76,1,1,0,98315.69,1,Medium Risk
ACC-103449,Germany,Female,40,2,598,153230.47,2,1,1,66637.83,0,Low Risk
ACC-103450,FRANCE ,Female,59,3,481,92541.53,1,1,1,175459.96,0,Low Risk
ACC-103451,Spain,Male,20,2,625,0.0,1,1,1,24141.71,0,Low Risk
ACC-103452,Germany,Male,32,10,650,151321.43,1,1,0,129879.38,1,Medium Risk
ACC-103453,FRANCE ,Female,34,1,645,0.0,1,1,1,36536.88,0,Low Risk
ACC-103454,France,Male,26,10,536,177263.33,1,0,1,183946.92,0,Low Risk
ACC-103455,France,Female,34,2,695,137077.65,1,1,1,181257.69,1,Low Risk
ACC-103456,Spain,Female,39,1,548,0.0,1,1,0,146446.5,1,Medium Risk
ACC-103457,France,Male,31,2,659,185229.76,2,1,0,43047.0,0,Low Risk
ACC-103458,France,Male,37,7,670,148329.02,1,0,1,107914.36,0,Low Risk
ACC-103459,France,Female,43,7,615,56962.02,1,1,1,77459.32,0,Low Risk
ACC-103460,France,Male,45,7,701,37315.94,1,0,1,89807.38,1,Low Risk
ACC-103461,France,Female,18,9,660,0.0,2,1,1,186881.52,0,Low Risk
ACC-103462,Germany,Male,26,0,565,43655.71,1,1,0,94528.41,1,Medium Risk
ACC-103463,Germany,Female,42,6,655,59911.28,1,0,1,188322.77,0,Medium Risk
ACC-103464,Spain,Female,32,8,737,183555.48,2,1,0,109733.37,0,Low Risk
ACC-103465,France,Female,55,3,599,0.0,2,1,1,115630.53,0,Low Risk
ACC-103466,France,Female,45,2,629,112090.5,2,1,0,119478.95,0,Low Risk
ACC-103467,France,Male,27,4,687,103122.16,2,0,0,67907.06,1,Low Risk
ACC-103468,France,Male,41,2,598,193320.15,1,1,1,187346.32,0,Low Risk
ACC-103469,France,Female,55,0,554,142568.19,2,1,0,172551.1,1,Medium Risk
ACC-103470,Germany,Female,47,4,560,174301.69,1,1,0,108081.96,1,High Risk
ACC-103471,France,Female,40,2,627,106224.66,1,0,0,98159.91,0,Medium Risk
ACC-103472,Spain,Male,36,1,735,0.0,1,1,1,144023.66,0,Low Risk
ACC-103473,France,Female,45,3,708,153001.1,1,1,0,60277.56,1,Medium Risk
ACC-103474,Spain,Male,45,4,629,0.0,2,0,1,,0,Low Risk
ACC-103475,France,Female,39,3,576,30024.81,2,1,0,106861.29,0,Low Risk
ACC-103476,France,Female,33,0,636,0.0,3,1,1,122972.2,1,High Risk
ACC-103477,France,Male,29,4,664,123003.85,1,0,1,26180.49,0,Low Risk
ACC-103478,France,Male,45,9,672,118415.93,1,1,1,146767.79,0,Low Risk
ACC-103479,Germany,Male,33,4,712,120192.48,2,1,0,,0,Medium Risk
ACC-103480,France,Male,45,9,577,142430.33,2,0,0,96430.02,0,Low Risk
ACC-103481,France,Female,51,2,623,84482.56,1,1,1,78806.07,1,Low Risk
ACC-103482,Spain,Male,44,9,543,0.0,1,1,0,29886.48,0,Medium Risk
ACC-103483,France,Male,57,2,679,0.0,1,1,1,129151.83,0,Low Risk
ACC-103484,Germany,Female,43,4,610,80045.32,1,0,0,165077.38,0,Medium Risk
ACC-103485,France,Male,-39,10,664,0.0,2,0,1,77762.23,0,Low Risk
ACC-103486,Germany,Female,20,6,628,153347.06,2,0,1,78691.11,0,Low Risk
ACC-103487,France,Female,33,5,503,146642.63,2,1,0,182974.17,0,Low Risk
ACC-103488,Spain,Female,32,9,812,0.0,2,0,0,187877.71,1,Low Risk
ACC-103489,France,Female,32,6,795,0.0,1,0,0,190196.77,0,Low Risk
ACC-103490,Germany,Female,52,5,612,167147.28,2,0,1,114147.13,1,Medium Risk
ACC-103491,Spain,Female,23,7,523,30297.22,2,0,0,151087.36,1,Low Risk
ACC-103492,Spain,Female,37,9,724,145189.5,2,1,0,133761.51,0,Low Risk
ACC-103493,France,Male,34,7,647,168805.58,1,1,0,140141.83,0,Medium Risk
ACC-103494,France,Female,46,2,692,0.0,2,1,1,,0,Low Risk
ACC-103495,France,Female,24,4,559,177029.63,2,0,1,55571.15,0,Low Risk
ACC-103496,France,Female,52,1,671,163713.35,2,1,0,136239.58,1,Medium Risk
ACC-103497,Germany,Male,46,8,669,121826.89,1,1,1,170427.18,1,Medium Risk
ACC-103498,Germany,Male,33,8,605,34322.44,2,1,0,177177.58,0,Low Risk
ACC-103499,France,Male,24,2,606,188776.07,2,0,0,105148.89,1,Low Risk
ACC-103500,France,Female,39,7,669,0.0,1,0,0,147803.18,0,Low Risk
ACC-103501,Spain,Female,61,2,647,71562.71,2,1,1,120610.28,0,Low Risk
ACC-103502,Spain,Male,34,5,466,0.0,1,1,0,32407.12,0,Low Risk
ACC-103503,Germany,Male,59,6,706,57058.71,1,1,0,119682.69,1,High Risk
ACC-103504,Spain,Female,29,7,589,0.0,2,0,1,29296.31,0,Low Risk
ACC-103505,Spain,Female,42,7,522,103345.92,2,1,1,31046.85,0,Low Risk
ACC-103506,Spain,Male,32,0,607,184961.75,2,1,0,61889.04,0,Low Risk
ACC-103507,France,Male,45,4,747,137234.99,1,1,1,55540.16,0,Low Risk
ACC-103508,France,Female,52,9,627,173130.29,1,0,0,36382.95,0,Medium Risk
ACC-103509,Germany,Male,19,3,562,161003.74,1,0,1,178752.85,0,Medium Risk
ACC-103510,Spain,Male,33,4,582,0.0,3,1,1,147330.45,0,Medium Risk
ACC-103511,France,Male,54,3,633,143506.6,1,1,1,97110.93,0,Medium Risk
ACC-103512,Spain,Male,35,8,645,133413.27,1,1,0,57057.4,0,Medium Risk
ACC-103513,France,Female,42,1,837,97918.17,1,0,1,104340.27,0,Low Risk
ACC-103514,France,Female,49,7,703,148278.94,2,1,0,147414.18,0,Low Risk
ACC-103515,Germany,Male,35,2,696,107453.86,1,1,1,75081.04,0,Medium Risk
ACC-103516,Spain,Female,37,9,673,73938.7,2,1,1,106324.59,0,Low Risk
ACC-103517,France,Female,44,6,567,0.0,2,1,0,113331.1,0,Low Risk
ACC-103518,Germany,Female,31,1,604,104933.07,2,1,1,132274.07,1,Low Risk
ACC-103519,France,Female,41,6,641,0.0,1,1,0,178510.39,0,Medium Risk
ACC-103520,France,Male,45,0,667,0.0,2,0,0,142735.66,1,Low Risk
ACC-103521,France,Male,28,9,706,123339.33,1,1,0,84473.01,1,Medium Risk
ACC-103522,France,Female,56,3,655,143977.16,1,1,1,86713.72,1,Medium Risk
ACC-103523,Spain,Male,36,3,604,87835.8,1,1,0,168861.76,1,Low Risk
ACC-103524,Spain,Male,28,0,666,120713.04,1,1,0,37443.81,0,Medium Risk
ACC-103525,Germany,Female,18,3,436,134713.36,3,1,0,117165.91,1,High Risk
ACC-103526,Spain,Male,35,4,753,126787.33,2,1,0,83119.83,0,Low Risk
ACC-103527,Spain,Male,33,8,674,189580.83,1,1,1,151424.82,0,Low Risk
ACC-103528,France,Male,50,3,674,0.0,1,1,1,138580.11,1,Low Risk
ACC-103529,France,Male,27,8,720,0.0,4,1,1,127153.77,0,Medium Risk
ACC-103530,France,Female,45,1,685,190638.54,1,0,1,151294.74,1,Medium Risk
ACC-103531,France,Female,35,7,661,80910.91,1,1,0,59219.43,0,Low Risk
ACC-103532,Germany,Female,35,3,651,31393.94,1,1,1,116770.11,0,Low Risk
ACC-103533,France,Female,46,3,583,53143.84,2,0,0,140754.26,0,Low Risk
ACC-103534,France,Male,33,6,595,115840.51,1,1,1,192611.39,0,Low Risk
ACC-103535,Germany,Female,41,1,488,105812.11,1,0,1,161232.19,1,Medium Risk
ACC-103536,France,Male,33,3,746,0.0,3,1,0,169125.46,1,High Risk
ACC-103537,France,Male,34,8,642,0.0,2,1,0,153601.55,0,Low Risk
ACC-103538,France,Female,51,8,558,129985.62,1,1,0,164517.7,1,Medium Risk
ACC-103539,Germany,Female,57,4,751,127125.15,1,1,0,168845.14,1,High Risk
ACC-103540,Germany,Female,38,8,659,127653.06,1,1,0,156103.91,0,Medium Risk
ACC-103541,Germany,Female,40,0,759,92906.87,2,1,1,58356.69,0,Low Risk
ACC-103542,Germany,Male,32,9,752,177606.24,1,1,0,44777.45,1,Medium Risk
ACC-103543,France,Male,25,10,769,0.0,1,1,1,152017.33,0,Low Risk
ACC-103544,Germany,Female,29,2,748,105757.65,2,1,1,172854.28,0,Low Risk
ACC-103545,France,Male,44,3,778,143664.32,2,0,0,69028.86,0,Low Risk
ACC-103546,Germany,Male,37,7,664,43372.04,1,1,1,183167.1,1,Low Risk
ACC-103547,Germany,Male,50,8,602,118769.62,1,0,1,101677.21,0,Medium Risk
ACC-103548,Germany,Male,38,9,481,138408.5,1,1,0,161710.02,0,Medium Risk
ACC-103549,France,Female,29,5,619,122187.94,1,1,0,55643.47,0,Medium Risk
ACC-103550,France,Female,43,7,469,0.0,1,1,0,179418.56,1,Medium Risk
ACC-103551,France,Male,39,4,501,0.0,2,0,0,41154.83,0,Low Risk
ACC-103552,France,Female,-47,7,626,39441.9,1,0,0,112120.23,1,Medium Risk
ACC-103553,Spain,Male,27,10,463,120440.19,1,1,1,121859.09,0,Low Risk
ACC-103554,Germany,Male,37,1,545,38603.88,2,1,0,186125.42,1,Medium Risk
ACC-103555,Germany,Female,47,4,791,114570.59,2,0,0,42667.06,0,Medium Risk
ACC-103556,Spain,Male,37,2,614,172441.65,2,1,1,71732.1,0,Low Risk
ACC-103557,France,Male,42,7,638,82760.22,1,1,0,76234.44,0,Medium Risk
ACC-103558,France,Female,50,10,685,0.0,2,1,0,89870.7,0,Low Risk
ACC-103559,France,Male,42,9,527,143928.96,2,1,1,187033.11,0,Low Risk
ACC-103560,Spain,Female,25,6,621,169534.74,2,1,0,172026.22,1,Low Risk
ACC-103561,Germany,Male,35,8,527,104151.66,2,1,0,188089.02,0,Medium Risk
ACC-103562,France,Male,53,1,639,193910.54,1,1,0,162941.2,1,High Risk
ACC-103563,Germany,Female,38,7,654,178202.16,2,1,1,101503.26,1,Low Risk
ACC-103564,Germany,Female,44,5,633,40533.61,2,0,1,62754.22,1,Low Risk
ACC-103565,France,Female,44,4,672,38055.85,2,1,0,161769.92,0,Low Risk
ACC-103566,France,Male,-27,9,790,194036.08,2,1,0,126201.22,0,Low Risk
ACC-103567,Germany,Male,29,8,530,182067.79,1,1,1,154587.31,1,Medium Risk
ACC-103568,Spain,Female,40,6,619,0.0,1,1,0,120342.11,0,Low Risk
ACC-103569,Spain,Male,41,3,494,0.0,1,1,1,49590.44,0,Low Risk
ACC-103570,Germany,Male,42,5,738,129333.6,1,1,0,145021.66,0,High Risk
ACC-103571,Germany,Female,38,5,575,58520.37,1,1,0,83628.52,0,Medium Risk
ACC-103572,France,Male,18,2,794,0.0,2,1,0,163542.02,0,Low Risk
ACC-103573,France,Female,38,9,616,74537.79,2,1,0,61248.34,0,Low Risk
ACC-103574,Spain,Female,54,4,850,101710.34,1,1,1,,1,Medium Risk
ACC-103575,France,Female,34,1,820,89977.27,1,1,1,128124.45,1,Low Risk
ACC-103576,Germany,Female,26,6,636,186255.09,1,0,1,85736.16,1,Medium Risk
ACC-103577,France,Male,37,2,717,54932.6,2,1,0,66313.71,0,Low Risk
ACC-103578,Spain,Male,63,3,514,0.0,1,0,1,185159.88,0,Low Risk
ACC-103579,Germany,Male,31,0,502,67106.9,2,1,1,182401.0,0,Low Risk
ACC-103580,France,Male,38,5,657,0.0,1,1,1,35199.6,0,Low Risk
ACC-103581,France,Male,42,4,642,0.0,1,1,1,46556.24,0,Low Risk
ACC-103582,Spain,Male,28,6,663,0.0,2,1,1,52915.2,0,Low Risk
ACC-103583,France,Female,31,5,532,170263.33,1,1,0,128306.08,0,Medium Risk
ACC-103584,Spain,Female,25,6,850,96346.82,2,1,1,22540.77,0,Low Risk
ACC-103585,France,Male,61,6,539,0.0,2,1,1,181972.28,1,Low Risk
ACC-103586,Spain,Male,28,4,727,189581.27,1,1,0,191176.18,0,Medium Risk
ACC-103587,France,Male,45,0,610,181791.79,1,1,1,104117.58,0,Medium Risk
ACC-103588,Germany,Male,54,1,730,91723.7,1,1,1,179885.77,0,Medium Risk
ACC-103589,France,Female,40,6,619,31149.14,2,1,0,102649.19,0,Low Risk
ACC-103590,France,Female,60,3,614,0.0,2,0,1,,0,Low Risk
ACC-103591,Germany,Female,46,7,647,98582.28,2,1,1,148145.09,1,Low Risk
ACC-103592,France,Female,50,2,581,36042.88,1,0,0,48876.06,0,Medium Risk
ACC-103593,France,Female,32,8,791,0.0,2,0,1,93892.19,0,Low Risk
ACC-103594,Spain,Female,25,9,731,0.0,2,0,1,115420.23,0,Low Risk
ACC-103595,France,Male,30,7,684,151763.12,2,1,0,54867.3,0,Low Risk
ACC-103596,Spain,Female,36,2,634,0.0,1,1,0,49702.13,0,Low Risk
ACC-103597,Germany,Male,47,10,728,186050.35,3,1,1,73590.97,1,High Risk
ACC-103598,France,Male,38,8,756,150252.08,1,0,1,152417.58,0,Low Risk
ACC-103599,Spain,Male,31,2,661,0.0,1,0,0,117522.72,1,Low Risk
ACC-103600,France,Male,48,9,569,68185.44,2,0,1,80225.1,0,Low Risk
ACC-103601,France,Male,39,4,740,126052.64,2,1,1,103029.7,0,Low Risk
ACC-103602,Germany,Male,37,2,559,86225.83,1,1,0,160098.57,0,Medium Risk
ACC-103603,France,Female,22,6,593,31995.35,1,1,0,26311.62,0,Low Risk
ACC-103604,France,Male,37,3,679,163420.84,2,1,0,160107.04,0,Low Risk
ACC-103605,Spain,Female,34,5,578,0.0,1,0,1,111669.4,1,Low Risk
ACC-103606,Germany,Male,32,9,569,190447.76,2,1,1,154974.0,0,Low Risk
ACC-103607,Spain,Female,40,10,849,0.0,3,0,1,186549.67,0,Medium Risk
ACC-103608,Germany,Male,22,5,678,179452.55,2,1,0,55407.71,0,Medium Risk
ACC-103609,Germany,Male,37,4,652,99023.32,2,1,1,191823.37,0,Low Risk
ACC-103610,Spain,Female,47,4,587,143260.41,1,1,1,119199.0,0,Low Risk
ACC-103611,France,Male,29,3,725,122662.84,1,1,1,164988.23,0,Low Risk
ACC-103612,France,Male,36,4,514,130935.77,2,1,1,49344.06,1,Low Risk
ACC-103613,Germany,Male,40,8,769,191192.14,2,1,0,23066.74,0,Medium Risk
ACC-103614,Spain,Male,53,10,534,0.0,2,1,1,153568.29,0,Low Risk
ACC-103615,Spain,Male,49,2,694,187436.1,1,1,1,61460.45,0,Low Risk
ACC-103616,France,Male,29,7,669,101343.15,1,1,1,108303.54,0,Low Risk
ACC-103617,France,Female,43,8,659,58123.21,3,0,1,49444.08,0,High Risk
ACC-103618,France,Female,35,9,642,34215.81,2,1,1,123091.38,0,Low Risk
ACC-103619,France,Female,39,6,589,124872.83,1,1,0,113119.38,1,Medium Risk
ACC-103620,France,Female,46,5,540,0.0,1,1,1,107874.5,0,Low Risk
ACC-103621,France,Female,29,10,665,128561.3,1,1,0,125240.92,0,Medium Risk
ACC-103622,Germany,Male,39,3,582,112380.82,1,1,0,165942.34,1,Medium Risk
ACC-103623,Spain,Female,58,4,620,153430.37,1,0,1,67854.72,1,Medium Risk
ACC-103624,Spain,Female,36,0,617,0.0,1,1,1,51982.09,0,Low Risk
ACC-103625,Germany,Male,50,1,515,81580.13,1,0,0,135137.01,1,High Risk
ACC-103626,Germany,Male,32,1,786,166209.57,1,1,1,171478.65,0,Medium Risk
ACC-103627,France,Male,31,9,507,172985.44,1,1,0,93960.33,1,Medium Risk
ACC-103628,France,Female,46,6,602,0.0,2,1,1,172918.01,0,Low Risk
ACC-103629,France,Female,54,1,617,151544.99,1,1,0,63697.5,1,High Risk
ACC-103630,Spain,Male,49,7,700,190100.53,1,1,0,146777.7,1,Medium Risk
ACC-103631,Spain,Male,31,3,691,0.0,2,0,1,82944.7,0,Low Risk
ACC-103632,France,Female,23,5,691,184690.32,1,1,1,107634.18,0,Low Risk
ACC-103633,France,Male,47,7,533,0.0,1,0,1,147810.69,0,Low Risk
ACC-103634,France,Male,45,8,605,177790.03,1,1,1,37389.51,0,Low Risk
ACC-103635,Germany,Female,46,0,679,66125.92,2,1,0,155522.49,0,Medium Risk
ACC-103636,Germany,Male,44,4,534,90695.83,2,1,0,181504.96,0,Medium Risk
ACC-103637,Spain,Female,18,9,523,0.0,1,0,0,49739.52,0,Low Risk
ACC-103638,France,Male,29,3,661,191224.56,2,0,1,129790.56,0,Low Risk
ACC-103639,France,Female,38,0,850,0.0,2,0,1,172883.72,0,Low Risk
ACC-103640,Germany,Male,44,0,503,43704.9,1,1,1,54067.9,1,Medium Risk
ACC-103641,Germany,Male,40,0,722,33397.61,2,1,1,62826.11,1,Low Risk
ACC-103642,France,Female,40,5,678,139464.55,1,0,0,170834.27,0,Medium Risk
ACC-103643,France,Female,32,6,636,105684.39,2,0,0,57565.15,0,Low Risk
ACC-103644,Germany,Male,33,6,591,147248.22,1,1,1,121256.92,0,Medium Risk
ACC-103645,France,Male,47,5,680,96827.56,1,1,1,180759.6,0,Low Risk
ACC-103646,FRANCE ,Male,43,2,793,0.0,1,0,1,84678.99,0,Low Risk
ACC-103647,Spain,Male,37,7,809,73215.21,1,1,0,112947.62,1,Low Risk
ACC-103648,France,Female,48,8,576,52302.25,1,1,1,75852.79,1,Low Risk
ACC-103649,France,Female,42,8,626,54692.56,1,1,1,113655.93,1,Low Risk
ACC-103650,Spain,Female,49,0,731,193677.09,2,1,1,,0,Low Risk
ACC-103651,Germany,Male,44,1,620,144061.24,1,0,0,139046.69,1,High Risk
ACC-103652,Germany,Female,36,8,647,84158.69,2,1,1,113227.28,0,Low Risk
ACC-103653,Germany,Male,29,6,628,175699.07,3,1,1,,0,High Risk
ACC-103654,Germany,Female,21,0,568,140492.07,2,1,0,159316.64,0,Medium Risk
ACC-103655,France,Female,32,6,590,0.0,1,1,0,172707.34,1,Low Risk
ACC-103656,Spain,Female,18,3,762,103648.9,1,1,0,51696.56,1,Medium Risk
ACC-103657,France,Female,51,2,693,162931.72,2,0,1,75506.84,0,Low Risk
ACC-103658,Germany,Male,46,1,518,170464.8,2,1,1,106016.86,0,Medium Risk
ACC-103659,Germany,Female,35,3,696,116965.48,2,1,0,81288.08,0,Medium Risk
ACC-103660,Germany,Female,40,5,755,70257.37,1,1,1,67692.33,0,Low Risk
ACC-103661,France,Male,42,3,609,0.0,2,1,1,167050.88,0,Low Risk
ACC-103662,Spain,Female,25,10,693,0.0,1,0,0,83287.59,0,Low Risk
ACC-103663,Spain,Male,51,7,716,171937.41,1,1,1,59975.33,0,Medium Risk
ACC-103664,France,Male,41,5,653,93222.08,2,0,1,54702.79,0,Low Risk
ACC-103665,France,Male,23,9,656,158445.28,1,1,1,47174.78,0,Low Risk
ACC-103666,France,Male,50,0,640,143265.4,1,1,1,28814.02,0,Medium Risk
ACC-103667,France,Female,24,3,651,165822.16,1,0,1,94607.32,0,Low Risk
ACC-103668,France,Male,46,8,670,0.0,1,1,1,179035.25,0,Low Risk
ACC-103669,Spain,Female,35,7,772,83594.58,1,0,0,50499.89,0,Low Risk
ACC-103670,France,Male,36,8,795,141065.58,2,1,1,145861.73,0,Low Risk
ACC-103671,GERMANY ,Male,49,7,701,95580.27,1,0,1,144584.3,1,Medium Risk
ACC-103672,Spain,Male,38,6,739,48757.74,1,0,0,51815.6,0,Low Risk
ACC-103673,Spain,Female,40,2,661,182647.87,2,1,1,50625.45,0,Low Risk
ACC-103674,France,Male,30,2,583,111583.49,2,1,0,99688.23,0,Low Risk
ACC-103675,France,Male,56,9,644,130338.09,2,1,1,187868.81,0,Low Risk
ACC-103676,Germany,Male,33,1,526,116917.06,2,1,0,123712.44,1,Medium Risk
ACC-103677,France,Male,26,4,620,0.0,2,1,0,102189.31,0,Low Risk
ACC-103678,Spain,Female,34,10,515,37225.37,2,0,1,106981.07,0,Low Risk
ACC-103679,Germany,Male,51,7,666,44714.69,2,1,0,148434.65,1,Medium Risk
ACC-103680,Spain,Male,33,0,638,0.0,1,1,0,172815.19,0,Medium Risk
ACC-103681,France,Male,52,4,669,0.0,2,1,1,60486.92,0,Low Risk
ACC-103682,SPAIN ,Female,45,9,615,0.0,3,1,1,122611.42,1,High Risk
ACC-103683,Germany,Male,-28,8,663,151712.87,2,0,1,60876.31,0,Low Risk
ACC-103684,Spain,Female,40,2,550,0.0,2,1,1,68255.01,0,Low Risk
ACC-103685,Spain,Female,57,6,472,146803.54,1,1,1,135159.27,0,Medium Risk
ACC-103686,France,Male,56,8,695,0.0,1,1,0,103729.13,0,Medium Risk
ACC-103687,France,Female,29,6,484,185102.94,2,0,0,,1,Low Risk
ACC-103688,France,Male,44,7,730,188301.95,1,1,0,187825.17,1,Medium Risk
ACC-103689,France,Male,40,0,682,100340.88,1,1,0,189076.85,1,Medium Risk
ACC-103690,Spain,Male,46,3,729,168554.76,1,0,1,117758.72,0,Low Risk
ACC-103691,France,Female,48,0,800,101182.15,1,1,1,89738.28,0,Medium Risk
ACC-103692,France,Male,19,3,589,0.0,1,0,1,94453.65,0,Low Risk
ACC-103693,Germany,Male,29,5,694,96409.31,1,1,0,32256.46,1,Medium Risk
ACC-103694,France,Female,44,9,704,180708.72,1,1,0,111920.78,0,Medium Risk
ACC-103695,Germany,Female,25,5,629,51236.42,2,0,1,86434.74,0,Low Risk
ACC-103696,Germany,Female,20,6,520,125633.68,1,1,0,89600.22,0,Medium Risk
ACC-103697,Germany,Female,44,6,850,74047.93,2,1,1,104006.44,0,Low Risk
ACC-103698,Germany,Male,56,7,652,84919.95,2,0,1,146991.44,1,Low Risk
ACC-103699,France,Male,53,8,503,0.0,1,1,0,119676.48,1,Medium Risk
ACC-103700,Spain,Male,37,7,710,146064.26,1,0,1,61404.4,0,Low Risk
ACC-103701,France,Male,47,3,751,0.0,2,1,1,138201.71,0,Low Risk
ACC-103702,Germany,Male,26,9,752,71619.82,2,1,0,180286.0,0,Low Risk
ACC-103703,France,Female,48,5,668,129585.81,1,1,1,46238.06,0,Low Risk
ACC-103704,Spain,Male,64,10,746,124459.3,2,1,1,104631.5,0,Low Risk
ACC-103705,Spain,Female,27,7,619,0.0,2,1,1,181250.56,0,Low Risk
ACC-103706,France,Male,31,9,705,83201.83,2,0,0,148582.78,0,Low Risk
ACC-103707,Spain,Male,27,0,553,149264.23,2,1,1,136835.38,0,Low Risk
ACC-103708,Germany,Female,39,0,784,105561.92,2,0,0,52404.16,0,Medium Risk
ACC-103709,France,Female,38,0,620,0.0,1,1,0,48441.25,1,Medium Risk
ACC-103710,Spain,Female,29,6,562,157280.51,1,1,1,31429.75,0,Low Risk
ACC-103711,France,Female,35,9,463,116716.54,2,0,1,109843.06,0,Low Risk
ACC-103712,Spain,Male,33,1,545,170431.15,1,1,1,133658.65,0,Low Risk
ACC-103713,France,Female,42,10,542,175487.91,2,1,1,61332.95,1,Low Risk
ACC-103714,Germany,Female,36,2,593,176214.64,1,0,0,183661.57,1,Medium Risk
ACC-103715,France,Female,51,2,674,0.0,2,1,1,145763.69,0,Low Risk
ACC-103716,France,Male,32,3,665,50265.62,1,1,0,36720.21,0,Low Risk
ACC-103717,Spain,Male,45,10,686,0.0,2,0,1,184591.14,0,Low Risk
ACC-103718,France,Male,45,6,582,156674.49,2,0,0,159074.32,0,Low Risk
ACC-103719,Germany,Female,34,8,760,99699.82,1,1,1,39257.85,0,Low Risk
ACC-103720,France,Female,42,9,763,148182.71,1,1,0,47090.44,0,Medium Risk
ACC-103721,Spain,Male,18,1,677,174013.03,1,1,1,77102.16,0,Low Risk
ACC-103722,Spain,Male,32,2,667,141070.85,2,0,1,69179.42,0,Low Risk
ACC-103723,Spain,Male,46,8,595,0.0,1,1,0,121213.73,1,Medium Risk
ACC-103724,France,Female,19,3,412,0.0,1,1,0,162630.88,1,Low Risk
ACC-103725,France,Female,35,2,850,0.0,2,1,1,82144.99,0,Low Risk
ACC-103726,Spain,Female,38,4,535,0.0,2,1,0,125627.9,0,Low Risk
ACC-103727,Germany,Female,18,10,773,139567.85,1,1,0,107012.5,1,Medium Risk
ACC-103728,France,Male,27,7,591,0.0,2,1,0,132729.23,0,Low Risk
ACC-103729,Germany,Female,43,5,636,92107.63,1,1,1,106995.45,0,Medium Risk
ACC-103730,France,Male,39,8,544,0.0,1,1,1,179973.24,0,Low Risk
ACC-103731,Germany,Male,26,4,713,64940.18,2,1,1,132114.66,0,Low Risk
ACC-103732,Spain,Male,45,4,624,52603.23,1,0,1,62273.8,0,Low Risk
ACC-103733,France,Male,35,8,532,159575.81,3,0,0,98352.94,1,High Risk
ACC-103734,Spain,Female,46,5,605,136134.38,2,1,0,185097.28,0,Low Risk
ACC-103735,Spain,Male,45,10,850,37289.42,1,1,0,163104.93,1,Medium Risk
ACC-103736,France,Male,46,3,575,42247.18,2,0,0,163939.26,0,Low Risk
ACC-103737,France,Male,34,2,686,170074.11,1,1,0,80258.48,1,Medium Risk
ACC-103738,France,Female,34,6,636,0.0,2,0,1,56884.51,0,Low Risk
ACC-103739,Germany,Male,36,9,728,85038.27,1,1,1,36392.7,0,Low Risk
ACC-103740,France,Male,50,7,547,0.0,2,0,0,151155.49,1,Low Risk
ACC-103741,Germany,Male,29,0,591,90886.12,1,1,1,93680.18,0,Medium Risk
ACC-103742,Germany,Female,25,2,687,129377.54,1,0,1,187541.52,0,Medium Risk
ACC-103743,France,Male,29,1,795,101817.97,1,1,1,78563.37,1,Low Risk
ACC-103744,France,Male,38,5,643,111798.64,1,1,0,,0,Medium Risk
ACC-103745,Spain,Female,50,7,742,48819.22,2,0,0,165880.09,0,Low Risk
ACC-103746,Spain,Female,35,9,691,43642.96,2,1,0,183183.49,0,Low Risk
ACC-103747,Germany,Female,46,9,651,122169.74,2,1,1,50101.38,0,Low Risk
ACC-103748,France,Male,49,5,748,27062.52,1,1,1,71865.62,0,Low Risk
ACC-103749,France,Female,43,8,678,133752.83,2,1,0,40063.55,0,Low Risk
ACC-103750,France,Male,39,3,630,0.0,1,1,1,91619.51,0,Low Risk
ACC-103751,Germany,Male,34,9,492,174613.9,1,1,0,77420.04,0,Medium Risk
ACC-103752,Spain,Female,40,2,557,0.0,2,1,1,37284.14,0,Low Risk
ACC-103753,France,Female,53,5,617,86746.66,2,1,0,55215.31,0,Low Risk
ACC-103754,Germany,Male,44,4,850,149851.04,1,1,1,163225.79,1,Medium Risk
ACC-103755,France,Female,59,1,547,113100.48,1,0,0,110889.02,1,High Risk
ACC-103756,Germany,Male,42,3,552,193828.92,2,1,1,29436.77,0,Low Risk
ACC-103757,France,Female,39,4,653,183875.47,2,1,1,125484.61,0,Low Risk
ACC-103758,France,Female,43,3,671,193365.41,2,0,0,192706.76,1,Low Risk
ACC-103759,France,Male,33,2,580,0.0,2,0,0,185794.7,0,Low Risk
ACC-103760,France,Female,37,6,750,0.0,1,1,0,144216.49,1,Low Risk
ACC-103761,France,Female,51,4,776,178154.1,1,1,0,139746.7,0,Medium Risk
ACC-103762,Germany,Male,40,2,638,136292.79,2,0,1,184500.57,1,Low Risk
ACC-103763,Germany,Male,39,2,685,121479.12,2,1,1,143297.96,1,Low Risk
ACC-103764,France,Male,35,0,713,36422.72,1,1,0,162513.66,1,Medium Risk
ACC-103765,France,Female,43,8,671,188574.59,1,0,1,94831.21,1,Low Risk
ACC-103766,Germany,Male,39,8,823,71943.97,3,1,0,119046.55,1,High Risk
ACC-103767,Germany,Male,45,0,805,121835.74,1,1,0,164114.43,1,High Risk
ACC-103768,France,Male,34,5,641,128828.15,2,1,1,39088.78,0,Low Risk
ACC-103769,France,Female,49,10,785,0.0,1,0,0,189806.98,1,Medium Risk
ACC-103770,Spain,Female,27,3,527,160046.23,1,1,1,25520.17,0,Low Risk
ACC-103771,France,Male,45,7,624,73564.65,2,0,0,95651.51,0,Low Risk
ACC-103772,France,Male,37,8,534,147975.64,2,0,0,156739.75,1,Low Risk
ACC-103773,Germany,Female,36,4,656,93252.1,1,1,1,79916.82,0,Low Risk
ACC-103774,France,Female,45,2,494,40002.52,2,1,0,,0,Low Risk
ACC-103775,France,Male,52,2,694,147948.3,1,1,1,73747.72,0,Medium Risk
ACC-103776,France,Male,36,1,606,0.0,1,1,0,156497.73,0,Medium Risk
ACC-103777,France,Female,25,2,594,187686.24,2,1,1,185855.97,0,Low Risk
ACC-103778,France,Female,30,2,745,0.0,1,1,0,93418.67,1,Low Risk
ACC-103779,Spain,Female,41,0,603,123416.28,2,1,0,92421.74,0,Low Risk
ACC-103780,Germany,Female,27,9,713,52974.21,2,0,1,48360.17,0,Low Risk
ACC-103781,Germany,Male,34,3,654,93529.96,1,1,1,187848.98,0,Low Risk
ACC-103782,Spain,Male,33,4,667,0.0,2,1,0,46689.03,0,Low Risk
ACC-103783,France,Female,42,0,794,0.0,2,1,0,159194.28,1,Low Risk
ACC-103784,France,Male,39,0,755,129409.65,2,1,1,67749.13,0,Low Risk
ACC-103785,France,Male,40,7,623,176234.81,1,1,0,104702.79,0,Medium Risk
ACC-103786,France,Male,41,0,850,0.0,2,0,1,34105.52,1,Low Risk
ACC-103787,Spain,Male,18,10,791,0.0,2,1,0,71973.88,1,Low Risk
ACC-103788,Spain,Male,33,1,684,168084.01,1,1,0,185347.6,1,Medium Risk
ACC-103789,France,Female,-39,0,657,186912.47,1,1,1,54736.64,0,Low Risk
ACC-103790,France,Male,51,9,568,65977.93,2,0,0,98741.78,1,Low Risk
ACC-103791,France,Female,45,6,651,113724.64,1,1,0,167887.3,1,Medium Risk
ACC-103792,France,Male,39,2,677,0.0,3,1,0,42566.27,1,High Risk
ACC-103793,France,Female,43,9,777,162325.28,1,0,1,43453.87,0,Low Risk
ACC-103794,France,Female,18,6,586,0.0,1,1,1,188058.26,0,Low Risk
ACC-103795,France,Male,35,10,814,0.0,1,0,1,147218.24,0,Low Risk
ACC-103796,France,Male,55,8,824,0.0,1,1,0,141509.43,1,Medium Risk
ACC-103797,Germany,Male,25,8,679,138311.55,1,0,0,181112.34,0,Medium Risk
ACC-103798,France,Female,31,2,714,0.0,2,0,1,140843.89,0,Low Risk
ACC-103799,Germany,Male,25,7,723,98668.87,1,1,1,169738.88,0,Low Risk
ACC-103800,France,Male,22,9,516,99815.46,1,1,1,89809.48,0,Low Risk
ACC-103801,Germany,Male,35,5,594,97925.22,1,0,0,61953.22,1,Medium Risk
ACC-103802,Spain,Male,48,7,713,133696.0,1,0,1,152786.48,1,Low Risk
ACC-103803,France,Male,39,5,783,150762.53,3,1,1,134481.12,1,High Risk
ACC-103804,France,Female,64,1,646,0.0,1,0,1,53765.07,0,Medium Risk
ACC-103805,Germany,Male,51,6,693,33711.03,2,1,1,77163.68,0,Low Risk
ACC-103806,France,Male,57,8,621,101709.49,2,0,1,37201.99,1,Low Risk
ACC-103807,Spain,Male,45,4,493,106234.94,2,1,1,109826.93,0,Low Risk
ACC-103808,France,Male,37,7,784,178483.38,1,1,1,190788.79,0,Low Risk
ACC-103809,France,Male,31,5,544,38911.94,2,1,0,158380.4,0,Low Risk
ACC-103810,France,Male,41,1,654,100638.59,1,0,0,92515.99,1,Medium Risk
ACC-103811,Germany,Female,29,5,850,115780.14,1,1,0,92758.92,1,Medium Risk
ACC-103812,France,Female,28,9,751,0.0,1,1,1,100120.65,0,Low Risk
ACC-103813,France,Male,23,8,569,0.0,2,1,0,158714.5,1,Low Risk
ACC-103814,France,Female,31,2,662,0.0,2,1,0,126789.14,0,Low Risk
ACC-103815,France,Female,24,4,506,128156.94,1,1,0,86201.11,1,Medium Risk
ACC-103816,Germany,Female,39,5,563,137194.42,1,0,1,29065.03,0,Medium Risk
ACC-103817,France,Male,52,1,594,168858.58,2,1,0,81954.5,0,Medium Risk
ACC-103818,Germany,Male,34,4,684,54507.23,2,0,0,138754.03,0,Low Risk
ACC-103819,Germany,Male,43,0,611,60519.02,1,1,1,,0,Medium Risk
ACC-103820,France,Female,49,9,495,46015.86,2,1,0,,0,Low Risk
ACC-103821,Germany,Male,33,10,707,181826.16,2,1,1,45404.19,0,Low Risk
ACC-103822,Germany,Female,-71,2,582,117380.19,2,1,1,95237.8,0,Medium Risk
ACC-103823,France,Male,26,3,663,0.0,2,1,0,158435.46,0,Low Risk
ACC-103824,Germany,Female,45,2,718,98538.44,1,1,1,164941.11,0,Medium Risk
ACC-103825,France,Female,40,3,555,0.0,1,1,0,155497.1,0,Low Risk
ACC-103826,France,Male,58,7,590,119358.92,2,1,0,87007.32,1,Medium Risk
ACC-103827,SPAIN ,Male,49,3,601,78912.7,1,1,1,79747.1,0,Low Risk
ACC-103828,Spain,Female,34,8,733,42854.33,2,1,0,68001.92,0,Low Risk
ACC-103829,France,Female,18,4,772,75038.36,1,1,1,105052.74,0,Low Risk
ACC-103830,France,Female,42,8,520,120348.65,1,0,0,91478.75,0,Medium Risk
ACC-103831,Spain,Male,34,9,616,0.0,1,1,1,179855.38,0,Low Risk
ACC-103832,France,Male,44,6,798,139966.68,2,1,1,183428.85,0,Low Risk
ACC-103833,France,Male,18,1,720,42685.4,1,1,1,39112.46,0,Low Risk
ACC-103834,Spain,Male,37,10,656,100403.95,1,0,0,33566.76,0,Medium Risk
ACC-103835,France,Male,18,2,822,80151.72,1,1,1,77647.23,0,Low Risk
ACC-103836,France,Male,47,4,586,38585.33,1,1,0,48451.61,1,Medium Risk
ACC-103837,France,Female,39,10,659,94270.78,2,0,0,101695.45,0,Low Risk
ACC-103838,France,Male,32,1,735,169862.14,1,1,0,79065.27,0,Medium Risk
ACC-103839,France,Male,-47,0,626,159764.89,1,1,0,153133.66,0,Medium Risk
ACC-103840,Germany,Male,51,3,632,132808.36,1,0,1,86468.06,0,Medium Risk
ACC-103841,France,Male,67,8,691,70710.51,1,1,0,187931.31,1,Medium Risk
ACC-103842,Germany,Female,34,0,526,30491.52,2,0,1,82134.55,0,Low Risk
ACC-103843,France,Male,23,7,566,136376.89,1,0,1,58548.83,0,Low Risk
ACC-103844,Germany,Male,18,3,660,181974.84,1,0,1,42171.97,1,Medium Risk
ACC-103845,Germany,Female,36,1,747,182932.53,2,1,0,44037.5,0,Medium Risk
ACC-103846,Spain,Female,20,8,713,171565.75,1,1,1,151890.95,0,Low Risk
ACC-103847,Germany,Female,37,5,737,30104.71,2,1,0,137670.86,1,Low Risk
ACC-103848,Spain,Female,-35,2,757,43563.85,1,0,0,64022.86,1,Low Risk
ACC-103849,France,Male,33,0,741,0.0,1,1,0,30183.79,1,Medium Risk
ACC-103850,Germany,Male,48,1,693,191304.88,1,1,0,155525.09,1,High Risk
ACC-103851,Spain,Male,47,8,586,109553.85,2,0,0,181374.04,1,Low Risk
ACC-103852,Spain,Male,28,6,725,170031.61,1,0,1,91088.5,0,Low Risk
ACC-103853,France,Male,57,0,502,90369.1,1,1,1,148355.71,1,Medium Risk
ACC-103854,Germany,Male,39,7,556,41348.2,2,0,1,190825.33,0,Low Risk
ACC-103855,France,Male,26,1,694,77634.52,1,1,0,48134.06,0,Medium Risk
ACC-103856,Spain,Female,26,2,640,139654.91,1,0,1,33848.01,0,Low Risk
ACC-103857,France,Male,60,6,544,0.0,2,0,0,75976.89,1,Low Risk
ACC-103858,France,Male,43,3,606,39903.34,2,1,1,25443.42,0,Low Risk
ACC-103859,France,Female,34,7,765,32949.46,1,0,0,90631.42,0,Low Risk
ACC-103860,France,Male,39,5,668,92179.91,1,0,0,135668.79,0,Low Risk
ACC-103861,France,Female,35,4,761,129272.85,2,1,1,147068.25,0,Low Risk
ACC-103862,France,Male,32,6,604,88655.13,2,1,1,171753.25,0,Low Risk
ACC-103863,Spain,Male,44,4,630,68433.01,1,0,1,186232.68,1,Low Risk
ACC-103864,France,Female,43,3,751,144026.01,1,0,0,193640.4,1,Medium Risk
ACC-103865,Germany,Male,35,6,587,194974.71,2,1,1,136873.06,0,Low Risk
ACC-103866,France,Male,21,2,678,155984.12,2,1,1,104225.53,0,Low Risk
ACC-103867,France,Male,39,9,803,184463.88,2,1,1,64808.98,0,Low Risk
ACC-103868,Germany,Female,27,6,690,28636.88,2,1,0,112524.5,0,Low Risk
ACC-103869,France,Male,33,7,606,138408.54,2,1,1,109480.7,1,Low Risk
ACC-103870,Spain,Female,45,3,567,39670.92,1,1,1,150510.2,1,Low Risk
ACC-103871,France,Male,37,6,589,122988.25,1,1,0,58103.42,1,Medium Risk
ACC-103872,Spain,Female,32,6,755,90103.46,2,0,1,172352.79,0,Low Risk
ACC-103873,France,Male,50,6,673,0.0,2,0,0,22929.84,0,Low Risk
ACC-103874,Germany,Male,51,1,762,120583.02,2,0,1,86830.7,1,Medium Risk
ACC-103875,France,Female,27,5,736,50214.6,2,1,1,23931.52,0,Low Risk
ACC-103876,Germany,Male,32,2,834,72863.91,1,1,1,145919.73,0,Low Risk
ACC-103877,France,Male,49,10,802,0.0,2,1,1,32774.05,0,Low Risk
ACC-103878,Germany,Male,35,4,649,63928.98,1,1,1,188827.42,1,Low Risk
ACC-103879,Spain,Male,47,4,789,0.0,2,1,1,152374.67,1,Low Risk
ACC-103880,France,Female,19,9,591,83945.18,1,0,1,115303.78,1,Low Risk
ACC-103881,Germany,Female,35,9,683,115909.91,2,0,0,68869.57,1,Medium Risk
ACC-103882,France,Female,28,0,785,0.0,2,0,1,33225.3,0,Low Risk
ACC-103883,FRANCE ,Male,41,5,461,191462.96,2,0,0,147037.95,0,Low Risk
ACC-103884,Spain,Male,49,6,641,146341.93,2,1,0,150888.12,1,Low Risk
ACC-103885,Spain,Male,34,0,630,0.0,1,0,0,147819.56,0,Medium Risk
ACC-103886,France,Female,42,3,802,37464.47,1,1,1,56319.11,1,Low Risk
ACC-103887,Germany,Female,18,5,702,41308.3,1,1,1,38962.96,0,Low Risk
ACC-103888,Germany,Female,51,0,524,167883.08,1,0,0,146905.16,1,High Risk
ACC-103889,France,Female,40,3,566,47941.17,1,0,1,48132.04,0,Low Risk
ACC-103890,Spain,Female,40,4,694,131212.62,2,1,0,156221.97,0,Low Risk
ACC-103891,FRANCE ,Male,31,3,781,49336.98,1,1,1,22219.02,1,Low Risk
ACC-103892,Germany,Male,34,6,631,108841.08,1,0,0,157118.23,0,Medium Risk
ACC-103893,France,Female,36,4,704,80664.07,1,1,1,111200.62,0,Low Risk
ACC-103894,Germany,Female,45,9,598,29973.17,2,0,0,173935.43,1,Medium Risk
ACC-103895,France,Female,46,5,679,182979.52,1,1,0,137739.99,1,Medium Risk
ACC-103896,France,Female,28,1,773,133643.01,2,1,1,37414.72,0,Low Risk
ACC-103897,Germany,Female,46,8,718,36493.38,2,0,0,45885.01,1,Medium Risk
ACC-103898,France,Male,33,9,700,163289.35,1,1,1,82845.71,0,Low Risk
ACC-103899,France,Male,46,10,536,123819.62,2,1,0,47288.76,0,Low Risk
ACC-103900,France,Male,29,3,734,0.0,1,1,0,130469.64,0,Low Risk
ACC-103901,France,Female,54,0,675,79523.05,1,1,1,141968.31,0,Medium Risk
ACC-103902,France,Female,22,7,518,67136.41,1,1,1,,0,Low Risk
ACC-103903,Germany,Male,39,5,850,54530.45,1,1,0,,0,Medium Risk
ACC-103904,Spain,Male,39,6,822,52321.13,1,0,0,137761.47,0,Low Risk
ACC-103905,Germany,Male,20,8,806,146441.94,1,1,1,47174.7,0,Medium Risk
ACC-103906,Germany,Female,49,7,660,36510.47,2,1,0,148567.28,0,Medium Risk
ACC-103907,France,Female,40,2,821,179750.08,2,1,0,76077.17,0,Low Risk
ACC-103908,Germany,Male,41,9,612,189152.09,2,1,0,175684.02,1,Medium Risk
ACC-103909,France,Male,31,7,562,0.0,2,1,1,22757.71,0,Low Risk
ACC-103910,France,Male,42,7,592,128392.42,1,1,0,26676.35,0,Medium Risk
ACC-103911,Spain,Female,38,9,669,132233.49,2,1,1,34680.88,0,Low Risk
ACC-103912,Germany,Male,40,5,715,170868.11,2,1,1,122576.23,0,Low Risk
ACC-103913,France,Female,38,6,676,0.0,2,1,0,142442.89,0,Low Risk
ACC-103914,Spain,Female,36,1,705,100303.93,1,1,1,60895.91,0,Low Risk
ACC-103915,Germany,Male,18,0,719,83403.94,2,1,0,146190.65,0,Medium Risk
ACC-103916,Spain,Male,25,3,501,0.0,1,0,1,158857.73,0,Low Risk
ACC-103917,France,Male,21,8,687,0.0,2,1,0,47616.72,0,Low Risk
ACC-103918,France,Male,46,6,705,179757.98,1,1,1,32628.02,1,Low Risk
ACC-103919,France,Female,30,9,683,38563.42,2,1,0,62352.47,0,Low Risk
ACC-103920,France,Male,36,1,610,74507.75,1,1,1,36705.82,0,Low Risk
ACC-103921,Spain,Male,47,3,581,0.0,1,1,0,77629.57,0,Medium Risk
ACC-103922,Germany,Male,-41,6,797,120415.66,1,1,0,100452.07,0,High Risk
ACC-103923,Germany,Female,32,2,598,168021.6,2,1,1,112196.13,0,Low Risk
ACC-103924,Germany,Female,36,0,364,40945.47,2,0,0,153360.71,0,Medium Risk
ACC-103925,France,Male,50,7,654,0.0,2,0,0,148504.3,0,Low Risk
ACC-103926,Germany,Male,54,8,508,162663.34,2,0,0,67568.26,1,Medium Risk
ACC-103927,France,Male,56,3,629,164107.88,2,1,0,169148.64,0,Medium Risk
ACC-103928,Spain,Female,44,10,715,0.0,2,0,1,191648.21,0,Low Risk
ACC-103929,France,Male,48,8,383,0.0,2,0,0,24858.11,0,Low Risk
ACC-103930,Spain,Female,47,9,600,0.0,1,1,1,136968.37,0,Low Risk
ACC-103931,Germany,Female,-25,10,617,152721.17,2,1,0,150428.47,0,Medium Risk
ACC-103932,Germany,Female,40,2,705,61831.0,1,1,0,183288.0,0,Medium Risk
ACC-103933,France,Female,40,8,652,114818.85,2,0,0,133579.66,0,Low Risk
ACC-103934,France,Female,43,7,521,25739.68,2,1,1,120508.45,0,Low Risk
ACC-103935,Spain,Female,37,4,716,185087.88,1,1,1,46994.05,0,Low Risk
ACC-103936,France,Male,36,2,714,103308.88,2,1,1,159055.81,0,Low Risk
ACC-103937,France,Male,34,9,658,116273.89,2,1,1,116663.83,0,Low Risk
ACC-103938,Spain,Male,47,6,592,79312.12,1,1,0,49807.4,0,Medium Risk
ACC-103939,France,Female,34,4,607,0.0,2,1,1,127405.47,0,Low Risk
ACC-103940,France,Male,37,7,548,150564.16,2,1,0,188437.04,0,Low Risk
ACC-103941,Germany,Male,46,1,688,119725.39,2,1,0,86489.46,1,Medium Risk
ACC-103942,Germany,Male,49,7,763,83669.16,1,1,0,140316.62,1,Medium Risk
ACC-103943,Spain,Female,44,2,548,59894.99,2,1,0,150020.79,0,Low Risk
ACC-103944,Spain,Female,43,9,768,30979.69,2,0,0,32615.31,0,Low Risk
ACC-103945,Spain,Male,60,1,797,95353.95,1,0,1,172484.63,0,Medium Risk
ACC-103946,Spain,Female,38,1,695,91165.37,1,1,1,145800.01,0,Low Risk
ACC-103947,France,Female,56,5,608,100437.72,1,1,1,73707.7,0,Medium Risk
ACC-103948,Spain,Female,39,2,686,157580.06,1,1,1,39897.88,0,Low Risk
ACC-103949,France,Female,41,6,581,0.0,1,1,1,98773.2,0,Low Risk
ACC-103950,Spain,Male,33,7,519,50683.46,1,1,0,122495.13,0,Low Risk
ACC-103951,Spain,Female,43,4,697,110758.37,1,1,0,155490.92,0,Medium Risk
ACC-103952,France,Male,30,1,520,97628.18,2,1,0,35689.81,1,Low Risk
ACC-103953,France,Female,37,0,730,96936.81,1,1,1,56551.61,0,Low Risk
ACC-103954,Germany,Female,53,6,391,48557.69,1,0,1,151233.54,0,Medium Risk
ACC-103955,France,Female,41,8,675,112593.31,3,1,0,106121.61,1,High Risk
ACC-103956,Germany,Female,54,8,744,27924.03,1,1,1,174915.58,0,Medium Risk
ACC-103957,France,Male,35,10,653,60184.44,1,1,0,128704.14,0,Low Risk
ACC-103958,France,Male,30,4,729,150787.11,1,1,0,,0,Medium Risk
ACC-103959,France,Female,34,1,655,0.0,1,1,0,54019.67,0,Medium Risk
ACC-103960,Germany,Female,30,6,737,93357.62,2,1,0,91344.32,0,Low Risk
ACC-103961,France,Female,52,10,584,167032.74,1,1,1,84761.16,1,Medium Risk
ACC-103962,Germany,Male,18,2,600,43226.96,1,1,0,115441.57,0,Medium Risk
ACC-103963,Spain,Male,47,8,674,0.0,2,1,0,128029.05,0,Low Risk
ACC-103964,Spain,Female,49,4,478,44951.52,1,1,0,163305.22,1,Medium Risk
ACC-103965,France,Male,33,10,546,31089.59,1,1,0,133482.38,0,Low Risk
ACC-103966,Spain,Male,35,10,704,0.0,1,1,1,32017.33,0,Low Risk
ACC-103967,France,Female,18,6,614,0.0,2,0,1,139222.22,0,Low Risk
ACC-103968,Spain,Male,41,0,796,94506.96,1,0,0,142477.97,1,Medium Risk
ACC-103969,GERMANY ,Female,35,7,735,157482.54,2,1,0,116863.77,0,Medium Risk
ACC-103970,Germany,Female,49,0,548,183849.91,1,1,0,,0,High Risk
ACC-103971,France,Female,38,10,558,66950.08,3,1,0,116411.3,1,High Risk
ACC-103972,France,Female,39,1,589,0.0,1,1,1,99944.53,0,Low Risk
ACC-103973,SPAIN ,Female,34,6,720,0.0,2,1,1,148106.3,0,Low Risk
ACC-103974,France,Male,28,10,436,0.0,2,1,1,79354.38,0,Low Risk
ACC-103975,France,Male,28,6,723,0.0,2,1,0,157362.12,0,Low Risk
ACC-103976,Germany,Male,32,4,791,36769.34,2,1,0,144197.44,0,Low Risk
ACC-103977,France,Male,43,7,633,151045.32,2,1,1,136556.54,0,Low Risk
ACC-103978,Germany,Female,45,6,563,146698.99,1,1,1,87876.79,1,Medium Risk
ACC-103979,Spain,Female,37,7,501,130773.45,2,1,0,165306.0,0,Low Risk
ACC-103980,France,Male,42,9,758,0.0,2,1,0,83152.84,0,Low Risk
ACC-103981,Spain,Male,27,2,535,85706.97,2,0,0,51396.31,0,Low Risk
ACC-103982,France,Male,30,8,524,66599.38,1,0,0,42188.68,0,Low Risk
ACC-103983,Germany,Male,47,9,770,25409.81,1,0,1,62222.62,0,Medium Risk
ACC-103984,France,Male,64,10,806,118685.81,1,1,0,45262.41,1,Medium Risk
ACC-103985,France,Female,31,0,611,126633.78,1,1,1,33628.86,0,Low Risk
ACC-103986,Spain,Male,49,10,714,134169.19,1,1,0,71053.91,1,Medium Risk
ACC-103987,France,Male,38,0,671,0.0,1,1,1,163095.74,1,Low Risk
ACC-103988,France,Female,55,7,555,28217.97,2,1,0,62053.99,0,Low Risk
ACC-103989,Spain,Female,32,7,571,0.0,1,1,0,81773.14,0,Low Risk
ACC-103990,Germany,Female,33,6,686,189148.99,2,1,0,192508.33,0,Medium Risk
ACC-103991,France,Female,42,1,600,143803.6,1,1,0,74660.9,0,Medium Risk
ACC-103992,Germany,Female,45,4,643,142651.12,1,1,0,31946.27,0,High Risk
ACC-103993,Spain,Female,42,0,690,89791.56,1,1,0,26958.1,0,Medium Risk
ACC-103994,SPAIN ,Female,50,6,673,0.0,1,1,1,24055.97,1,Low Risk
ACC-103995,France,Female,32,3,511,0.0,2,0,1,148765.26,0,Low Risk
ACC-103996,France,Male,50,9,476,67864.3,3,0,1,164271.52,1,High Risk
ACC-103997,Spain,Female,51,0,690,135707.54,1,1,0,122725.16,1,High Risk
ACC-103998,Spain,Female,39,6,711,0.0,1,1,0,127983.43,0,Low Risk
ACC-103999,France,Female,40,0,714,40401.05,2,1,0,96550.27,0,Low Risk
ACC-104000,France,Male,46,4,711,0.0,2,0,1,172550.66,0,Low Risk
ACC-104001,France,Female,64,10,621,143753.09,1,0,1,101892.29,0,Medium Risk
ACC-104002,Spain,Male,30,7,758,0.0,2,1,0,81793.27,0,Low Risk
ACC-104003,Spain,Female,36,8,543,0.0,2,1,1,78289.91,0,Low Risk
ACC-104004,France,Male,38,10,699,0.0,2,0,1,178025.07,0,Low Risk
ACC-104005,Germany,Female,28,8,611,114270.11,1,1,1,,1,Medium Risk
ACC-104006,Germany,Male,21,10,567,78151.05,2,1,0,49723.77,0,Low Risk
ACC-104007,France,Male,29,9,697,116767.09,1,0,0,132779.31,1,Medium Risk
ACC-104008,Spain,Female,25,2,669,63265.56,2,1,1,95981.34,0,Low Risk
ACC-104009,Spain,Male,32,0,620,90083.82,1,1,0,187877.72,0,Medium Risk
ACC-104010,Germany,Male,51,10,676,114283.71,1,1,0,116752.91,1,High Risk
ACC-104011,France,Male,23,0,623,65280.26,2,0,0,179999.86,0,Low Risk
ACC-104012,Spain,Female,45,8,833,70279.63,2,0,1,164877.8,0,Low Risk
ACC-104013,France,Male,43,5,621,192956.26,1,1,0,133311.26,0,Medium Risk
ACC-104014,France,Male,30,10,616,124999.34,2,0,0,108106.57,0,Low Risk
ACC-104015,Spain,Male,43,2,593,0.0,2,0,0,86705.78,0,Low Risk
ACC-104016,France,Male,40,0,651,175798.77,2,1,1,108883.13,0,Low Risk
ACC-104017,Germany,Male,29,2,670,94482.33,1,1,1,187510.66,0,Low Risk
ACC-104018,France,Male,26,4,744,76451.22,2,0,1,182706.29,0,Low Risk
ACC-104019,France,Male,34,4,493,60020.74,1,1,0,108278.3,1,Low Risk
ACC-104020,France,Male,40,6,719,0.0,2,1,1,129943.19,0,Low Risk
ACC-104021,Germany,Male,43,7,747,127468.09,1,1,0,37442.91,0,High Risk
ACC-104022,Germany,Male,49,6,584,130920.38,1,1,0,104818.99,1,High Risk
ACC-104023,Spain,Male,45,9,657,32126.02,2,1,0,184090.14,1,Low Risk
ACC-104024,France,Female,24,6,775,125836.88,1,1,0,71027.74,0,Medium Risk
ACC-104025,Germany,Female,45,8,587,71187.75,1,1,1,132374.01,0,Medium Risk
ACC-104026,Spain,Female,40,1,685,0.0,1,0,1,72413.2,0,Low Risk
ACC-104027,France,Male,31,3,637,105526.06,1,1,1,67179.29,1,Low Risk
ACC-104028,France,Male,19,1,632,170574.93,1,0,1,118544.15,0,Low Risk
ACC-104029,Germany,Female,60,8,679,42813.23,3,1,1,118858.21,1,High Risk
ACC-104030,France,Female,37,3,595,94659.86,1,0,0,75080.69,1,Low Risk
ACC-104031,France,Female,44,2,690,31084.77,2,1,1,128591.88,1,Low Risk
ACC-104032,France,Male,45,2,642,30843.09,1,1,0,174492.19,1,Medium Risk
ACC-104033,Germany,Female,42,4,847,118791.19,1,1,0,22515.53,0,High Risk
ACC-104034,Spain,Male,49,1,610,34522.59,1,0,1,131553.5,0,Low Risk
ACC-104035,France,Female,33,1,662,157900.05,1,1,0,163557.5,0,Medium Risk
ACC-104036,Germany,Male,34,4,678,164124.87,3,0,0,144841.5,0,High Risk
ACC-104037,France,Male,59,8,675,97455.96,2,1,1,67066.92,0,Low Risk
ACC-104038,France,Male,39,7,582,185561.12,2,0,1,81441.11,0,Low Risk
ACC-104039,Spain,Male,26,2,608,131101.44,1,0,0,125671.37,1,Medium Risk
ACC-104040,France,Male,46,0,741,0.0,2,1,1,46932.81,1,Low Risk
ACC-104041,Spain,Male,33,9,620,0.0,1,1,0,74556.83,0,Low Risk
ACC-104042,France,Male,22,3,688,63466.15,1,1,1,85228.72,0,Low Risk
ACC-104043,Germany,Female,37,10,630,103354.83,1,0,0,152999.09,0,Medium Risk
ACC-104044,France,Male,32,8,680,156069.15,2,0,0,54352.19,0,Low Risk
ACC-104045,Germany,Male,38,2,729,30727.05,2,1,1,,0,Low Risk
ACC-104046,France,Male,39,2,605,59853.6,1,1,0,81441.25,0,Low Risk
ACC-104047,Germany,Female,42,2,695,78017.57,4,1,0,94350.5,1,High Risk
ACC-104048,France,Male,22,7,704,54171.09,1,1,1,161355.66,0,Low Risk
ACC-104049,France,Female,45,10,615,75446.66,1,1,0,25738.36,0,Medium Risk
ACC-104050,France,Female,36,1,611,0.0,1,1,0,,0,Medium Risk
ACC-104051,Spain,Female,28,10,604,0.0,2,0,1,,0,Low Risk
ACC-104052,Germany,Female,41,10,641,85725.22,2,0,0,170458.41,1,Medium Risk
ACC-104053,France,Female,43,5,658,187375.6,1,1,0,79152.62,1,Medium Risk
ACC-104054,France,Female,35,1,636,109561.71,1,0,1,118981.15,0,Low Risk
ACC-104055,Spain,Male,25,4,715,90313.51,1,1,1,76800.5,0,Low Risk
ACC-104056,France,Male,49,3,632,0.0,1,1,0,171473.7,0,Medium Risk
ACC-104057,France,Male,40,4,532,122695.87,1,1,1,103984.87,0,Low Risk
ACC-104058,Germany,Female,42,8,790,39717.75,2,1,0,108193.79,0,Medium Risk
ACC-104059,FRANCE ,Female,37,3,515,0.0,2,1,0,,0,Low Risk
ACC-104060,Spain,Female,54,2,625,45454.66,2,0,0,126146.9,0,Low Risk
ACC-104061,France,Male,58,8,781,0.0,1,1,0,142194.95,0,Medium Risk
ACC-104062,Germany,Male,48,1,591,147742.57,2,1,1,167937.08,0,Medium Risk
ACC-104063,Spain,Female,46,5,769,36233.64,1,1,1,111507.31,1,Low Risk
ACC-104064,France,Male,31,5,695,0.0,2,1,1,93515.1,0,Low Risk
ACC-104065,Spain,Male,29,4,631,71079.6,2,0,0,164944.6,0,Low Risk
ACC-104066,Germany,Male,36,7,647,64941.66,2,1,0,30005.4,0,Low Risk
ACC-104067,Germany,Male,34,6,496,158847.03,2,0,1,165363.14,0,Low Risk
ACC-104068,Germany,Female,33,10,607,181861.69,2,0,1,95319.44,0,Low Risk
ACC-104069,France,Male,37,2,728,0.0,2,0,0,,0,Low Risk
ACC-104070,France,Female,28,9,666,115558.16,2,1,0,126478.25,0,Low Risk
ACC-104071,France,Female,47,3,768,43893.67,1,1,0,115128.84,0,Medium Risk
ACC-104072,France,Male,24,6,793,81295.59,1,0,1,93151.75,0,Low Risk
ACC-104073,Germany,Female,41,4,673,123170.31,2,1,1,28392.85,0,Low Risk
ACC-104074,FRANCE ,Male,42,2,582,183047.41,2,1,1,173906.13,0,Low Risk
ACC-104075,Germany,Male,44,0,633,183187.02,2,1,0,74211.16,1,Medium Risk
ACC-104076,Germany,Male,47,3,455,45298.55,1,1,1,172858.92,0,Medium Risk
ACC-104077,France,Male,24,2,617,68213.73,3,1,0,145211.28,0,High Risk
ACC-104078,France,Female,44,1,717,0.0,2,1,0,166726.77,0,Low Risk
ACC-104079,Germany,Male,42,9,640,30336.71,1,1,0,90420.33,0,Medium Risk
ACC-104080,Germany,Male,34,8,713,189171.82,1,1,0,62923.36,1,Medium Risk
ACC-104081,France,Female,-43,8,711,145278.36,1,1,0,147815.72,1,Medium Risk
ACC-104082,Germany,Male,29,10,801,82988.63,2,0,1,121854.34,0,Low Risk
ACC-104083,France,Male,40,9,688,127209.37,2,1,0,149898.03,0,Low Risk
ACC-104084,Spain,Male,34,3,679,73486.47,1,1,0,153031.3,0,Low Risk
ACC-104085,France,Male,38,1,652,99874.14,1,0,0,23507.2,0,Medium Risk
ACC-104086,France,Female,54,10,850,183164.7,1,0,0,,0,Medium Risk
ACC-104087,Spain,Female,42,3,721,58835.71,1,0,1,50657.81,0,Low Risk
ACC-104088,Spain,Male,33,0,741,0.0,2,0,0,47649.61,0,Low Risk
ACC-104089,France,Female,47,5,725,0.0,2,0,1,26205.74,0,Low Risk
ACC-104090,Germany,Male,36,8,850,115002.64,2,1,0,71558.85,0,Medium Risk
ACC-104091,France,Female,36,7,807,136245.13,3,1,0,92788.85,1,High Risk
ACC-104092,Germany,Female,35,0,733,43612.07,1,0,0,47252.78,1,Medium Risk
ACC-104093,Germany,Female,28,0,643,94653.07,1,1,0,134735.47,0,Medium Risk
ACC-104094,Germany,Male,-44,1,541,44174.19,3,1,0,97984.69,1,High Risk
ACC-104095,Spain,Male,38,8,593,86676.47,1,1,1,23670.49,0,Low Risk
ACC-104096,France,Female,26,3,687,0.0,1,1,1,86329.56,1,Low Risk
ACC-104097,France,Female,45,8,622,110974.83,1,1,1,44973.04,0,Low Risk
ACC-104098,Spain,Male,42,10,736,0.0,2,1,0,134576.84,0,Low Risk
ACC-104099,France,Female,31,2,644,0.0,2,1,1,71746.01,0,Low Risk
ACC-104100,Spain,Female,26,4,670,32202.85,1,1,1,176610.69,0,Low Risk
ACC-104101,Germany,Male,40,2,503,72945.06,2,1,1,60839.62,0,Low Risk
ACC-104102,France,Male,25,4,491,172340.3,1,1,0,28761.04,0,Medium Risk
ACC-104103,France,Male,24,7,683,84919.86,2,0,0,163159.74,0,Low Risk
ACC-104104,France,Female,34,5,802,69133.77,2,1,1,103917.94,0,Low Risk
ACC-104105,France,Female,36,1,571,0.0,2,1,0,194525.7,0,Low Risk
ACC-104106,Germany,Female,45,1,548,182403.38,2,1,0,65059.25,1,Medium Risk
ACC-104107,Spain,Male,20,2,654,54537.15,2,0,1,,0,Low Risk
ACC-104108,France,Male,38,2,603,51214.44,2,1,0,194833.65,0,Low Risk
ACC-104109,Germany,Male,34,5,612,64585.72,2,1,0,135337.72,0,Low Risk
ACC-104110,Germany,Female,44,0,641,34606.69,2,0,1,159787.18,0,Low Risk
ACC-104111,Germany,Male,33,4,630,106244.49,1,1,1,96703.04,0,Medium Risk
ACC-104112,France,Male,28,4,451,0.0,2,0,1,111344.53,0,Low Risk
ACC-104113,Germany,Male,24,1,602,171766.22,3,0,0,128113.2,1,High Risk
ACC-104114,Spain,Male,28,7,739,131717.1,2,1,0,152773.31,1,Low Risk
ACC-104115,France,Female,47,2,698,168494.14,2,1,0,38083.26,0,Low Risk
ACC-104116,France,Male,50,7,617,49504.17,1,1,0,31477.59,0,Medium Risk
ACC-104117,Spain,Female,37,3,616,151004.4,2,1,1,114913.61,0,Low Risk
ACC-104118,France,Male,50,4,676,181455.07,1,0,0,55146.64,1,Medium Risk
ACC-104119,France,Female,35,2,688,42703.2,1,0,0,105670.38,0,Low Risk
ACC-104120,Germany,Female,34,3,850,47927.47,1,1,0,148991.42,1,Medium Risk
ACC-104121,France,Female,18,10,697,164151.4,1,1,0,147283.16,0,Medium Risk
ACC-104122,Spain,Female,46,2,586,101097.55,2,1,0,160513.08,0,Low Risk
ACC-104123,Spain,Male,32,5,604,0.0,1,1,1,52181.49,0,Low Risk
ACC-104124,France,Female,31,6,563,176739.46,2,1,1,134786.66,0,Low Risk
ACC-104125,Germany,Male,51,7,615,37828.67,2,1,1,115904.87,0,Low Risk
ACC-104126,Spain,Female,26,0,515,0.0,1,1,1,149153.09,0,Low Risk
ACC-104127,Germany,Female,25,0,449,62761.79,1,0,1,103529.74,0,Medium Risk
ACC-104128,Spain,Male,35,4,604,0.0,1,1,1,69061.7,0,Low Risk
ACC-104129,Spain,Female,49,1,627,0.0,1,1,0,122028.34,1,Medium Risk
ACC-104130,France,Female,30,8,460,77445.5,1,0,0,56882.61,0,Low Risk
ACC-104131,Germany,Male,58,1,664,180667.33,2,1,1,115614.2,0,Medium Risk
ACC-104132,Spain,Female,34,8,656,142312.44,1,1,1,102386.91,0,Low Risk
ACC-104133,Germany,Female,24,4,795,85143.75,1,1,1,28608.41,0,Low Risk
ACC-104134,Spain,Male,30,6,690,153794.4,1,1,0,151705.94,0,Medium Risk
ACC-104135,Germany,Male,19,9,612,162270.16,1,1,1,,1,Medium Risk
ACC-104136,France,Male,28,5,713,50031.08,1,1,0,30844.92,0,Low Risk
ACC-104137,Spain,Male,41,8,447,35772.53,1,1,0,132180.31,0,Medium Risk
ACC-104138,Spain,Male,36,10,626,79791.48,1,1,1,59118.92,0,Low Risk
ACC-104139,France,Female,39,4,534,0.0,2,0,0,125969.67,0,Low Risk
ACC-104140,Spain,Female,40,10,744,110308.08,2,1,1,39784.28,0,Low Risk
ACC-104141,France,Male,48,7,583,180007.05,1,1,1,112588.74,0,Low Risk
ACC-104142,France,Female,30,4,617,121410.55,2,1,1,105888.41,0,Low Risk
ACC-104143,FRANCE ,Male,21,4,483,124707.61,1,1,1,,0,Low Risk
ACC-104144,Spain,Female,27,9,694,117210.87,2,1,0,82131.11,0,Low Risk
ACC-104145,Spain,Male,43,6,717,0.0,2,1,1,94884.58,1,Low Risk
ACC-104146,Spain,Female,40,8,570,42615.59,1,1,1,81873.73,0,Low Risk
ACC-104147,France,Female,33,3,586,67843.94,1,0,0,97896.08,1,Low Risk
ACC-104148,Germany,Male,42,2,696,67996.6,3,0,1,74579.88,1,High Risk
ACC-104149,Germany,Female,37,8,653,73085.87,2,1,1,51817.96,0,Low Risk
ACC-104150,SPAIN ,Male,50,3,707,190005.17,2,1,1,175047.95,0,Low Risk
ACC-104151,France,Female,22,3,668,55444.72,3,1,0,171319.82,1,High Risk
ACC-104152,France,Female,31,10,645,165881.06,2,1,0,149899.74,1,Low Risk
ACC-104153,France,Female,37,3,701,187141.27,1,1,1,156311.94,1,Low Risk
ACC-104154,France,Male,41,4,591,78585.47,1,1,0,166147.7,0,Medium Risk
ACC-104155,France,Male,33,7,526,162224.26,1,1,1,168980.48,0,Low Risk
ACC-104156,Spain,Female,35,10,498,164805.52,1,0,0,48159.66,1,Medium Risk
ACC-104157,Spain,Male,47,8,656,58633.39,2,1,0,51077.76,0,Low Risk
ACC-104158,Germany,Female,28,10,463,166981.73,2,1,0,169517.44,0,Medium Risk
ACC-104159,Germany,Female,56,0,738,131662.27,2,1,1,,1,Medium Risk
ACC-104160,Germany,Male,33,0,510,35000.78,2,0,0,24747.22,0,Medium Risk
ACC-104161,FRANCE ,Female,39,6,581,0.0,1,0,0,185060.4,0,Low Risk
ACC-104162,France,Male,57,7,682,79911.08,1,0,0,181740.39,0,Medium Risk
ACC-104163,France,Male,35,1,697,97631.36,2,0,0,74737.02,1,Low Risk
ACC-104164,Germany,Male,42,10,627,113653.69,2,1,1,188635.31,0,Low Risk
ACC-104165,France,Male,40,3,574,62547.88,1,1,1,182859.29,0,Low Risk
ACC-104166,France,Female,45,4,623,56862.11,2,1,0,54314.96,0,Low Risk
ACC-104167,Germany,Male,49,1,703,103475.77,3,1,0,104835.76,1,High Risk
ACC-104168,Spain,Female,44,0,812,155010.92,2,1,0,184877.79,0,Low Risk
ACC-104169,France,Female,30,1,719,133223.83,1,1,0,42671.62,1,Medium Risk
ACC-104170,Germany,Female,30,6,513,34655.21,1,1,0,93712.96,1,Medium Risk
ACC-104171,Germany,Female,22,3,656,188767.87,2,1,0,77469.88,1,Medium Risk
ACC-104172,France,Male,34,8,692,86507.39,1,1,1,140838.4,0,Low Risk
ACC-104173,France,Female,46,7,668,164659.65,1,1,0,47532.34,1,Medium Risk
ACC-104174,Spain,Male,51,2,434,193080.61,1,1,1,42405.44,0,Medium Risk
ACC-104175,Germany,Male,26,1,740,157389.25,1,1,1,161292.86,0,Medium Risk
ACC-104176,FRANCE ,Male,43,1,704,41640.12,1,0,0,31535.9,0,Medium Risk
ACC-104177,Spain,Female,38,1,656,0.0,1,1,0,88920.73,0,Medium Risk
ACC-104178,France,Female,36,1,764,135755.37,2,1,0,158054.16,0,Low Risk
ACC-104179,France,Male,34,1,525,0.0,1,1,1,82767.23,0,Low Risk
ACC-104180,France,Male,23,9,614,51119.11,1,1,0,43313.48,0,Low Risk
ACC-104181,Germany,Female,25,6,568,187266.51,1,1,0,176472.23,1,Medium Risk
ACC-104182,France,Male,48,3,786,0.0,1,1,1,27032.98,1,Low Risk
ACC-104183,France,Male,32,10,640,65922.93,1,1,0,170000.16,0,Low Risk
ACC-104184,France,Female,43,4,675,0.0,1,1,0,26402.19,1,Medium Risk
ACC-104185,Spain,Female,29,1,769,170328.73,2,1,1,111418.92,0,Low Risk
ACC-104186,France,Male,45,4,685,54850.03,1,1,1,143166.92,0,Low Risk
ACC-104187,Germany,Female,21,6,752,160079.68,1,0,1,150708.73,0,Medium Risk
ACC-104188,France,Male,42,7,494,84257.64,2,0,0,184283.37,0,Low Risk
ACC-104189,Germany,Female,-55,8,578,71528.89,3,1,1,58044.97,1,High Risk
ACC-104190,France,Male,40,2,850,0.0,2,1,0,26015.86,0,Low Risk
ACC-104191,France,Male,35,3,430,50167.26,3,1,1,166442.7,1,Medium Risk
ACC-104192,Spain,Male,47,9,595,187308.41,2,1,0,131205.17,0,Low Risk
ACC-104193,Germany,Female,55,4,591,40862.28,2,1,1,,1,Low Risk
ACC-104194,France,Male,27,2,850,0.0,1,1,0,149879.11,0,Low Risk
ACC-104195,Spain,Male,37,4,658,187863.85,2,1,0,172485.96,0,Low Risk
ACC-104196,Germany,Male,57,8,654,136057.6,2,1,1,138318.59,1,Medium Risk
ACC-104197,Spain,Female,47,0,745,0.0,2,0,1,91761.57,0,Low Risk
ACC-104198,Spain,Male,30,7,562,186931.71,2,1,1,69952.79,0,Low Risk
ACC-104199,Spain,Male,33,7,531,112845.32,2,1,1,55019.01,0,Low Risk
ACC-104200,France,Female,29,3,728,69793.44,2,1,0,70694.86,0,Low Risk
ACC-104201,France,Female,31,1,492,0.0,1,1,0,68743.09,0,Medium Risk
ACC-104202,France,Male,18,10,793,119211.47,1,1,0,77058.38,1,Medium Risk
ACC-104203,France,Female,49,9,504,117699.4,2,0,1,53451.88,0,Low Risk
ACC-104204,France,Male,40,6,549,93677.49,1,1,1,96258.23,0,Low Risk
ACC-104205,France,Male,37,9,663,0.0,3,0,0,46278.3,1,High Risk
ACC-104206,Germany,Male,37,6,607,39640.52,2,1,1,81158.41,0,Low Risk
ACC-104207,FRANCE ,Female,51,0,850,94998.01,1,1,0,68066.74,1,Medium Risk
ACC-104208,France,Female,50,5,572,0.0,2,1,0,185310.5,0,Low Risk
ACC-104209,Spain,Male,69,4,609,81341.46,3,1,1,27115.46,0,High Risk
ACC-104210,France,Male,22,1,718,0.0,1,1,0,144490.7,0,Medium Risk
ACC-104211,FRANCE ,Female,35,0,624,173394.84,1,0,0,116128.63,1,Medium Risk
ACC-104212,France,Female,49,8,747,52217.28,1,1,1,175652.67,0,Low Risk
ACC-104213,France,Male,44,1,649,147024.51,3,0,1,85359.26,1,High Risk
ACC-104214,France,Male,40,5,632,0.0,1,0,1,111905.84,0,Low Risk
ACC-104215,France,Female,49,4,498,162172.03,2,0,1,29972.11,0,Low Risk
ACC-104216,France,Female,40,9,665,104136.47,2,1,1,167368.29,0,Low Risk
ACC-104217,France,Female,38,3,693,34303.81,2,1,1,128925.37,0,Low Risk
ACC-104218,Spain,Female,36,3,682,0.0,1,0,1,166189.84,0,Low Risk
ACC-104219,France,Male,50,9,589,100240.61,1,0,1,177841.55,0,Low Risk
ACC-104220,Germany,Female,34,5,655,149123.99,2,1,0,51450.45,0,Medium Risk
ACC-104221,Spain,Female,39,4,638,163754.2,2,0,1,158235.26,0,Low Risk
ACC-104222,France,Female,27,8,850,70074.29,1,1,1,,0,Low Risk
ACC-104223,GERMANY ,Male,52,5,608,181323.77,1,1,0,189341.91,1,High Risk
ACC-104224,France,Male,46,5,482,148681.56,2,0,0,95280.17,0,Low Risk
ACC-104225,Germany,Male,42,2,738,56450.05,1,1,0,55386.67,0,Medium Risk
ACC-104226,France,Female,36,6,641,81017.31,3,1,0,48013.16,1,High Risk
ACC-104227,France,Male,28,2,608,0.0,1,0,1,52767.23,0,Low Risk
ACC-104228,GERMANY ,Male,41,10,467,87597.99,2,1,1,89120.1,1,Low Risk
ACC-104229,Germany,Female,58,4,782,149630.08,2,0,0,90128.01,0,Medium Risk
ACC-104230,Germany,Female,35,5,850,35270.0,2,1,1,27712.36,0,Low Risk
ACC-104231,France,Female,46,0,706,0.0,1,1,0,193782.44,1,Medium Risk
ACC-104232,France,Male,40,1,708,42018.02,1,1,0,132908.99,0,Medium Risk
ACC-104233,France,Female,46,10,646,78355.72,1,1,1,46541.61,1,Low Risk
ACC-104234,France,Female,34,1,673,168339.61,2,0,1,156969.22,1,Low Risk
ACC-104235,France,Female,38,10,678,0.0,1,0,1,67510.66,0,Low Risk
ACC-104236,FRANCE ,Male,33,3,549,186269.88,1,1,0,44435.81,0,Medium Risk
ACC-104237,Germany,Male,34,5,692,153713.71,2,0,0,145774.22,0,Medium Risk
ACC-104238,France,Male,47,5,775,138269.74,2,1,0,182051.73,1,Low Risk
ACC-104239,Spain,Female,32,7,848,158577.43,1,1,1,188364.84,0,Low Risk
ACC-104240,France,Female,29,7,583,111875.72,1,1,0,119726.0,0,Medium Risk
ACC-104241,France,Female,-45,5,643,136065.94,1,1,1,84655.43,0,Low Risk
ACC-104242,Spain,Male,48,8,728,194171.09,1,1,0,100670.52,0,Medium Risk
ACC-104243,Spain,Male,45,7,584,129933.71,1,1,0,136327.69,0,Medium Risk
ACC-104244,France,Male,30,2,660,74448.85,2,1,0,82352.25,0,Low Risk
ACC-104245,Spain,Female,47,6,651,138463.31,1,1,1,89605.76,0,Low Risk
ACC-104246,Germany,Male,35,10,771,144489.8,1,1,0,163268.83,1,Medium Risk
ACC-104247,France,Female,43,6,619,100042.72,2,1,1,190682.02,0,Low Risk
ACC-104248,Germany,Male,45,3,660,144653.03,1,1,1,181496.79,0,Medium Risk
ACC-104249,Spain,Male,30,4,796,65259.07,1,1,0,164280.2,1,Low Risk
ACC-104250,France,Male,22,8,743,77391.09,2,0,1,71371.97,0,Low Risk
ACC-104251,France,Male,37,9,718,187192.52,2,1,1,152588.32,0,Low Risk
ACC-104252,Spain,Male,49,2,599,48577.99,1,1,1,189289.45,0,Low Risk
ACC-104253,France,Female,27,1,574,170462.33,1,1,0,59259.19,1,Medium Risk
ACC-104254,France,Male,24,5,450,0.0,2,1,1,184379.2,0,Low Risk
ACC-104255,France,Male,47,3,739,70085.62,1,1,1,39524.72,0,Low Risk
ACC-104256,Germany,Male,43,7,689,73093.42,2,0,0,96906.43,0,Medium Risk
ACC-104257,France,Female,38,10,850,0.0,1,1,0,186833.52,0,Low Risk
ACC-104258,Germany,Female,18,3,730,173571.04,1,1,0,102651.41,1,Medium Risk
ACC-104259,France,Male,46,10,708,0.0,2,0,0,78774.96,0,Low Risk
ACC-104260,Germany,Female,49,7,545,114992.22,1,1,1,98209.29,0,Medium Risk
ACC-104261,Germany,Male,44,6,850,149693.05,1,1,1,151669.08,1,Medium Risk
ACC-104262,France,Female,45,8,587,180099.06,1,1,0,82078.04,0,Medium Risk
ACC-104263,France,Female,42,6,742,106124.53,2,1,0,96675.66,0,Low Risk
ACC-104264,France,Male,47,1,598,186571.17,2,1,0,77337.92,1,Low Risk
ACC-104265,Spain,Female,25,5,638,0.0,1,0,0,35892.43,1,Low Risk
ACC-104266,Spain,Female,47,2,653,130892.31,2,1,1,191843.55,0,Low Risk
ACC-104267,France,Female,44,5,711,0.0,1,1,1,118567.89,0,Low Risk
ACC-104268,Germany,Female,37,4,533,161511.27,1,1,0,165157.16,0,Medium Risk
ACC-104269,France,Female,38,4,602,81288.19,2,1,1,51938.0,0,Low Risk
ACC-104270,France,Male,47,1,692,174766.05,2,1,0,131306.38,0,Low Risk
ACC-104271,Spain,Male,40,2,638,95477.34,2,1,1,145378.12,0,Low Risk
ACC-104272,Spain,Female,28,2,705,94613.13,1,1,0,47391.12,0,Low Risk
ACC-104273,France,Female,36,10,827,88892.94,1,1,1,81177.25,1,Low Risk
ACC-104274,Germany,Male,53,6,453,42935.14,1,1,1,,1,Medium Risk
ACC-104275,France,Male,57,4,597,0.0,1,1,0,183658.68,1,Medium Risk
ACC-104276,France,Female,27,7,693,43909.95,1,1,0,83769.44,0,Low Risk
ACC-104277,Germany,Female,58,5,690,48029.2,1,0,1,148252.05,0,Medium Risk
ACC-104278,France,Female,22,8,588,103042.8,2,1,1,126259.96,0,Low Risk
ACC-104279,France,Male,37,2,712,0.0,1,1,0,30371.26,0,Low Risk
ACC-104280,Germany,Male,38,3,827,55092.61,2,1,0,129670.88,0,Low Risk
ACC-104281,France,Female,23,3,535,49569.66,1,1,1,110179.6,0,Low Risk
ACC-104282,France,Female,53,7,604,149643.0,1,1,1,80304.04,1,Medium Risk
ACC-104283,France,Male,42,2,797,127270.4,1,1,0,81054.05,0,Medium Risk
ACC-104284,Spain,Male,49,3,654,69004.89,1,0,0,157719.71,0,Medium Risk
ACC-104285,Spain,Female,42,3,697,0.0,1,1,0,152266.15,1,Medium Risk
ACC-104286,France,Female,38,6,745,85863.64,2,1,0,175188.22,0,Low Risk
ACC-104287,France,Female,28,1,519,72355.04,2,0,0,169668.29,0,Low Risk
ACC-104288,Germany,Male,-21,0,505,94135.07,1,1,1,106993.07,1,Medium Risk
ACC-104289,France,Male,24,7,648,0.0,1,1,0,149176.21,0,Low Risk
ACC-104290,France,Male,44,4,815,52845.28,3,0,1,117177.25,0,High Risk
ACC-104291,France,Male,30,10,564,35463.85,1,1,1,66086.3,1,Low Risk
ACC-104292,Germany,Female,46,2,542,95383.31,1,1,0,133366.95,1,Medium Risk
ACC-104293,Spain,Female,39,0,529,0.0,2,0,0,188774.81,0,Low Risk
ACC-104294,France,Female,56,5,616,83067.43,1,0,0,188990.06,0,Medium Risk
ACC-104295,France,Male,46,9,556,86090.76,2,1,1,80006.94,0,Low Risk
ACC-104296,Spain,Male,30,8,579,0.0,2,1,0,160826.59,0,Low Risk
ACC-104297,Germany,Female,20,0,666,193953.79,2,1,1,144565.8,1,Low Risk
ACC-104298,Germany,Female,36,1,711,58034.2,1,1,0,97324.3,0,Medium Risk
ACC-104299,FRANCE ,Female,42,2,644,97315.09,2,1,0,56186.95,0,Low Risk
ACC-104300,France,Male,30,10,665,137297.79,2,0,1,154752.8,0,Low Risk
ACC-104301,France,Female,38,6,614,52144.35,1,1,1,72189.69,0,Low Risk
ACC-104302,Germany,Female,51,10,523,137374.53,2,0,0,177631.3,0,Medium Risk
ACC-104303,Spain,Female,44,3,453,133326.96,1,1,1,101449.12,0,Low Risk
ACC-104304,France,Male,41,0,513,0.0,2,1,1,79862.9,0,Low Risk
ACC-104305,France,Female,31,9,599,142286.2,2,1,0,176833.14,0,Low Risk
ACC-104306,Germany,Female,31,1,674,171587.24,2,1,0,180151.49,0,Medium Risk
ACC-104307,Spain,Male,28,2,793,0.0,2,1,0,22677.21,0,Low Risk
ACC-104308,France,Male,48,0,616,37813.19,2,1,1,110018.59,0,Low Risk
ACC-104309,Spain,Male,38,6,720,190490.09,1,0,1,68514.62,0,Low Risk
ACC-104310,Spain,Female,18,10,759,0.0,1,1,0,102629.29,0,Low Risk
ACC-104311,Spain,Female,34,4,790,87232.79,1,0,0,91196.19,0,Low Risk
ACC-104312,France,Female,29,1,630,78922.39,2,1,1,28457.43,0,Low Risk
ACC-104313,Spain,Female,18,3,640,0.0,2,1,1,41612.88,0,Low Risk
ACC-104314,France,Male,28,4,580,190497.6,2,1,1,78014.71,0,Low Risk
ACC-104315,Spain,Female,41,7,609,0.0,1,1,1,128750.55,0,Low Risk
ACC-104316,France,Female,40,0,743,72247.53,3,0,0,166891.58,0,High Risk
ACC-104317,Spain,Male,25,0,525,30328.26,2,1,0,67987.18,0,Low Risk
ACC-104318,Spain,Female,36,3,482,92817.75,1,1,1,135800.86,1,Low Risk
ACC-104319,Spain,Female,41,6,764,0.0,2,1,0,77560.25,0,Low Risk
ACC-104320,France,Male,33,6,570,83430.31,1,1,0,137990.08,0,Low Risk
ACC-104321,Spain,Female,43,2,586,115859.95,2,1,0,,0,Low Risk
ACC-104322,Spain,Male,39,3,709,113826.31,1,1,0,121152.81,0,Medium Risk
ACC-104323,France,Female,38,10,657,88622.97,2,0,1,125430.7,0,Low Risk
ACC-104324,France,Female,43,1,503,91530.16,2,1,1,165470.35,0,Low Risk
ACC-104325,France,Female,46,4,498,102914.11,1,0,1,26159.18,1,Low Risk
ACC-104326,SPAIN ,Female,30,4,581,194263.67,2,0,0,149094.97,0,Low Risk
ACC-104327,France,Male,26,9,669,164007.64,1,1,1,181572.62,0,Low Risk
ACC-104328,France,Male,33,7,666,114320.62,1,0,1,126260.28,0,Low Risk
ACC-104329,France,Female,47,1,580,36141.76,2,0,0,122977.07,0,Low Risk
ACC-104330,Germany,Male,35,9,658,112025.08,2,1,1,170549.8,0,Low Risk
ACC-104331,France,Female,31,3,774,186799.19,1,0,0,171443.59,0,Medium Risk
ACC-104332,France,Male,40,3,574,152543.32,1,1,1,159686.84,0,Low Risk
ACC-104333,France,Male,44,8,748,0.0,4,0,0,119163.22,0,High Risk
ACC-104334,Germany,Female,42,8,718,137710.58,1,0,0,167140.4,0,High Risk
ACC-104335,Germany,Male,29,3,620,89059.72,1,1,0,41173.48,0,Medium Risk
ACC-104336,Germany,Female,42,0,687,73756.31,1,1,0,122277.85,1,High Risk
ACC-104337,Germany,Female,57,4,596,175139.36,2,1,0,29476.01,1,Medium Risk
ACC-104338,SPAIN ,Female,43,5,531,133071.24,2,1,1,43071.42,0,Low Risk
ACC-104339,Germany,Male,36,7,772,75739.1,1,1,0,32956.83,0,Medium Risk
ACC-104340,France,Male,32,8,746,189912.68,2,0,1,126157.67,0,Low Risk
ACC-104341,France,Female,52,1,458,63163.65,1,1,0,193936.12,1,Medium Risk
ACC-104342,France,Male,31,6,619,0.0,2,1,0,115185.06,1,Low Risk
ACC-104343,France,Male,22,8,667,130447.42,1,1,1,151392.56,0,Low Risk
ACC-104344,Germany,Male,48,9,727,29125.74,1,1,0,158936.98,1,Medium Risk
ACC-104345,Spain,Male,22,8,684,96936.27,3,0,1,40764.87,1,Medium Risk
ACC-104346,Spain,Female,41,9,704,0.0,2,0,1,191350.65,0,Low Risk
ACC-104347,France,Male,63,2,589,0.0,2,1,1,178041.71,0,Low Risk
ACC-104348,Germany,Female,27,3,604,51119.96,1,1,1,76291.25,0,Low Risk
ACC-104349,France,Female,37,9,686,109025.49,1,1,0,159299.36,0,Medium Risk
ACC-104350,Spain,Male,39,8,702,0.0,1,1,0,125798.95,0,Low Risk
ACC-104351,Germany,Female,44,2,627,102758.06,2,1,1,134525.82,0,Low Risk
ACC-104352,Germany,Male,34,0,643,57847.36,3,1,1,39180.26,1,High Risk
ACC-104353,France,Female,41,1,652,0.0,1,0,0,133819.49,0,Medium Risk
ACC-104354,France,Male,25,7,665,72855.43,1,1,1,72096.94,0,Low Risk
ACC-104355,France,Male,-38,9,539,109834.79,1,1,0,193250.55,0,Medium Risk
ACC-104356,Spain,Male,37,3,552,133172.51,2,1,1,186815.76,0,Low Risk
ACC-104357,Spain,Male,50,4,672,128255.58,2,1,1,52687.39,0,Low Risk
ACC-104358,Spain,Female,36,0,695,0.0,2,1,1,22124.34,0,Low Risk
ACC-104359,Spain,Female,29,7,850,160529.4,1,1,1,172060.11,1,Low Risk
ACC-104360,France,Female,42,2,576,152017.4,1,1,1,156438.89,1,Low Risk
ACC-104361,Germany,Female,50,1,777,103796.24,2,1,0,86922.53,0,Medium Risk
ACC-104362,Germany,Female,48,8,574,108617.94,2,1,1,170847.66,0,Low Risk
ACC-104363,France,Female,21,7,611,170863.93,1,0,0,128617.37,1,Medium Risk
ACC-104364,Germany,Male,58,0,645,186370.44,1,1,1,185169.45,1,High Risk
ACC-104365,Spain,Female,50,3,640,77234.59,1,1,1,192133.46,1,Low Risk
ACC-104366,Spain,Female,41,0,621,0.0,2,1,0,95666.08,0,Low Risk
ACC-104367,Spain,Female,44,4,665,0.0,1,0,1,122537.12,0,Low Risk
ACC-104368,France,Female,27,3,746,104532.67,1,1,1,23271.74,0,Low Risk
ACC-104369,France,Male,40,10,608,176062.83,1,0,1,135416.18,1,Low Risk
ACC-104370,Germany,Female,38,8,707,100828.54,1,0,1,154572.84,0,Medium Risk
ACC-104371,Germany,Female,31,8,495,170648.77,2,1,0,169886.52,0,Medium Risk
ACC-104372,France,Male,33,2,683,116088.7,1,1,0,136670.34,0,Medium Risk
ACC-104373,France,Male,25,7,586,129504.83,1,1,0,111286.69,1,Medium Risk
ACC-104374,France,Male,30,1,592,0.0,2,0,0,172610.72,0,Low Risk
ACC-104375,France,Male,23,6,742,0.0,1,1,0,110743.63,0,Low Risk
ACC-104376,Germany,Male,36,4,536,134315.83,2,0,1,188829.02,0,Low Risk
ACC-104377,Spain,Female,29,10,616,133510.4,1,1,0,35205.63,0,Medium Risk
ACC-104378,France,Male,37,5,850,100741.36,2,0,0,57560.51,1,Low Risk
ACC-104379,France,Female,41,6,592,169977.99,2,1,0,142687.11,0,Low Risk
ACC-104380,Germany,Male,32,2,758,164531.94,1,1,1,106179.79,0,Medium Risk
ACC-104381,France,Female,31,9,628,150277.89,2,1,1,148211.11,0,Low Risk
ACC-104382,France,Female,24,0,634,67930.3,2,1,0,74003.0,0,Low Risk
ACC-104383,France,Male,45,3,680,0.0,2,0,0,127580.82,0,Low Risk
ACC-104384,France,Female,18,1,770,0.0,2,0,0,131207.94,0,Low Risk
ACC-104385,Germany,Male,45,9,720,180300.99,1,1,0,36759.31,0,High Risk
ACC-104386,Spain,Female,53,8,584,31201.07,1,0,0,100994.66,1,Medium Risk
ACC-104387,Germany,Male,20,7,679,93398.19,2,1,0,137367.95,1,Low Risk
ACC-104388,Spain,Male,36,6,636,0.0,4,1,1,84883.58,1,Medium Risk
ACC-104389,France,Female,30,1,739,80706.34,2,1,0,163454.81,1,Low Risk
ACC-104390,Germany,Male,34,4,586,155353.32,1,1,1,56948.79,0,Medium Risk
ACC-104391,France,Male,37,10,739,116916.56,2,0,1,165875.26,0,Low Risk
ACC-104392,France,Male,36,10,791,0.0,2,1,0,27010.49,0,Low Risk
ACC-104393,Germany,Male,39,10,594,182266.55,1,0,0,58609.22,1,Medium Risk
ACC-104394,Germany,Female,53,1,754,143037.07,4,1,1,76647.78,1,High Risk
ACC-104395,Germany,Male,33,2,611,62142.6,2,1,0,152909.85,1,Low Risk
ACC-104396,France,Female,28,8,589,153814.82,1,1,0,79782.8,1,Medium Risk
ACC-104397,Germany,Female,39,3,496,110769.79,1,1,0,124302.71,0,Medium Risk
ACC-104398,Spain,Female,54,7,596,85298.83,2,1,1,87618.19,0,Low Risk
ACC-104399,Germany,Female,34,0,500,174383.21,2,0,1,113427.07,0,Low Risk
ACC-104400,Germany,Male,36,8,716,77376.98,2,1,1,132907.32,1,Low Risk
ACC-104401,Germany,Male,40,3,646,114852.37,1,1,1,119343.48,1,Medium Risk
ACC-104402,GERMANY ,Male,38,6,649,192842.85,2,1,1,94529.75,0,Low Risk
ACC-104403,France,Female,49,5,828,73013.28,2,1,1,69270.46,0,Low Risk
ACC-104404,Spain,Male,36,7,710,90227.31,2,1,1,142875.72,0,Low Risk
ACC-104405,France,Female,39,9,660,78643.19,1,0,0,188000.0,0,Low Risk
ACC-104406,Spain,Female,33,4,688,0.0,1,1,0,32296.88,0,Low Risk
ACC-104407,Spain,Male,42,0,762,145112.37,1,1,1,47188.01,0,Medium Risk
ACC-104408,Germany,Female,26,10,699,74490.56,1,0,1,28866.58,0,Low Risk
ACC-104409,Germany,Female,37,1,634,162043.48,3,1,1,152264.44,1,High Risk
ACC-104410,Germany,Female,32,8,609,39321.75,1,1,1,145324.65,0,Low Risk
ACC-104411,France,Male,55,5,620,0.0,1,1,0,29223.96,0,Medium Risk
ACC-104412,France,Male,50,2,788,57640.53,1,1,1,175189.71,0,Low Risk
ACC-104413,Germany,Male,43,2,489,148723.62,2,1,1,54672.7,1,Low Risk
ACC-104414,Germany,Male,18,5,602,47984.62,2,1,0,162656.7,0,Low Risk
ACC-104415,FRANCE ,Male,38,6,429,149911.74,2,1,0,154098.95,0,Low Risk
ACC-104416,France,Male,46,5,742,0.0,1,1,1,104138.86,0,Low Risk
ACC-104417,France,Female,66,8,778,169870.93,3,1,1,90405.13,1,High Risk
ACC-104418,France,Female,-29,2,687,0.0,2,0,1,145731.33,0,Low Risk
ACC-104419,Germany,Male,35,8,548,53973.19,1,0,0,152991.65,0,Medium Risk
ACC-104420,France,Male,34,10,735,72997.53,2,0,0,75748.62,0,Low Risk
ACC-104421,Germany,Male,44,8,651,112389.41,2,1,1,91266.76,1,Low Risk
ACC-104422,SPAIN ,Male,30,0,626,101896.32,1,1,1,165190.87,0,Low Risk
ACC-104423,France,Female,19,3,709,0.0,1,1,1,,1,Low Risk
ACC-104424,Spain,Female,46,10,686,0.0,2,1,0,61980.35,1,Low Risk
ACC-104425,Germany,Male,56,8,458,60066.78,1,1,0,38608.83,1,High Risk
ACC-104426,France,Male,41,3,805,130166.68,2,1,1,36016.86,1,Low Risk
ACC-104427,France,Male,36,0,636,89293.68,1,1,1,22155.21,0,Low Risk
ACC-104428,France,Male,32,8,591,165087.49,2,1,0,126228.07,0,Low Risk
ACC-104429,France,Female,37,8,734,187737.67,2,1,0,128329.79,0,Low Risk
ACC-104430,Spain,Male,22,8,579,0.0,2,1,1,175086.52,0,Low Risk
ACC-104431,Spain,Female,43,8,508,0.0,1,1,1,138824.5,1,Low Risk
ACC-104432,Spain,Male,48,7,538,0.0,1,1,0,61762.84,0,Medium Risk
ACC-104433,France,Male,43,5,545,79723.73,1,1,0,153499.15,0,Medium Risk
ACC-104434,France,Male,52,9,763,171051.55,1,0,1,92535.3,0,Medium Risk
ACC-104435,France,Male,30,4,576,130267.39,1,0,0,65051.93,0,Medium Risk
ACC-104436,Germany,Male,38,4,724,121801.76,2,0,0,81608.21,1,Medium Risk
ACC-104437,Spain,Male,39,3,723,0.0,2,1,1,101513.33,0,Low Risk
ACC-104438,France,Male,29,9,616,94491.99,2,0,1,146350.72,0,Low Risk
ACC-104439,France,Male,25,7,745,0.0,2,1,1,99693.21,0,Low Risk
ACC-104440,Germany,Male,37,8,758,74634.4,1,1,0,189144.83,1,Medium Risk
ACC-104441,France,Female,47,3,596,149962.61,1,1,0,157932.95,0,Medium Risk
ACC-104442,Spain,Female,38,9,733,27707.27,1,1,1,190647.33,0,Low Risk
ACC-104443,Germany,Female,25,10,678,154607.77,2,1,1,118044.44,0,Low Risk
ACC-104444,France,Female,26,7,550,0.0,2,1,0,93166.98,0,Low Risk
ACC-104445,Germany,Male,42,0,806,107679.68,2,1,1,135160.54,0,Medium Risk
ACC-104446,Germany,Female,37,7,725,38900.35,1,0,0,133787.99,0,Medium Risk
ACC-104447,Spain,Male,42,6,666,0.0,2,1,0,36772.73,0,Low Risk
ACC-104448,France,Male,55,9,616,56062.42,2,0,1,102369.06,0,Low Risk
ACC-104449,France,Male,30,2,549,0.0,2,1,0,164755.64,0,Low Risk
ACC-104450,Spain,Female,50,6,687,79534.8,2,1,0,181985.93,0,Low Risk
ACC-104451,Germany,Male,26,1,583,190784.62,2,1,0,89347.56,0,Medium Risk
ACC-104452,France,Male,38,5,826,77851.71,1,0,1,103749.47,0,Low Risk
ACC-104453,Spain,Male,31,2,844,141743.9,2,0,1,108205.9,1,Low Risk
ACC-104454,Spain,Male,37,2,495,91265.83,1,1,1,139183.66,1,Low Risk
ACC-104455,France,Female,36,5,532,35493.5,2,1,1,165417.51,0,Low Risk
ACC-104456,Spain,Female,47,1,494,169653.62,2,1,1,50022.81,0,Low Risk
ACC-104457,France,Female,20,4,605,0.0,1,1,0,76065.12,0,Low Risk
ACC-104458,Germany,Female,50,7,557,91033.28,1,1,1,23482.26,0,Medium Risk
ACC-104459,France,Female,43,8,673,156642.29,3,1,0,123987.41,1,High Risk
ACC-104460,France,Female,55,8,696,52447.47,1,1,1,137594.89,0,Low Risk
ACC-104461,Germany,Female,41,9,662,74330.97,3,1,0,175670.82,1,High Risk
ACC-104462,Spain,Male,44,6,631,99427.07,1,1,0,60679.76,0,Medium Risk
ACC-104463,Germany,Male,43,9,575,50723.81,1,1,0,44359.3,1,Medium Risk
ACC-104464,FRANCE ,Female,59,7,689,0.0,2,1,0,129339.09,1,Low Risk
ACC-104465,Spain,Male,29,1,613,30836.25,1,1,1,180840.25,0,Low Risk
ACC-104466,Spain,Female,49,1,642,181915.1,1,0,0,144253.34,0,Medium Risk
ACC-104467,Germany,Male,59,5,616,81754.46,2,0,1,88045.07,0,Low Risk
ACC-104468,Spain,Female,37,2,542,0.0,2,1,1,51020.33,0,Low Risk
ACC-104469,France,Female,31,6,632,141199.78,1,1,0,75081.23,0,Medium Risk
ACC-104470,Spain,Male,43,2,504,35406.9,1,0,1,98988.04,0,Low Risk
ACC-104471,Germany,Male,42,9,709,137843.17,1,1,0,127442.12,1,High Risk
ACC-104472,Spain,Female,26,7,549,125059.93,2,1,1,72629.27,0,Low Risk
ACC-104473,Germany,Male,55,9,753,189915.56,1,1,1,190447.85,0,Medium Risk
ACC-104474,France,Male,29,10,426,123302.73,2,1,0,147537.4,0,Low Risk
ACC-104475,France,Male,30,6,694,176128.86,2,1,1,76971.22,0,Low Risk
ACC-104476,France,Male,48,6,677,29274.5,2,1,0,152034.38,0,Low Risk
ACC-104477,Germany,Female,51,6,723,91183.33,1,1,0,42560.62,1,High Risk
ACC-104478,GERMANY ,Male,43,2,647,129601.78,2,0,0,62714.17,0,Medium Risk
ACC-104479,Germany,Female,48,1,544,65183.8,1,1,0,65958.63,0,High Risk
ACC-104480,Spain,Female,35,9,691,0.0,1,0,1,111168.64,0,Low Risk
ACC-104481,Germany,Female,42,9,559,126583.84,1,1,1,92675.07,0,Medium Risk
ACC-104482,Spain,Female,43,2,491,74621.01,2,0,1,170448.32,0,Low Risk
ACC-104483,FRANCE ,Male,41,0,829,93906.9,1,1,0,82926.37,1,Medium Risk
ACC-104484,France,Female,51,9,656,64932.88,2,1,0,70182.9,0,Low Risk
ACC-104485,Spain,Male,28,2,697,70276.96,2,0,1,138890.58,0,Low Risk
ACC-104486,France,Female,28,9,737,157657.24,2,0,1,78384.58,0,Low Risk
ACC-104487,Spain,Male,35,0,682,179707.12,2,1,0,161367.11,1,Low Risk
ACC-104488,Spain,Female,52,4,617,0.0,1,1,1,176516.71,0,Low Risk
ACC-104489,Germany,Male,50,5,657,88310.79,1,1,1,45891.34,1,Medium Risk
ACC-104490,Spain,Male,34,5,761,0.0,1,1,0,56671.79,0,Low Risk
ACC-104491,France,Male,38,8,474,42955.05,1,1,0,42078.43,0,Low Risk
ACC-104492,France,Female,24,0,663,69676.87,1,1,1,176139.08,0,Low Risk
ACC-104493,France,Female,18,1,714,28302.49,2,1,0,96580.63,0,Low Risk
ACC-104494,Germany,Male,58,1,673,168740.16,1,1,0,178394.32,1,High Risk
ACC-104495,Spain,Female,41,7,577,170959.62,1,0,1,55935.6,0,Low Risk
ACC-104496,Germany,Male,32,10,686,78760.38,1,1,0,,1,Medium Risk
ACC-104497,Germany,Female,28,6,538,47988.72,1,1,1,70309.97,1,Low Risk
ACC-104498,France,Female,34,5,549,123932.29,1,1,0,177725.26,1,Medium Risk
ACC-104499,Spain,Female,40,2,693,127297.31,1,1,0,,0,Medium Risk
ACC-104500,France,Female,29,0,661,135910.3,2,1,0,57169.1,1,Low Risk
ACC-104501,Spain,Male,45,8,748,0.0,1,1,1,189470.58,0,Low Risk
ACC-104502,Germany,Male,40,3,677,118800.66,2,1,0,40300.08,1,Medium Risk
ACC-104503,Spain,Male,32,3,747,0.0,2,1,0,46191.76,1,Low Risk
ACC-104504,Germany,Male,-44,1,780,25383.73,2,0,1,151702.62,1,Low Risk
ACC-104505,France,Female,31,0,633,47670.29,1,1,1,143329.26,0,Low Risk
ACC-104506,FRANCE ,Male,33,7,677,41638.52,1,0,1,55778.95,0,Low Risk
ACC-104507,France,Male,26,9,556,178806.55,1,1,1,26648.8,1,Low Risk
ACC-104508,France,Male,38,7,695,157151.96,1,0,1,182960.69,0,Low Risk
ACC-104509,Spain,Female,35,8,532,107991.82,1,1,0,119091.1,0,Medium Risk
ACC-104510,France,Female,39,1,709,126095.66,2,1,1,138667.39,0,Low Risk
ACC-104511,France,Male,28,10,539,156983.95,1,1,0,157399.32,1,Medium Risk
ACC-104512,Germany,Female,54,1,675,176007.6,1,1,1,107047.74,1,High Risk
ACC-104513,Germany,Male,40,3,755,147922.33,3,1,0,174907.37,1,High Risk
ACC-104514,France,Female,47,4,475,0.0,1,1,0,184612.89,0,Medium Risk
ACC-104515,Germany,Female,25,5,712,72269.69,1,1,0,97948.7,0,Medium Risk
ACC-104516,France,Male,44,2,846,133457.14,3,1,1,88298.96,1,High Risk
ACC-104517,France,Male,27,3,544,0.0,1,1,1,142338.57,0,Low Risk
ACC-104518,France,Male,31,0,530,0.0,1,1,1,49834.74,0,Low Risk
ACC-104519,Germany,Male,45,3,472,139600.2,2,1,0,96538.23,0,Medium Risk
ACC-104520,France,Female,53,4,569,154272.99,1,1,1,33980.02,0,Medium Risk
ACC-104521,Germany,Male,35,10,655,116306.36,1,0,0,125984.95,0,Medium Risk
ACC-104522,France,Male,40,5,524,191354.8,1,1,0,94695.56,0,Medium Risk
ACC-104523,Germany,Female,53,7,516,97964.99,2,0,0,65308.38,0,Medium Risk
ACC-104524,Spain,Male,30,6,548,0.0,2,1,1,73661.44,0,Low Risk
ACC-104525,Germany,Male,44,1,625,138487.24,1,1,1,106406.28,0,Medium Risk
ACC-104526,France,Male,46,1,698,0.0,1,0,1,139862.4,1,Low Risk
ACC-104527,France,Male,50,1,582,0.0,1,1,1,34231.05,1,Low Risk
ACC-104528,France,Male,33,2,850,49478.28,2,0,0,135736.22,1,Low Risk
ACC-104529,France,Male,46,7,675,56845.61,1,0,1,169832.02,0,Low Risk
ACC-104530,France,Male,31,3,739,70247.44,1,1,1,41797.18,0,Low Risk
ACC-104531,Spain,Male,20,8,670,0.0,1,1,1,48205.39,0,Low Risk
ACC-104532,SPAIN ,Female,36,10,727,136850.05,1,1,1,131417.92,0,Low Risk
ACC-104533,France,Female,29,2,548,169533.29,2,0,0,147988.97,0,Low Risk
ACC-104534,France,Male,34,8,752,0.0,2,1,0,29715.0,0,Low Risk
ACC-104535,France,Male,42,6,772,0.0,1,1,1,32856.58,0,Low Risk
ACC-104536,Spain,Male,-43,1,780,172822.11,1,1,0,98347.17,1,Medium Risk
ACC-104537,Germany,Male,59,5,686,107266.36,1,1,1,129016.13,1,Medium Risk
ACC-104538,France,Male,40,7,666,145526.56,2,1,1,43172.88,0,Low Risk
ACC-104539,Germany,Male,50,1,677,37060.7,1,0,0,61895.81,0,High Risk
ACC-104540,France,Female,37,7,478,36560.25,1,1,1,138466.63,0,Low Risk
ACC-104541,France,Female,22,2,555,69926.19,1,0,1,184568.12,0,Low Risk
ACC-104542,Spain,Male,40,3,792,0.0,1,1,0,23791.19,0,Low Risk
ACC-104543,France,Male,28,2,608,56130.6,1,1,1,91937.32,1,Low Risk
ACC-104544,France,Female,32,6,429,167662.17,1,1,1,93659.44,1,Low Risk
ACC-104545,France,Male,47,10,578,105619.92,1,0,0,116927.77,1,Medium Risk
ACC-104546,France,Female,40,4,754,111261.62,1,1,0,137291.33,1,Medium Risk
ACC-104547,France,Male,28,6,702,57419.82,1,0,0,31651.58,0,Low Risk
ACC-104548,Germany,Female,51,5,697,94103.37,1,1,1,150220.66,1,Medium Risk
ACC-104549,Germany,Female,31,2,632,185913.98,2,1,0,141954.53,0,Medium Risk
ACC-104550,Germany,Male,58,6,365,166295.97,2,0,0,32173.61,1,Medium Risk
ACC-104551,France,Female,54,8,492,130474.69,1,0,0,121208.71,0,Medium Risk
ACC-104552,FRANCE ,Female,31,6,809,0.0,2,1,1,84801.33,0,Low Risk
ACC-104553,France,Female,29,5,620,82326.1,2,0,0,37547.94,1,Low Risk
ACC-104554,France,Female,23,0,760,115169.77,1,1,1,,0,Low Risk
ACC-104555,France,Male,33,5,728,74619.38,1,1,1,,0,Low Risk
ACC-104556,Spain,Female,43,5,772,119198.43,2,1,1,157618.9,1,Low Risk
ACC-104557,France,Female,28,10,850,30321.93,1,0,1,143776.33,0,Low Risk
ACC-104558,France,Male,59,9,671,0.0,1,1,0,190613.54,1,Medium Risk
ACC-104559,France,Male,55,8,568,95567.63,2,1,0,157538.57,1,Low Risk
ACC-104560,France,Female,27,0,580,125519.74,3,0,0,103587.1,1,High Risk
ACC-104561,Germany,Male,38,7,566,86051.66,1,0,0,139494.8,1,Medium Risk
ACC-104562,Spain,Female,40,6,546,64339.51,2,0,1,,0,Low Risk
ACC-104563,France,Male,33,1,649,81136.54,3,1,1,128588.08,1,High Risk
ACC-104564,GERMANY ,Male,24,0,696,157339.93,1,1,1,103490.32,0,Medium Risk
ACC-104565,FRANCE ,Male,42,3,647,0.0,2,1,1,78873.45,0,Low Risk
ACC-104566,Spain,Male,31,9,521,54664.37,1,1,0,156475.34,0,Low Risk
ACC-104567,France,Male,29,2,451,0.0,1,1,1,60963.89,0,Low Risk
ACC-104568,Germany,Female,66,0,571,52166.38,2,0,0,49654.17,1,Medium Risk
ACC-104569,Germany,Male,42,4,717,173803.69,3,1,1,107606.51,1,High Risk
ACC-104570,France,Female,46,2,623,96029.0,1,1,0,175811.98,1,Medium Risk
ACC-104571,FRANCE ,Male,59,8,813,0.0,1,1,1,139339.16,1,Low Risk
ACC-104572,Spain,Male,48,4,727,63386.79,2,1,1,151048.85,0,Low Risk
ACC-104573,Spain,Female,38,3,549,119363.75,2,1,1,27535.66,0,Low Risk
ACC-104574,Spain,Female,22,9,474,157595.24,1,1,1,114439.0,1,Low Risk
ACC-104575,France,Male,26,1,599,133434.99,2,1,0,56485.75,0,Low Risk
ACC-104576,Germany,Male,57,5,648,26212.74,2,1,0,181884.43,1,Medium Risk
ACC-104577,Germany,Male,46,5,570,114097.04,1,0,1,132700.59,0,Medium Risk
ACC-104578,France,Male,27,4,597,0.0,1,0,0,68078.71,1,Low Risk
ACC-104579,Germany,Female,21,2,809,150875.11,2,0,1,,0,Low Risk
ACC-104580,France,Female,36,0,626,58609.41,1,1,0,122517.84,0,Medium Risk
ACC-104581,France,Male,21,9,673,0.0,1,0,0,62675.37,0,Low Risk
ACC-104582,France,Female,27,8,606,61418.69,2,1,1,179953.01,0,Low Risk
ACC-104583,Germany,Male,43,5,841,25688.34,2,1,1,151501.68,0,Low Risk
ACC-104584,FRANCE ,Male,35,10,645,0.0,2,1,1,30099.88,0,Low Risk
ACC-104585,Spain,Male,40,8,756,187554.18,1,1,1,71414.62,0,Low Risk
ACC-104586,Spain,Female,33,2,502,52651.07,2,1,1,185548.48,0,Low Risk
ACC-104587,France,Male,42,9,563,33462.55,2,1,1,133463.01,0,Low Risk
ACC-104588,Spain,Male,44,5,637,0.0,1,1,0,148725.17,0,Medium Risk
ACC-104589,France,Female,39,6,667,102454.36,1,1,1,97589.17,0,Low Risk
ACC-104590,France,Female,-51,9,659,100151.51,2,1,0,98064.31,0,Medium Risk
ACC-104591,Spain,Female,37,2,680,49928.04,1,1,1,36423.99,0,Low Risk
ACC-104592,France,Female,47,2,722,0.0,3,1,0,106094.16,0,High Risk
ACC-104593,France,Male,-42,9,611,108747.79,1,0,1,186482.69,0,Low Risk
ACC-104594,Spain,Female,35,2,719,153550.09,1,1,1,174514.91,0,Low Risk
ACC-104595,France,Male,21,10,645,26075.23,1,1,1,44848.98,0,Low Risk
ACC-104596,France,Male,44,0,598,164075.84,1,0,1,175637.09,1,Medium Risk
ACC-104597,Germany,Male,45,10,653,190474.07,2,1,1,58244.31,1,Low Risk
ACC-104598,Germany,Male,34,10,695,134625.76,4,1,1,134066.5,0,High Risk
ACC-104599,Spain,Male,40,1,577,0.0,1,1,0,33964.93,0,Medium Risk
ACC-104600,Germany,Male,54,0,700,103758.23,1,1,0,41440.19,0,High Risk
ACC-104601,Germany,Male,54,7,765,106949.17,1,1,1,84468.61,1,Medium Risk
ACC-104602,Spain,Male,33,1,715,0.0,1,1,1,171594.19,0,Low Risk
ACC-104603,France,Male,42,0,771,0.0,2,1,1,142256.79,1,Low Risk
ACC-104604,Germany,Female,44,2,739,184110.97,2,1,1,77929.85,1,Low Risk
ACC-104605,France,Male,-31,0,600,0.0,2,1,0,168989.1,0,Low Risk
ACC-104606,Spain,Female,38,7,742,0.0,1,0,0,135307.88,0,Low Risk
ACC-104607,Spain,Female,25,8,654,36520.14,2,1,0,25327.02,0,Low Risk
ACC-104608,France,Male,36,9,579,0.0,1,1,1,63817.28,0,Low Risk
ACC-104609,France,Female,51,7,517,0.0,1,1,0,156065.91,1,Medium Risk
ACC-104610,Germany,Male,41,6,508,48314.17,1,1,1,193301.78,0,Medium Risk
ACC-104611,Spain,Male,41,4,709,0.0,1,1,0,151963.96,0,Medium Risk
ACC-104612,Spain,Female,48,10,536,155429.61,2,1,0,163031.72,0,Low Risk
ACC-104613,Germany,Female,40,10,624,182644.7,1,1,1,130863.68,0,Medium Risk
ACC-104614,Spain,Female,31,2,469,60624.41,2,0,0,149370.71,1,Low Risk
ACC-104615,Germany,Female,58,6,613,171250.17,2,1,1,185505.43,1,Medium Risk
ACC-104616,Germany,Male,49,6,550,53712.4,1,1,1,85682.12,0,Medium Risk
ACC-104617,Germany,Male,40,1,659,160557.17,1,0,0,40812.2,0,High Risk
ACC-104618,France,Male,18,1,639,53311.14,1,1,0,117303.28,1,Medium Risk
ACC-104619,Germany,Female,44,6,584,49022.43,1,1,0,142430.38,0,Medium Risk
ACC-104620,Germany,Female,21,5,823,75547.12,4,1,0,,0,High Risk
ACC-104621,Spain,Male,48,0,703,182648.38,2,0,1,98917.0,1,Low Risk
ACC-104622,France,Female,38,8,555,103239.29,1,1,1,32560.98,0,Low Risk
ACC-104623,France,Male,51,6,559,148807.37,1,1,0,25159.41,1,Medium Risk
ACC-104624,France,Male,33,2,705,162012.7,2,1,0,69382.92,0,Low Risk
ACC-104625,Spain,Male,25,5,757,0.0,1,1,1,38190.11,1,Low Risk
ACC-104626,France,Male,36,0,661,179866.12,2,1,1,96010.97,0,Low Risk
ACC-104627,France,Male,46,1,575,153815.99,2,0,1,24428.32,0,Low Risk
ACC-104628,Germany,Female,45,9,549,90642.93,1,1,0,111121.16,1,Medium Risk
ACC-104629,France,Male,25,4,511,170794.93,2,1,1,168182.26,0,Low Risk
ACC-104630,Spain,Female,41,3,600,0.0,2,1,1,147790.23,0,Low Risk
ACC-104631,Spain,Male,54,7,763,79239.84,2,1,1,126804.56,0,Low Risk
ACC-104632,France,Male,42,9,649,0.0,1,1,0,145787.37,1,Medium Risk
ACC-104633,France,Male,33,4,712,147615.01,1,1,1,169985.4,0,Low Risk
ACC-104634,Germany,Male,32,2,662,69298.43,1,1,1,109798.73,1,Low Risk
ACC-104635,France,Male,50,2,694,98290.91,1,1,0,79570.23,0,Medium Risk
ACC-104636,GERMANY ,Male,50,9,627,29968.69,1,0,1,97123.28,0,Medium Risk
ACC-104637,France,Male,42,9,827,0.0,1,1,1,107447.07,1,Low Risk
ACC-104638,Germany,Female,35,4,625,128549.54,2,1,1,61895.66,1,Low Risk
ACC-104639,France,Male,57,10,510,0.0,2,1,1,185618.71,0,Low Risk
ACC-104640,France,Male,41,7,582,97903.35,2,0,1,74384.03,0,Low Risk
ACC-104641,France,Male,22,9,674,52714.1,1,1,0,37752.03,0,Low Risk
ACC-104642,France,Male,30,9,689,0.0,2,0,1,149065.38,0,Low Risk
ACC-104643,France,Male,56,5,683,27720.77,1,0,1,29577.73,0,Low Risk
ACC-104644,Spain,Female,24,10,700,95291.9,1,1,1,192863.17,0,Low Risk
ACC-104645,France,Male,36,6,642,101958.97,1,1,1,80519.33,0,Low Risk
ACC-104646,Germany,Female,21,7,619,154646.19,1,0,1,32959.82,0,Medium Risk
ACC-104647,Spain,Male,38,4,603,133783.07,1,1,0,127004.25,0,Medium Risk
ACC-104648,Spain,Female,48,0,808,0.0,2,0,0,133897.29,0,Low Risk
ACC-104649,Spain,Female,52,2,697,42460.08,1,1,1,89127.37,0,Low Risk
ACC-104650,France,Male,21,1,557,0.0,1,1,0,156266.41,1,Medium Risk
ACC-104651,Germany,Male,37,4,573,45372.09,1,1,1,22518.23,0,Low Risk
ACC-104652,Germany,Male,49,6,802,129772.17,1,0,0,91152.88,0,High Risk
ACC-104653,France,Male,54,7,644,73198.91,2,1,1,43865.44,0,Low Risk
ACC-104654,Germany,Male,43,1,697,176518.01,1,1,1,34600.48,1,Medium Risk
ACC-104655,Germany,Female,38,8,678,78483.04,1,1,1,80632.57,0,Low Risk
ACC-104656,Germany,Male,20,3,838,89513.73,1,0,0,83513.34,1,Medium Risk
ACC-104657,Germany,Male,18,8,663,49059.25,2,1,1,117240.7,0,Low Risk
ACC-104658,France,Female,41,5,651,161913.96,2,1,0,139088.14,0,Low Risk
ACC-104659,France,Female,30,6,574,87308.24,1,1,0,174447.47,0,Low Risk
ACC-104660,France,Female,18,2,539,131340.88,1,0,0,159867.65,0,Medium Risk
ACC-104661,France,Female,47,2,669,69471.97,2,1,1,77023.3,1,Low Risk
ACC-104662,Germany,Male,32,2,786,28473.29,1,1,0,173368.65,0,Medium Risk
ACC-104663,France,Male,24,10,723,175340.77,1,1,1,144555.42,0,Low Risk
ACC-104664,SPAIN ,Female,36,10,656,56064.22,2,1,1,157944.93,0,Low Risk
ACC-104665,Spain,Female,39,1,504,143415.68,1,1,1,169653.85,1,Low Risk
ACC-104666,Germany,Female,48,1,598,189026.1,2,1,0,192355.14,1,Medium Risk
ACC-104667,France,Female,42,5,780,102742.29,3,0,1,91510.32,0,High Risk
ACC-104668,France,Male,39,3,686,0.0,2,0,0,81640.07,1,Low Risk
ACC-104669,SPAIN ,Male,48,5,665,68243.14,2,1,1,97537.04,0,Low Risk
ACC-104670,France,Male,50,2,573,47181.83,1,1,1,131929.6,0,Low Risk
ACC-104671,France,Female,43,2,627,88435.15,1,1,0,112450.06,0,Medium Risk
ACC-104672,Spain,Female,30,8,608,0.0,1,0,0,123861.61,0,Low Risk
ACC-104673,Spain,Male,29,3,660,164275.67,2,1,0,77746.12,0,Low Risk
ACC-104674,Germany,Male,48,4,787,118788.04,2,0,0,164180.37,0,Medium Risk
ACC-104675,Germany,Female,48,9,610,62199.0,1,0,0,34136.15,1,Medium Risk
ACC-104676,France,Male,30,4,746,148159.61,3,1,1,133375.42,1,High Risk
ACC-104677,Germany,Female,27,5,733,119428.3,1,1,1,135692.54,0,Medium Risk
ACC-104678,France,Male,35,6,796,0.0,1,0,0,173485.67,1,Low Risk
ACC-104679,Spain,Female,30,4,689,136176.57,1,1,0,129660.71,0,Medium Risk
ACC-104680,Germany,Female,44,1,600,156235.66,2,1,1,138754.03,0,Medium Risk
ACC-104681,Germany,Male,48,4,666,89338.51,2,1,0,117894.78,0,Medium Risk
ACC-104682,Germany,Female,28,0,472,173454.59,2,1,0,162901.51,0,Medium Risk
ACC-104683,France,Female,31,0,816,165138.29,1,1,0,45984.53,1,Medium Risk
ACC-104684,France,Female,50,5,564,67697.9,2,1,1,44093.24,0,Low Risk
ACC-104685,France,Female,28,2,671,74817.82,1,1,0,86805.08,0,Low Risk
ACC-104686,France,Male,33,10,655,61626.56,1,1,0,106611.98,0,Low Risk
ACC-104687,France,Male,28,2,587,181106.11,1,1,0,173485.26,0,Medium Risk
ACC-104688,France,Female,35,8,515,0.0,2,1,0,124433.93,0,Low Risk
ACC-104689,France,Female,53,9,601,132443.03,1,1,1,126894.32,1,Medium Risk
ACC-104690,Germany,Male,42,10,674,37998.84,2,1,0,182466.17,1,Medium Risk
ACC-104691,France,Female,62,3,730,119421.57,2,0,1,99498.62,0,Low Risk
ACC-104692,Germany,Female,33,2,640,31178.48,2,1,0,36758.22,0,Low Risk
ACC-104693,France,Male,47,3,638,44502.36,2,1,1,98335.11,0,Low Risk
ACC-104694,France,Female,30,1,612,68571.16,2,1,1,151846.8,0,Low Risk
ACC-104695,Germany,Female,48,4,608,151037.21,1,1,1,95814.4,0,Medium Risk
ACC-104696,France,Female,32,9,739,0.0,2,1,0,127137.49,0,Low Risk
ACC-104697,France,Female,40,8,692,169645.3,2,1,1,97451.86,0,Low Risk
ACC-104698,Germany,Male,39,5,644,121902.38,1,1,0,76017.85,0,Medium Risk
ACC-104699,France,Male,46,2,443,34871.31,1,1,0,45803.3,0,Medium Risk
ACC-104700,France,Female,38,10,350,0.0,2,1,0,126429.27,0,Low Risk
ACC-104701,Spain,Female,18,4,615,44174.98,2,1,0,29557.71,0,Low Risk
ACC-104702,Spain,Female,55,3,769,0.0,2,1,1,76178.1,0,Low Risk
ACC-104703,Spain,Male,31,10,703,120518.04,1,1,1,170795.75,0,Low Risk
ACC-104704,Germany,Male,35,7,718,29788.26,2,1,1,103069.09,0,Low Risk
ACC-104705,France,Male,44,9,653,65057.2,1,0,1,90733.95,0,Low Risk
ACC-104706,Germany,Female,33,8,589,48160.51,1,1,1,38078.16,1,Low Risk
ACC-104707,Spain,Female,36,7,693,0.0,2,1,0,153489.41,0,Low Risk
ACC-104708,Spain,Female,39,8,703,0.0,2,1,0,33146.66,0,Low Risk
ACC-104709,Germany,Female,36,4,550,82709.47,1,1,0,112002.96,1,Medium Risk
ACC-104710,Germany,Female,26,4,593,27047.98,2,0,1,147647.47,0,Low Risk
ACC-104711,France,Female,37,3,582,97973.0,2,1,1,130434.5,0,Low Risk
ACC-104712,Germany,Female,30,9,703,174857.22,1,1,0,43390.24,1,Medium Risk
ACC-104713,France,Female,24,9,727,100169.53,1,1,1,34841.81,0,Low Risk
ACC-104714,Spain,Male,30,8,736,172562.91,1,1,1,25084.36,0,Low Risk
ACC-104715,Germany,Female,59,4,704,175785.28,1,0,0,66924.72,1,High Risk
ACC-104716,France,Female,25,3,694,96366.44,1,1,1,86129.04,0,Low Risk
ACC-104717,Germany,Female,36,10,722,182299.18,1,1,0,105097.86,1,Medium Risk
ACC-104718,Germany,Female,32,8,504,126078.07,3,1,1,42433.21,1,High Risk
ACC-104719,France,Male,52,6,633,38869.68,1,1,1,41028.04,0,Low Risk
ACC-104720,France,Male,38,9,558,0.0,1,1,1,115937.79,0,Low Risk
ACC-104721,FRANCE ,Male,33,8,763,63237.34,1,1,0,177853.12,0,Low Risk
ACC-104722,Germany,Male,20,1,689,66778.96,1,1,0,121820.7,0,Medium Risk
ACC-104723,France,Male,52,6,850,26923.79,2,0,1,60295.65,0,Low Risk
ACC-104724,Germany,Female,18,7,575,194574.35,2,0,1,96594.6,0,Low Risk
ACC-104725,Spain,Male,31,1,711,79300.23,2,1,1,57864.05,0,Low Risk
ACC-104726,France,Male,27,10,604,119125.65,2,1,1,168642.41,0,Low Risk
ACC-104727,France,Male,-37,6,509,108508.4,2,1,0,122295.29,0,Low Risk
ACC-104728,Spain,Female,34,4,535,98308.27,1,1,0,109990.7,0,Low Risk
ACC-104729,France,Female,47,7,644,0.0,3,0,0,179810.78,1,High Risk
ACC-104730,Germany,Male,49,5,651,85643.86,2,1,0,175689.38,1,Medium Risk
ACC-104731,Germany,Male,38,0,663,53381.25,1,1,1,114035.04,1,Medium Risk
ACC-104732,France,Female,24,3,632,92849.42,2,1,0,24689.13,0,Low Risk
ACC-104733,Spain,Female,37,2,714,0.0,2,1,1,58707.75,0,Low Risk
ACC-104734,Germany,Male,42,5,568,149433.26,1,1,1,128711.62,1,Medium Risk
ACC-104735,SPAIN ,Male,31,10,690,123247.95,1,0,0,177466.83,0,Medium Risk
ACC-104736,France,Female,38,9,644,47182.58,2,0,1,185429.11,0,Low Risk
ACC-104737,Germany,Male,46,2,631,142310.05,2,1,0,111895.57,1,Medium Risk
ACC-104738,Spain,Male,32,2,520,0.0,2,0,0,168096.47,0,Low Risk
ACC-104739,France,Female,33,8,597,103748.39,2,1,0,153409.33,0,Low Risk
ACC-104740,Germany,Male,49,4,687,153400.21,2,0,1,107676.99,0,Low Risk
ACC-104741,France,Female,40,7,601,129458.23,2,0,1,23730.7,0,Low Risk
ACC-104742,France,Male,24,5,796,0.0,2,1,1,66999.81,0,Low Risk
ACC-104743,Germany,Female,54,4,634,163391.73,1,1,0,193968.7,1,High Risk
ACC-104744,France,Female,45,3,687,0.0,1,0,0,73143.73,0,Medium Risk
ACC-104745,France,Female,42,5,500,67049.31,1,1,1,145973.16,0,Low Risk
ACC-104746,France,Male,25,5,564,0.0,1,1,0,134483.65,1,Low Risk
ACC-104747,France,Female,55,10,655,54437.21,2,1,0,171852.22,1,Low Risk
ACC-104748,France,Male,56,10,796,75462.62,1,1,0,161515.41,1,Medium Risk
ACC-104749,Spain,Male,28,7,679,0.0,1,0,1,97159.66,0,Low Risk
ACC-104750,France,Male,32,9,605,40136.09,1,1,0,139137.55,0,Low Risk
ACC-104751,Germany,Female,29,8,559,130710.62,2,1,1,167207.29,0,Low Risk
ACC-104752,France,Female,38,9,543,194535.0,1,1,1,26059.36,0,Low Risk
ACC-104753,France,Female,29,6,582,0.0,1,1,1,160213.84,0,Low Risk
ACC-104754,Germany,Female,29,10,637,193620.35,1,1,1,36205.52,1,Medium Risk
ACC-104755,Germany,Male,42,6,585,162044.84,2,1,1,143713.9,1,Low Risk
ACC-104756,Germany,Male,39,2,668,132700.78,1,0,0,99314.82,1,Medium Risk
ACC-104757,Germany,Female,40,9,619,171200.51,2,0,1,80216.7,1,Low Risk
ACC-104758,FRANCE ,Female,31,7,649,0.0,1,1,1,60722.78,0,Low Risk
ACC-104759,Germany,Male,33,9,651,99938.97,1,1,1,142160.11,1,Low Risk
ACC-104760,Germany,Female,39,2,669,80376.04,2,1,0,156013.42,0,Low Risk
ACC-104761,France,Female,39,2,594,167126.75,1,1,1,92254.8,0,Low Risk
ACC-104762,France,Male,50,8,738,0.0,1,1,1,150758.58,1,Low Risk
ACC-104763,France,Female,18,7,616,194001.03,4,1,1,179070.39,1,High Risk
ACC-104764,France,Female,20,6,717,114576.73,3,1,1,154125.49,1,High Risk
ACC-104765,France,Male,49,7,739,177293.62,1,1,0,73103.47,0,Medium Risk
ACC-104766,Spain,Female,34,1,676,106317.63,1,1,0,127481.51,1,Medium Risk
ACC-104767,France,Male,33,4,709,85474.8,3,1,1,42797.22,1,Medium Risk
ACC-104768,France,Male,33,8,782,67653.3,1,1,0,189659.65,0,Low Risk
ACC-104769,Germany,Female,34,2,724,98451.46,1,1,0,172941.22,1,Medium Risk
ACC-104770,Spain,Female,36,4,612,0.0,1,0,1,171247.36,1,Low Risk
ACC-104771,Germany,Male,25,3,755,157823.19,2,1,1,185576.86,1,Low Risk
ACC-104772,France,Female,37,4,796,72996.44,2,0,1,92729.15,0,Low Risk
ACC-104773,Germany,Female,30,5,630,86606.3,2,1,1,88211.45,0,Low Risk
ACC-104774,Germany,Male,31,0,837,98574.48,1,0,1,171346.53,0,Medium Risk
ACC-104775,France,Male,27,5,640,0.0,2,1,1,156100.58,1,Low Risk
ACC-104776,Germany,Male,37,10,599,111934.75,2,1,0,95312.14,0,Medium Risk
ACC-104777,France,Male,32,9,471,136902.42,1,1,1,89467.05,0,Low Risk
ACC-104778,Spain,Female,50,5,695,54177.79,2,1,0,175923.27,0,Low Risk
ACC-104779,France,Female,46,1,786,87422.21,3,1,1,108954.14,0,High Risk
ACC-104780,Spain,Male,42,7,481,0.0,2,1,0,129483.69,0,Low Risk
ACC-104781,France,Male,23,9,831,152241.44,2,1,1,24619.17,0,Low Risk
ACC-104782,Germany,Female,43,7,665,155114.38,2,0,1,166057.66,0,Low Risk
ACC-104783,Spain,Male,34,10,720,69874.79,1,1,1,57723.42,0,Low Risk
ACC-104784,France,Female,36,4,517,31677.45,1,1,0,188130.17,0,Low Risk
ACC-104785,France,Female,43,10,790,90318.16,1,1,1,151942.25,0,Low Risk
ACC-104786,Germany,Female,52,9,639,106195.96,2,1,1,120131.94,0,Medium Risk
ACC-104787,Germany,Male,35,3,613,124094.69,1,0,1,94658.64,0,Medium Risk
ACC-104788,France,Female,48,8,824,0.0,2,0,1,,0,Low Risk
ACC-104789,Spain,Female,36,7,634,65613.72,1,0,1,144592.2,0,Low Risk
ACC-104790,France,Male,31,2,368,187441.25,2,1,0,70490.98,0,Low Risk
ACC-104791,Germany,Male,38,3,634,99343.12,2,1,0,122001.93,0,Low Risk
ACC-104792,France,Female,28,2,456,177656.15,2,1,0,58854.95,0,Low Risk
ACC-104793,France,Female,46,7,738,70697.2,2,1,0,101474.69,0,Low Risk
ACC-104794,Germany,Male,35,0,633,63970.18,2,1,0,40717.17,0,Medium Risk
ACC-104795,France,Female,42,6,589,0.0,2,1,0,181112.67,0,Low Risk
ACC-104796,France,Male,33,0,595,0.0,2,1,1,192853.18,0,Low Risk
ACC-104797,Germany,Male,54,8,603,168260.94,2,1,0,48142.13,1,Medium Risk
ACC-104798,Germany,Female,43,6,675,35281.72,2,1,0,56063.58,1,Medium Risk
ACC-104799,France,Male,37,2,671,166448.05,1,1,0,100756.54,0,Medium Risk
ACC-104800,France,Female,29,10,509,167157.65,1,0,1,80962.82,1,Low Risk
ACC-104801,France,Female,35,8,627,136327.46,1,1,0,,0,Medium Risk
ACC-104802,France,Male,35,8,517,102592.58,2,0,1,184558.28,0,Low Risk
ACC-104803,France,Male,51,2,661,109797.63,1,1,1,177776.54,0,Medium Risk
ACC-104804,France,Male,40,3,774,42891.7,2,1,0,167082.31,0,Low Risk
ACC-104805,Germany,Male,36,1,736,177317.15,1,1,1,99012.56,0,Medium Risk
ACC-104806,Germany,Female,25,1,571,36205.62,2,1,1,90039.47,1,Low Risk
ACC-104807,France,Male,29,3,484,144490.68,1,0,0,57631.46,0,Medium Risk
ACC-104808,France,Male,44,1,844,184284.64,1,1,0,84031.25,0,Medium Risk
ACC-104809,France,Male,32,2,548,80892.37,2,0,0,33584.64,0,Low Risk
ACC-104810,France,Male,44,9,507,76353.82,1,0,0,189889.48,0,Medium Risk
ACC-104811,France,Male,41,8,789,0.0,2,1,0,126186.01,0,Low Risk
ACC-104812,Spain,Male,45,9,552,57978.04,1,0,1,82078.0,1,Low Risk
ACC-104813,France,Female,37,4,738,0.0,2,1,0,25914.9,1,Low Risk
ACC-104814,Germany,Male,36,5,628,193645.35,2,1,1,191274.26,0,Low Risk
ACC-104815,France,Male,32,8,716,0.0,2,1,1,174134.28,1,Low Risk
ACC-104816,France,Female,48,6,474,35468.57,2,1,1,113936.21,0,Low Risk
ACC-104817,France,Male,34,9,683,164985.03,1,1,1,183655.23,0,Low Risk
ACC-104818,France,Female,41,10,533,43125.13,1,1,1,141239.03,0,Low Risk
ACC-104819,Spain,Male,25,1,706,193402.85,2,1,1,162365.03,0,Low Risk
ACC-104820,Spain,Female,32,6,741,117102.09,1,1,1,168402.7,0,Low Risk
ACC-104821,France,Female,32,5,587,59365.61,3,1,1,61572.01,1,Medium Risk
ACC-104822,France,Female,25,7,840,186700.41,1,0,0,171538.47,0,Medium Risk
ACC-104823,Germany,Male,69,8,667,36380.49,2,0,0,104447.69,1,Medium Risk
ACC-104824,France,Female,46,8,582,65371.84,1,1,1,178496.39,0,Low Risk
ACC-104825,Spain,Male,52,1,565,154394.21,1,1,0,72482.7,1,High Risk
ACC-104826,France,Female,23,3,624,138088.15,1,1,0,122456.45,1,Medium Risk
ACC-104827,Spain,Female,56,4,647,194764.54,2,0,0,87102.84,0,Medium Risk
ACC-104828,Spain,Female,25,10,848,94121.01,1,1,1,193976.99,0,Low Risk
ACC-104829,Spain,Male,39,9,688,101447.06,1,1,1,147848.47,0,Low Risk
ACC-104830,Spain,Male,29,5,653,151811.83,3,1,1,119745.84,0,High Risk
ACC-104831,France,Female,23,0,629,141578.46,2,1,0,175806.36,0,Low Risk
ACC-104832,France,Male,50,8,741,186744.48,1,1,0,145799.91,0,Medium Risk
ACC-104833,Germany,Female,43,3,715,108457.19,1,0,1,151054.96,0,Medium Risk
ACC-104834,France,Male,56,0,531,98762.2,1,1,0,82055.52,1,Medium Risk
ACC-104835,Spain,Male,41,9,648,0.0,2,0,1,75435.2,0,Low Risk
ACC-104836,France,Female,29,6,565,0.0,1,0,0,185833.48,1,Low Risk
ACC-104837,France,Male,27,10,505,48251.2,2,1,1,53413.22,0,Low Risk
ACC-104838,France,Female,38,4,606,34521.59,2,1,0,188049.27,0,Low Risk
ACC-104839,Germany,Female,47,7,611,71488.75,1,0,0,84518.6,0,Medium Risk
ACC-104840,Spain,Male,-47,6,694,39380.56,1,1,1,59014.44,0,Low Risk
ACC-104841,France,Female,27,1,735,0.0,2,1,1,82808.5,0,Low Risk
ACC-104842,Germany,Male,32,1,645,92277.92,2,0,1,33660.26,0,Low Risk
ACC-104843,France,Female,18,6,469,83719.26,1,1,1,26893.37,0,Low Risk
ACC-104844,Spain,Male,39,8,612,179227.15,2,1,0,42879.8,1,Low Risk
ACC-104845,Germany,Male,30,5,677,59755.82,4,0,1,143279.61,1,High Risk
ACC-104846,Spain,Female,27,7,713,0.0,2,0,1,152860.66,1,Low Risk
ACC-104847,Germany,Male,21,6,654,183523.35,2,0,1,117854.24,0,Low Risk
ACC-104848,France,Male,28,10,636,0.0,2,1,1,61152.35,0,Low Risk
ACC-104849,Germany,Male,32,5,550,124673.52,2,0,1,123128.14,1,Low Risk
ACC-104850,Spain,Female,32,10,689,177422.11,2,0,0,154197.19,0,Low Risk
ACC-104851,Germany,Male,51,2,395,47446.66,1,1,1,179234.06,0,Medium Risk
ACC-104852,Spain,Female,47,0,537,59993.47,2,1,0,192869.79,1,Low Risk
ACC-104853,Germany,Female,49,0,716,52006.59,2,0,1,64629.49,0,Low Risk
ACC-104854,France,Female,25,7,504,0.0,2,1,0,80680.5,0,Low Risk
ACC-104855,France,Female,52,2,636,152616.26,1,1,0,129826.06,0,Medium Risk
ACC-104856,France,Female,34,8,742,120926.35,1,1,1,135700.7,0,Low Risk
ACC-104857,Germany,Male,32,6,667,31741.65,1,1,0,159912.52,0,Medium Risk
ACC-104858,Spain,Male,32,9,464,0.0,2,0,1,148118.27,0,Low Risk
ACC-104859,Spain,Female,31,5,567,143949.86,1,1,0,124936.7,0,Medium Risk
ACC-104860,Germany,Female,66,7,712,125247.41,2,0,0,189941.67,1,Medium Risk
ACC-104861,Germany,Female,37,7,659,34940.07,1,1,0,118540.98,1,Medium Risk
ACC-104862,France,Female,49,6,471,113661.62,1,1,0,101286.7,0,Medium Risk
ACC-104863,France,Female,26,8,577,125231.13,1,1,0,25950.15,0,Medium Risk
ACC-104864,Germany,Female,31,9,687,101828.77,2,1,1,161947.16,1,Low Risk
ACC-104865,France,Female,39,6,630,0.0,1,0,1,100543.72,0,Low Risk
ACC-104866,Spain,Female,33,7,756,0.0,1,0,1,128516.32,0,Low Risk
ACC-104867,Germany,Female,35,7,584,185524.01,1,1,1,150331.78,0,Medium Risk
ACC-104868,Germany,Male,59,5,699,155596.94,1,1,1,56306.83,0,Medium Risk
ACC-104869,Germany,Female,31,9,525,186518.03,2,0,1,173866.39,1,Low Risk
ACC-104870,Germany,Male,62,6,635,129896.89,3,1,1,74421.59,1,High Risk
ACC-104871,France,Male,48,7,731,155413.93,1,0,0,68856.82,1,Medium Risk
ACC-104872,France,Male,31,5,705,158793.78,2,1,0,128012.82,1,Low Risk
ACC-104873,France,Male,35,2,623,0.0,2,0,0,123542.63,0,Low Risk
ACC-104874,France,Female,65,3,658,162341.25,1,0,1,142562.18,0,Medium Risk
ACC-104875,Spain,Male,44,1,537,43551.44,1,1,0,189032.43,1,Medium Risk
ACC-104876,France,Female,34,6,672,189392.68,1,1,0,57724.42,0,Medium Risk
ACC-104877,Spain,Male,32,4,767,107062.94,2,1,1,119908.13,0,Low Risk
ACC-104878,France,Female,20,6,599,0.0,2,0,1,73697.06,0,Low Risk
ACC-104879,Germany,Male,43,10,645,145535.43,2,1,0,125642.05,0,Medium Risk
ACC-104880,France,Female,-37,10,418,166193.72,2,0,0,,0,Low Risk
ACC-104881,Spain,Male,31,2,598,103320.39,2,1,1,81063.35,0,Low Risk
ACC-104882,Spain,Female,27,8,570,140293.91,2,1,1,129870.03,0,Low Risk
ACC-104883,France,Male,46,1,588,116871.62,1,1,0,151323.54,0,Medium Risk
ACC-104884,Spain,Male,49,1,622,189711.21,2,1,1,136547.59,0,Low Risk
ACC-104885,France,Male,25,9,850,0.0,1,1,1,60145.47,0,Low Risk
ACC-104886,Germany,Male,28,1,645,90044.16,3,0,0,73638.72,1,High Risk
ACC-104887,France,Male,36,7,591,161345.28,2,1,1,25279.18,0,Low Risk
ACC-104888,France,Female,53,0,603,0.0,1,1,1,95926.13,0,Medium Risk
ACC-104889,France,Female,59,0,616,108446.61,2,1,0,183417.06,0,Medium Risk
ACC-104890,Germany,Female,43,8,850,151895.73,1,1,0,76688.3,0,High Risk
ACC-104891,Spain,Female,47,10,601,0.0,1,1,0,40654.01,1,Medium Risk
ACC-104892,France,Male,27,5,761,0.0,2,0,0,192414.36,0,Low Risk
ACC-104893,France,Female,33,6,557,121161.48,2,1,1,101028.71,0,Low Risk
ACC-104894,Germany,Male,54,6,759,79424.73,1,0,1,119395.35,0,Medium Risk
ACC-104895,France,Male,45,2,723,0.0,1,1,0,101620.42,0,Medium Risk
ACC-104896,Germany,Male,58,10,609,55933.89,1,1,0,35201.27,0,High Risk
ACC-104897,Spain,Male,21,2,619,135081.82,1,0,1,143696.86,0,Low Risk
ACC-104898,Spain,Male,33,5,667,88645.77,2,0,1,178764.8,1,Low Risk
ACC-104899,France,Male,39,0,718,149365.64,1,0,0,85598.49,1,Medium Risk
ACC-104900,Spain,Male,45,6,711,0.0,2,1,0,29846.0,1,Low Risk
ACC-104901,Spain,Male,51,8,640,0.0,2,0,0,183535.88,0,Low Risk
ACC-104902,Spain,Male,41,2,687,87559.37,2,1,1,130190.13,0,Low Risk
ACC-104903,France,Male,52,1,533,26538.03,2,0,0,185014.54,0,Medium Risk
ACC-104904,Spain,Female,47,1,703,79258.61,2,1,0,74951.88,1,Low Risk
ACC-104905,France,Female,41,1,699,53290.86,1,1,1,91089.76,0,Low Risk
ACC-104906,France,Male,18,0,616,93991.98,2,1,0,150039.14,0,Low Risk
ACC-104907,Germany,Male,46,1,682,152550.69,2,1,0,81565.82,0,Medium Risk
ACC-104908,Germany,Male,41,1,544,180625.64,2,1,0,60179.39,0,Medium Risk
ACC-104909,Spain,Male,26,8,617,171047.06,1,1,0,99072.28,0,Medium Risk
ACC-104910,France,Male,26,1,606,129432.59,3,1,1,113373.47,1,High Risk
ACC-104911,Spain,Female,38,0,692,26257.77,2,1,1,113748.15,0,Low Risk
ACC-104912,France,Male,44,6,793,0.0,2,0,1,148009.52,1,Low Risk
ACC-104913,France,Male,45,10,751,0.0,1,1,1,33823.42,0,Low Risk
ACC-104914,France,Female,40,6,569,0.0,1,0,1,104652.05,0,Low Risk
ACC-104915,France,Female,39,8,696,122009.99,2,1,1,126645.52,0,Low Risk
ACC-104916,Germany,Female,33,9,695,187084.22,2,0,0,75984.27,0,Medium Risk
ACC-104917,Spain,Female,51,6,714,49805.8,1,0,1,70139.08,0,Low Risk
ACC-104918,France,Female,21,7,504,37072.2,2,1,1,52099.16,0,Low Risk
ACC-104919,France,Male,42,8,666,194765.66,1,0,1,62296.03,0,Low Risk
ACC-104920,France,Male,34,4,694,120884.86,1,1,0,38023.78,1,Medium Risk
ACC-104921,Germany,Male,37,1,630,56896.99,1,1,1,93463.25,0,Medium Risk
ACC-104922,France,Female,51,3,681,49917.7,1,1,0,87809.11,0,Medium Risk
ACC-104923,Spain,Female,32,0,668,0.0,1,1,0,68120.45,1,Medium Risk
ACC-104924,Germany,Female,33,0,738,91220.79,2,1,1,38105.63,0,Low Risk
ACC-104925,France,Female,36,5,546,98825.45,2,1,0,93202.86,1,Low Risk
ACC-104926,France,Male,37,1,739,76804.67,1,1,1,188729.36,0,Low Risk
ACC-104927,Spain,Male,35,8,651,39000.1,2,1,1,149780.8,0,Low Risk
ACC-104928,Germany,Male,35,10,789,80444.93,2,0,0,39004.98,0,Low Risk
ACC-104929,Germany,Male,38,10,631,163640.54,2,1,0,173918.46,0,Medium Risk
ACC-104930,France,Female,18,7,498,0.0,2,1,0,113429.4,0,Low Risk
ACC-104931,France,Male,68,3,752,0.0,2,0,1,51415.38,0,Low Risk
ACC-104932,France,Female,33,0,726,185619.28,1,1,0,180992.95,0,Medium Risk
ACC-104933,Germany,Female,27,1,512,71012.58,1,1,0,187905.32,1,Medium Risk
ACC-104934,France,Male,36,10,701,184863.99,1,0,0,39811.07,0,Medium Risk
ACC-104935,Spain,Male,25,8,740,0.0,1,1,0,161257.98,0,Low Risk
ACC-104936,Germany,Male,38,8,743,93050.62,1,1,1,158652.98,0,Low Risk
ACC-104937,France,Female,33,6,781,0.0,2,0,1,,1,Low Risk
ACC-104938,Spain,Female,41,5,570,176336.0,2,1,0,125747.37,0,Low Risk
ACC-104939,France,Male,33,2,724,74039.07,1,1,1,77013.93,0,Low Risk
ACC-104940,Spain,Male,53,4,823,157361.24,1,1,0,185233.73,0,Medium Risk
ACC-104941,France,Female,47,6,824,169908.08,1,1,0,71420.87,1,Medium Risk
ACC-104942,Germany,Male,28,7,490,162491.22,2,1,0,64450.96,1,Medium Risk
ACC-104943,Spain,Female,23,5,500,144321.43,1,1,0,171351.25,0,Medium Risk
ACC-104944,France,Male,29,2,670,0.0,1,1,1,80604.58,0,Low Risk
ACC-104945,Germany,Female,40,5,605,151782.33,2,1,1,165746.03,0,Low Risk
ACC-104946,France,Female,36,1,568,46415.13,3,1,0,79092.94,1,High Risk
ACC-104947,France,Male,41,3,648,193795.45,2,1,0,130879.31,1,Low Risk
ACC-104948,Germany,Male,46,9,634,159453.01,2,1,1,107371.96,0,Low Risk
ACC-104949,Spain,Male,34,4,821,117041.58,2,1,1,92974.94,0,Low Risk
ACC-104950,France,Male,33,7,689,185170.0,1,1,1,45021.75,0,Low Risk
ACC-104951,Spain,Male,40,4,653,0.0,1,0,1,154484.29,0,Low Risk
ACC-104952,Spain,Female,57,3,607,167266.94,2,0,0,24938.94,0,Medium Risk
ACC-104953,Germany,Male,51,10,850,89919.78,1,1,0,38616.71,1,High Risk
ACC-104954,Germany,Male,40,5,691,27835.52,1,0,0,83464.72,0,Medium Risk
ACC-104955,France,Female,41,3,675,38619.92,2,0,0,150581.15,0,Low Risk
ACC-104956,Germany,Female,27,9,627,74664.19,3,1,1,142924.27,0,High Risk
ACC-104957,France,Male,19,10,791,154678.21,1,1,1,127550.29,1,Low Risk
ACC-104958,Germany,Female,58,4,680,118514.57,2,1,0,136043.25,0,Medium Risk
ACC-104959,France,Female,43,6,638,186665.12,1,1,0,88773.4,0,Medium Risk
ACC-104960,France,Male,-32,1,565,51683.3,1,1,1,89315.98,1,Low Risk
ACC-104961,Spain,Female,33,0,493,180455.13,2,1,1,140157.58,0,Low Risk
ACC-104962,Spain,Female,52,2,773,132004.84,1,1,1,82547.41,1,Medium Risk
ACC-104963,Germany,Male,36,1,729,182791.42,2,1,1,132575.79,0,Low Risk
ACC-104964,France,Male,34,3,561,60812.82,2,1,1,166312.24,0,Low Risk
ACC-104965,Spain,Male,21,3,761,145875.98,2,0,0,29632.29,0,Low Risk
ACC-104966,FRANCE ,Female,21,2,628,118317.89,1,1,1,76072.24,0,Low Risk
ACC-104967,France,Male,39,0,686,135343.06,1,1,1,56031.55,0,Low Risk
ACC-104968,Spain,Male,30,6,589,154382.92,2,1,0,131963.3,0,Low Risk
ACC-104969,France,Female,48,1,618,158412.98,2,1,0,83475.42,0,Low Risk
ACC-104970,France,Male,51,0,697,86186.56,2,1,1,30289.47,0,Low Risk
ACC-104971,France,Female,39,1,477,70417.31,2,1,0,88659.47,0,Low Risk
ACC-104972,France,Female,37,5,850,168894.88,1,1,0,192613.26,0,Medium Risk
ACC-104973,France,Male,52,5,713,192476.44,2,0,0,145366.64,0,Medium Risk
ACC-104974,Germany,Male,42,8,531,53773.64,2,0,1,28184.59,0,Low Risk
ACC-104975,Spain,Male,30,2,649,0.0,2,0,0,39448.97,0,Low Risk
ACC-104976,France,Female,38,3,608,107653.77,1,0,1,77853.28,0,Low Risk
ACC-104977,France,Female,37,6,636,0.0,2,1,1,168645.82,0,Low Risk
ACC-104978,France,Female,19,2,576,95143.82,1,1,1,175984.8,0,Low Risk
ACC-104979,France,Male,45,2,696,53516.6,1,1,0,28365.4,0,Medium Risk
ACC-104980,France,Male,34,6,720,43374.59,1,1,1,179478.57,0,Low Risk
ACC-104981,France,Female,32,9,672,0.0,2,1,0,88730.96,1,Low Risk
ACC-104982,Spain,Female,42,0,502,47339.0,1,1,0,129315.15,0,Medium Risk
ACC-104983,France,Male,43,7,732,72823.28,2,0,1,104522.51,0,Low Risk
ACC-104984,Spain,Female,51,8,697,0.0,2,1,1,150383.3,0,Low Risk
ACC-104985,France,Male,42,2,705,166783.73,2,1,0,37740.64,0,Low Risk
ACC-104986,Spain,Male,47,4,557,124430.07,2,0,1,69726.79,1,Low Risk
ACC-104987,France,Female,36,10,643,0.0,2,1,1,59961.22,0,Low Risk
ACC-104988,France,Male,39,10,647,66878.52,1,1,0,182786.69,1,Low Risk
ACC-104989,Spain,Female,25,1,653,0.0,1,0,1,129200.42,0,Low Risk
ACC-104990,France,Female,33,3,771,165050.01,2,0,0,31435.41,0,Low Risk
ACC-104991,Spain,Male,28,9,550,0.0,1,0,0,61572.99,0,Low Risk
ACC-104992,Germany,Female,50,8,756,57321.2,2,1,1,103757.6,0,Low Risk
ACC-104993,Germany,Male,35,9,678,183046.39,1,1,0,138579.94,0,Medium Risk
ACC-104994,Germany,Male,48,0,583,185329.31,2,1,1,90775.12,1,Medium Risk
ACC-104995,France,Female,31,8,764,60862.15,1,1,0,65412.27,0,Low Risk
ACC-104996,France,Male,24,10,722,84273.44,2,1,0,147566.71,1,Low Risk
ACC-104997,France,Female,18,7,756,38684.9,1,0,0,39913.56,0,Low Risk
ACC-104998,France,Female,28,9,680,36766.85,2,1,0,140550.92,0,Low Risk
ACC-104999,Spain,Female,36,1,536,47518.26,1,0,0,72466.42,0,Medium Risk
ACC-105000,France,Female,44,3,563,0.0,2,0,1,136631.38,0,Low Risk
ACC-105001,Germany,Male,49,10,683,49236.7,1,0,0,126230.55,1,Medium Risk
ACC-105002,Spain,Female,35,7,696,31591.02,4,0,0,48718.26,1,High Risk
ACC-105003,Spain,Male,42,6,617,58427.62,1,1,0,98664.59,0,Medium Risk
ACC-105004,France,Female,33,6,542,27242.79,1,1,1,68685.66,0,Low Risk
ACC-105005,France,Female,27,2,654,82949.21,1,1,0,81283.22,1,Low Risk
ACC-105006,France,Female,43,10,495,91657.9,1,1,0,182448.58,0,Medium Risk
ACC-105007,France,Female,38,10,578,87591.93,2,1,0,154657.0,0,Low Risk
ACC-105008,France,Male,37,5,537,0.0,1,1,0,121857.73,0,Low Risk
ACC-105009,France,Male,47,0,641,104678.26,1,1,0,100766.86,0,Medium Risk
ACC-105010,Spain,Female,35,6,756,126774.6,2,1,1,,0,Low Risk
ACC-105011,France,Female,-43,10,683,166873.81,2,0,0,179348.29,0,Low Risk
ACC-105012,Spain,Male,33,8,733,87472.86,1,0,0,138672.74,0,Low Risk
ACC-105013,Germany,Male,46,2,677,40152.4,1,0,0,137659.61,0,Medium Risk
ACC-105014,France,Female,22,2,664,0.0,3,1,0,80093.64,1,High Risk
ACC-105015,France,Male,22,10,599,169017.21,2,0,1,26527.35,1,Low Risk
ACC-105016,France,Male,-36,7,760,0.0,1,0,1,44092.62,0,Low Risk
ACC-105017,France,Female,49,5,633,0.0,1,1,0,116708.56,0,Medium Risk
ACC-105018,France,Female,29,3,678,0.0,2,1,0,160600.61,0,Low Risk
ACC-105019,Spain,Male,36,4,657,172144.21,1,1,0,26100.89,0,Medium Risk
ACC-105020,Germany,Male,18,3,598,171602.75,1,1,0,159445.18,1,Medium Risk
ACC-105021,France,Male,38,2,704,0.0,1,1,1,26793.18,0,Low Risk
ACC-105022,France,Female,40,2,707,67497.68,1,1,0,99482.65,1,Low Risk
ACC-105023,France,Female,40,3,655,0.0,2,1,0,161371.46,0,Low Risk
ACC-105024,Spain,Female,40,4,662,60428.04,2,0,0,192311.28,0,Low Risk
ACC-105025,Spain,Male,32,10,523,162007.91,1,1,1,187560.88,0,Low Risk
ACC-105026,France,Male,51,10,589,130505.77,2,0,0,156540.04,1,Medium Risk
ACC-105027,France,Male,28,2,687,115396.62,2,1,0,34927.82,0,Low Risk
ACC-105028,Germany,Male,39,3,755,161978.43,2,1,0,59007.41,0,Medium Risk
ACC-105029,Germany,Male,25,9,727,128797.86,2,1,0,100711.0,0,Medium Risk
ACC-105030,France,Female,42,3,770,58866.47,2,1,1,63925.82,0,Low Risk
ACC-105031,Spain,Male,52,9,740,35154.06,2,1,1,166262.93,1,Low Risk
ACC-105032,France,Male,18,2,547,47813.31,2,1,0,52129.88,0,Low Risk
ACC-105033,France,Female,40,3,621,123888.61,1,1,0,52310.35,0,Medium Risk
ACC-105034,Spain,Male,67,7,764,54787.08,1,1,0,164820.01,0,Medium Risk
ACC-105035,Spain,Female,42,2,700,97345.71,1,1,0,79615.55,1,Medium Risk
ACC-105036,France,Male,34,0,644,172812.71,1,0,0,118227.43,0,Medium Risk
ACC-105037,France,Female,24,4,564,159300.51,1,1,0,25539.58,0,Medium Risk
ACC-105038,France,Male,44,5,850,140347.0,1,0,0,143178.32,0,Medium Risk
ACC-105039,Spain,Male,25,8,638,0.0,2,0,1,168230.13,0,Low Risk
ACC-105040,Germany,Female,30,1,528,170225.65,3,0,0,39528.32,1,High Risk
ACC-105041,Spain,Male,33,0,475,0.0,2,1,1,97730.69,1,Low Risk
ACC-105042,France,Female,34,5,673,0.0,2,0,1,166966.69,0,Low Risk
ACC-105043,Spain,Male,49,8,619,138283.57,2,1,0,51834.91,0,Low Risk
ACC-105044,Germany,Female,52,9,663,99993.35,1,0,1,156896.88,0,Medium Risk
ACC-105045,Spain,Male,42,10,601,0.0,1,1,1,71409.52,0,Low Risk
ACC-105046,Germany,Female,46,9,583,161538.69,2,0,0,132404.53,1,Medium Risk
ACC-105047,France,Female,39,7,743,38964.9,1,1,1,55976.02,0,Low Risk
ACC-105048,Germany,Male,42,6,631,77007.93,1,1,0,135354.39,1,Medium Risk
ACC-105049,Germany,Male,41,0,655,36083.13,1,0,1,70447.74,1,Medium Risk
ACC-105050,Germany,Male,32,6,714,115243.11,2,1,1,93777.6,0,Low Risk
ACC-105051,France,Male,19,1,494,85902.01,2,1,0,120128.6,0,Low Risk
ACC-105052,Spain,Male,26,3,685,45649.31,2,1,1,123990.57,0,Low Risk
ACC-105053,France,Male,38,8,666,106248.22,1,1,0,109416.97,1,Medium Risk
ACC-105054,Spain,Female,26,6,560,0.0,1,0,1,57257.6,0,Low Risk
ACC-105055,France,Male,-46,1,771,146743.63,1,1,0,77370.7,0,Medium Risk
ACC-105056,France,Female,25,4,635,55609.26,1,1,1,59441.84,0,Low Risk
ACC-105057,Spain,Male,45,4,731,0.0,1,0,0,46691.93,1,Medium Risk
ACC-105058,France,Female,18,8,612,42911.34,1,0,1,129702.61,0,Low Risk
ACC-105059,France,Male,36,5,665,45296.87,1,0,0,137405.5,0,Low Risk
ACC-105060,France,Female,32,1,601,0.0,2,1,1,59859.69,0,Low Risk
ACC-105061,France,Male,34,8,850,0.0,1,1,1,80892.46,0,Low Risk
ACC-105062,Spain,Male,26,6,809,0.0,1,1,1,153863.93,1,Low Risk
ACC-105063,France,Female,45,1,601,0.0,2,0,0,44159.47,0,Low Risk
ACC-105064,France,Female,40,0,659,150079.56,2,0,1,57533.59,0,Low Risk
ACC-105065,France,Male,48,2,654,178995.02,2,1,0,180613.17,0,Low Risk
ACC-105066,France,Male,28,9,754,78566.85,1,1,1,130373.06,0,Low Risk
ACC-105067,France,Male,39,2,636,0.0,2,0,1,128943.23,0,Low Risk
ACC-105068,Spain,Male,48,9,669,155181.15,2,1,0,39202.13,0,Low Risk
ACC-105069,Spain,Female,25,4,513,108810.46,2,0,0,93570.39,0,Low Risk
ACC-105070,Germany,Male,26,7,586,106135.45,1,0,1,148636.75,1,Medium Risk
ACC-105071,Germany,Male,35,9,773,161674.99,1,1,1,115196.24,1,Medium Risk
ACC-105072,Germany,Male,37,2,483,104917.64,1,1,1,96350.24,0,Medium Risk
ACC-105073,Spain,Male,39,10,726,53347.15,1,1,1,131268.36,0,Low Risk
ACC-105074,France,Male,44,9,828,43597.05,2,0,1,116674.26,0,Low Risk
ACC-105075,Spain,Male,57,5,469,109285.9,2,1,1,184243.59,0,Low Risk
ACC-105076,Germany,Male,51,10,662,140863.57,1,1,1,159226.22,0,Medium Risk
ACC-105077,Germany,Male,31,2,350,37771.14,1,1,0,79208.5,1,Medium Risk
ACC-105078,Germany,Male,44,1,734,100609.96,1,0,0,,1,High Risk
ACC-105079,France,Female,36,2,700,0.0,3,1,0,115161.61,1,High Risk
ACC-105080,Spain,Female,22,4,677,172658.7,1,1,1,193213.35,0,Low Risk
ACC-105081,Spain,Male,39,5,611,0.0,2,0,1,182375.45,0,Low Risk
ACC-105082,France,Female,34,0,576,81752.4,1,1,1,168089.55,1,Low Risk
ACC-105083,France,Female,27,9,609,151608.88,2,1,1,87320.77,0,Low Risk
ACC-105084,Germany,Male,28,7,512,152759.36,1,1,1,152842.06,0,Medium Risk
ACC-105085,Spain,Female,35,6,669,0.0,2,0,0,138756.98,0,Low Risk
ACC-105086,France,Female,18,5,850,159294.89,2,1,0,185264.63,0,Low Risk
ACC-105087,France,Female,35,3,568,89701.31,1,1,0,134451.28,0,Low Risk
ACC-105088,France,Female,58,4,590,67935.8,2,1,1,88541.15,0,Low Risk
ACC-105089,Spain,Male,42,4,575,64353.67,1,0,1,119655.07,0,Low Risk
ACC-105090,Spain,Male,42,6,675,0.0,3,1,0,161959.17,1,High Risk
ACC-105091,France,Female,45,1,730,145487.07,1,1,1,127424.14,0,Medium Risk
ACC-105092,France,Female,53,10,649,46507.71,2,1,1,139347.66,0,Low Risk
ACC-105093,Spain,Female,52,2,516,80150.81,2,0,0,60543.86,0,Low Risk
ACC-105094,France,Female,37,8,694,171552.72,1,1,1,183301.69,0,Low Risk
ACC-105095,Germany,Female,27,8,695,135080.6,2,1,0,88793.89,1,Medium Risk
ACC-105096,Spain,Male,48,0,665,0.0,2,1,1,110942.78,0,Low Risk
ACC-105097,France,Male,36,1,758,0.0,3,0,0,187348.89,0,High Risk
ACC-105098,France,Male,41,7,659,130845.42,1,1,1,87357.46,0,Low Risk
ACC-105099,Germany,Male,32,2,761,172228.9,3,1,0,152071.15,1,High Risk
ACC-105100,Spain,Male,30,5,850,0.0,2,0,0,160779.49,0,Low Risk
ACC-105101,Spain,Male,33,3,637,0.0,2,0,0,137357.57,0,Low Risk
ACC-105102,Spain,Female,40,8,636,0.0,2,1,0,180555.51,0,Low Risk
ACC-105103,France,Female,22,5,778,0.0,2,1,1,90831.4,0,Low Risk
ACC-105104,France,Female,33,2,739,0.0,2,1,1,169499.04,0,Low Risk
ACC-105105,Spain,Female,32,8,704,0.0,1,1,1,118484.42,0,Low Risk
ACC-105106,FRANCE ,Female,18,9,669,79460.7,1,1,1,151683.46,0,Low Risk
ACC-105107,Germany,Male,46,6,612,42967.47,1,0,0,141084.83,1,Medium Risk
ACC-105108,Spain,Male,39,4,577,0.0,3,1,0,52376.21,1,High Risk
ACC-105109,Spain,Female,24,1,561,0.0,1,1,0,112224.76,1,Medium Risk
ACC-105110,France,Female,19,8,702,36146.84,1,1,0,100496.68,0,Low Risk
ACC-105111,France,Female,58,1,691,44263.22,2,0,1,87898.19,0,Low Risk
ACC-105112,France,Female,43,2,729,74371.07,1,1,0,52256.78,1,Medium Risk
ACC-105113,France,Female,-36,8,712,0.0,2,0,0,129809.86,0,Low Risk
ACC-105114,Germany,Female,31,0,704,159644.89,2,1,0,99040.82,1,Medium Risk
ACC-105115,Germany,Female,41,10,635,68476.92,1,1,1,25079.48,1,Medium Risk
ACC-105116,France,Male,43,0,629,0.0,1,1,1,140752.68,0,Low Risk
ACC-105117,Spain,Male,25,3,601,0.0,2,1,1,171435.92,1,Low Risk
ACC-105118,France,Female,49,1,614,171398.18,1,1,1,27015.23,0,Medium Risk
ACC-105119,France,Female,44,1,694,0.0,3,1,0,,1,High Risk
ACC-105120,Germany,Male,37,0,778,159886.25,2,0,0,190169.69,0,Medium Risk
ACC-105121,France,Male,56,0,683,184035.21,1,1,1,194351.0,0,Medium Risk
ACC-105122,Germany,Female,39,2,673,185665.01,3,1,1,185684.67,1,High Risk
ACC-105123,France,Male,44,5,708,0.0,1,0,0,182192.04,1,Medium Risk
ACC-105124,France,Female,19,2,653,31948.63,2,1,1,145509.41,0,Low Risk
ACC-105125,France,Male,49,5,700,102127.04,2,1,1,47356.1,0,Low Risk
ACC-105126,France,Female,48,10,652,54699.81,2,1,0,189734.87,0,Low Risk
ACC-105127,France,Female,38,7,508,163893.75,2,1,1,151846.88,1,Low Risk
ACC-105128,Germany,Male,37,2,554,183319.18,2,0,0,64560.71,0,Medium Risk
ACC-105129,Germany,Male,30,10,650,87001.12,1,1,1,179090.04,1,Low Risk
ACC-105130,France,Male,32,7,572,0.0,2,0,1,141094.92,0,Low Risk
ACC-105131,France,Male,33,6,679,0.0,2,1,0,189959.2,0,Low Risk
ACC-105132,France,Male,39,0,479,0.0,1,0,1,75504.46,0,Low Risk
ACC-105133,Spain,Female,43,1,545,152369.29,2,0,1,89895.48,0,Low Risk
ACC-105134,Spain,Female,37,3,738,140767.11,2,1,1,71377.1,1,Low Risk
ACC-105135,Germany,Female,22,0,608,53780.27,2,1,0,156535.71,0,Medium Risk
ACC-105136,France,Male,60,0,818,0.0,1,0,1,88039.28,0,Medium Risk
ACC-105137,France,Female,47,8,504,177913.32,2,0,1,139536.45,0,Low Risk
ACC-105138,France,Female,41,9,548,109698.16,1,1,0,77523.84,0,Medium Risk
ACC-105139,France,Female,38,7,629,25906.18,2,0,0,192993.55,0,Low Risk
ACC-105140,France,Female,45,4,632,187005.45,1,1,1,34311.35,1,Low Risk
ACC-105141,Germany,Male,49,3,725,88528.86,2,1,0,157190.63,0,Medium Risk
ACC-105142,France,Female,42,0,754,121231.1,1,1,1,133904.9,0,Medium Risk
ACC-105143,Germany,Female,44,7,675,164301.11,2,1,1,65178.94,0,Low Risk
ACC-105144,France,Male,34,3,783,64370.42,2,1,0,58550.92,0,Low Risk
ACC-105145,France,Male,32,1,596,0.0,1,1,1,135229.17,0,Low Risk
ACC-105146,Germany,Male,28,0,545,128838.19,3,1,1,168885.66,1,High Risk
ACC-105147,France,Male,26,6,714,179542.05,1,0,0,62390.51,0,Medium Risk
ACC-105148,Spain,Female,36,5,819,0.0,1,1,1,164554.66,0,Low Risk
ACC-105149,France,Male,30,2,682,0.0,1,1,0,175599.38,0,Low Risk
ACC-105150,France,Male,22,6,804,0.0,2,1,1,68010.17,0,Low Risk
ACC-105151,Germany,Male,49,5,794,65695.01,1,1,0,62453.18,1,Medium Risk
ACC-105152,France,Female,28,10,671,90760.8,2,1,1,66055.48,1,Low Risk
ACC-105153,Germany,Male,33,9,407,157934.09,2,1,0,86802.28,0,Medium Risk
ACC-105154,Spain,Male,40,5,650,192152.68,1,1,1,98920.03,0,Low Risk
ACC-105155,Spain,Male,22,6,774,127647.84,2,1,0,41011.41,1,Low Risk
ACC-105156,Germany,Male,38,10,667,175259.62,2,1,0,185975.5,0,Medium Risk
ACC-105157,Germany,Male,42,7,601,92516.87,1,1,1,162490.84,0,Medium Risk
ACC-105158,France,Female,26,8,643,63386.26,1,1,1,142424.03,0,Low Risk
ACC-105159,France,Male,40,8,612,194434.1,3,1,0,94456.27,1,High Risk
ACC-105160,Germany,Male,26,9,631,35418.57,2,1,1,101946.08,1,Low Risk
ACC-105161,Spain,Male,33,0,630,0.0,1,1,0,176127.04,0,Medium Risk
ACC-105162,Germany,Female,47,1,606,83387.96,2,1,1,112383.84,0,Low Risk
ACC-105163,Germany,Male,19,7,779,38790.4,2,1,0,182234.41,0,Low Risk
ACC-105164,France,Male,49,8,519,0.0,1,0,1,162641.37,0,Low Risk
ACC-105165,Germany,Male,32,2,684,60536.63,2,1,1,59427.8,1,Low Risk
ACC-105166,France,Female,27,3,617,0.0,2,1,0,114585.4,0,Low Risk
ACC-105167,France,Female,33,0,744,105841.75,1,0,0,74876.9,1,Medium Risk
ACC-105168,Germany,Male,22,0,690,66850.3,2,1,1,132539.51,1,Low Risk
ACC-105169,France,Male,31,5,799,55723.09,2,0,0,134134.05,0,Low Risk
ACC-105170,Germany,Male,25,3,612,74807.45,1,0,0,121198.98,0,Medium Risk
ACC-105171,Germany,Female,34,3,711,153553.15,4,1,1,24919.96,1,High Risk
ACC-105172,France,Male,41,8,669,93403.43,1,0,0,34747.64,0,Medium Risk
ACC-105173,SPAIN ,Male,37,4,586,0.0,1,1,1,63790.83,0,Low Risk
ACC-105174,France,Male,41,5,619,0.0,1,0,0,22892.12,1,Medium Risk
ACC-105175,France,Female,46,10,586,48321.48,2,1,1,137564.96,0,Low Risk
ACC-105176,France,Male,52,7,538,99632.15,2,1,1,160923.25,0,Low Risk
ACC-105177,France,Male,43,1,473,92004.94,2,1,1,75359.0,0,Low Risk
ACC-105178,FRANCE ,Female,48,5,555,96749.59,2,1,1,179486.23,0,Low Risk
ACC-105179,France,Male,44,3,553,173653.9,1,1,1,149965.91,1,Low Risk
ACC-105180,France,Female,36,2,696,0.0,1,0,1,118201.81,0,Low Risk
ACC-105181,Germany,Female,53,2,716,153782.9,2,1,1,171105.73,0,Medium Risk
ACC-105182,France,Female,22,4,578,0.0,1,1,0,166697.67,0,Low Risk
ACC-105183,Germany,Female,41,1,534,88827.0,2,1,1,192336.8,0,Low Risk
ACC-105184,France,Female,26,0,850,82351.3,2,1,0,175512.27,0,Low Risk
ACC-105185,Germany,Female,48,10,503,52153.24,3,1,1,101541.16,0,High Risk
ACC-105186,Spain,Female,26,7,685,0.0,2,0,0,40267.39,0,Low Risk
ACC-105187,France,Male,21,3,663,168251.95,1,1,0,93200.38,1,Medium Risk
ACC-105188,Germany,Female,33,10,606,65746.62,1,1,1,176155.72,0,Low Risk
ACC-105189,France,Male,38,10,765,164913.33,1,1,0,98077.92,0,Medium Risk
ACC-105190,Spain,Female,39,10,650,0.0,1,0,1,175934.29,0,Low Risk
ACC-105191,France,Male,35,10,581,106146.22,1,1,0,87984.51,0,Medium Risk
ACC-105192,France,Male,-39,5,753,62462.39,2,1,0,155147.05,0,Low Risk
ACC-105193,Germany,Female,35,10,539,132894.98,1,0,0,148832.14,1,Medium Risk
ACC-105194,France,Male,31,4,742,123046.28,1,1,1,136910.81,1,Low Risk
ACC-105195,Spain,Male,41,2,768,53345.52,2,1,1,68511.07,0,Low Risk
ACC-105196,Germany,Male,36,0,658,38187.52,1,1,0,183939.18,1,Medium Risk
ACC-105197,France,Female,35,0,693,0.0,1,0,1,185193.35,1,Low Risk
ACC-105198,Spain,Male,-28,4,732,29653.99,1,1,0,42294.48,0,Low Risk
ACC-105199,France,Female,27,9,706,120013.41,1,0,0,54555.01,0,Medium Risk
ACC-105200,France,Male,36,2,802,26968.88,2,1,0,144479.23,0,Low Risk
ACC-105201,Spain,Male,38,2,571,0.0,1,0,0,191066.21,1,Low Risk
ACC-105202,Germany,Female,51,3,792,163476.99,2,1,1,131451.37,0,Medium Risk
ACC-105203,France,Female,37,3,726,66723.77,1,1,0,97140.31,0,Low Risk
ACC-105204,France,Male,35,10,717,74217.61,2,1,1,74565.14,0,Low Risk
ACC-105205,France,Male,42,10,658,127289.4,1,1,1,121788.77,1,Low Risk
ACC-105206,France,Male,43,7,619,69200.89,2,0,1,166939.89,1,Low Risk
ACC-105207,France,Male,28,7,635,0.0,1,1,1,149482.3,0,Low Risk
ACC-105208,Germany,Male,41,2,576,163623.54,1,0,0,74469.11,1,High Risk
ACC-105209,France,Male,49,1,603,138567.03,2,1,1,130836.24,1,Low Risk
ACC-105210,France,Female,30,2,580,53238.54,2,1,1,178879.81,0,Low Risk
ACC-105211,France,Male,43,1,688,114069.35,2,1,1,145782.73,0,Low Risk
ACC-105212,France,Male,24,9,500,107746.49,1,1,1,108365.98,0,Low Risk
ACC-105213,Spain,Male,49,1,757,88198.44,1,0,0,48574.13,1,Medium Risk
ACC-105214,Germany,Male,-36,6,488,163518.33,1,1,1,110909.88,1,Medium Risk
ACC-105215,Germany,Male,41,3,651,33333.26,1,0,0,172284.16,0,Medium Risk
ACC-105216,France,Male,30,2,694,118981.28,1,1,0,65564.34,0,Medium Risk
ACC-105217,France,Male,37,0,583,71015.87,1,0,0,96125.83,0,Medium Risk
ACC-105218,France,Male,41,6,685,0.0,1,0,0,171148.41,1,Medium Risk
ACC-105219,Germany,Male,32,2,644,118475.67,2,1,1,126235.43,0,Low Risk
ACC-105220,France,Male,38,4,776,0.0,1,1,1,135300.21,0,Low Risk
ACC-105221,Spain,Female,30,5,690,0.0,1,1,1,53344.02,0,Low Risk
ACC-105222,France,Female,44,6,516,146791.78,1,1,1,82656.21,1,Low Risk
ACC-105223,France,Male,55,2,687,161751.4,2,0,1,128212.78,0,Low Risk
ACC-105224,France,Female,50,1,699,139688.99,2,0,1,192554.25,0,Low Risk
ACC-105225,Germany,Female,60,9,508,149392.99,1,1,0,104915.48,1,High Risk
ACC-105226,SPAIN ,Male,40,7,691,174320.15,1,1,0,62607.8,0,Medium Risk
ACC-105227,France,Female,43,2,670,0.0,1,0,0,170713.06,0,Medium Risk
ACC-105228,France,Male,35,9,762,0.0,2,1,0,138223.61,0,Low Risk
ACC-105229,France,Male,37,1,727,167651.2,2,1,0,62067.76,0,Low Risk
ACC-105230,France,Male,48,3,454,109351.3,2,1,0,30737.05,0,Low Risk
ACC-105231,France,Female,28,0,636,35369.26,1,1,1,,0,Low Risk
ACC-105232,France,Female,40,7,579,141804.27,1,1,0,157613.45,0,Medium Risk
ACC-105233,Germany,Male,34,3,662,27827.98,1,1,0,189080.14,0,Medium Risk
ACC-105234,France,Male,41,5,685,157022.72,1,0,1,88234.73,0,Low Risk
ACC-105235,Spain,Male,24,7,592,53457.87,2,1,1,25901.01,0,Low Risk
ACC-105236,France,Female,27,5,605,188070.08,2,1,0,104926.66,1,Low Risk
ACC-105237,Germany,Male,40,9,724,99955.21,1,1,1,175980.88,1,Low Risk
ACC-105238,France,Female,37,9,839,132566.7,1,1,0,153897.34,0,Medium Risk
ACC-105239,Germany,Female,41,4,704,117372.54,1,1,0,59397.51,1,High Risk
ACC-105240,France,Female,25,2,720,0.0,2,1,1,26381.31,0,Low Risk
ACC-105241,France,Male,39,4,691,134719.97,2,1,0,132127.65,0,Low Risk
ACC-105242,Spain,Male,39,2,776,121352.35,1,1,1,141196.04,0,Low Risk
ACC-105243,France,Male,52,9,593,120731.42,2,1,1,100818.94,1,Low Risk
ACC-105244,France,Male,32,0,584,0.0,2,1,1,27406.78,1,Low Risk
ACC-105245,France,Male,38,3,760,181645.66,1,1,0,110109.52,0,Medium Risk
ACC-105246,Germany,Female,38,1,506,181311.97,2,1,1,50859.51,0,Low Risk
ACC-105247,Spain,Male,38,0,762,178542.84,1,1,0,142873.39,0,Medium Risk
ACC-105248,Spain,Male,54,1,646,87881.23,1,0,1,42679.65,0,Medium Risk
ACC-105249,France,Male,47,1,637,124625.52,1,0,1,176307.99,1,Medium Risk
ACC-105250,Germany,Male,33,3,630,64610.05,2,0,1,165812.96,0,Low Risk
ACC-100011,Germany,Female,54,8,848,59139.0,1,1,1,130035.56,1,Medium Risk
ACC-100026,France,Female,32,4,592,105298.49,2,1,1,95011.89,0,Low Risk
ACC-100061,France,Female,28,5,706,0.0,1,1,1,113887.02,0,Low Risk
ACC-100116,France,Male,39,10,653,90975.1,1,1,1,170886.05,0,Low Risk
ACC-100231,Spain,Male,43,7,645,120947.7,2,1,1,166536.53,0,Low Risk
ACC-100451,Germany,Male,34,2,615,173626.72,1,1,0,175038.66,1,Medium Risk
ACC-100781,Spain,Female,46,8,583,126406.69,1,1,0,28194.44,0,Medium Risk
ACC-101051,Germany,Female,44,3,668,36808.43,2,1,1,138995.31,0,Low Risk
ACC-101401,Spain,Female,29,3,483,178784.09,2,1,1,179796.61,1,Low Risk
ACC-101801,France,Male,31,1,513,0.0,2,1,1,105035.08,0,Low Risk
ACC-102201,Spain,Male,47,3,733,78970.51,2,1,1,54748.3,0,Low Risk
ACC-102701,Germany,Female,50,10,621,33066.23,2,1,1,183930.97,0,Low Risk
ACC-103101,Spain,Male,33,7,702,70536.5,1,1,1,113923.43,0,Low Risk
ACC-103601,France,Male,39,4,740,126052.64,2,1,1,103029.7,0,Low Risk
ACC-104001,France,Female,64,10,621,143753.09,1,0,1,101892.29,0,Medium Risk
ACC-104401,Germany,Male,40,3,646,114852.37,1,1,1,119343.48,1,Medium Risk
ACC-104701,Spain,Female,18,4,615,44174.98,2,1,0,29557.71,0,Low Risk
ACC-104901,Spain,Male,51,8,640,0.0,2,0,0,183535.88,0,Low Risk
ACC-105101,Spain,Male,33,3,637,0.0,2,0,0,137357.57,0,Low Risk
ACC-105201,Spain,Male,38,2,571,0.0,1,0,0,191066.21,1,Low Risk
