shipment_id,order_date,supplier_id,supplier_name,supplier_tier,warehouse_id,origin_warehouse,carrier_name,weight_kg,shipping_cost_usd,scheduled_delivery_date,actual_delivery_date,delivery_delay_days,delivery_status,on_time_flag,damage_flag
SHP-20240001,2024-04-04,SUP-01,Apex Precision Components,Tier 1,WH-MUM-02,West Port (Mumbai),Priority Surface Cargo,446.08,543.57,2024-04-10,2024-04-14,4,Delayed,0,0
SHP-20240002,2024-05-21,SUP-01,Apex Precision Components,Tier 1,WH-DEL-01,North Hub (Delhi-NCR),Regional Truckload,578.48,420.63,2024-05-23,2024-05-23,0,On-Time,1,0
SHP-20240003,2025-12-20,SUP-05,Falcon Fasteners Corp,Tier 2,WH-DEL-01,North Hub (Delhi-NCR),Priority Surface Cargo,223.18,326.71,2025-12-24,2025-12-24,0,On-Time,1,0
SHP-20240004,2024-03-14,SUP-05,Falcon Fasteners Corp,Tier 2,WH-MUM-02,West Port (Mumbai),Standard Rail Transport,132.27,119.59,2024-03-19,2024-03-24,5,Delayed,0,0
SHP-20240005,2024-02-09,SUP-02,Bharat Heavy Forgings,Tier 1,WH-MUM-02,West Port (Mumbai),Regional Truckload,212.09,174.48,2024-02-15,2024-02-15,0,On-Time,1,0
SHP-20240006,2024-07-15,SUP-03,Delta Electronics Hub,Tier 1,WH-MUM-02,West Port (Mumbai),Standard Rail Transport,443.98,313.88,2024-07-17,2024-07-17,0,On-Time,1,0
SHP-20240007,2025-05-21,SUP-03,Delta Electronics Hub,Tier 1,WH-KOL-04,East Gateway (Kolkata),Express Air Freight,559.38,1064.32,2025-05-24,2025-05-31,7,Delayed,0,0
SHP-20240008,2025-05-06,SUP-07,Hind Cargo Aggregates,Tier 3,WH-BLR-03,South Central (Bengaluru),Express Air Freight,456.58,890.44,2025-05-11,2025-05-14,3,Delayed,0,0
SHP-20240009,2025-07-04,SUP-03,Delta Electronics Hub,Tier 1,WH-BLR-03,South Central (Bengaluru),Regional Truckload,144.92,174.61,2025-07-08,2025-07-09,1,Delayed,0,0
SHP-20240010,2024-09-30,SUP-04,Evergreen Raw Materials,Tier 2,WH-BLR-03,South Central (Bengaluru),Regional Truckload,842.75,592.72,2024-10-04,2024-10-04,0,On-Time,1,0
SHP-20240011,2025-10-26,SUP-01,Apex Precision Components,Tier 1,WH-MUM-02,West Port (Mumbai),Express Air Freight,560.87,1104.68,2025-10-28,2025-10-28,0,On-Time,1,0
SHP-20240012,2025-06-16,SUP-05,Falcon Fasteners Corp,Tier 2,WH-MUM-02,West Port (Mumbai),Standard Rail Transport,614.52,443.79,2025-06-20,2025-06-24,4,Delayed,0,0
SHP-20240013,2024-03-13,SUP-06,Global Polymer Solutions,Tier 2,WH-MUM-02,West Port (Mumbai),Regional Truckload,669.54,509.59,2024-03-16,2024-03-16,0,On-Time,1,0
SHP-20240014,2024-11-06,SUP-02,Bharat Heavy Forgings,Tier 1,WH-KOL-04,East Gateway (Kolkata),Standard Rail Transport,752.54,577.24,2024-11-11,2024-11-11,0,On-Time,1,0
SHP-20240015,2024-04-26,SUP-02,Bharat Heavy Forgings,Tier 1,WH-KOL-04,East Gateway (Kolkata),Priority Surface Cargo,572.18,678.07,2024-05-01,2024-05-07,6,Delayed,0,0
SHP-20240016,2025-06-10,SUP-07,Hind Cargo Aggregates,Tier 3,WH-BLR-03,South Central (Bengaluru),Express Air Freight,424.01,854.53,2025-06-13,2025-06-14,1,Delayed,0,0
SHP-20240017,2025-11-19,SUP-03,Delta Electronics Hub,Tier 1,WH-DEL-01,North Hub (Delhi-NCR),Priority Surface Cargo,81.56,134.13,2025-11-22,2025-11-23,1,Delayed,0,0
SHP-20240018,2024-12-30,SUP-07,Hind Cargo Aggregates,Tier 3,WH-MUM-02,West Port (Mumbai),Priority Surface Cargo,318.54,400.48,2025-01-02,2025-01-02,0,On-Time,1,0
SHP-20240019,2025-01-26,SUP-04,Evergreen Raw Materials,Tier 2,WH-BLR-03,South Central (Bengaluru),Standard Rail Transport,797.15,604.5,2025-01-28,2025-01-29,1,Delayed,0,0
SHP-20240020,2025-06-04,SUP-01,Apex Precision Components,Tier 1,WH-KOL-04,East Gateway (Kolkata),Priority Surface Cargo,676.67,836.04,2025-06-07,2025-06-13,6,Delayed,0,0
SHP-20240021,2025-09-12,SUP-02,Bharat Heavy Forgings,Tier 1,WH-DEL-01,North Hub (Delhi-NCR),Priority Surface Cargo,203.28,273.2,2025-09-18,2025-09-19,1,Delayed,0,0
SHP-20240022,2025-08-12,SUP-02,Bharat Heavy Forgings,Tier 1,WH-BLR-03,South Central (Bengaluru),Priority Surface Cargo,197.13,310.67,2025-08-16,2025-08-19,3,Delayed,0,0
SHP-20240023,2024-02-21,SUP-03,Delta Electronics Hub,Tier 1,WH-BLR-03,South Central (Bengaluru),Priority Surface Cargo,-377.53,442.89,2024-02-23,2024-02-24,1,delayed  ,0,0
SHP-20240024,2024-09-13,SUP-02,Bharat Heavy Forgings,Tier 1,WH-DEL-01,North Hub (Delhi-NCR),Regional Truckload,482.13,395.39,2024-09-15,2024-09-19,4,Delayed,0,0
SHP-20240025,2024-08-07,SUP-05,Falcon Fasteners Corp,Tier 2,WH-MUM-02,West Port (Mumbai),Standard Rail Transport,461.95,372.36,2024-08-13,2024-08-14,1,Delayed,0,0
SHP-20240026,2025-11-03,SUP-07,Hind Cargo Aggregates,Tier 3,WH-KOL-04,East Gateway (Kolkata),Priority Surface Cargo,457.86,548.49,2025-11-05,2025-11-12,7,delayed  ,0,0
SHP-20240027,2025-08-13,SUP-02,Bharat Heavy Forgings,Tier 1,WH-BLR-03,South Central (Bengaluru),Priority Surface Cargo,583.63,713.71,2025-08-17,2025-08-20,3,Delayed,0,0
SHP-20240028,2024-12-18,SUP-08,Indus Logistics Fab,Tier 3,WH-DEL-01,North Hub (Delhi-NCR),Standard Rail Transport,93.11,106.06,2024-12-21,2024-12-22,1,Delayed,0,0
SHP-20240029,2024-03-13,SUP-05,Falcon Fasteners Corp,Tier 2,WH-DEL-01,North Hub (Delhi-NCR),Regional Truckload,-289.55,281.61,2024-03-19,2024-03-20,1,Delayed,0,0
SHP-20240030,2025-06-24,SUP-05,Falcon Fasteners Corp,Tier 2,WH-MUM-02,West Port (Mumbai),Standard Rail Transport,485.65,389.36,2025-06-29,2025-07-05,6,Delayed,0,0
SHP-20240031,2024-04-01,SUP-02,Bharat Heavy Forgings,Tier 1,WH-KOL-04,East Gateway (Kolkata),Express Air Freight,65.16,145.6,2024-04-04,2024-04-04,0,On-Time,1,0
SHP-20240032,2024-03-25,SUP-03,Delta Electronics Hub,Tier 1,WH-BLR-03,South Central (Bengaluru),Standard Rail Transport,795.47,542.83,2024-03-30,2024-04-04,5,Delayed,0,0
SHP-20240033,2025-09-23,SUP-06,Global Polymer Solutions,Tier 2,WH-KOL-04,East Gateway (Kolkata),Express Air Freight,383.62,772.39,2025-09-26,2025-09-28,2,Delayed,0,0
SHP-20240034,2024-09-29,SUP-01,Apex Precision Components,Tier 1,WH-BLR-03,South Central (Bengaluru),Priority Surface Cargo,487.15,589.7,2024-10-03,2024-10-04,1,Delayed,0,0
SHP-20240035,2025-03-08,SUP-05,Falcon Fasteners Corp,Tier 2,WH-KOL-04,East Gateway (Kolkata),Priority Surface Cargo,166.02,251.21,2025-03-12,2025-03-21,9,Delayed,0,0
SHP-20240036,2024-11-16,SUP-08,Indus Logistics Fab,Tier 3,WH-MUM-02,West Port (Mumbai),Priority Surface Cargo,836.42,956.38,2024-11-18,2024-11-18,0,On-Time,1,0
SHP-20240037,2024-11-07,SUP-03,Delta Electronics Hub,Tier 1,WH-BLR-03,South Central (Bengaluru),Priority Surface Cargo,257.42,375.16,2024-11-13,2024-11-13,0,On-Time,1,0
SHP-20240038,2024-09-01,SUP-04,Evergreen Raw Materials,Tier 2,WH-BLR-03,South Central (Bengaluru),Priority Surface Cargo,540.41,642.15,2024-09-04,2024-09-07,3,Delayed,0,0
SHP-20240039,2025-07-14,SUP-01,Apex Precision Components,Tier 1,WH-BLR-03,South Central (Bengaluru),Standard Rail Transport,331.32,303.15,2025-07-20,2025-07-25,5,Delayed,0,0
SHP-20240040,2024-09-20,SUP-08,Indus Logistics Fab,Tier 3,WH-MUM-02,West Port (Mumbai),Express Air Freight,303.52,634.9,2024-09-23,2024-09-23,0,On-Time,1,0
SHP-20240041,2025-12-15,SUP-01,Apex Precision Components,Tier 1,WH-MUM-02,West Port (Mumbai),Express Air Freight,204.94,433.96,2025-12-17,2025-12-17,0,On-Time,1,0
SHP-20240042,2025-10-31,SUP-04,Evergreen Raw Materials,Tier 2,WH-MUM-02,West Port (Mumbai),Regional Truckload,197.9,209.45,2025-11-03,2025-11-04,1,Delayed,0,0
SHP-20240043,2025-09-15,SUP-06,Global Polymer Solutions,Tier 2,WH-MUM-02,West Port (Mumbai),Express Air Freight,544.8,1092.04,2025-09-17,2025-09-17,0,On-Time,1,0
SHP-20240044,2024-01-25,SUP-01,Apex Precision Components,Tier 1,WH-KOL-04,East Gateway (Kolkata),Priority Surface Cargo,463.07,546.15,2024-01-29,2024-01-29,0,On-Time,1,0
SHP-20240045,2025-05-27,SUP-06,Global Polymer Solutions,Tier 2,WH-MUM-02,West Port (Mumbai),Regional Truckload,245.63,238.94,2025-05-29,2025-05-30,1,Delayed,0,0
SHP-20240046,2025-06-30,SUP-08,Indus Logistics Fab,Tier 3,WH-BLR-03,South Central (Bengaluru),Regional Truckload,290.62,229.76,2025-07-03,2025-07-08,5,Delayed,0,0
SHP-20240047,2025-05-08,SUP-04,Evergreen Raw Materials,Tier 2,WH-DEL-01,North Hub (Delhi-NCR),Priority Surface Cargo,635.74,728.68,2025-05-10,2025-05-11,1,Delayed,0,0
SHP-20240048,2024-11-21,SUP-01,Apex Precision Components,Tier 1,WH-MUM-02,West Port (Mumbai),Express Air Freight,545.07,1098.49,2024-11-24,2024-11-24,0,On-Time,1,0
SHP-20240049,2024-02-26,SUP-05,Falcon Fasteners Corp,Tier 2,WH-MUM-02,West Port (Mumbai),Regional Truckload,233.15,208.67,2024-03-03,2024-03-03,0,On-Time,1,0
SHP-20240050,2024-04-02,SUP-07,Hind Cargo Aggregates,Tier 3,WH-DEL-01,North Hub (Delhi-NCR),Priority Surface Cargo,293.46,404.31,2024-04-06,2024-04-06,0,On-Time,1,0
SHP-20240051,2024-05-08,SUP-03,Delta Electronics Hub,Tier 1,WH-DEL-01,North Hub (Delhi-NCR),Regional Truckload,448.93,372.55,2024-05-11,2024-05-11,0,On-Time,1,0
SHP-20240052,2024-11-17,SUP-05,Falcon Fasteners Corp,Tier 2,WH-MUM-02,West Port (Mumbai),Express Air Freight,201.87,401.2,2024-11-22,2024-11-22,0,On-Time,1,0
SHP-20240053,2025-07-23,SUP-07,Hind Cargo Aggregates,Tier 3,WH-DEL-01,North Hub (Delhi-NCR),Standard Rail Transport,616.46,468.04,2025-07-27,2025-07-27,0,On-Time,1,0
SHP-20240054,2024-11-14,SUP-05,Falcon Fasteners Corp,Tier 2,WH-DEL-01,North Hub (Delhi-NCR),Priority Surface Cargo,714.57,874.23,2024-11-16,2024-11-16,0,On-Time,1,0
SHP-20240055,2024-09-20,SUP-02,Bharat Heavy Forgings,Tier 1,WH-MUM-02,West Port (Mumbai),Priority Surface Cargo,366.76,441.11,2024-09-25,2024-09-26,1,Delayed,0,0
SHP-20240056,2025-06-16,SUP-06,Global Polymer Solutions,Tier 2,WH-KOL-04,East Gateway (Kolkata),Standard Rail Transport,240.33,204.49,2025-06-22,2025-07-04,12,Delayed,0,0
SHP-20240057,2024-05-30,SUP-01,Apex Precision Components,Tier 1,WH-MUM-02,West Port (Mumbai),Standard Rail Transport,123.18,154.73,2024-06-04,2024-06-05,1,Delayed,0,0
SHP-20240058,2025-12-02,SUP-03,Delta Electronics Hub,Tier 1,WH-DEL-01,North Hub (Delhi-NCR),Express Air Freight,567.36,1094.63,2025-12-07,2025-12-07,0,On-Time,1,0
SHP-20240059,2024-12-10,SUP-02,Bharat Heavy Forgings,Tier 1,WH-BLR-03,South Central (Bengaluru),Express Air Freight,599.37,1184.55,2024-12-15,2024-12-18,3,Delayed,0,0
SHP-20240060,2025-03-04,SUP-08,Indus Logistics Fab,Tier 3,WH-BLR-03,South Central (Bengaluru),Standard Rail Transport,684.85,479.45,2025-03-10,2025-03-15,5,Delayed,0,0
SHP-20240061,2024-01-20,SUP-02,Bharat Heavy Forgings,Tier 1,WH-DEL-01,North Hub (Delhi-NCR),Regional Truckload,455.64,332.85,2024-01-22,2024-01-23,1,Delayed,0,0
SHP-20240062,2025-08-16,SUP-08,Indus Logistics Fab,Tier 3,WH-BLR-03,South Central (Bengaluru),Regional Truckload,537.48,378.12,2025-08-22,2025-08-23,1,Delayed,0,0
SHP-20240063,2024-03-16,SUP-06,Global Polymer Solutions,Tier 2,WH-KOL-04,East Gateway (Kolkata),Priority Surface Cargo,813.97,962.52,2024-03-18,2024-03-24,6,Delayed,0,0
SHP-20240064,2025-10-18,SUP-03,Delta Electronics Hub,Tier 1,WH-KOL-04,East Gateway (Kolkata),Regional Truckload,160.69,170.27,2025-10-21,2025-10-27,6,Delayed,0,0
SHP-20240065,2025-05-21,SUP-03,Delta Electronics Hub,Tier 1,WH-MUM-02,West Port (Mumbai),Express Air Freight,539.99,1029.46,2025-05-25,2025-05-25,0,On-Time,1,0
SHP-20240066,2024-06-25,SUP-02,Bharat Heavy Forgings,Tier 1,WH-DEL-01,North Hub (Delhi-NCR),Express Air Freight,566.54,1138.47,2024-06-30,2024-07-02,2,Delayed,0,0
SHP-20240067,2024-03-08,SUP-05,Falcon Fasteners Corp,Tier 2,WH-BLR-03,South Central (Bengaluru),Regional Truckload,237.96,222.49,2024-03-11,2024-03-13,2,Delayed,0,1
SHP-20240068,2024-04-20,SUP-03,Delta Electronics Hub,Tier 1,WH-DEL-01,North Hub (Delhi-NCR),Standard Rail Transport,382.62,337.24,2024-04-26,2024-04-26,0,On-Time,1,0
SHP-20240069,2024-12-16,SUP-05,Falcon Fasteners Corp,Tier 2,WH-KOL-04,East Gateway (Kolkata),Priority Surface Cargo,820.12,940.38,2024-12-22,2024-12-27,5,Delayed,0,0
SHP-20240070,2024-11-27,SUP-04,Evergreen Raw Materials,Tier 2,WH-DEL-01,North Hub (Delhi-NCR),Priority Surface Cargo,447.82,540.66,2024-12-03,2024-12-06,3,Delayed,0,0
SHP-20240071,2024-07-07,SUP-06,Global Polymer Solutions,Tier 2,WH-MUM-02,West Port (Mumbai),Priority Surface Cargo,709.96,811.66,2024-07-12,2024-07-17,5,Delayed,0,0
SHP-20240072,2025-10-29,SUP-05,Falcon Fasteners Corp,Tier 2,WH-MUM-02,West Port (Mumbai),Express Air Freight,627.36,1241.36,2025-11-02,2025-11-02,0,On-Time,1,0
SHP-20240073,2025-06-04,SUP-03,Delta Electronics Hub,Tier 1,WH-BLR-03,South Central (Bengaluru),Regional Truckload,444.3,317.01,2025-06-06,2025-06-06,0,On-Time,1,0
SHP-20240074,2024-03-16,SUP-08,Indus Logistics Fab,Tier 3,WH-KOL-04,East Gateway (Kolkata),Priority Surface Cargo,433.33,512.39,2024-03-22,2024-03-22,0,On-Time,1,0
SHP-20240075,2024-05-13,SUP-01,Apex Precision Components,Tier 1,WH-BLR-03,South Central (Bengaluru),Standard Rail Transport,101.14,93.6,2024-05-16,2024-05-16,0,On-Time,1,0
SHP-20240076,2024-09-06,SUP-05,Falcon Fasteners Corp,Tier 2,WH-BLR-03,South Central (Bengaluru),Priority Surface Cargo,50.05,140.86,2024-09-11,2024-09-12,1,Delayed,0,0
SHP-20240077,2024-10-26,SUP-03,Delta Electronics Hub,Tier 1,WH-DEL-01,North Hub (Delhi-NCR),Priority Surface Cargo,456.88,546.63,2024-10-31,2024-10-31,0,On-Time,1,0
SHP-20240078,2024-04-28,SUP-04,Evergreen Raw Materials,Tier 2,WH-DEL-01,North Hub (Delhi-NCR),Express Air Freight,54.07,130.51,2024-05-01,2024-05-02,1,Delayed,0,0
SHP-20240079,2024-04-21,SUP-08,Indus Logistics Fab,Tier 3,WH-MUM-02,West Port (Mumbai),Regional Truckload,399.2,292.18,2024-04-27,2024-04-27,0,On-Time,1,0
SHP-20240080,2025-06-30,SUP-04,Evergreen Raw Materials,Tier 2,WH-KOL-04,East Gateway (Kolkata),Priority Surface Cargo,617.62,730.35,2025-07-03,2025-07-06,3,Delayed,0,0
SHP-20240081,2025-10-26,SUP-04,Evergreen Raw Materials,Tier 2,WH-DEL-01,North Hub (Delhi-NCR),Priority Surface Cargo,379.88,445.49,2025-10-31,2025-10-31,0,On-Time,1,0
SHP-20240082,2025-02-09,SUP-02,Bharat Heavy Forgings,Tier 1,WH-BLR-03,South Central (Bengaluru),Express Air Freight,354.43,684.87,2025-02-13,2025-02-14,1,Delayed,0,0
SHP-20240083,2024-11-12,SUP-04,Evergreen Raw Materials,Tier 2,WH-DEL-01,North Hub (Delhi-NCR),Priority Surface Cargo,620.23,751.19,2024-11-17,2024-11-18,1,Delayed,0,0
SHP-20240084,2025-08-14,SUP-06,Global Polymer Solutions,Tier 2,WH-MUM-02,West Port (Mumbai),Express Air Freight,409.72,797.68,2025-08-18,2025-08-18,0,On-Time,1,0
SHP-20240085,2024-08-25,SUP-02,Bharat Heavy Forgings,Tier 1,WH-KOL-04,East Gateway (Kolkata),Priority Surface Cargo,60.26,122.98,2024-08-28,2024-09-01,4,Delayed,0,1
SHP-20240086,2024-05-03,SUP-07,Hind Cargo Aggregates,Tier 3,WH-DEL-01,North Hub (Delhi-NCR),Regional Truckload,712.76,508.72,2024-05-07,2024-05-11,4,Delayed,0,0
SHP-20240087,2025-12-20,SUP-08,Indus Logistics Fab,Tier 3,WH-MUM-02,West Port (Mumbai),Priority Surface Cargo,643.13,749.62,23/12/2025,2025-12-28,5,Delayed,0,0
SHP-20240088,2025-03-24,SUP-02,Bharat Heavy Forgings,Tier 1,WH-KOL-04,East Gateway (Kolkata),Regional Truckload,675.02,516.09,2025-03-26,2025-03-27,1,Delayed,0,0
SHP-20240089,2024-08-22,SUP-07,Hind Cargo Aggregates,Tier 3,WH-MUM-02,West Port (Mumbai),Priority Surface Cargo,65.37,97.69,2024-08-24,2024-08-24,0,On-Time,1,0
SHP-20240090,2024-04-21,SUP-08,Indus Logistics Fab,Tier 3,WH-BLR-03,South Central (Bengaluru),Standard Rail Transport,785.34,549.58,2024-04-23,2024-04-25,2,Delayed,0,0
SHP-20240091,2024-09-07,SUP-06,Global Polymer Solutions,Tier 2,WH-MUM-02,West Port (Mumbai),Priority Surface Cargo,458.67,538.7,2024-09-10,2024-09-10,0,On-Time,1,0
SHP-20240092,2025-03-12,SUP-01,Apex Precision Components,Tier 1,WH-BLR-03,South Central (Bengaluru),Express Air Freight,445.28,902.44,2025-03-17,2025-03-19,2,Delayed,0,0
SHP-20240093,2025-03-06,SUP-07,Hind Cargo Aggregates,Tier 3,WH-KOL-04,East Gateway (Kolkata),Regional Truckload,234.19,177.29,2025-03-11,2025-03-12,1,Delayed,0,0
SHP-20240094,2024-01-08,SUP-02,Bharat Heavy Forgings,Tier 1,WH-MUM-02,West Port (Mumbai),Express Air Freight,119.45,258.59,2024-01-10,2024-01-10,0,On-Time,1,0
SHP-20240095,2024-09-14,SUP-01,Apex Precision Components,Tier 1,WH-BLR-03,South Central (Bengaluru),Standard Rail Transport,825.65,562.25,2024-09-17,2024-09-18,1,Delayed,0,0
SHP-20240096,2025-04-12,SUP-04,Evergreen Raw Materials,Tier 2,WH-MUM-02,West Port (Mumbai),Express Air Freight,187.51,372.31,2025-04-14,2025-04-14,0,On-Time,1,0
SHP-20240097,2024-09-25,SUP-08,Indus Logistics Fab,Tier 3,WH-DEL-01,North Hub (Delhi-NCR),Express Air Freight,615.3,1167.12,2024-09-30,2024-09-30,0,on-time  ,1,0
SHP-20240098,2024-10-09,SUP-06,Global Polymer Solutions,Tier 2,WH-BLR-03,South Central (Bengaluru),Priority Surface Cargo,313.63,385.67,2024-10-12,2024-10-13,1,Delayed,0,0
SHP-20240099,2024-05-30,SUP-02,Bharat Heavy Forgings,Tier 1,WH-BLR-03,South Central (Bengaluru),Standard Rail Transport,630.96,496.86,2024-06-05,2024-06-08,3,Delayed,0,0
SHP-20240100,2025-05-01,SUP-06,Global Polymer Solutions,Tier 2,WH-MUM-02,West Port (Mumbai),Regional Truckload,270.43,232.33,2025-05-05,2025-05-05,0,On-Time,1,0
SHP-20240101,2024-12-04,SUP-08,Indus Logistics Fab,Tier 3,WH-BLR-03,South Central (Bengaluru),Priority Surface Cargo,348.41,443.35,2024-12-06,2024-12-06,0,On-Time,1,0
SHP-20240102,2025-11-17,SUP-08,Indus Logistics Fab,Tier 3,WH-KOL-04,East Gateway (Kolkata),Priority Surface Cargo,637.97,782.89,2025-11-21,2025-11-26,5,Delayed,0,0
SHP-20240103,2025-11-28,SUP-05,Falcon Fasteners Corp,Tier 2,WH-BLR-03,South Central (Bengaluru),Express Air Freight,844.37,1597.02,2025-12-04,2025-12-06,2,Delayed,0,0
SHP-20240104,2025-03-20,SUP-06,Global Polymer Solutions,Tier 2,WH-DEL-01,North Hub (Delhi-NCR),Regional Truckload,-674.19,476.94,2025-03-22,2025-03-22,0,On-Time,1,0
SHP-20240105,2024-12-26,SUP-03,Delta Electronics Hub,Tier 1,WH-BLR-03,South Central (Bengaluru),Standard Rail Transport,265.68,221.67,2025-01-01,2025-01-07,6,Delayed,0,0
SHP-20240106,2025-08-02,SUP-01,Apex Precision Components,Tier 1,WH-KOL-04,East Gateway (Kolkata),Regional Truckload,649.94,466.54,2025-08-06,2025-08-11,5,Delayed,0,0
SHP-20240107,2025-05-20,SUP-06,Global Polymer Solutions,Tier 2,WH-BLR-03,South Central (Bengaluru),Priority Surface Cargo,414.47,502.1,2025-05-22,2025-05-22,0,On-Time,1,0
SHP-20240108,2025-11-11,SUP-08,Indus Logistics Fab,Tier 3,WH-KOL-04,East Gateway (Kolkata),Standard Rail Transport,195.63,158.42,2025-11-16,2025-11-16,0,On-Time,1,0
SHP-20240109,2025-12-14,SUP-08,Indus Logistics Fab,Tier 3,WH-KOL-04,East Gateway (Kolkata),Express Air Freight,156.62,351.32,2025-12-17,2025-12-18,1,Delayed,0,0
SHP-20240110,2024-07-05,SUP-08,Indus Logistics Fab,Tier 3,WH-DEL-01,North Hub (Delhi-NCR),Regional Truckload,277.05,274.38,2024-07-08,2024-07-12,4,Delayed,0,0
SHP-20240111,2024-02-14,SUP-07,Hind Cargo Aggregates,Tier 3,WH-BLR-03,South Central (Bengaluru),Regional Truckload,77.3,133.44,2024-02-18,2024-02-18,0,On-Time,1,0
SHP-20240112,2024-09-05,SUP-05,Falcon Fasteners Corp,Tier 2,WH-DEL-01,North Hub (Delhi-NCR),Regional Truckload,118.94,128.33,2024-09-11,2024-09-11,0,On-Time,1,0
SHP-20240113,2024-11-29,SUP-05,Falcon Fasteners Corp,Tier 2,WH-DEL-01,North Hub (Delhi-NCR),Express Air Freight,113.3,265.36,2024-12-02,2024-12-04,2,Delayed,0,0
SHP-20240114,2024-02-02,SUP-01,Apex Precision Components,Tier 1,WH-KOL-04,East Gateway (Kolkata),Standard Rail Transport,249.34,230.8,2024-02-06,2024-02-10,4,Delayed,0,0
SHP-20240115,2025-02-11,SUP-07,Hind Cargo Aggregates,Tier 3,WH-MUM-02,West Port (Mumbai),Express Air Freight,56.51,189.37,2025-02-14,2025-02-15,1,Delayed,0,0
SHP-20240116,2024-04-14,SUP-06,Global Polymer Solutions,Tier 2,WH-DEL-01,North Hub (Delhi-NCR),Priority Surface Cargo,562.99,698.64,2024-04-19,2024-04-20,1,Delayed,0,0
SHP-20240117,2024-06-17,SUP-03,Delta Electronics Hub,Tier 1,WH-BLR-03,South Central (Bengaluru),Express Air Freight,47.38,163.21,2024-06-23,2024-06-23,0,On-Time,1,0
SHP-20240118,2025-01-20,SUP-01,Apex Precision Components,Tier 1,WH-KOL-04,East Gateway (Kolkata),Regional Truckload,663.74,483.75,2025-01-26,2025-01-28,2,Delayed,0,0
SHP-20240119,2024-02-11,SUP-02,Bharat Heavy Forgings,Tier 1,WH-MUM-02,West Port (Mumbai),Standard Rail Transport,226.06,236.7,2024-02-17,2024-02-17,0,On-Time,1,0
SHP-20240120,2025-11-08,SUP-01,Apex Precision Components,Tier 1,WH-MUM-02,West Port (Mumbai),Express Air Freight,134.88,330.51,2025-11-14,2025-11-14,0,On-Time,1,0
SHP-20240121,2024-09-20,SUP-02,Bharat Heavy Forgings,Tier 1,WH-DEL-01,North Hub (Delhi-NCR),Priority Surface Cargo,780.59,940.16,2024-09-25,2024-09-28,3,Delayed,0,0
SHP-20240122,2024-01-26,SUP-01,Apex Precision Components,Tier 1,WH-BLR-03,South Central (Bengaluru),Regional Truckload,787.87,566.96,2024-02-01,2024-02-02,1,Delayed,0,0
SHP-20240123,2024-04-27,SUP-06,Global Polymer Solutions,Tier 2,WH-KOL-04,East Gateway (Kolkata),Express Air Freight,810.12,1573.59,2024-05-02,2024-05-03,1,Delayed,0,0
SHP-20240124,2025-03-31,SUP-06,Global Polymer Solutions,Tier 2,WH-DEL-01,North Hub (Delhi-NCR),Standard Rail Transport,280.69,235.08,2025-04-04,2025-04-05,1,Delayed,0,0
SHP-20240125,2024-10-25,SUP-06,Global Polymer Solutions,Tier 2,WH-MUM-02,West Port (Mumbai),Standard Rail Transport,664.56,464.73,2024-10-30,2024-10-30,0,On-Time,1,0
SHP-20240126,2024-07-28,SUP-06,Global Polymer Solutions,Tier 2,WH-DEL-01,North Hub (Delhi-NCR),Regional Truckload,776.04,551.12,2024-07-30,2024-07-30,0,On-Time,1,0
SHP-20240127,2024-09-14,SUP-02,Bharat Heavy Forgings,Tier 1,WH-DEL-01,North Hub (Delhi-NCR),Standard Rail Transport,43.19,84.63,2024-09-18,2024-09-18,0,On-Time,1,0
SHP-20240128,2025-02-18,SUP-08,Indus Logistics Fab,Tier 3,WH-DEL-01,North Hub (Delhi-NCR),Priority Surface Cargo,65.37,131.1,2025-02-21,2025-02-21,0,On-Time,1,0
SHP-20240129,2024-01-27,SUP-04,Evergreen Raw Materials,Tier 2,WH-BLR-03,South Central (Bengaluru),Priority Surface Cargo,624.96,721.41,2024-02-02,2024-02-02,0,On-Time,1,0
SHP-20240130,2024-04-13,SUP-07,Hind Cargo Aggregates,Tier 3,WH-DEL-01,North Hub (Delhi-NCR),Priority Surface Cargo,839.54,1005.07,2024-04-16,2024-04-17,1,Delayed,0,1
SHP-20240131,2024-11-25,SUP-05,Falcon Fasteners Corp,Tier 2,WH-BLR-03,South Central (Bengaluru),Regional Truckload,99.59,145.06,2024-11-28,2024-12-03,5,Delayed,0,0
SHP-20240132,2025-04-29,SUP-02,Bharat Heavy Forgings,Tier 1,WH-MUM-02,West Port (Mumbai),Priority Surface Cargo,813.24,964.04,2025-05-01,2025-05-01,0,On-Time,1,0
SHP-20240133,2024-03-11,SUP-08,Indus Logistics Fab,Tier 3,WH-BLR-03,South Central (Bengaluru),Regional Truckload,211.53,172.39,2024-03-15,2024-03-15,0,On-Time,1,1
SHP-20240134,2024-08-12,SUP-03,Delta Electronics Hub,Tier 1,WH-KOL-04,East Gateway (Kolkata),Express Air Freight,76.37,181.07,2024-08-16,2024-08-19,3,Delayed,0,0
SHP-20240135,2024-08-30,SUP-08,Indus Logistics Fab,Tier 3,WH-MUM-02,West Port (Mumbai),Express Air Freight,564.6,1138.9,2024-09-02,2024-09-07,5,Delayed,0,0
SHP-20240136,2025-01-03,SUP-01,Apex Precision Components,Tier 1,WH-KOL-04,East Gateway (Kolkata),Regional Truckload,35.76,111.15,2025-01-05,2025-01-11,6,Delayed,0,0
SHP-20240137,2025-11-04,SUP-01,Apex Precision Components,Tier 1,WH-MUM-02,West Port (Mumbai),Regional Truckload,301.02,239.93,2025-11-08,2025-11-08,0,On-Time,1,0
SHP-20240138,2024-02-27,SUP-08,Indus Logistics Fab,Tier 3,WH-BLR-03,South Central (Bengaluru),Standard Rail Transport,671.98,490.73,2024-03-04,2024-03-04,0,On-Time,1,0
SHP-20240139,2024-04-12,SUP-08,Indus Logistics Fab,Tier 3,WH-MUM-02,West Port (Mumbai),Regional Truckload,665.92,471.58,2024-04-14,2024-04-18,4,Delayed,0,0
SHP-20240140,2025-01-05,SUP-04,Evergreen Raw Materials,Tier 2,WH-KOL-04,East Gateway (Kolkata),Express Air Freight,831.05,1630.26,2025-01-10,2025-01-12,2,Delayed,0,0
SHP-20240141,2025-06-27,SUP-03,Delta Electronics Hub,Tier 1,WH-BLR-03,South Central (Bengaluru),Express Air Freight,701.94,1371.58,2025-07-03,2025-07-03,0,On-Time,1,0
SHP-20240142,2025-05-28,SUP-08,Indus Logistics Fab,Tier 3,WH-DEL-01,North Hub (Delhi-NCR),Standard Rail Transport,80.91,123.12,2025-05-30,2025-06-06,7,Delayed,0,0
SHP-20240143,2025-08-05,SUP-08,Indus Logistics Fab,Tier 3,WH-BLR-03,South Central (Bengaluru),Regional Truckload,140.86,173.88,2025-08-08,2025-08-08,0,On-Time,1,0
SHP-20240144,2025-01-17,SUP-07,Hind Cargo Aggregates,Tier 3,WH-BLR-03,South Central (Bengaluru),Regional Truckload,836.71,626.55,2025-01-22,2025-01-24,2,Delayed,0,0
SHP-20240145,2025-06-05,SUP-03,Delta Electronics Hub,Tier 1,WH-BLR-03,South Central (Bengaluru),Priority Surface Cargo,383.83,457.83,2025-06-11,2025-06-11,0,On-Time,1,0
SHP-20240146,2025-01-18,SUP-06,Global Polymer Solutions,Tier 2,WH-KOL-04,East Gateway (Kolkata),Express Air Freight,196.1,387.83,2025-01-24,2025-01-26,2,Delayed,0,0
SHP-20240147,2025-03-18,SUP-02,Bharat Heavy Forgings,Tier 1,WH-MUM-02,West Port (Mumbai),Express Air Freight,279.03,586.07,2025-03-23,2025-03-23,0,On-Time,1,0
SHP-20240148,2024-01-18,SUP-07,Hind Cargo Aggregates,Tier 3,WH-DEL-01,North Hub (Delhi-NCR),Express Air Freight,383.66,744.11,2024-01-22,2024-01-24,2,Delayed,0,0
SHP-20240149,2025-06-17,SUP-01,Apex Precision Components,Tier 1,WH-KOL-04,East Gateway (Kolkata),Regional Truckload,524.36,395.94,2025-06-21,2025-06-27,6,Delayed,0,0
SHP-20240150,2024-08-10,SUP-06,Global Polymer Solutions,Tier 2,WH-MUM-02,West Port (Mumbai),Standard Rail Transport,766.66,566.46,2024-08-12,2024-08-16,4,Delayed,0,0
SHP-20240151,2025-04-07,SUP-08,Indus Logistics Fab,Tier 3,WH-BLR-03,South Central (Bengaluru),Priority Surface Cargo,441.94,515.18,2025-04-10,2025-04-18,8,delayed  ,0,0
SHP-20240152,2024-07-23,SUP-01,Apex Precision Components,Tier 1,WH-MUM-02,West Port (Mumbai),Express Air Freight,830.11,1573.87,2024-07-29,2024-07-29,0,On-Time,1,0
SHP-20240153,2025-10-08,SUP-03,Delta Electronics Hub,Tier 1,WH-DEL-01,North Hub (Delhi-NCR),Express Air Freight,366.2,704.48,2025-10-14,2025-10-15,1,Delayed,0,0
SHP-20240154,2024-06-21,SUP-05,Falcon Fasteners Corp,Tier 2,WH-KOL-04,East Gateway (Kolkata),Priority Surface Cargo,678.57,824.11,2024-06-27,2024-06-29,2,Delayed,0,0
SHP-20240155,2024-01-04,SUP-08,Indus Logistics Fab,Tier 3,WH-DEL-01,North Hub (Delhi-NCR),Standard Rail Transport,519.39,379.29,2024-01-10,2024-01-11,1,Delayed,0,0
SHP-20240156,2025-02-15,SUP-02,Bharat Heavy Forgings,Tier 1,WH-MUM-02,West Port (Mumbai),Priority Surface Cargo,789.99,895.49,2025-02-18,2025-02-24,6,Delayed,0,0
SHP-20240157,2025-12-16,SUP-06,Global Polymer Solutions,Tier 2,WH-MUM-02,West Port (Mumbai),Express Air Freight,69.91,210.77,2025-12-19,2025-12-19,0,On-Time,1,0
SHP-20240158,2025-11-29,SUP-05,Falcon Fasteners Corp,Tier 2,WH-DEL-01,North Hub (Delhi-NCR),Standard Rail Transport,479.55,376.52,2025-12-01,2025-12-02,1,Delayed,0,0
SHP-20240159,2025-11-13,SUP-08,Indus Logistics Fab,Tier 3,WH-BLR-03,South Central (Bengaluru),Express Air Freight,261.8,522.18,2025-11-16,2025-11-18,2,Delayed,0,0
SHP-20240160,2025-04-09,SUP-04,Evergreen Raw Materials,Tier 2,WH-BLR-03,South Central (Bengaluru),Priority Surface Cargo,21.98,113.52,2025-04-13,2025-04-15,2,Delayed,0,0
SHP-20240161,2025-04-11,SUP-06,Global Polymer Solutions,Tier 2,WH-MUM-02,West Port (Mumbai),Express Air Freight,802.97,1575.89,2025-04-16,2025-04-16,0,On-Time,1,0
SHP-20240162,2025-11-25,SUP-07,Hind Cargo Aggregates,Tier 3,WH-MUM-02,West Port (Mumbai),Regional Truckload,811.46,588.25,2025-12-01,2025-12-02,1,Delayed,0,0
SHP-20240163,2024-08-22,SUP-05,Falcon Fasteners Corp,Tier 2,WH-BLR-03,South Central (Bengaluru),Regional Truckload,651.62,487.97,2024-08-27,2024-09-01,5,Delayed,0,0
SHP-20240164,2024-02-25,SUP-04,Evergreen Raw Materials,Tier 2,WH-MUM-02,West Port (Mumbai),Priority Surface Cargo,127.11,215.61,2024-02-27,2024-02-28,1,Delayed,0,0
SHP-20240165,2024-01-07,SUP-08,Indus Logistics Fab,Tier 3,WH-BLR-03,South Central (Bengaluru),Standard Rail Transport,259.91,210.08,2024-01-10,2024-01-15,5,Delayed,0,0
SHP-20240166,2024-08-30,SUP-08,Indus Logistics Fab,Tier 3,WH-MUM-02,West Port (Mumbai),Priority Surface Cargo,401.42,500.17,2024-09-02,2024-09-03,1,Delayed,0,0
SHP-20240167,2025-01-12,SUP-02,Bharat Heavy Forgings,Tier 1,WH-KOL-04,East Gateway (Kolkata),Priority Surface Cargo,833.19,948.74,2025-01-17,2025-01-17,0,On-Time,1,0
SHP-20240168,2024-11-24,SUP-01,Apex Precision Components,Tier 1,WH-DEL-01,North Hub (Delhi-NCR),Priority Surface Cargo,372.15,470.34,2024-11-26,2024-11-28,2,Delayed,0,0
SHP-20240169,2024-12-15,SUP-02,Bharat Heavy Forgings,Tier 1,WH-KOL-04,East Gateway (Kolkata),Standard Rail Transport,628.57,481.24,2024-12-17,2024-12-19,2,Delayed,0,0
SHP-20240170,2025-11-04,SUP-03,Delta Electronics Hub,Tier 1,WH-DEL-01,North Hub (Delhi-NCR),Priority Surface Cargo,80.53,158.5,2025-11-08,2025-11-09,1,Delayed,0,0
SHP-20240171,2025-05-30,SUP-04,Evergreen Raw Materials,Tier 2,WH-KOL-04,East Gateway (Kolkata),Priority Surface Cargo,64.38,98.67,2025-06-02,2025-06-03,1,Delayed,0,0
SHP-20240172,2025-04-20,SUP-07,Hind Cargo Aggregates,Tier 3,WH-DEL-01,North Hub (Delhi-NCR),Express Air Freight,213.45,475.65,2025-04-25,2025-04-25,0,On-Time,1,0
SHP-20240173,2024-12-28,SUP-08,Indus Logistics Fab,Tier 3,WH-KOL-04,East Gateway (Kolkata),Standard Rail Transport,480.19,369.08,2024-12-30,2025-01-01,2,Delayed,0,0
SHP-20240174,2024-02-27,SUP-05,Falcon Fasteners Corp,Tier 2,WH-KOL-04,East Gateway (Kolkata),Express Air Freight,413.23,822.96,2024-03-03,2024-03-07,4,Delayed,0,0
SHP-20240175,2024-05-12,SUP-02,Bharat Heavy Forgings,Tier 1,WH-MUM-02,West Port (Mumbai),Regional Truckload,193.75,174.04,2024-05-18,2024-05-18,0,On-Time,1,0
SHP-20240176,2025-01-31,SUP-03,Delta Electronics Hub,Tier 1,WH-MUM-02,West Port (Mumbai),Express Air Freight,846.39,1637.06,2025-02-05,2025-02-05,0,On-Time,1,0
SHP-20240177,2024-10-06,SUP-01,Apex Precision Components,Tier 1,WH-BLR-03,South Central (Bengaluru),Standard Rail Transport,307.25,248.39,2024-10-12,2024-10-12,0,On-Time,1,0
SHP-20240178,2025-03-07,SUP-02,Bharat Heavy Forgings,Tier 1,WH-MUM-02,West Port (Mumbai),Regional Truckload,219.91,221.68,2025-03-11,2025-03-18,7,Delayed,0,0
SHP-20240179,2024-01-07,SUP-08,Indus Logistics Fab,Tier 3,WH-MUM-02,West Port (Mumbai),Regional Truckload,778.16,573.63,2024-01-11,2024-01-11,0,On-Time,1,0
SHP-20240180,2025-11-17,SUP-05,Falcon Fasteners Corp,Tier 2,WH-BLR-03,South Central (Bengaluru),Standard Rail Transport,275.65,268.13,2025-11-19,2025-11-19,0,On-Time,1,0
SHP-20240181,2025-12-03,SUP-07,Hind Cargo Aggregates,Tier 3,WH-MUM-02,West Port (Mumbai),Express Air Freight,227.51,456.16,2025-12-09,2025-12-12,3,Delayed,0,0
SHP-20240182,2024-06-02,SUP-07,Hind Cargo Aggregates,Tier 3,WH-MUM-02,West Port (Mumbai),Regional Truckload,643.92,480.45,2024-06-07,2024-06-09,2,Delayed,0,0
SHP-20240183,2025-10-31,SUP-01,Apex Precision Components,Tier 1,WH-BLR-03,South Central (Bengaluru),Priority Surface Cargo,113.67,189.93,2025-11-05,2025-11-06,1,Delayed,0,0
SHP-20240184,2024-10-30,SUP-04,Evergreen Raw Materials,Tier 2,WH-KOL-04,East Gateway (Kolkata),Regional Truckload,138.45,124.93,2024-11-02,2024-11-05,3,delayed  ,0,0
SHP-20240185,2024-07-12,SUP-05,Falcon Fasteners Corp,Tier 2,WH-BLR-03,South Central (Bengaluru),Express Air Freight,472.23,938.44,2024-07-14,2024-07-14,0,On-Time,1,0
SHP-20240186,2025-10-21,SUP-05,Falcon Fasteners Corp,Tier 2,WH-KOL-04,East Gateway (Kolkata),Express Air Freight,82.13,245.65,2025-10-24,2025-10-31,7,Delayed,0,0
SHP-20240187,2025-11-11,SUP-06,Global Polymer Solutions,Tier 2,WH-BLR-03,South Central (Bengaluru),Standard Rail Transport,617.76,475.73,2025-11-17,2025-11-17,0,On-Time,1,0
SHP-20240188,2024-05-29,SUP-02,Bharat Heavy Forgings,Tier 1,WH-KOL-04,East Gateway (Kolkata),Priority Surface Cargo,369.52,447.55,2024-06-04,2024-06-04,0,On-Time,1,0
SHP-20240189,2024-05-17,SUP-06,Global Polymer Solutions,Tier 2,WH-KOL-04,East Gateway (Kolkata),Priority Surface Cargo,74.92,111.38,2024-05-20,2024-05-26,6,Delayed,0,0
SHP-20240190,2024-07-29,SUP-08,Indus Logistics Fab,Tier 3,WH-MUM-02,West Port (Mumbai),Priority Surface Cargo,652.07,811.64,2024-07-31,2024-08-01,1,Delayed,0,1
SHP-20240191,2024-06-24,SUP-02,Bharat Heavy Forgings,Tier 1,WH-BLR-03,South Central (Bengaluru),Standard Rail Transport,301.53,260.36,2024-06-29,2024-06-29,0,On-Time,1,0
SHP-20240192,2024-03-05,SUP-02,Bharat Heavy Forgings,Tier 1,WH-MUM-02,West Port (Mumbai),Priority Surface Cargo,400.81,503.12,2024-03-09,2024-03-12,3,Delayed,0,0
SHP-20240193,2025-05-23,SUP-01,Apex Precision Components,Tier 1,WH-BLR-03,South Central (Bengaluru),Regional Truckload,662.88,522.39,2025-05-26,2025-05-26,0,On-Time,1,0
SHP-20240194,2024-06-24,SUP-08,Indus Logistics Fab,Tier 3,WH-BLR-03,South Central (Bengaluru),Standard Rail Transport,48.56,109.57,2024-06-29,2024-07-03,4,Delayed,0,0
SHP-20240195,2024-11-10,SUP-01,Apex Precision Components,Tier 1,WH-BLR-03,South Central (Bengaluru),Regional Truckload,814.4,581.93,2024-11-14,2024-11-14,0,On-Time,1,0
SHP-20240196,2025-06-15,SUP-03,Delta Electronics Hub,Tier 1,WH-MUM-02,West Port (Mumbai),Regional Truckload,79.93,89.37,2025-06-21,2025-06-21,0,On-Time,1,0
SHP-20240197,2025-06-14,SUP-08,Indus Logistics Fab,Tier 3,WH-DEL-01,North Hub (Delhi-NCR),Express Air Freight,730.66,1405.95,2025-06-16,2025-06-17,1,Delayed,0,0
SHP-20240198,2024-03-16,SUP-05,Falcon Fasteners Corp,Tier 2,WH-DEL-01,North Hub (Delhi-NCR),Priority Surface Cargo,680.59,833.02,2024-03-21,2024-03-21,0,On-Time,1,0
SHP-20240199,2024-08-31,SUP-07,Hind Cargo Aggregates,Tier 3,WH-MUM-02,West Port (Mumbai),Priority Surface Cargo,443.77,556.15,2024-09-03,2024-09-10,7,Delayed,0,0
SHP-20240200,2025-09-03,SUP-02,Bharat Heavy Forgings,Tier 1,WH-DEL-01,North Hub (Delhi-NCR),Priority Surface Cargo,609.99,751.91,2025-09-07,2025-09-07,0,On-Time,1,0
SHP-20240201,2025-08-09,SUP-04,Evergreen Raw Materials,Tier 2,WH-BLR-03,South Central (Bengaluru),Express Air Freight,769.57,1459.27,2025-08-13,2025-08-13,0,On-Time,1,0
SHP-20240202,2024-05-15,SUP-08,Indus Logistics Fab,Tier 3,WH-MUM-02,West Port (Mumbai),Regional Truckload,631.9,443.78,2024-05-21,2024-05-21,0,On-Time,1,0
SHP-20240203,2025-07-03,SUP-05,Falcon Fasteners Corp,Tier 2,WH-MUM-02,West Port (Mumbai),Standard Rail Transport,279.72,235.6,2025-07-06,2025-07-06,0,On-Time,1,0
SHP-20240204,2025-01-03,SUP-04,Evergreen Raw Materials,Tier 2,WH-BLR-03,South Central (Bengaluru),Regional Truckload,489.34,406.99,2025-01-09,2025-01-09,0,On-Time,1,0
SHP-20240205,2024-07-25,SUP-01,Apex Precision Components,Tier 1,WH-MUM-02,West Port (Mumbai),Express Air Freight,656.53,1285.58,2024-07-31,2024-08-01,1,Delayed,0,0
SHP-20240206,2025-11-15,SUP-03,Delta Electronics Hub,Tier 1,WH-KOL-04,East Gateway (Kolkata),Priority Surface Cargo,339.66,421.0,2025-11-19,2025-11-19,0,On-Time,1,0
SHP-20240207,2025-12-18,SUP-06,Global Polymer Solutions,Tier 2,WH-MUM-02,West Port (Mumbai),Regional Truckload,843.09,604.51,2025-12-23,2025-12-23,0,On-Time,1,0
SHP-20240208,2025-02-18,SUP-08,Indus Logistics Fab,Tier 3,WH-KOL-04,East Gateway (Kolkata),Express Air Freight,287.57,583.38,2025-02-23,2025-02-24,1,Delayed,0,0
SHP-20240209,2024-12-23,SUP-08,Indus Logistics Fab,Tier 3,WH-MUM-02,West Port (Mumbai),Priority Surface Cargo,519.21,621.81,2024-12-25,2024-12-25,0,on-time  ,1,0
SHP-20240210,2025-09-05,SUP-02,Bharat Heavy Forgings,Tier 1,WH-KOL-04,East Gateway (Kolkata),Priority Surface Cargo,592.28,719.2,2025-09-11,2025-09-23,12,Delayed,0,0
SHP-20240211,2024-01-10,SUP-03,Delta Electronics Hub,Tier 1,WH-BLR-03,South Central (Bengaluru),Standard Rail Transport,708.02,501.92,2024-01-15,2024-01-15,0,On-Time,1,0
SHP-20240212,2024-04-12,SUP-05,Falcon Fasteners Corp,Tier 2,WH-MUM-02,West Port (Mumbai),Express Air Freight,139.7,311.42,2024-04-14,2024-04-20,6,Delayed,0,0
SHP-20240213,2025-01-08,SUP-03,Delta Electronics Hub,Tier 1,WH-MUM-02,West Port (Mumbai),Express Air Freight,117.72,281.09,2025-01-14,2025-01-14,0,On-Time,1,0
SHP-20240214,2025-02-24,SUP-04,Evergreen Raw Materials,Tier 2,WH-BLR-03,South Central (Bengaluru),Standard Rail Transport,182.12,185.84,2025-03-02,2025-03-02,0,On-Time,1,0
SHP-20240215,2025-04-17,SUP-04,Evergreen Raw Materials,Tier 2,WH-DEL-01,North Hub (Delhi-NCR),Regional Truckload,381.29,310.04,2025-04-19,2025-04-20,1,Delayed,0,0
SHP-20240216,2025-12-21,SUP-03,Delta Electronics Hub,Tier 1,WH-DEL-01,North Hub (Delhi-NCR),Priority Surface Cargo,803.59,930.6,2025-12-26,2025-12-27,1,Delayed,0,0
SHP-20240217,2024-01-14,SUP-05,Falcon Fasteners Corp,Tier 2,WH-BLR-03,South Central (Bengaluru),Standard Rail Transport,53.36,79.33,2024-01-18,2024-01-20,2,Delayed,0,0
SHP-20240218,2024-06-21,SUP-01,Apex Precision Components,Tier 1,WH-MUM-02,West Port (Mumbai),Express Air Freight,527.13,1011.45,2024-06-26,2024-06-27,1,Delayed,0,0
SHP-20240219,2024-04-24,SUP-08,Indus Logistics Fab,Tier 3,WH-KOL-04,East Gateway (Kolkata),Regional Truckload,154.22,129.84,2024-04-29,2024-04-29,0,On-Time,1,0
SHP-20240220,2025-10-22,SUP-08,Indus Logistics Fab,Tier 3,WH-DEL-01,North Hub (Delhi-NCR),Standard Rail Transport,805.31,561.55,2025-10-25,2025-10-25,0,On-Time,1,0
SHP-20240221,2025-05-13,SUP-02,Bharat Heavy Forgings,Tier 1,WH-BLR-03,South Central (Bengaluru),Standard Rail Transport,634.64,463.75,2025-05-16,2025-05-16,0,On-Time,1,0
SHP-20240222,2025-11-23,SUP-01,Apex Precision Components,Tier 1,WH-BLR-03,South Central (Bengaluru),Standard Rail Transport,482.03,364.14,2025-11-27,2025-11-27,0,On-Time,1,0
SHP-20240223,2024-06-21,SUP-06,Global Polymer Solutions,Tier 2,WH-KOL-04,East Gateway (Kolkata),Regional Truckload,473.37,385.95,2024-06-23,2024-06-29,6,Delayed,0,0
SHP-20240224,2024-12-13,SUP-01,Apex Precision Components,Tier 1,WH-MUM-02,West Port (Mumbai),Standard Rail Transport,288.41,246.14,2024-12-17,2024-12-18,1,delayed  ,0,0
SHP-20240225,2024-10-12,SUP-01,Apex Precision Components,Tier 1,WH-KOL-04,East Gateway (Kolkata),Express Air Freight,580.53,1117.81,2024-10-15,2024-10-24,9,Delayed,0,0
SHP-20240226,2025-06-13,SUP-04,Evergreen Raw Materials,Tier 2,WH-KOL-04,East Gateway (Kolkata),Standard Rail Transport,521.39,421.79,2025-06-17,2025-06-19,2,Delayed,0,0
SHP-20240227,2024-05-13,SUP-01,Apex Precision Components,Tier 1,WH-BLR-03,South Central (Bengaluru),Express Air Freight,226.69,454.35,2024-05-16,2024-05-17,1,Delayed,0,0
SHP-20240228,2025-07-26,SUP-01,Apex Precision Components,Tier 1,WH-KOL-04,East Gateway (Kolkata),Standard Rail Transport,646.35,464.15,2025-07-28,2025-07-30,2,Delayed,0,0
SHP-20240229,2024-11-27,SUP-01,Apex Precision Components,Tier 1,WH-MUM-02,West Port (Mumbai),Express Air Freight,523.96,1012.7,2024-12-01,2024-12-02,1,Delayed,0,0
SHP-20240230,2025-07-08,SUP-07,Hind Cargo Aggregates,Tier 3,WH-DEL-01,North Hub (Delhi-NCR),Priority Surface Cargo,269.15,335.21,2025-07-10,2025-07-14,4,Delayed,0,0
SHP-20240231,2025-06-27,SUP-08,Indus Logistics Fab,Tier 3,WH-DEL-01,North Hub (Delhi-NCR),Regional Truckload,331.33,247.49,2025-06-29,2025-07-04,5,Delayed,0,0
SHP-20240232,2025-03-16,SUP-04,Evergreen Raw Materials,Tier 2,WH-MUM-02,West Port (Mumbai),Regional Truckload,429.66,331.75,2025-03-20,2025-03-20,0,On-Time,1,0
SHP-20240233,2025-08-15,SUP-04,Evergreen Raw Materials,Tier 2,WH-MUM-02,West Port (Mumbai),Priority Surface Cargo,431.16,565.17,2025-08-17,2025-08-21,4,Delayed,0,0
SHP-20240234,2025-09-05,SUP-07,Hind Cargo Aggregates,Tier 3,WH-KOL-04,East Gateway (Kolkata),Priority Surface Cargo,791.18,907.49,2025-09-10,2025-09-13,3,Delayed,0,0
SHP-20240235,2024-12-22,SUP-07,Hind Cargo Aggregates,Tier 3,WH-BLR-03,South Central (Bengaluru),Standard Rail Transport,114.74,149.38,2024-12-24,2024-12-27,3,Delayed,0,0
SHP-20240236,2025-06-02,SUP-08,Indus Logistics Fab,Tier 3,WH-MUM-02,West Port (Mumbai),Priority Surface Cargo,508.43,601.92,2025-06-07,2025-06-07,0,On-Time,1,0
SHP-20240237,2024-07-08,SUP-08,Indus Logistics Fab,Tier 3,WH-BLR-03,South Central (Bengaluru),Priority Surface Cargo,833.09,1005.19,2024-07-13,2024-07-14,1,Delayed,0,0
SHP-20240238,2024-12-21,SUP-05,Falcon Fasteners Corp,Tier 2,WH-DEL-01,North Hub (Delhi-NCR),Priority Surface Cargo,828.28,969.37,2024-12-23,2024-12-23,0,On-Time,1,0
SHP-20240239,2025-04-13,SUP-02,Bharat Heavy Forgings,Tier 1,WH-KOL-04,East Gateway (Kolkata),Regional Truckload,429.93,308.72,2025-04-16,2025-04-16,0,On-Time,1,0
SHP-20240240,2024-01-24,SUP-01,Apex Precision Components,Tier 1,WH-DEL-01,North Hub (Delhi-NCR),Regional Truckload,585.02,460.81,2024-01-27,2024-01-27,0,On-Time,1,0
SHP-20240241,2024-09-23,SUP-01,Apex Precision Components,Tier 1,WH-KOL-04,East Gateway (Kolkata),Express Air Freight,462.85,948.59,2024-09-25,2024-09-25,0,On-Time,1,0
SHP-20240242,2025-08-11,SUP-04,Evergreen Raw Materials,Tier 2,WH-DEL-01,North Hub (Delhi-NCR),Priority Surface Cargo,597.69,717.26,2025-08-13,2025-08-13,0,On-Time,1,0
SHP-20240243,2024-08-21,SUP-04,Evergreen Raw Materials,Tier 2,WH-KOL-04,East Gateway (Kolkata),Express Air Freight,20.71,82.64,2024-08-25,2024-08-27,2,Delayed,0,0
SHP-20240244,2024-12-15,SUP-04,Evergreen Raw Materials,Tier 2,WH-KOL-04,East Gateway (Kolkata),Regional Truckload,210.35,226.68,2024-12-19,2024-12-19,0,On-Time,1,0
SHP-20240245,2024-06-09,SUP-01,Apex Precision Components,Tier 1,WH-MUM-02,West Port (Mumbai),Priority Surface Cargo,655.29,786.14,2024-06-15,2024-06-15,0,On-Time,1,0
SHP-20240246,2024-09-01,SUP-07,Hind Cargo Aggregates,Tier 3,WH-DEL-01,North Hub (Delhi-NCR),Priority Surface Cargo,596.84,689.42,2024-09-03,2024-09-07,4,Delayed,0,0
SHP-20240247,2025-05-12,SUP-04,Evergreen Raw Materials,Tier 2,WH-BLR-03,South Central (Bengaluru),Regional Truckload,413.59,312.18,2025-05-17,2025-05-20,3,Delayed,0,0
SHP-20240248,2024-05-03,SUP-06,Global Polymer Solutions,Tier 2,WH-KOL-04,East Gateway (Kolkata),Regional Truckload,51.25,104.08,2024-05-09,2024-05-10,1,Delayed,0,0
SHP-20240249,2025-08-07,SUP-01,Apex Precision Components,Tier 1,WH-DEL-01,North Hub (Delhi-NCR),Regional Truckload,139.04,176.92,2025-08-11,2025-08-11,0,On-Time,1,0
SHP-20240250,2025-05-23,SUP-02,Bharat Heavy Forgings,Tier 1,WH-KOL-04,East Gateway (Kolkata),Standard Rail Transport,831.65,595.1,2025-05-25,2025-05-28,3,Delayed,0,0
SHP-20240251,2025-06-20,SUP-07,Hind Cargo Aggregates,Tier 3,WH-BLR-03,South Central (Bengaluru),Priority Surface Cargo,537.97,650.38,2025-06-22,2025-06-27,5,Delayed,0,0
SHP-20240252,2024-05-31,SUP-03,Delta Electronics Hub,Tier 1,WH-DEL-01,North Hub (Delhi-NCR),Standard Rail Transport,519.84,393.33,2024-06-06,2024-06-08,2,Delayed,0,0
SHP-20240253,2024-05-06,SUP-03,Delta Electronics Hub,Tier 1,WH-DEL-01,North Hub (Delhi-NCR),Regional Truckload,638.88,482.05,2024-05-10,2024-05-11,1,Delayed,0,0
SHP-20240254,2024-06-26,SUP-08,Indus Logistics Fab,Tier 3,WH-MUM-02,West Port (Mumbai),Regional Truckload,139.89,160.22,2024-06-30,2024-06-30,0,On-Time,1,1
SHP-20240255,2024-03-20,SUP-03,Delta Electronics Hub,Tier 1,WH-BLR-03,South Central (Bengaluru),Priority Surface Cargo,192.68,297.52,2024-03-22,2024-03-25,3,Delayed,0,0
SHP-20240256,2025-06-08,SUP-04,Evergreen Raw Materials,Tier 2,WH-KOL-04,East Gateway (Kolkata),Standard Rail Transport,772.86,594.8,2025-06-12,2025-06-14,2,Delayed,0,0
SHP-20240257,2024-07-09,SUP-01,Apex Precision Components,Tier 1,WH-KOL-04,East Gateway (Kolkata),Regional Truckload,795.87,602.7,2024-07-15,2024-07-19,4,Delayed,0,0
SHP-20240258,2024-06-25,SUP-08,Indus Logistics Fab,Tier 3,WH-BLR-03,South Central (Bengaluru),Priority Surface Cargo,679.64,774.97,2024-06-30,2024-06-30,0,On-Time,1,0
SHP-20240259,2025-05-01,SUP-08,Indus Logistics Fab,Tier 3,WH-MUM-02,West Port (Mumbai),Regional Truckload,62.51,122.77,2025-05-06,2025-05-06,0,On-Time,1,0
SHP-20240260,2024-05-26,SUP-06,Global Polymer Solutions,Tier 2,WH-BLR-03,South Central (Bengaluru),Regional Truckload,22.63,47.1,2024-05-31,2024-05-31,0,On-Time,1,1
SHP-20240261,2024-04-18,SUP-01,Apex Precision Components,Tier 1,WH-MUM-02,West Port (Mumbai),Regional Truckload,449.75,346.78,2024-04-20,2024-04-20,0,On-Time,1,0
SHP-20240262,2025-07-13,SUP-01,Apex Precision Components,Tier 1,WH-MUM-02,West Port (Mumbai),Priority Surface Cargo,260.95,377.36,2025-07-15,2025-07-15,0,On-Time,1,0
SHP-20240263,2025-04-07,SUP-08,Indus Logistics Fab,Tier 3,WH-BLR-03,South Central (Bengaluru),Express Air Freight,231.8,470.09,2025-04-11,2025-04-12,1,Delayed,0,0
SHP-20240264,2025-05-01,SUP-08,Indus Logistics Fab,Tier 3,WH-BLR-03,South Central (Bengaluru),Priority Surface Cargo,159.41,248.48,2025-05-04,2025-05-05,1,Delayed,0,0
SHP-20240265,2025-12-01,SUP-08,Indus Logistics Fab,Tier 3,WH-DEL-01,North Hub (Delhi-NCR),Express Air Freight,213.58,448.25,2025-12-06,2025-12-09,3,Delayed,0,0
SHP-20240266,2025-12-03,SUP-06,Global Polymer Solutions,Tier 2,WH-DEL-01,North Hub (Delhi-NCR),Regional Truckload,577.02,403.45,2025-12-09,2025-12-12,3,Delayed,0,0
SHP-20240267,2025-01-23,SUP-08,Indus Logistics Fab,Tier 3,WH-BLR-03,South Central (Bengaluru),Regional Truckload,541.31,433.53,2025-01-29,2025-01-30,1,Delayed,0,0
SHP-20240268,2024-12-05,SUP-04,Evergreen Raw Materials,Tier 2,WH-KOL-04,East Gateway (Kolkata),Priority Surface Cargo,345.78,469.73,2024-12-11,2024-12-17,6,Delayed,0,0
SHP-20240269,2025-03-24,SUP-04,Evergreen Raw Materials,Tier 2,WH-BLR-03,South Central (Bengaluru),Standard Rail Transport,346.06,308.38,2025-03-29,2025-03-30,1,Delayed,0,0
SHP-20240270,2024-05-10,SUP-01,Apex Precision Components,Tier 1,WH-DEL-01,North Hub (Delhi-NCR),Regional Truckload,778.35,532.25,2024-05-12,2024-05-12,0,On-Time,1,0
SHP-20240271,2025-01-10,SUP-04,Evergreen Raw Materials,Tier 2,WH-DEL-01,North Hub (Delhi-NCR),Regional Truckload,732.9,512.48,2025-01-14,2025-01-19,5,Delayed,0,0
SHP-20240272,2025-02-22,SUP-07,Hind Cargo Aggregates,Tier 3,WH-BLR-03,South Central (Bengaluru),Standard Rail Transport,754.14,571.26,2025-02-24,2025-02-24,0,On-Time,1,1
SHP-20240273,2025-03-11,SUP-04,Evergreen Raw Materials,Tier 2,WH-MUM-02,West Port (Mumbai),Priority Surface Cargo,99.84,136.66,2025-03-13,2025-03-15,2,Delayed,0,0
SHP-20240274,2025-04-06,SUP-02,Bharat Heavy Forgings,Tier 1,WH-KOL-04,East Gateway (Kolkata),Express Air Freight,406.2,815.9,2025-04-12,2025-04-13,1,Delayed,0,1
SHP-20240275,2025-03-14,SUP-03,Delta Electronics Hub,Tier 1,WH-BLR-03,South Central (Bengaluru),Regional Truckload,778.53,596.76,2025-03-16,2025-03-16,0,on-time  ,1,0
SHP-20240276,2025-06-27,SUP-08,Indus Logistics Fab,Tier 3,WH-MUM-02,West Port (Mumbai),Express Air Freight,743.56,1455.3,2025-07-03,2025-07-03,0,On-Time,1,0
SHP-20240277,2025-02-24,SUP-02,Bharat Heavy Forgings,Tier 1,WH-BLR-03,South Central (Bengaluru),Regional Truckload,265.32,254.82,2025-02-26,2025-02-27,1,Delayed,0,0
SHP-20240278,2025-10-28,SUP-07,Hind Cargo Aggregates,Tier 3,WH-MUM-02,West Port (Mumbai),Regional Truckload,169.18,188.75,2025-10-30,2025-10-30,0,On-Time,1,0
SHP-20240279,2024-11-10,SUP-04,Evergreen Raw Materials,Tier 2,WH-DEL-01,North Hub (Delhi-NCR),Express Air Freight,826.87,1588.61,2024-11-15,2024-11-19,4,Delayed,0,0
SHP-20240280,2024-02-08,SUP-02,Bharat Heavy Forgings,Tier 1,WH-KOL-04,East Gateway (Kolkata),Express Air Freight,467.58,940.6,2024-02-10,2024-02-12,2,Delayed,0,0
SHP-20240281,2024-08-31,SUP-03,Delta Electronics Hub,Tier 1,WH-DEL-01,North Hub (Delhi-NCR),Regional Truckload,196.72,199.18,2024-09-05,2024-09-07,2,Delayed,0,0
SHP-20240282,2024-05-31,SUP-04,Evergreen Raw Materials,Tier 2,WH-KOL-04,East Gateway (Kolkata),Priority Surface Cargo,701.04,847.1,2024-06-02,2024-06-03,1,Delayed,0,0
SHP-20240283,2025-03-06,SUP-05,Falcon Fasteners Corp,Tier 2,WH-KOL-04,East Gateway (Kolkata),Priority Surface Cargo,364.92,482.48,2025-03-12,2025-03-15,3,Delayed,0,0
SHP-20240284,2024-09-23,SUP-02,Bharat Heavy Forgings,Tier 1,WH-KOL-04,East Gateway (Kolkata),Standard Rail Transport,571.47,432.97,2024-09-26,2024-09-29,3,Delayed,0,0
SHP-20240285,2025-11-20,SUP-07,Hind Cargo Aggregates,Tier 3,WH-BLR-03,South Central (Bengaluru),Express Air Freight,464.57,920.4,2025-11-24,2025-11-26,2,Delayed,0,0
SHP-20240286,2024-11-27,SUP-05,Falcon Fasteners Corp,Tier 2,WH-KOL-04,East Gateway (Kolkata),Regional Truckload,793.65,595.54,2024-12-01,2024-12-03,2,Delayed,0,0
SHP-20240287,2024-02-27,SUP-08,Indus Logistics Fab,Tier 3,WH-KOL-04,East Gateway (Kolkata),Regional Truckload,230.83,175.63,2024-02-29,2024-03-04,4,Delayed,0,0
SHP-20240288,2024-06-15,SUP-07,Hind Cargo Aggregates,Tier 3,WH-MUM-02,West Port (Mumbai),Priority Surface Cargo,599.63,693.22,2024-06-17,2024-06-18,1,Delayed,0,0
SHP-20240289,2024-04-17,SUP-06,Global Polymer Solutions,Tier 2,WH-DEL-01,North Hub (Delhi-NCR),Standard Rail Transport,72.91,86.33,2024-04-20,2024-04-22,2,Delayed,0,0
SHP-20240290,2025-01-17,SUP-05,Falcon Fasteners Corp,Tier 2,WH-MUM-02,West Port (Mumbai),Standard Rail Transport,265.05,214.12,2025-01-22,2025-01-22,0,On-Time,1,1
SHP-20240291,2025-02-25,SUP-02,Bharat Heavy Forgings,Tier 1,WH-BLR-03,South Central (Bengaluru),Regional Truckload,389.54,330.6,2025-02-27,2025-03-04,5,Delayed,0,0
SHP-20240292,2025-01-28,SUP-06,Global Polymer Solutions,Tier 2,WH-DEL-01,North Hub (Delhi-NCR),Priority Surface Cargo,699.96,847.89,2025-01-30,2025-01-30,0,on-time  ,1,0
SHP-20240293,2024-08-29,SUP-06,Global Polymer Solutions,Tier 2,WH-DEL-01,North Hub (Delhi-NCR),Standard Rail Transport,629.64,492.82,2024-08-31,2024-09-04,4,Delayed,0,0
SHP-20240294,2025-11-11,SUP-03,Delta Electronics Hub,Tier 1,WH-BLR-03,South Central (Bengaluru),Express Air Freight,114.0,245.57,2025-11-13,2025-11-13,0,On-Time,1,0
SHP-20240295,2025-02-03,SUP-04,Evergreen Raw Materials,Tier 2,WH-KOL-04,East Gateway (Kolkata),Express Air Freight,419.97,849.13,2025-02-05,2025-02-11,6,Delayed,0,0
SHP-20240296,2025-03-20,SUP-08,Indus Logistics Fab,Tier 3,WH-KOL-04,East Gateway (Kolkata),Priority Surface Cargo,78.75,174.85,2025-03-25,2025-03-31,6,Delayed,0,0
SHP-20240297,2025-05-24,SUP-05,Falcon Fasteners Corp,Tier 2,WH-MUM-02,West Port (Mumbai),Regional Truckload,111.5,98.77,2025-05-30,2025-05-30,0,On-Time,1,0
SHP-20240298,2024-10-20,SUP-04,Evergreen Raw Materials,Tier 2,WH-DEL-01,North Hub (Delhi-NCR),Priority Surface Cargo,510.61,654.36,2024-10-24,2024-10-24,0,On-Time,1,0
SHP-20240299,2025-10-28,SUP-08,Indus Logistics Fab,Tier 3,WH-DEL-01,North Hub (Delhi-NCR),Express Air Freight,764.75,1449.89,2025-11-03,2025-11-03,0,On-Time,1,0
SHP-20240300,2024-02-15,SUP-05,Falcon Fasteners Corp,Tier 2,WH-MUM-02,West Port (Mumbai),Priority Surface Cargo,395.22,488.26,2024-02-18,2024-02-18,0,On-Time,1,0
SHP-20240301,2024-12-09,SUP-08,Indus Logistics Fab,Tier 3,WH-MUM-02,West Port (Mumbai),Priority Surface Cargo,494.85,628.56,2024-12-13,2024-12-13,0,On-Time,1,0
SHP-20240302,2025-10-04,SUP-05,Falcon Fasteners Corp,Tier 2,WH-BLR-03,South Central (Bengaluru),Express Air Freight,581.28,1157.25,2025-10-09,2025-10-10,1,Delayed,0,0
SHP-20240303,2024-08-07,SUP-07,Hind Cargo Aggregates,Tier 3,WH-DEL-01,North Hub (Delhi-NCR),Express Air Freight,833.61,1627.28,2024-08-12,2024-08-12,0,On-Time,1,0
SHP-20240304,2024-12-24,SUP-06,Global Polymer Solutions,Tier 2,WH-BLR-03,South Central (Bengaluru),Standard Rail Transport,664.01,501.35,2024-12-26,2024-12-26,0,On-Time,1,0
SHP-20240305,2024-03-08,SUP-06,Global Polymer Solutions,Tier 2,WH-KOL-04,East Gateway (Kolkata),Priority Surface Cargo,575.89,695.95,2024-03-12,2024-03-12,0,On-Time,1,0
SHP-20240306,2024-10-31,SUP-06,Global Polymer Solutions,Tier 2,WH-MUM-02,West Port (Mumbai),Priority Surface Cargo,16.09,54.54,2024-11-05,2024-11-06,1,Delayed,0,0
SHP-20240307,2025-11-04,SUP-05,Falcon Fasteners Corp,Tier 2,WH-KOL-04,East Gateway (Kolkata),Express Air Freight,492.31,950.52,2025-11-09,2025-11-11,2,Delayed,0,0
SHP-20240308,2024-01-21,SUP-03,Delta Electronics Hub,Tier 1,WH-BLR-03,South Central (Bengaluru),Express Air Freight,123.25,322.57,2024-01-25,2024-01-25,0,On-Time,1,0
SHP-20240309,2024-07-24,SUP-02,Bharat Heavy Forgings,Tier 1,WH-KOL-04,East Gateway (Kolkata),Priority Surface Cargo,26.52,65.56,2024-07-28,2024-08-01,4,Delayed,0,0
SHP-20240310,2025-02-14,SUP-08,Indus Logistics Fab,Tier 3,WH-BLR-03,South Central (Bengaluru),Standard Rail Transport,445.64,317.63,2025-02-20,2025-02-21,1,Delayed,0,0
SHP-20240311,2024-06-21,SUP-06,Global Polymer Solutions,Tier 2,WH-DEL-01,North Hub (Delhi-NCR),Express Air Freight,800.06,1551.06,2024-06-26,2024-06-26,0,On-Time,1,0
SHP-20240312,2025-05-31,SUP-07,Hind Cargo Aggregates,Tier 3,WH-KOL-04,East Gateway (Kolkata),Standard Rail Transport,584.14,444.13,2025-06-03,2025-06-05,2,Delayed,0,0
SHP-20240313,2025-03-21,SUP-04,Evergreen Raw Materials,Tier 2,WH-DEL-01,North Hub (Delhi-NCR),Standard Rail Transport,164.98,145.72,2025-03-26,2025-03-26,0,On-Time,1,0
SHP-20240314,2024-09-20,SUP-05,Falcon Fasteners Corp,Tier 2,WH-DEL-01,North Hub (Delhi-NCR),Priority Surface Cargo,327.41,446.13,2024-09-24,2024-09-24,0,On-Time,1,0
SHP-20240315,2024-04-01,SUP-08,Indus Logistics Fab,Tier 3,WH-MUM-02,West Port (Mumbai),Priority Surface Cargo,522.65,665.95,2024-04-03,2024-04-03,0,On-Time,1,1
SHP-20240316,2025-10-29,SUP-07,Hind Cargo Aggregates,Tier 3,WH-BLR-03,South Central (Bengaluru),Priority Surface Cargo,711.6,823.94,2025-11-02,2025-11-03,1,Delayed,0,1
SHP-20240317,2025-03-28,SUP-02,Bharat Heavy Forgings,Tier 1,WH-BLR-03,South Central (Bengaluru),Express Air Freight,130.53,302.49,2025-03-30,2025-03-30,0,On-Time,1,0
SHP-20240318,2024-02-18,SUP-05,Falcon Fasteners Corp,Tier 2,WH-MUM-02,West Port (Mumbai),Express Air Freight,-540.48,1056.04,2024-02-21,2024-02-21,0,On-Time,1,0
SHP-20240319,2024-07-25,SUP-04,Evergreen Raw Materials,Tier 2,WH-BLR-03,South Central (Bengaluru),Standard Rail Transport,589.95,471.12,2024-07-29,2024-07-31,2,Delayed,0,1
SHP-20240320,2025-03-02,SUP-07,Hind Cargo Aggregates,Tier 3,WH-KOL-04,East Gateway (Kolkata),Express Air Freight,228.34,482.32,2025-03-05,2025-03-14,9,Delayed,0,0
SHP-20240321,2024-03-10,SUP-02,Bharat Heavy Forgings,Tier 1,WH-DEL-01,North Hub (Delhi-NCR),Priority Surface Cargo,120.19,189.63,2024-03-12,2024-03-12,0,On-Time,1,0
SHP-20240322,2024-09-16,SUP-05,Falcon Fasteners Corp,Tier 2,WH-KOL-04,East Gateway (Kolkata),Express Air Freight,403.38,825.36,2024-09-20,2024-09-25,5,Delayed,0,0
SHP-20240323,2025-05-12,SUP-01,Apex Precision Components,Tier 1,WH-MUM-02,West Port (Mumbai),Priority Surface Cargo,162.91,247.76,2025-05-14,2025-05-14,0,On-Time,1,0
SHP-20240324,2025-03-05,SUP-08,Indus Logistics Fab,Tier 3,WH-DEL-01,North Hub (Delhi-NCR),Regional Truckload,476.75,351.89,2025-03-10,2025-03-11,1,Delayed,0,0
SHP-20240325,2024-05-25,SUP-02,Bharat Heavy Forgings,Tier 1,WH-DEL-01,North Hub (Delhi-NCR),Express Air Freight,98.44,276.48,2024-05-27,2024-05-29,2,Delayed,0,0
SHP-20240326,2025-02-16,SUP-05,Falcon Fasteners Corp,Tier 2,WH-MUM-02,West Port (Mumbai),Express Air Freight,249.9,535.82,2025-02-21,2025-02-21,0,On-Time,1,0
SHP-20240327,2024-12-29,SUP-07,Hind Cargo Aggregates,Tier 3,WH-DEL-01,North Hub (Delhi-NCR),Standard Rail Transport,385.75,332.74,2025-01-04,2025-01-04,0,On-Time,1,0
SHP-20240328,2024-11-14,SUP-05,Falcon Fasteners Corp,Tier 2,WH-BLR-03,South Central (Bengaluru),Priority Surface Cargo,162.1,234.42,2024-11-18,2024-11-18,0,On-Time,1,0
SHP-20240329,2024-06-22,SUP-08,Indus Logistics Fab,Tier 3,WH-KOL-04,East Gateway (Kolkata),Standard Rail Transport,404.11,350.98,2024-06-25,2024-06-25,0,On-Time,1,0
SHP-20240330,2025-07-15,SUP-04,Evergreen Raw Materials,Tier 2,WH-MUM-02,West Port (Mumbai),Standard Rail Transport,77.63,137.6,2025-07-17,2025-07-21,4,Delayed,0,0
SHP-20240331,2025-10-24,SUP-05,Falcon Fasteners Corp,Tier 2,WH-BLR-03,South Central (Bengaluru),Express Air Freight,797.09,1555.62,2025-10-27,2025-10-29,2,Delayed,0,0
SHP-20240332,2025-07-17,SUP-01,Apex Precision Components,Tier 1,WH-BLR-03,South Central (Bengaluru),Express Air Freight,503.9,1025.61,2025-07-20,2025-07-21,1,Delayed,0,0
SHP-20240333,2024-04-21,SUP-05,Falcon Fasteners Corp,Tier 2,WH-DEL-01,North Hub (Delhi-NCR),Priority Surface Cargo,462.67,597.7,2024-04-24,2024-04-24,0,On-Time,1,0
SHP-20240334,2025-01-24,SUP-05,Falcon Fasteners Corp,Tier 2,WH-MUM-02,West Port (Mumbai),Priority Surface Cargo,401.89,477.58,2025-01-30,2025-01-30,0,On-Time,1,0
SHP-20240335,2025-01-29,SUP-07,Hind Cargo Aggregates,Tier 3,WH-KOL-04,East Gateway (Kolkata),Standard Rail Transport,750.88,563.17,2025-02-03,2025-02-07,4,Delayed,0,0
SHP-20240336,2025-03-09,SUP-02,Bharat Heavy Forgings,Tier 1,WH-BLR-03,South Central (Bengaluru),Priority Surface Cargo,455.2,581.53,2025-03-12,2025-03-18,6,Delayed,0,0
SHP-20240337,2024-07-29,SUP-08,Indus Logistics Fab,Tier 3,WH-BLR-03,South Central (Bengaluru),Standard Rail Transport,-289.05,214.52,2024-08-01,2024-08-01,0,On-Time,1,0
SHP-20240338,2025-09-16,SUP-03,Delta Electronics Hub,Tier 1,WH-KOL-04,East Gateway (Kolkata),Express Air Freight,24.91,98.72,2025-09-19,2025-09-19,0,On-Time,1,0
SHP-20240339,2025-06-28,SUP-07,Hind Cargo Aggregates,Tier 3,WH-BLR-03,South Central (Bengaluru),Priority Surface Cargo,648.54,774.2,2025-07-04,2025-07-06,2,Delayed,0,0
SHP-20240340,2024-10-07,SUP-04,Evergreen Raw Materials,Tier 2,WH-DEL-01,North Hub (Delhi-NCR),Standard Rail Transport,673.86,508.68,2024-10-10,2024-10-11,1,Delayed,0,0
SHP-20240341,2025-11-17,SUP-03,Delta Electronics Hub,Tier 1,WH-DEL-01,North Hub (Delhi-NCR),Priority Surface Cargo,816.9,925.08,2025-11-22,2025-11-23,1,Delayed,0,0
SHP-20240342,2025-07-11,SUP-01,Apex Precision Components,Tier 1,WH-BLR-03,South Central (Bengaluru),Express Air Freight,699.49,1344.42,2025-07-16,2025-07-18,2,Delayed,0,0
SHP-20240343,2025-05-06,SUP-06,Global Polymer Solutions,Tier 2,WH-DEL-01,North Hub (Delhi-NCR),Regional Truckload,93.98,138.99,2025-05-11,2025-05-11,0,On-Time,1,0
SHP-20240344,2024-01-03,SUP-06,Global Polymer Solutions,Tier 2,WH-DEL-01,North Hub (Delhi-NCR),Standard Rail Transport,282.83,237.48,2024-01-09,2024-01-10,1,Delayed,0,0
SHP-20240345,2025-07-12,SUP-02,Bharat Heavy Forgings,Tier 1,WH-BLR-03,South Central (Bengaluru),Express Air Freight,809.79,1555.42,2025-07-15,2025-07-15,0,On-Time,1,0
SHP-20240346,2024-01-31,SUP-06,Global Polymer Solutions,Tier 2,WH-DEL-01,North Hub (Delhi-NCR),Priority Surface Cargo,603.99,710.81,2024-02-03,2024-02-03,0,On-Time,1,0
SHP-20240347,2025-04-05,SUP-05,Falcon Fasteners Corp,Tier 2,WH-MUM-02,West Port (Mumbai),Regional Truckload,581.38,436.82,2025-04-08,2025-04-08,0,On-Time,1,0
SHP-20240348,2025-01-23,SUP-08,Indus Logistics Fab,Tier 3,WH-BLR-03,South Central (Bengaluru),Priority Surface Cargo,350.93,468.65,2025-01-26,2025-01-26,0,On-Time,1,0
SHP-20240349,2025-08-13,SUP-05,Falcon Fasteners Corp,Tier 2,WH-DEL-01,North Hub (Delhi-NCR),Express Air Freight,728.97,1388.03,2025-08-17,2025-08-20,3,Delayed,0,0
SHP-20240350,2025-09-04,SUP-06,Global Polymer Solutions,Tier 2,WH-DEL-01,North Hub (Delhi-NCR),Regional Truckload,567.81,421.72,2025-09-08,2025-09-15,7,Delayed,0,0
SHP-20240351,2024-07-01,SUP-04,Evergreen Raw Materials,Tier 2,WH-KOL-04,East Gateway (Kolkata),Standard Rail Transport,62.77,118.25,2024-07-06,2024-07-08,2,Delayed,0,0
SHP-20240352,2024-03-27,SUP-02,Bharat Heavy Forgings,Tier 1,WH-DEL-01,North Hub (Delhi-NCR),Priority Surface Cargo,465.71,571.72,2024-03-29,2024-03-29,0,On-Time,1,0
SHP-20240353,2024-06-26,SUP-08,Indus Logistics Fab,Tier 3,WH-MUM-02,West Port (Mumbai),Standard Rail Transport,85.87,139.37,2024-07-01,2024-07-03,2,Delayed,0,0
SHP-20240354,2024-07-21,SUP-04,Evergreen Raw Materials,Tier 2,WH-KOL-04,East Gateway (Kolkata),Standard Rail Transport,666.04,484.65,2024-07-26,2024-07-27,1,Delayed,0,0
SHP-20240355,2024-07-30,SUP-05,Falcon Fasteners Corp,Tier 2,WH-BLR-03,South Central (Bengaluru),Express Air Freight,89.41,222.81,2024-08-02,2024-08-02,0,On-Time,1,0
SHP-20240356,2025-04-25,SUP-07,Hind Cargo Aggregates,Tier 3,WH-DEL-01,North Hub (Delhi-NCR),Express Air Freight,422.56,874.36,2025-04-29,2025-04-29,0,On-Time,1,0
SHP-20240357,2025-02-20,SUP-02,Bharat Heavy Forgings,Tier 1,WH-KOL-04,East Gateway (Kolkata),Standard Rail Transport,394.08,311.15,2025-02-22,2025-02-24,2,Delayed,0,0
SHP-20240358,2025-02-20,SUP-02,Bharat Heavy Forgings,Tier 1,WH-MUM-02,West Port (Mumbai),Priority Surface Cargo,323.55,408.44,2025-02-23,2025-02-26,3,Delayed,0,0
SHP-20240359,2024-11-17,SUP-08,Indus Logistics Fab,Tier 3,WH-DEL-01,North Hub (Delhi-NCR),Express Air Freight,41.54,143.91,2024-11-21,2024-11-21,0,On-Time,1,0
SHP-20240360,2024-07-26,SUP-06,Global Polymer Solutions,Tier 2,WH-MUM-02,West Port (Mumbai),Express Air Freight,810.34,1551.18,2024-07-29,2024-07-30,1,Delayed,0,0
SHP-20240361,2024-04-21,SUP-07,Hind Cargo Aggregates,Tier 3,WH-MUM-02,West Port (Mumbai),Express Air Freight,110.31,254.23,2024-04-24,2024-04-24,0,On-Time,1,0
SHP-20240362,2024-08-10,SUP-03,Delta Electronics Hub,Tier 1,WH-KOL-04,East Gateway (Kolkata),Express Air Freight,284.14,561.74,14/08/2024,2024-08-18,4,Delayed,0,0
SHP-20240363,2024-06-07,SUP-07,Hind Cargo Aggregates,Tier 3,WH-BLR-03,South Central (Bengaluru),Regional Truckload,642.08,495.42,2024-06-10,2024-06-10,0,On-Time,1,0
SHP-20240364,2024-07-15,SUP-04,Evergreen Raw Materials,Tier 2,WH-MUM-02,West Port (Mumbai),Priority Surface Cargo,534.04,645.31,2024-07-21,2024-07-21,0,On-Time,1,0
SHP-20240365,2025-02-22,SUP-01,Apex Precision Components,Tier 1,WH-KOL-04,East Gateway (Kolkata),Express Air Freight,648.85,1254.92,2025-02-24,2025-02-24,0,On-Time,1,0
SHP-20240366,2025-02-06,SUP-05,Falcon Fasteners Corp,Tier 2,WH-MUM-02,West Port (Mumbai),Priority Surface Cargo,553.92,680.79,2025-02-10,2025-02-12,2,Delayed,0,0
SHP-20240367,2025-11-17,SUP-07,Hind Cargo Aggregates,Tier 3,WH-MUM-02,West Port (Mumbai),Priority Surface Cargo,837.08,993.31,2025-11-23,2025-11-23,0,On-Time,1,0
SHP-20240368,2025-10-08,SUP-08,Indus Logistics Fab,Tier 3,WH-DEL-01,North Hub (Delhi-NCR),Priority Surface Cargo,548.59,690.44,2025-10-12,2025-10-12,0,On-Time,1,0
SHP-20240369,2024-01-30,SUP-08,Indus Logistics Fab,Tier 3,WH-BLR-03,South Central (Bengaluru),Standard Rail Transport,622.52,431.32,04/02/2024,2024-02-07,3,Delayed,0,0
SHP-20240370,2024-06-18,SUP-08,Indus Logistics Fab,Tier 3,WH-DEL-01,North Hub (Delhi-NCR),Regional Truckload,272.49,238.35,2024-06-21,2024-06-23,2,Delayed,0,0
SHP-20240371,2024-02-19,SUP-04,Evergreen Raw Materials,Tier 2,WH-MUM-02,West Port (Mumbai),Standard Rail Transport,243.5,185.18,2024-02-24,2024-02-26,2,Delayed,0,0
SHP-20240372,2025-09-27,SUP-05,Falcon Fasteners Corp,Tier 2,WH-DEL-01,North Hub (Delhi-NCR),Priority Surface Cargo,94.31,143.49,2025-10-03,2025-10-04,1,Delayed,0,0
SHP-20240373,2024-01-24,SUP-04,Evergreen Raw Materials,Tier 2,WH-BLR-03,South Central (Bengaluru),Priority Surface Cargo,760.57,901.63,2024-01-29,2024-01-30,1,Delayed,0,0
SHP-20240374,2025-10-13,SUP-05,Falcon Fasteners Corp,Tier 2,WH-BLR-03,South Central (Bengaluru),Standard Rail Transport,335.85,244.6,2025-10-17,2025-10-17,0,on-time  ,1,0
SHP-20240375,2025-04-07,SUP-05,Falcon Fasteners Corp,Tier 2,WH-BLR-03,South Central (Bengaluru),Regional Truckload,406.64,305.47,2025-04-13,2025-04-20,7,Delayed,0,0
SHP-20240376,2024-03-08,SUP-01,Apex Precision Components,Tier 1,WH-DEL-01,North Hub (Delhi-NCR),Standard Rail Transport,604.65,467.31,2024-03-14,2024-03-15,1,Delayed,0,0
SHP-20240377,2024-07-12,SUP-05,Falcon Fasteners Corp,Tier 2,WH-KOL-04,East Gateway (Kolkata),Express Air Freight,834.42,1629.59,2024-07-16,2024-07-18,2,Delayed,0,0
SHP-20240378,2024-03-26,SUP-08,Indus Logistics Fab,Tier 3,WH-KOL-04,East Gateway (Kolkata),Standard Rail Transport,840.59,639.21,2024-03-31,2024-03-31,0,On-Time,1,0
SHP-20240379,2024-01-13,SUP-03,Delta Electronics Hub,Tier 1,WH-MUM-02,West Port (Mumbai),Express Air Freight,56.81,134.74,2024-01-16,2024-01-16,0,On-Time,1,0
SHP-20240380,2024-02-27,SUP-06,Global Polymer Solutions,Tier 2,WH-MUM-02,West Port (Mumbai),Express Air Freight,319.78,680.08,2024-02-29,2024-02-29,0,On-Time,1,0
SHP-20240381,2024-01-25,SUP-06,Global Polymer Solutions,Tier 2,WH-DEL-01,North Hub (Delhi-NCR),Priority Surface Cargo,242.99,326.1,2024-01-31,2024-01-31,0,On-Time,1,0
SHP-20240382,2024-01-04,SUP-02,Bharat Heavy Forgings,Tier 1,WH-DEL-01,North Hub (Delhi-NCR),Standard Rail Transport,452.99,338.81,2024-01-06,2024-01-06,0,On-Time,1,0
SHP-20240383,2024-09-13,SUP-01,Apex Precision Components,Tier 1,WH-MUM-02,West Port (Mumbai),Priority Surface Cargo,74.45,107.79,2024-09-17,2024-09-17,0,On-Time,1,0
SHP-20240384,2025-08-15,SUP-06,Global Polymer Solutions,Tier 2,WH-DEL-01,North Hub (Delhi-NCR),Express Air Freight,335.85,689.54,2025-08-19,2025-08-19,0,On-Time,1,0
SHP-20240385,2025-08-27,SUP-02,Bharat Heavy Forgings,Tier 1,WH-DEL-01,North Hub (Delhi-NCR),Priority Surface Cargo,460.98,582.42,2025-08-30,2025-08-30,0,On-Time,1,0
SHP-20240386,2024-07-21,SUP-01,Apex Precision Components,Tier 1,WH-DEL-01,North Hub (Delhi-NCR),Priority Surface Cargo,96.37,165.5,2024-07-24,2024-07-25,1,Delayed,0,0
SHP-20240387,2025-01-25,SUP-07,Hind Cargo Aggregates,Tier 3,WH-DEL-01,North Hub (Delhi-NCR),Standard Rail Transport,351.33,308.17,2025-01-31,2025-02-04,4,Delayed,0,0
SHP-20240388,2024-10-21,SUP-07,Hind Cargo Aggregates,Tier 3,WH-MUM-02,West Port (Mumbai),Standard Rail Transport,755.27,563.44,2024-10-23,2024-10-23,0,On-Time,1,0
SHP-20240389,2024-10-26,SUP-06,Global Polymer Solutions,Tier 2,WH-KOL-04,East Gateway (Kolkata),Regional Truckload,719.54,534.12,2024-10-31,2024-11-03,3,Delayed,0,0
SHP-20240390,2025-06-28,SUP-01,Apex Precision Components,Tier 1,WH-DEL-01,North Hub (Delhi-NCR),Standard Rail Transport,244.59,216.7,2025-07-01,2025-07-01,0,On-Time,1,0
SHP-20240391,2025-11-18,SUP-02,Bharat Heavy Forgings,Tier 1,WH-BLR-03,South Central (Bengaluru),Regional Truckload,721.06,519.62,2025-11-24,2025-11-24,0,On-Time,1,0
SHP-20240392,2024-11-02,SUP-05,Falcon Fasteners Corp,Tier 2,WH-DEL-01,North Hub (Delhi-NCR),Express Air Freight,720.29,1387.46,2024-11-07,2024-11-07,0,On-Time,1,0
SHP-20240393,2024-03-14,SUP-01,Apex Precision Components,Tier 1,WH-KOL-04,East Gateway (Kolkata),Standard Rail Transport,413.92,330.7,2024-03-16,2024-03-23,7,Delayed,0,0
SHP-20240394,2024-01-08,SUP-07,Hind Cargo Aggregates,Tier 3,WH-KOL-04,East Gateway (Kolkata),Express Air Freight,748.29,1413.79,2024-01-11,2024-01-11,0,On-Time,1,0
SHP-20240395,2024-03-04,SUP-08,Indus Logistics Fab,Tier 3,WH-MUM-02,West Port (Mumbai),Priority Surface Cargo,283.79,345.39,2024-03-07,2024-03-12,5,Delayed,0,0
SHP-20240396,2025-12-03,SUP-02,Bharat Heavy Forgings,Tier 1,WH-KOL-04,East Gateway (Kolkata),Express Air Freight,708.97,1348.65,2025-12-09,2025-12-10,1,Delayed,0,0
SHP-20240397,2025-05-08,SUP-02,Bharat Heavy Forgings,Tier 1,WH-MUM-02,West Port (Mumbai),Express Air Freight,795.61,1559.94,2025-05-13,2025-05-13,0,On-Time,1,0
SHP-20240398,2025-01-16,SUP-04,Evergreen Raw Materials,Tier 2,WH-BLR-03,South Central (Bengaluru),Express Air Freight,451.2,862.09,2025-01-21,2025-01-21,0,On-Time,1,0
SHP-20240399,2024-03-11,SUP-02,Bharat Heavy Forgings,Tier 1,WH-BLR-03,South Central (Bengaluru),Regional Truckload,633.52,486.85,2024-03-17,2024-03-17,0,On-Time,1,0
SHP-20240400,2024-09-23,SUP-01,Apex Precision Components,Tier 1,WH-MUM-02,West Port (Mumbai),Priority Surface Cargo,743.19,904.38,2024-09-27,2024-09-28,1,Delayed,0,0
SHP-20240401,2025-08-03,SUP-04,Evergreen Raw Materials,Tier 2,WH-DEL-01,North Hub (Delhi-NCR),Standard Rail Transport,24.05,71.21,06/08/2025,2025-08-11,5,Delayed,0,0
SHP-20240402,2025-11-29,SUP-03,Delta Electronics Hub,Tier 1,WH-DEL-01,North Hub (Delhi-NCR),Standard Rail Transport,381.72,276.15,2025-12-05,2025-12-06,1,Delayed,0,0
SHP-20240403,2024-04-30,SUP-01,Apex Precision Components,Tier 1,WH-BLR-03,South Central (Bengaluru),Priority Surface Cargo,472.52,583.32,2024-05-04,2024-05-05,1,Delayed,0,0
SHP-20240404,2025-10-14,SUP-01,Apex Precision Components,Tier 1,WH-KOL-04,East Gateway (Kolkata),Standard Rail Transport,759.96,547.63,2025-10-19,2025-10-19,0,On-Time,1,0
SHP-20240405,2024-10-26,SUP-08,Indus Logistics Fab,Tier 3,WH-BLR-03,South Central (Bengaluru),Standard Rail Transport,421.17,306.79,2024-10-29,2024-10-31,2,Delayed,0,0
SHP-20240406,2024-07-13,SUP-03,Delta Electronics Hub,Tier 1,WH-KOL-04,East Gateway (Kolkata),Regional Truckload,122.48,120.11,2024-07-16,2024-07-17,1,Delayed,0,0
SHP-20240407,2025-07-09,SUP-06,Global Polymer Solutions,Tier 2,WH-MUM-02,West Port (Mumbai),Priority Surface Cargo,607.05,733.28,2025-07-13,2025-07-15,2,Delayed,0,0
SHP-20240408,2024-06-21,SUP-07,Hind Cargo Aggregates,Tier 3,WH-BLR-03,South Central (Bengaluru),Standard Rail Transport,383.98,275.47,2024-06-23,2024-06-26,3,Delayed,0,0
SHP-20240409,2025-08-22,SUP-06,Global Polymer Solutions,Tier 2,WH-KOL-04,East Gateway (Kolkata),Regional Truckload,801.11,600.62,27/08/2025,2025-08-28,1,Delayed,0,0
SHP-20240410,2024-02-07,SUP-01,Apex Precision Components,Tier 1,WH-MUM-02,West Port (Mumbai),Regional Truckload,-115.64,133.11,2024-02-11,2024-02-11,0,On-Time,1,0
SHP-20240411,2024-02-09,SUP-03,Delta Electronics Hub,Tier 1,WH-MUM-02,West Port (Mumbai),Regional Truckload,149.95,133.85,2024-02-14,2024-02-14,0,On-Time,1,0
SHP-20240412,2024-08-26,SUP-08,Indus Logistics Fab,Tier 3,WH-KOL-04,East Gateway (Kolkata),Standard Rail Transport,494.42,394.51,2024-08-29,2024-08-31,2,Delayed,0,0
SHP-20240413,2025-06-19,SUP-03,Delta Electronics Hub,Tier 1,WH-BLR-03,South Central (Bengaluru),Express Air Freight,226.08,506.37,2025-06-23,2025-06-23,0,On-Time,1,0
SHP-20240414,2025-05-10,SUP-04,Evergreen Raw Materials,Tier 2,WH-DEL-01,North Hub (Delhi-NCR),Express Air Freight,709.39,1349.95,2025-05-15,2025-05-15,0,On-Time,1,0
SHP-20240415,2025-12-13,SUP-08,Indus Logistics Fab,Tier 3,WH-KOL-04,East Gateway (Kolkata),Regional Truckload,239.24,236.96,2025-12-16,2025-12-16,0,On-Time,1,0
SHP-20240416,2025-01-25,SUP-07,Hind Cargo Aggregates,Tier 3,WH-MUM-02,West Port (Mumbai),Priority Surface Cargo,115.92,187.4,2025-01-28,2025-01-29,1,Delayed,0,0
SHP-20240417,2024-01-17,SUP-02,Bharat Heavy Forgings,Tier 1,WH-DEL-01,North Hub (Delhi-NCR),Regional Truckload,227.83,216.25,2024-01-23,2024-01-23,0,On-Time,1,0
SHP-20240418,2025-08-16,SUP-05,Falcon Fasteners Corp,Tier 2,WH-BLR-03,South Central (Bengaluru),Regional Truckload,586.2,473.2,2025-08-19,2025-08-22,3,Delayed,0,0
SHP-20240419,2024-09-21,SUP-06,Global Polymer Solutions,Tier 2,WH-MUM-02,West Port (Mumbai),Express Air Freight,680.28,1301.76,2024-09-23,2024-09-23,0,On-Time,1,0
SHP-20240420,2024-07-19,SUP-04,Evergreen Raw Materials,Tier 2,WH-KOL-04,East Gateway (Kolkata),Regional Truckload,794.98,555.3,2024-07-24,2024-07-25,1,Delayed,0,1
SHP-20240421,2024-05-26,SUP-03,Delta Electronics Hub,Tier 1,WH-DEL-01,North Hub (Delhi-NCR),Express Air Freight,527.72,1001.55,2024-05-28,2024-05-28,0,On-Time,1,0
SHP-20240422,2025-06-07,SUP-05,Falcon Fasteners Corp,Tier 2,WH-KOL-04,East Gateway (Kolkata),Express Air Freight,445.92,860.38,2025-06-11,2025-06-11,0,On-Time,1,0
SHP-20240423,2025-03-19,SUP-04,Evergreen Raw Materials,Tier 2,WH-BLR-03,South Central (Bengaluru),Standard Rail Transport,468.1,331.88,2025-03-25,2025-03-26,1,Delayed,0,0
SHP-20240424,2025-03-03,SUP-06,Global Polymer Solutions,Tier 2,WH-KOL-04,East Gateway (Kolkata),Priority Surface Cargo,567.26,668.78,2025-03-08,2025-03-08,0,On-Time,1,0
SHP-20240425,2024-10-28,SUP-06,Global Polymer Solutions,Tier 2,WH-DEL-01,North Hub (Delhi-NCR),Standard Rail Transport,845.3,583.08,2024-11-03,2024-11-03,0,On-Time,1,0
SHP-20240426,2025-11-20,SUP-03,Delta Electronics Hub,Tier 1,WH-DEL-01,North Hub (Delhi-NCR),Priority Surface Cargo,25.09,116.75,2025-11-23,2025-11-25,2,Delayed,0,0
SHP-20240427,2025-07-16,SUP-08,Indus Logistics Fab,Tier 3,WH-MUM-02,West Port (Mumbai),Express Air Freight,193.88,425.25,2025-07-22,2025-07-22,0,On-Time,1,0
SHP-20240428,2025-08-01,SUP-01,Apex Precision Components,Tier 1,WH-KOL-04,East Gateway (Kolkata),Priority Surface Cargo,191.39,305.21,2025-08-04,2025-08-07,3,Delayed,0,0
SHP-20240429,2024-05-18,SUP-04,Evergreen Raw Materials,Tier 2,WH-BLR-03,South Central (Bengaluru),Express Air Freight,147.81,304.73,2024-05-23,2024-05-23,0,On-Time,1,0
SHP-20240430,2025-10-06,SUP-04,Evergreen Raw Materials,Tier 2,WH-BLR-03,South Central (Bengaluru),Priority Surface Cargo,595.68,741.61,2025-10-11,2025-10-12,1,Delayed,0,0
SHP-20240431,2024-08-23,SUP-03,Delta Electronics Hub,Tier 1,WH-KOL-04,East Gateway (Kolkata),Express Air Freight,676.2,1320.63,2024-08-25,2024-08-26,1,Delayed,0,0
SHP-20240432,2025-06-23,SUP-05,Falcon Fasteners Corp,Tier 2,WH-BLR-03,South Central (Bengaluru),Standard Rail Transport,117.13,128.84,2025-06-28,2025-06-28,0,On-Time,1,0
SHP-20240433,2024-09-08,SUP-07,Hind Cargo Aggregates,Tier 3,WH-BLR-03,South Central (Bengaluru),Express Air Freight,784.09,1518.15,2024-09-11,2024-09-13,2,Delayed,0,0
SHP-20240434,2025-06-16,SUP-03,Delta Electronics Hub,Tier 1,WH-DEL-01,North Hub (Delhi-NCR),Standard Rail Transport,724.19,561.14,2025-06-21,2025-06-24,3,Delayed,0,0
SHP-20240435,2024-07-03,SUP-06,Global Polymer Solutions,Tier 2,WH-BLR-03,South Central (Bengaluru),Regional Truckload,282.89,276.02,2024-07-05,2024-07-05,0,On-Time,1,0
SHP-20240436,2024-09-23,SUP-08,Indus Logistics Fab,Tier 3,WH-KOL-04,East Gateway (Kolkata),Express Air Freight,617.77,1237.04,2024-09-28,2024-10-01,3,Delayed,0,0
SHP-20240437,2024-07-05,SUP-04,Evergreen Raw Materials,Tier 2,WH-BLR-03,South Central (Bengaluru),Priority Surface Cargo,384.69,503.43,2024-07-09,2024-07-12,3,Delayed,0,0
SHP-20240438,2024-05-01,SUP-01,Apex Precision Components,Tier 1,WH-BLR-03,South Central (Bengaluru),Standard Rail Transport,428.51,342.34,2024-05-07,2024-05-10,3,Delayed,0,0
SHP-20240439,2025-09-09,SUP-08,Indus Logistics Fab,Tier 3,WH-MUM-02,West Port (Mumbai),Regional Truckload,191.7,202.34,2025-09-14,2025-09-15,1,Delayed,0,0
SHP-20240440,2025-06-20,SUP-03,Delta Electronics Hub,Tier 1,WH-KOL-04,East Gateway (Kolkata),Priority Surface Cargo,797.11,957.07,2025-06-26,2025-06-26,0,On-Time,1,0
SHP-20240441,2025-09-04,SUP-06,Global Polymer Solutions,Tier 2,WH-BLR-03,South Central (Bengaluru),Express Air Freight,173.1,408.76,2025-09-10,2025-09-15,5,Delayed,0,0
SHP-20240442,2024-08-06,SUP-01,Apex Precision Components,Tier 1,WH-MUM-02,West Port (Mumbai),Express Air Freight,764.59,1501.67,2024-08-10,2024-08-12,2,Delayed,0,0
SHP-20240443,2024-11-27,SUP-07,Hind Cargo Aggregates,Tier 3,WH-MUM-02,West Port (Mumbai),Regional Truckload,170.94,147.69,2024-12-01,2024-12-03,2,Delayed,0,0
SHP-20240444,2025-09-15,SUP-01,Apex Precision Components,Tier 1,WH-DEL-01,North Hub (Delhi-NCR),Regional Truckload,172.24,138.19,2025-09-18,2025-09-18,0,On-Time,1,0
SHP-20240445,2025-07-20,SUP-07,Hind Cargo Aggregates,Tier 3,WH-DEL-01,North Hub (Delhi-NCR),Standard Rail Transport,678.9,514.57,2025-07-23,2025-07-23,0,On-Time,1,0
SHP-20240446,2025-01-09,SUP-02,Bharat Heavy Forgings,Tier 1,WH-KOL-04,East Gateway (Kolkata),Express Air Freight,397.26,775.35,2025-01-12,2025-01-12,0,On-Time,1,0
SHP-20240447,2025-06-03,SUP-05,Falcon Fasteners Corp,Tier 2,WH-MUM-02,West Port (Mumbai),Express Air Freight,110.09,243.87,2025-06-05,2025-06-05,0,On-Time,1,0
SHP-20240448,2025-10-06,SUP-03,Delta Electronics Hub,Tier 1,WH-KOL-04,East Gateway (Kolkata),Regional Truckload,640.44,446.94,2025-10-09,2025-10-17,8,Delayed,0,0
SHP-20240449,2024-07-05,SUP-04,Evergreen Raw Materials,Tier 2,WH-BLR-03,South Central (Bengaluru),Express Air Freight,512.69,975.85,2024-07-09,2024-07-10,1,Delayed,0,0
SHP-20240450,2025-11-04,SUP-08,Indus Logistics Fab,Tier 3,WH-KOL-04,East Gateway (Kolkata),Express Air Freight,140.16,307.19,2025-11-06,2025-11-11,5,Delayed,0,0
SHP-20240451,2025-03-31,SUP-02,Bharat Heavy Forgings,Tier 1,WH-MUM-02,West Port (Mumbai),Standard Rail Transport,212.44,195.7,2025-04-03,2025-04-03,0,on-time  ,1,0
SHP-20240452,2024-11-29,SUP-02,Bharat Heavy Forgings,Tier 1,WH-MUM-02,West Port (Mumbai),Regional Truckload,516.35,380.76,2024-12-01,2024-12-01,0,On-Time,1,1
SHP-20240453,2025-03-04,SUP-01,Apex Precision Components,Tier 1,WH-MUM-02,West Port (Mumbai),Standard Rail Transport,480.28,405.42,2025-03-10,2025-03-10,0,On-Time,1,0
SHP-20240454,2024-07-30,SUP-08,Indus Logistics Fab,Tier 3,WH-KOL-04,East Gateway (Kolkata),Priority Surface Cargo,270.48,365.15,2024-08-03,2024-08-06,3,Delayed,0,0
SHP-20240455,2025-07-04,SUP-04,Evergreen Raw Materials,Tier 2,WH-MUM-02,West Port (Mumbai),Priority Surface Cargo,326.53,418.82,2025-07-07,2025-07-08,1,Delayed,0,0
SHP-20240456,2024-12-05,SUP-03,Delta Electronics Hub,Tier 1,WH-MUM-02,West Port (Mumbai),Priority Surface Cargo,766.49,913.75,2024-12-11,2024-12-11,0,On-Time,1,0
SHP-20240457,2025-01-27,SUP-01,Apex Precision Components,Tier 1,WH-MUM-02,West Port (Mumbai),Regional Truckload,16.17,48.72,2025-02-02,2025-02-02,0,On-Time,1,0
SHP-20240458,2024-03-19,SUP-04,Evergreen Raw Materials,Tier 2,WH-DEL-01,North Hub (Delhi-NCR),Regional Truckload,320.84,244.08,24/03/2024,2024-03-25,1,Delayed,0,0
SHP-20240459,2024-01-22,SUP-07,Hind Cargo Aggregates,Tier 3,WH-KOL-04,East Gateway (Kolkata),Priority Surface Cargo,550.06,647.09,2024-01-28,2024-01-30,2,Delayed,0,0
SHP-20240460,2025-01-31,SUP-02,Bharat Heavy Forgings,Tier 1,WH-MUM-02,West Port (Mumbai),Regional Truckload,509.6,359.69,2025-02-06,2025-02-07,1,Delayed,0,0
SHP-20240461,2025-01-04,SUP-03,Delta Electronics Hub,Tier 1,WH-KOL-04,East Gateway (Kolkata),Priority Surface Cargo,458.47,574.28,2025-01-10,2025-01-12,2,Delayed,0,0
SHP-20240462,2024-09-06,SUP-03,Delta Electronics Hub,Tier 1,WH-MUM-02,West Port (Mumbai),Regional Truckload,554.31,391.8,2024-09-08,2024-09-08,0,On-Time,1,0
SHP-20240463,2025-08-24,SUP-04,Evergreen Raw Materials,Tier 2,WH-MUM-02,West Port (Mumbai),Standard Rail Transport,632.41,451.31,2025-08-30,2025-08-31,1,Delayed,0,0
SHP-20240464,2025-05-29,SUP-05,Falcon Fasteners Corp,Tier 2,WH-KOL-04,East Gateway (Kolkata),Priority Surface Cargo,183.07,233.99,2025-06-01,2025-06-02,1,Delayed,0,0
SHP-20240465,2025-08-30,SUP-06,Global Polymer Solutions,Tier 2,WH-KOL-04,East Gateway (Kolkata),Standard Rail Transport,139.84,172.08,2025-09-04,2025-09-05,1,Delayed,0,0
SHP-20240466,2025-07-15,SUP-03,Delta Electronics Hub,Tier 1,WH-BLR-03,South Central (Bengaluru),Standard Rail Transport,832.82,594.11,2025-07-18,2025-07-20,2,Delayed,0,0
SHP-20240467,2024-06-19,SUP-04,Evergreen Raw Materials,Tier 2,WH-KOL-04,East Gateway (Kolkata),Standard Rail Transport,823.81,607.44,2024-06-23,2024-06-26,3,Delayed,0,0
SHP-20240468,2024-04-08,SUP-02,Bharat Heavy Forgings,Tier 1,WH-MUM-02,West Port (Mumbai),Priority Surface Cargo,537.84,668.14,2024-04-12,2024-04-18,6,Delayed,0,0
SHP-20240469,2024-07-26,SUP-07,Hind Cargo Aggregates,Tier 3,WH-KOL-04,East Gateway (Kolkata),Regional Truckload,845.86,597.47,2024-07-31,2024-08-01,1,Delayed,0,0
SHP-20240470,2025-07-01,SUP-08,Indus Logistics Fab,Tier 3,WH-KOL-04,East Gateway (Kolkata),Express Air Freight,791.27,1505.15,2025-07-06,2025-07-06,0,On-Time,1,0
SHP-20240471,2025-12-21,SUP-01,Apex Precision Components,Tier 1,WH-MUM-02,West Port (Mumbai),Priority Surface Cargo,676.01,780.77,2025-12-25,2025-12-25,0,On-Time,1,0
SHP-20240472,2024-06-19,SUP-04,Evergreen Raw Materials,Tier 2,WH-DEL-01,North Hub (Delhi-NCR),Priority Surface Cargo,659.07,776.44,2024-06-21,2024-06-21,0,On-Time,1,0
SHP-20240473,2025-11-28,SUP-01,Apex Precision Components,Tier 1,WH-BLR-03,South Central (Bengaluru),Express Air Freight,542.24,1036.29,2025-12-04,2025-12-05,1,Delayed,0,0
SHP-20240474,2025-08-02,SUP-01,Apex Precision Components,Tier 1,WH-DEL-01,North Hub (Delhi-NCR),Priority Surface Cargo,695.64,804.93,2025-08-05,2025-08-05,0,On-Time,1,0
SHP-20240475,2025-09-12,SUP-03,Delta Electronics Hub,Tier 1,WH-KOL-04,East Gateway (Kolkata),Express Air Freight,516.57,998.1,2025-09-14,2025-09-18,4,Delayed,0,0
SHP-20240476,2025-02-27,SUP-08,Indus Logistics Fab,Tier 3,WH-BLR-03,South Central (Bengaluru),Priority Surface Cargo,452.88,557.75,2025-03-03,2025-03-03,0,On-Time,1,0
SHP-20240477,2024-03-19,SUP-02,Bharat Heavy Forgings,Tier 1,WH-KOL-04,East Gateway (Kolkata),Regional Truckload,20.77,107.55,2024-03-22,2024-03-22,0,On-Time,1,0
SHP-20240478,2024-02-05,SUP-05,Falcon Fasteners Corp,Tier 2,WH-DEL-01,North Hub (Delhi-NCR),Priority Surface Cargo,702.0,812.54,2024-02-10,2024-02-10,0,On-Time,1,0
SHP-20240479,2025-06-08,SUP-08,Indus Logistics Fab,Tier 3,WH-BLR-03,South Central (Bengaluru),Express Air Freight,414.68,796.15,2025-06-10,2025-06-14,4,Delayed,0,0
SHP-20240480,2025-07-01,SUP-07,Hind Cargo Aggregates,Tier 3,WH-MUM-02,West Port (Mumbai),Priority Surface Cargo,286.77,357.15,2025-07-04,2025-07-04,0,On-Time,1,0
SHP-20240481,2025-03-10,SUP-03,Delta Electronics Hub,Tier 1,WH-BLR-03,South Central (Bengaluru),Regional Truckload,474.69,389.48,2025-03-12,2025-03-14,2,Delayed,0,0
SHP-20240482,2025-04-30,SUP-07,Hind Cargo Aggregates,Tier 3,WH-MUM-02,West Port (Mumbai),Standard Rail Transport,368.55,277.05,2025-05-05,2025-05-09,4,delayed  ,0,0
SHP-20240483,2024-05-02,SUP-01,Apex Precision Components,Tier 1,WH-DEL-01,North Hub (Delhi-NCR),Standard Rail Transport,460.03,339.85,2024-05-05,2024-05-06,1,Delayed,0,0
SHP-20240484,2025-06-02,SUP-06,Global Polymer Solutions,Tier 2,WH-MUM-02,West Port (Mumbai),Priority Surface Cargo,109.18,198.79,2025-06-08,2025-06-08,0,On-Time,1,0
SHP-20240485,2024-11-19,SUP-05,Falcon Fasteners Corp,Tier 2,WH-MUM-02,West Port (Mumbai),Standard Rail Transport,356.88,302.87,2024-11-25,2024-11-30,5,Delayed,0,0
SHP-20240486,2024-06-05,SUP-06,Global Polymer Solutions,Tier 2,WH-MUM-02,West Port (Mumbai),Standard Rail Transport,533.68,404.68,2024-06-07,2024-06-12,5,Delayed,0,0
SHP-20240487,2024-05-26,SUP-05,Falcon Fasteners Corp,Tier 2,WH-DEL-01,North Hub (Delhi-NCR),Priority Surface Cargo,-791.8,909.56,2024-06-01,2024-06-04,3,Delayed,0,0
SHP-20240488,2024-02-11,SUP-05,Falcon Fasteners Corp,Tier 2,WH-DEL-01,North Hub (Delhi-NCR),Regional Truckload,786.95,594.37,2024-02-16,2024-02-19,3,Delayed,0,0
SHP-20240489,2025-05-08,SUP-03,Delta Electronics Hub,Tier 1,WH-DEL-01,North Hub (Delhi-NCR),Standard Rail Transport,207.92,164.34,2025-05-12,2025-05-13,1,Delayed,0,0
SHP-20240490,2025-08-12,SUP-04,Evergreen Raw Materials,Tier 2,WH-KOL-04,East Gateway (Kolkata),Priority Surface Cargo,634.05,738.67,2025-08-18,2025-08-21,3,Delayed,0,0
SHP-20240491,2025-05-23,SUP-08,Indus Logistics Fab,Tier 3,WH-BLR-03,South Central (Bengaluru),Express Air Freight,365.65,704.18,2025-05-27,2025-05-29,2,Delayed,0,1
SHP-20240492,2025-08-17,SUP-08,Indus Logistics Fab,Tier 3,WH-DEL-01,North Hub (Delhi-NCR),Priority Surface Cargo,117.43,156.79,2025-08-21,2025-08-23,2,Delayed,0,0
SHP-20240493,2024-11-17,SUP-04,Evergreen Raw Materials,Tier 2,WH-BLR-03,South Central (Bengaluru),Regional Truckload,353.85,312.43,2024-11-20,2024-11-20,0,On-Time,1,0
SHP-20240494,2024-04-24,SUP-05,Falcon Fasteners Corp,Tier 2,WH-MUM-02,West Port (Mumbai),Express Air Freight,226.04,488.0,2024-04-29,2024-04-29,0,On-Time,1,0
SHP-20240495,2025-07-05,SUP-06,Global Polymer Solutions,Tier 2,WH-DEL-01,North Hub (Delhi-NCR),Regional Truckload,410.09,327.12,2025-07-09,2025-07-10,1,Delayed,0,0
SHP-20240496,2025-07-20,SUP-06,Global Polymer Solutions,Tier 2,WH-MUM-02,West Port (Mumbai),Regional Truckload,772.96,583.01,2025-07-22,2025-07-25,3,Delayed,0,0
SHP-20240497,2024-04-04,SUP-07,Hind Cargo Aggregates,Tier 3,WH-BLR-03,South Central (Bengaluru),Regional Truckload,268.78,249.22,2024-04-07,2024-04-07,0,On-Time,1,0
SHP-20240498,2025-09-28,SUP-01,Apex Precision Components,Tier 1,WH-KOL-04,East Gateway (Kolkata),Express Air Freight,560.6,1118.47,2025-10-01,2025-10-02,1,Delayed,0,0
SHP-20240499,2025-03-03,SUP-08,Indus Logistics Fab,Tier 3,WH-MUM-02,West Port (Mumbai),Priority Surface Cargo,251.2,322.37,2025-03-05,2025-03-05,0,On-Time,1,0
SHP-20240500,2024-09-30,SUP-06,Global Polymer Solutions,Tier 2,WH-KOL-04,East Gateway (Kolkata),Regional Truckload,809.34,613.76,2024-10-05,2024-10-08,3,Delayed,0,0
SHP-20240501,2024-11-01,SUP-01,Apex Precision Components,Tier 1,WH-DEL-01,North Hub (Delhi-NCR),Standard Rail Transport,557.05,387.91,2024-11-05,2024-11-06,1,Delayed,0,0
SHP-20240502,2024-09-22,SUP-03,Delta Electronics Hub,Tier 1,WH-KOL-04,East Gateway (Kolkata),Standard Rail Transport,591.16,464.05,2024-09-28,2024-10-02,4,Delayed,0,0
SHP-20240503,2024-03-21,SUP-03,Delta Electronics Hub,Tier 1,WH-MUM-02,West Port (Mumbai),Standard Rail Transport,710.26,523.71,2024-03-25,2024-03-30,5,Delayed,0,0
SHP-20240504,2025-10-15,SUP-03,Delta Electronics Hub,Tier 1,WH-BLR-03,South Central (Bengaluru),Priority Surface Cargo,476.74,587.1,2025-10-17,2025-10-18,1,Delayed,0,0
SHP-20240505,2024-01-19,SUP-04,Evergreen Raw Materials,Tier 2,WH-DEL-01,North Hub (Delhi-NCR),Standard Rail Transport,798.01,544.62,2024-01-24,2024-01-24,0,On-Time,1,0
SHP-20240506,2024-08-20,SUP-07,Hind Cargo Aggregates,Tier 3,WH-KOL-04,East Gateway (Kolkata),Express Air Freight,387.32,783.81,2024-08-22,2024-08-22,0,On-Time,1,0
SHP-20240507,2024-07-28,SUP-02,Bharat Heavy Forgings,Tier 1,WH-KOL-04,East Gateway (Kolkata),Standard Rail Transport,80.05,79.92,2024-08-01,2024-08-07,6,Delayed,0,0
SHP-20240508,2024-03-06,SUP-05,Falcon Fasteners Corp,Tier 2,WH-KOL-04,East Gateway (Kolkata),Regional Truckload,378.08,331.15,2024-03-11,2024-03-14,3,Delayed,0,0
SHP-20240509,2024-05-26,SUP-01,Apex Precision Components,Tier 1,WH-MUM-02,West Port (Mumbai),Standard Rail Transport,71.31,139.73,2024-05-29,2024-05-29,0,On-Time,1,0
SHP-20240510,2025-08-31,SUP-04,Evergreen Raw Materials,Tier 2,WH-BLR-03,South Central (Bengaluru),Regional Truckload,497.52,384.44,2025-09-04,2025-09-04,0,On-Time,1,0
SHP-20240511,2024-06-23,SUP-04,Evergreen Raw Materials,Tier 2,WH-DEL-01,North Hub (Delhi-NCR),Regional Truckload,589.97,432.58,2024-06-25,2024-06-25,0,On-Time,1,0
SHP-20240512,2024-05-02,SUP-07,Hind Cargo Aggregates,Tier 3,WH-BLR-03,South Central (Bengaluru),Priority Surface Cargo,198.58,285.95,2024-05-06,2024-05-07,1,Delayed,0,0
SHP-20240513,2024-05-02,SUP-08,Indus Logistics Fab,Tier 3,WH-KOL-04,East Gateway (Kolkata),Standard Rail Transport,661.13,469.27,2024-05-04,2024-05-20,16,Delayed,0,0
SHP-20240514,2024-01-26,SUP-06,Global Polymer Solutions,Tier 2,WH-MUM-02,West Port (Mumbai),Standard Rail Transport,830.0,587.85,2024-02-01,2024-02-01,0,On-Time,1,0
SHP-20240515,2025-05-11,SUP-02,Bharat Heavy Forgings,Tier 1,WH-DEL-01,North Hub (Delhi-NCR),Priority Surface Cargo,814.22,925.9,2025-05-16,2025-05-16,0,On-Time,1,0
SHP-20240516,2024-02-26,SUP-01,Apex Precision Components,Tier 1,WH-BLR-03,South Central (Bengaluru),Priority Surface Cargo,509.95,596.73,2024-02-29,2024-03-03,3,Delayed,0,0
SHP-20240517,2024-11-10,SUP-02,Bharat Heavy Forgings,Tier 1,WH-DEL-01,North Hub (Delhi-NCR),Express Air Freight,122.95,268.95,2024-11-13,2024-11-13,0,On-Time,1,0
SHP-20240518,2024-01-02,SUP-01,Apex Precision Components,Tier 1,WH-DEL-01,North Hub (Delhi-NCR),Standard Rail Transport,391.51,338.15,2024-01-08,2024-01-08,0,On-Time,1,0
SHP-20240519,2025-10-17,SUP-04,Evergreen Raw Materials,Tier 2,WH-MUM-02,West Port (Mumbai),Regional Truckload,230.78,214.75,2025-10-20,2025-10-20,0,On-Time,1,0
SHP-20240520,2024-08-09,SUP-05,Falcon Fasteners Corp,Tier 2,WH-KOL-04,East Gateway (Kolkata),Regional Truckload,82.76,85.11,2024-08-11,2024-08-14,3,Delayed,0,0
SHP-20240521,2025-09-23,SUP-08,Indus Logistics Fab,Tier 3,WH-BLR-03,South Central (Bengaluru),Standard Rail Transport,338.64,311.4,2025-09-25,2025-09-27,2,Delayed,0,1
SHP-20240522,2024-05-13,SUP-05,Falcon Fasteners Corp,Tier 2,WH-DEL-01,North Hub (Delhi-NCR),Priority Surface Cargo,320.0,442.03,2024-05-15,2024-05-15,0,On-Time,1,0
SHP-20240523,2025-09-24,SUP-04,Evergreen Raw Materials,Tier 2,WH-BLR-03,South Central (Bengaluru),Standard Rail Transport,96.94,98.3,2025-09-30,2025-09-30,0,On-Time,1,0
SHP-20240524,2025-11-20,SUP-06,Global Polymer Solutions,Tier 2,WH-BLR-03,South Central (Bengaluru),Priority Surface Cargo,119.81,168.41,2025-11-25,2025-11-26,1,Delayed,0,0
SHP-20240525,2025-04-11,SUP-04,Evergreen Raw Materials,Tier 2,WH-BLR-03,South Central (Bengaluru),Regional Truckload,799.5,582.21,2025-04-13,2025-04-13,0,On-Time,1,0
SHP-20240526,2025-01-27,SUP-08,Indus Logistics Fab,Tier 3,WH-DEL-01,North Hub (Delhi-NCR),Standard Rail Transport,716.55,547.55,2025-02-02,2025-02-02,0,On-Time,1,0
SHP-20240527,2024-12-10,SUP-01,Apex Precision Components,Tier 1,WH-KOL-04,East Gateway (Kolkata),Priority Surface Cargo,83.01,169.02,2024-12-14,2024-12-22,8,Delayed,0,0
SHP-20240528,2025-03-03,SUP-07,Hind Cargo Aggregates,Tier 3,WH-DEL-01,North Hub (Delhi-NCR),Regional Truckload,97.62,156.56,2025-03-09,2025-03-10,1,Delayed,0,0
SHP-20240529,2024-06-10,SUP-08,Indus Logistics Fab,Tier 3,WH-DEL-01,North Hub (Delhi-NCR),Priority Surface Cargo,746.69,893.04,2024-06-13,2024-06-15,2,Delayed,0,0
SHP-20240530,2024-12-03,SUP-01,Apex Precision Components,Tier 1,WH-MUM-02,West Port (Mumbai),Priority Surface Cargo,62.63,152.79,2024-12-08,2024-12-12,4,Delayed,0,0
SHP-20240531,2024-03-13,SUP-01,Apex Precision Components,Tier 1,WH-MUM-02,West Port (Mumbai),Priority Surface Cargo,508.12,610.04,2024-03-18,2024-03-19,1,Delayed,0,0
SHP-20240532,2024-08-25,SUP-03,Delta Electronics Hub,Tier 1,WH-DEL-01,North Hub (Delhi-NCR),Standard Rail Transport,168.56,157.53,2024-08-31,2024-08-31,0,On-Time,1,0
SHP-20240533,2024-07-28,SUP-01,Apex Precision Components,Tier 1,WH-BLR-03,South Central (Bengaluru),Express Air Freight,818.13,1579.49,2024-07-30,2024-08-04,5,Delayed,0,0
SHP-20240534,2025-07-28,SUP-04,Evergreen Raw Materials,Tier 2,WH-BLR-03,South Central (Bengaluru),Express Air Freight,428.75,842.94,2025-07-31,2025-08-01,1,Delayed,0,0
SHP-20240535,2024-03-17,SUP-07,Hind Cargo Aggregates,Tier 3,WH-MUM-02,West Port (Mumbai),Standard Rail Transport,146.91,183.93,2024-03-23,2024-03-23,0,On-Time,1,0
SHP-20240536,2025-04-12,SUP-07,Hind Cargo Aggregates,Tier 3,WH-BLR-03,South Central (Bengaluru),Regional Truckload,218.86,207.71,2025-04-15,2025-04-19,4,Delayed,0,0
SHP-20240537,2024-04-24,SUP-01,Apex Precision Components,Tier 1,WH-KOL-04,East Gateway (Kolkata),Priority Surface Cargo,468.05,599.2,2024-04-29,2024-05-07,8,Delayed,0,0
SHP-20240538,2025-06-28,SUP-08,Indus Logistics Fab,Tier 3,WH-MUM-02,West Port (Mumbai),Priority Surface Cargo,368.35,445.88,2025-07-03,2025-07-04,1,Delayed,0,0
SHP-20240539,2024-09-20,SUP-06,Global Polymer Solutions,Tier 2,WH-DEL-01,North Hub (Delhi-NCR),Express Air Freight,188.97,412.78,2024-09-22,2024-09-22,0,on-time  ,1,0
SHP-20240540,2024-01-20,SUP-05,Falcon Fasteners Corp,Tier 2,WH-MUM-02,West Port (Mumbai),Express Air Freight,342.74,677.63,2024-01-23,2024-01-23,0,On-Time,1,0
SHP-20240541,2025-06-24,SUP-01,Apex Precision Components,Tier 1,WH-DEL-01,North Hub (Delhi-NCR),Standard Rail Transport,253.23,250.71,2025-06-26,2025-06-27,1,Delayed,0,0
SHP-20240542,2024-06-12,SUP-07,Hind Cargo Aggregates,Tier 3,WH-KOL-04,East Gateway (Kolkata),Regional Truckload,629.04,439.93,2024-06-17,2024-06-25,8,Delayed,0,0
SHP-20240543,2025-08-31,SUP-05,Falcon Fasteners Corp,Tier 2,WH-DEL-01,North Hub (Delhi-NCR),Express Air Freight,142.77,321.47,2025-09-05,2025-09-08,3,Delayed,0,0
SHP-20240544,2025-05-28,SUP-03,Delta Electronics Hub,Tier 1,WH-KOL-04,East Gateway (Kolkata),Express Air Freight,117.0,296.27,2025-06-02,2025-06-12,10,Delayed,0,0
SHP-20240545,2025-10-18,SUP-06,Global Polymer Solutions,Tier 2,WH-DEL-01,North Hub (Delhi-NCR),Standard Rail Transport,464.24,348.29,2025-10-22,2025-10-22,0,On-Time,1,0
SHP-20240546,2025-03-03,SUP-07,Hind Cargo Aggregates,Tier 3,WH-MUM-02,West Port (Mumbai),Priority Surface Cargo,314.01,374.74,2025-03-09,2025-03-09,0,On-Time,1,0
SHP-20240547,2024-06-12,SUP-08,Indus Logistics Fab,Tier 3,WH-KOL-04,East Gateway (Kolkata),Priority Surface Cargo,616.85,708.34,2024-06-17,2024-06-19,2,Delayed,0,0
SHP-20240548,2025-03-25,SUP-05,Falcon Fasteners Corp,Tier 2,WH-DEL-01,North Hub (Delhi-NCR),Regional Truckload,385.2,316.95,2025-03-30,2025-03-30,0,On-Time,1,0
SHP-20240549,2024-03-11,SUP-03,Delta Electronics Hub,Tier 1,WH-KOL-04,East Gateway (Kolkata),Standard Rail Transport,343.18,271.64,2024-03-17,2024-03-17,0,On-Time,1,0
SHP-20240550,2025-08-31,SUP-05,Falcon Fasteners Corp,Tier 2,WH-DEL-01,North Hub (Delhi-NCR),Standard Rail Transport,742.86,522.97,2025-09-03,2025-09-03,0,On-Time,1,0
SHP-20240551,2024-11-02,SUP-05,Falcon Fasteners Corp,Tier 2,WH-DEL-01,North Hub (Delhi-NCR),Priority Surface Cargo,383.49,478.42,2024-11-08,2024-11-08,0,On-Time,1,0
SHP-20240552,2025-12-03,SUP-06,Global Polymer Solutions,Tier 2,WH-BLR-03,South Central (Bengaluru),Regional Truckload,209.88,207.37,2025-12-05,2025-12-07,2,Delayed,0,0
SHP-20240553,2024-02-20,SUP-03,Delta Electronics Hub,Tier 1,WH-DEL-01,North Hub (Delhi-NCR),Standard Rail Transport,320.84,240.81,2024-02-25,2024-02-28,3,Delayed,0,0
SHP-20240554,2025-11-29,SUP-05,Falcon Fasteners Corp,Tier 2,WH-BLR-03,South Central (Bengaluru),Priority Surface Cargo,505.39,610.07,2025-12-04,2025-12-05,1,Delayed,0,0
SHP-20240555,2024-07-16,SUP-08,Indus Logistics Fab,Tier 3,WH-BLR-03,South Central (Bengaluru),Express Air Freight,365.44,725.59,2024-07-22,2024-07-22,0,On-Time,1,0
SHP-20240556,2024-09-10,SUP-05,Falcon Fasteners Corp,Tier 2,WH-MUM-02,West Port (Mumbai),Priority Surface Cargo,192.91,297.68,2024-09-15,2024-09-20,5,Delayed,0,0
SHP-20240557,2024-06-02,SUP-05,Falcon Fasteners Corp,Tier 2,WH-MUM-02,West Port (Mumbai),Priority Surface Cargo,779.67,895.19,2024-06-04,2024-06-06,2,Delayed,0,0
SHP-20240558,2025-04-18,SUP-03,Delta Electronics Hub,Tier 1,WH-MUM-02,West Port (Mumbai),Express Air Freight,344.57,666.36,2025-04-23,2025-04-23,0,On-Time,1,0
SHP-20240559,2025-06-14,SUP-08,Indus Logistics Fab,Tier 3,WH-BLR-03,South Central (Bengaluru),Priority Surface Cargo,198.36,292.2,2025-06-17,2025-06-19,2,Delayed,0,0
SHP-20240560,2024-03-04,SUP-07,Hind Cargo Aggregates,Tier 3,WH-BLR-03,South Central (Bengaluru),Priority Surface Cargo,403.95,482.59,2024-03-08,2024-03-13,5,Delayed,0,0
SHP-20240561,2025-09-03,SUP-07,Hind Cargo Aggregates,Tier 3,WH-MUM-02,West Port (Mumbai),Standard Rail Transport,226.06,191.73,2025-09-08,2025-09-09,1,Delayed,0,0
SHP-20240562,2024-11-21,SUP-05,Falcon Fasteners Corp,Tier 2,WH-MUM-02,West Port (Mumbai),Standard Rail Transport,435.82,372.52,2024-11-27,2024-12-01,4,Delayed,0,0
SHP-20240563,2024-05-13,SUP-05,Falcon Fasteners Corp,Tier 2,WH-DEL-01,North Hub (Delhi-NCR),Regional Truckload,46.17,82.41,2024-05-19,2024-05-19,0,On-Time,1,0
SHP-20240564,2025-12-01,SUP-07,Hind Cargo Aggregates,Tier 3,WH-BLR-03,South Central (Bengaluru),Priority Surface Cargo,251.89,330.11,2025-12-05,2025-12-07,2,Delayed,0,0
SHP-20240565,2024-04-15,SUP-04,Evergreen Raw Materials,Tier 2,WH-DEL-01,North Hub (Delhi-NCR),Express Air Freight,360.16,759.35,2024-04-17,2024-04-21,4,Delayed,0,0
SHP-20240566,2024-12-25,SUP-04,Evergreen Raw Materials,Tier 2,WH-DEL-01,North Hub (Delhi-NCR),Priority Surface Cargo,126.07,199.29,2024-12-29,2024-12-29,0,On-Time,1,0
SHP-20240567,2024-02-27,SUP-03,Delta Electronics Hub,Tier 1,WH-DEL-01,North Hub (Delhi-NCR),Standard Rail Transport,52.83,91.89,2024-03-01,2024-03-01,0,On-Time,1,0
SHP-20240568,2024-08-19,SUP-01,Apex Precision Components,Tier 1,WH-DEL-01,North Hub (Delhi-NCR),Standard Rail Transport,626.82,445.5,2024-08-23,2024-08-23,0,On-Time,1,0
SHP-20240569,2025-08-10,SUP-04,Evergreen Raw Materials,Tier 2,WH-DEL-01,North Hub (Delhi-NCR),Standard Rail Transport,325.57,295.41,2025-08-13,2025-08-13,0,On-Time,1,0
SHP-20240570,2024-01-01,SUP-04,Evergreen Raw Materials,Tier 2,WH-MUM-02,West Port (Mumbai),Express Air Freight,674.17,1314.69,2024-01-06,2024-01-10,4,Delayed,0,0
SHP-20240571,2025-10-22,SUP-03,Delta Electronics Hub,Tier 1,WH-BLR-03,South Central (Bengaluru),Regional Truckload,-34.81,77.09,2025-10-24,2025-10-27,3,Delayed,0,0
SHP-20240572,2024-09-27,SUP-04,Evergreen Raw Materials,Tier 2,WH-KOL-04,East Gateway (Kolkata),Priority Surface Cargo,345.54,455.62,2024-09-30,2024-09-30,0,On-Time,1,0
SHP-20240573,2024-08-01,SUP-06,Global Polymer Solutions,Tier 2,WH-DEL-01,North Hub (Delhi-NCR),Regional Truckload,804.62,578.22,2024-08-03,2024-08-04,1,Delayed,0,0
SHP-20240574,2024-03-17,SUP-02,Bharat Heavy Forgings,Tier 1,WH-DEL-01,North Hub (Delhi-NCR),Standard Rail Transport,80.38,89.0,2024-03-23,2024-03-23,0,On-Time,1,0
SHP-20240575,2025-11-26,SUP-05,Falcon Fasteners Corp,Tier 2,WH-KOL-04,East Gateway (Kolkata),Regional Truckload,385.36,295.59,2025-11-28,2025-12-07,9,Delayed,0,0
SHP-20240576,2024-09-12,SUP-04,Evergreen Raw Materials,Tier 2,WH-BLR-03,South Central (Bengaluru),Standard Rail Transport,567.62,455.66,2024-09-14,2024-09-14,0,On-Time,1,0
SHP-20240577,2024-02-16,SUP-05,Falcon Fasteners Corp,Tier 2,WH-KOL-04,East Gateway (Kolkata),Express Air Freight,244.85,547.68,2024-02-21,2024-02-21,0,On-Time,1,0
SHP-20240578,2024-12-02,SUP-04,Evergreen Raw Materials,Tier 2,WH-BLR-03,South Central (Bengaluru),Regional Truckload,50.89,63.68,2024-12-08,2024-12-11,3,Delayed,0,0
SHP-20240579,2025-06-15,SUP-04,Evergreen Raw Materials,Tier 2,WH-DEL-01,North Hub (Delhi-NCR),Priority Surface Cargo,809.32,968.3,2025-06-17,2025-06-23,6,delayed  ,0,0
SHP-20240580,2025-09-07,SUP-02,Bharat Heavy Forgings,Tier 1,WH-MUM-02,West Port (Mumbai),Standard Rail Transport,104.05,95.57,2025-09-09,2025-09-14,5,Delayed,0,0
SHP-20240581,2025-01-19,SUP-02,Bharat Heavy Forgings,Tier 1,WH-DEL-01,North Hub (Delhi-NCR),Priority Surface Cargo,270.36,353.55,2025-01-23,2025-01-23,0,On-Time,1,0
SHP-20240582,2025-07-09,SUP-01,Apex Precision Components,Tier 1,WH-DEL-01,North Hub (Delhi-NCR),Regional Truckload,401.99,288.25,2025-07-11,2025-07-14,3,Delayed,0,0
SHP-20240583,2024-05-14,SUP-03,Delta Electronics Hub,Tier 1,WH-MUM-02,West Port (Mumbai),Regional Truckload,585.16,474.39,2024-05-16,2024-05-17,1,Delayed,0,0
SHP-20240584,2025-04-28,SUP-05,Falcon Fasteners Corp,Tier 2,WH-DEL-01,North Hub (Delhi-NCR),Priority Surface Cargo,751.82,857.27,2025-05-04,2025-05-05,1,Delayed,0,0
SHP-20240585,2025-06-05,SUP-03,Delta Electronics Hub,Tier 1,WH-DEL-01,North Hub (Delhi-NCR),Standard Rail Transport,826.22,624.86,2025-06-11,2025-06-12,1,Delayed,0,0
SHP-20240586,2024-08-08,SUP-03,Delta Electronics Hub,Tier 1,WH-MUM-02,West Port (Mumbai),Express Air Freight,637.66,1264.13,2024-08-13,2024-08-13,0,On-Time,1,0
SHP-20240587,2024-03-24,SUP-06,Global Polymer Solutions,Tier 2,WH-BLR-03,South Central (Bengaluru),Priority Surface Cargo,526.88,654.65,2024-03-30,2024-03-31,1,Delayed,0,0
SHP-20240588,2025-05-29,SUP-05,Falcon Fasteners Corp,Tier 2,WH-DEL-01,North Hub (Delhi-NCR),Standard Rail Transport,484.34,383.05,2025-06-04,2025-06-04,0,On-Time,1,0
SHP-20240589,2025-04-21,SUP-05,Falcon Fasteners Corp,Tier 2,WH-BLR-03,South Central (Bengaluru),Regional Truckload,688.29,505.28,2025-04-26,2025-04-26,0,On-Time,1,0
SHP-20240590,2025-09-27,SUP-07,Hind Cargo Aggregates,Tier 3,WH-BLR-03,South Central (Bengaluru),Standard Rail Transport,786.79,574.28,2025-10-01,2025-10-01,0,On-Time,1,0
SHP-20240591,2024-02-17,SUP-05,Falcon Fasteners Corp,Tier 2,WH-KOL-04,East Gateway (Kolkata),Standard Rail Transport,360.99,267.79,2024-02-22,2024-02-27,5,Delayed,0,0
SHP-20240592,2025-09-04,SUP-04,Evergreen Raw Materials,Tier 2,WH-BLR-03,South Central (Bengaluru),Regional Truckload,66.95,112.05,2025-09-10,2025-09-11,1,Delayed,0,0
SHP-20240593,2024-10-31,SUP-05,Falcon Fasteners Corp,Tier 2,WH-MUM-02,West Port (Mumbai),Standard Rail Transport,739.23,512.14,2024-11-06,2024-11-07,1,Delayed,0,0
SHP-20240594,2025-04-27,SUP-04,Evergreen Raw Materials,Tier 2,WH-BLR-03,South Central (Bengaluru),Standard Rail Transport,249.53,244.67,2025-05-02,2025-05-02,0,On-Time,1,0
SHP-20240595,2024-07-25,SUP-06,Global Polymer Solutions,Tier 2,WH-MUM-02,West Port (Mumbai),Express Air Freight,134.36,289.78,2024-07-28,2024-07-28,0,On-Time,1,0
SHP-20240596,2025-10-09,SUP-07,Hind Cargo Aggregates,Tier 3,WH-BLR-03,South Central (Bengaluru),Regional Truckload,823.04,571.78,2025-10-11,2025-10-11,0,On-Time,1,0
SHP-20240597,2025-02-11,SUP-08,Indus Logistics Fab,Tier 3,WH-MUM-02,West Port (Mumbai),Express Air Freight,756.49,1465.43,2025-02-16,2025-02-17,1,Delayed,0,0
SHP-20240598,2025-10-01,SUP-01,Apex Precision Components,Tier 1,WH-KOL-04,East Gateway (Kolkata),Priority Surface Cargo,605.48,714.18,2025-10-03,2025-10-04,1,Delayed,0,0
SHP-20240599,2024-10-04,SUP-04,Evergreen Raw Materials,Tier 2,WH-DEL-01,North Hub (Delhi-NCR),Express Air Freight,259.9,553.6,2024-10-06,2024-10-06,0,On-Time,1,0
SHP-20240600,2025-11-05,SUP-06,Global Polymer Solutions,Tier 2,WH-KOL-04,East Gateway (Kolkata),Regional Truckload,489.8,380.67,2025-11-08,2025-11-10,2,Delayed,0,0
SHP-20240601,2024-05-21,SUP-03,Delta Electronics Hub,Tier 1,WH-BLR-03,South Central (Bengaluru),Express Air Freight,432.94,845.25,2024-05-25,2024-05-25,0,On-Time,1,0
SHP-20240602,2025-05-23,SUP-04,Evergreen Raw Materials,Tier 2,WH-KOL-04,East Gateway (Kolkata),Standard Rail Transport,676.88,503.39,2025-05-29,2025-06-07,9,Delayed,0,0
SHP-20240603,2024-11-04,SUP-08,Indus Logistics Fab,Tier 3,WH-DEL-01,North Hub (Delhi-NCR),Express Air Freight,279.0,543.77,2024-11-07,2024-11-08,1,Delayed,0,0
SHP-20240604,2024-07-18,SUP-03,Delta Electronics Hub,Tier 1,WH-MUM-02,West Port (Mumbai),Express Air Freight,546.04,1071.12,2024-07-24,2024-07-25,1,Delayed,0,0
SHP-20240605,2024-05-08,SUP-03,Delta Electronics Hub,Tier 1,WH-KOL-04,East Gateway (Kolkata),Priority Surface Cargo,659.79,754.31,2024-05-14,2024-05-14,0,On-Time,1,0
SHP-20240606,2024-10-17,SUP-02,Bharat Heavy Forgings,Tier 1,WH-MUM-02,West Port (Mumbai),Regional Truckload,172.42,141.69,2024-10-19,2024-10-20,1,Delayed,0,0
SHP-20240607,2024-03-09,SUP-07,Hind Cargo Aggregates,Tier 3,WH-MUM-02,West Port (Mumbai),Standard Rail Transport,19.15,43.46,2024-03-12,2024-03-13,1,Delayed,0,0
SHP-20240608,2024-09-13,SUP-07,Hind Cargo Aggregates,Tier 3,WH-MUM-02,West Port (Mumbai),Regional Truckload,455.8,336.75,2024-09-16,2024-09-16,0,On-Time,1,0
SHP-20240609,2024-12-04,SUP-07,Hind Cargo Aggregates,Tier 3,WH-BLR-03,South Central (Bengaluru),Regional Truckload,104.29,109.83,2024-12-10,2024-12-14,4,Delayed,0,1
SHP-20240610,2025-12-12,SUP-05,Falcon Fasteners Corp,Tier 2,WH-MUM-02,West Port (Mumbai),Priority Surface Cargo,632.3,768.23,2025-12-15,2025-12-15,0,On-Time,1,0
SHP-20240611,2025-01-05,SUP-04,Evergreen Raw Materials,Tier 2,WH-BLR-03,South Central (Bengaluru),Express Air Freight,669.48,1286.15,2025-01-10,2025-01-16,6,Delayed,0,0
SHP-20240612,2024-08-06,SUP-02,Bharat Heavy Forgings,Tier 1,WH-MUM-02,West Port (Mumbai),Standard Rail Transport,24.09,78.78,2024-08-09,2024-08-10,1,Delayed,0,0
SHP-20240613,2024-05-26,SUP-02,Bharat Heavy Forgings,Tier 1,WH-BLR-03,South Central (Bengaluru),Express Air Freight,251.15,504.05,2024-05-29,2024-05-29,0,On-Time,1,0
SHP-20240614,2024-12-02,SUP-08,Indus Logistics Fab,Tier 3,WH-KOL-04,East Gateway (Kolkata),Standard Rail Transport,639.9,448.03,2024-12-05,2024-12-08,3,Delayed,0,0
SHP-20240615,2024-04-13,SUP-07,Hind Cargo Aggregates,Tier 3,WH-BLR-03,South Central (Bengaluru),Priority Surface Cargo,758.53,892.0,2024-04-15,2024-04-16,1,Delayed,0,0
SHP-20240616,2024-10-02,SUP-06,Global Polymer Solutions,Tier 2,WH-MUM-02,West Port (Mumbai),Express Air Freight,502.37,970.48,2024-10-06,2024-10-06,0,On-Time,1,0
SHP-20240617,2025-08-16,SUP-06,Global Polymer Solutions,Tier 2,WH-MUM-02,West Port (Mumbai),Regional Truckload,274.9,266.73,18/08/2025,2025-08-19,1,Delayed,0,0
SHP-20240618,2024-01-24,SUP-07,Hind Cargo Aggregates,Tier 3,WH-BLR-03,South Central (Bengaluru),Express Air Freight,573.24,1134.28,2024-01-27,2024-01-30,3,Delayed,0,0
SHP-20240619,2025-09-01,SUP-01,Apex Precision Components,Tier 1,WH-BLR-03,South Central (Bengaluru),Priority Surface Cargo,796.06,915.15,2025-09-06,2025-09-11,5,Delayed,0,0
SHP-20240620,2024-02-14,SUP-08,Indus Logistics Fab,Tier 3,WH-DEL-01,North Hub (Delhi-NCR),Priority Surface Cargo,799.04,929.11,2024-02-17,2024-02-17,0,On-Time,1,0
SHP-20240621,2024-04-21,SUP-05,Falcon Fasteners Corp,Tier 2,WH-BLR-03,South Central (Bengaluru),Standard Rail Transport,697.05,541.29,2024-04-27,2024-04-28,1,Delayed,0,0
SHP-20240622,2024-02-19,SUP-05,Falcon Fasteners Corp,Tier 2,WH-KOL-04,East Gateway (Kolkata),Regional Truckload,661.28,522.78,2024-02-24,2024-02-24,0,On-Time,1,0
SHP-20240623,2024-10-01,SUP-02,Bharat Heavy Forgings,Tier 1,WH-DEL-01,North Hub (Delhi-NCR),Express Air Freight,717.26,1401.37,2024-10-03,2024-10-03,0,On-Time,1,0
SHP-20240624,2025-02-07,SUP-08,Indus Logistics Fab,Tier 3,WH-DEL-01,North Hub (Delhi-NCR),Regional Truckload,673.89,505.49,2025-02-13,2025-02-18,5,Delayed,0,0
SHP-20240625,2024-04-19,SUP-07,Hind Cargo Aggregates,Tier 3,WH-KOL-04,East Gateway (Kolkata),Express Air Freight,742.74,1420.5,2024-04-21,2024-04-22,1,Delayed,0,0
SHP-20240626,2025-07-09,SUP-04,Evergreen Raw Materials,Tier 2,WH-DEL-01,North Hub (Delhi-NCR),Regional Truckload,778.56,588.77,2025-07-14,2025-07-14,0,On-Time,1,0
SHP-20240627,2024-07-28,SUP-01,Apex Precision Components,Tier 1,WH-DEL-01,North Hub (Delhi-NCR),Regional Truckload,411.62,344.53,2024-07-30,2024-07-30,0,On-Time,1,0
SHP-20240628,2025-01-27,SUP-06,Global Polymer Solutions,Tier 2,WH-KOL-04,East Gateway (Kolkata),Standard Rail Transport,635.63,467.35,2025-02-02,2025-02-03,1,Delayed,0,0
SHP-20240629,2024-06-22,SUP-08,Indus Logistics Fab,Tier 3,WH-DEL-01,North Hub (Delhi-NCR),Express Air Freight,743.31,1427.57,2024-06-25,2024-06-28,3,Delayed,0,0
SHP-20240630,2024-06-24,SUP-01,Apex Precision Components,Tier 1,WH-KOL-04,East Gateway (Kolkata),Regional Truckload,704.34,551.59,2024-06-27,2024-06-28,1,Delayed,0,0
SHP-20240631,2025-05-20,SUP-02,Bharat Heavy Forgings,Tier 1,WH-DEL-01,North Hub (Delhi-NCR),Standard Rail Transport,275.79,210.22,2025-05-24,2025-05-25,1,Delayed,0,0
SHP-20240632,2025-01-27,SUP-02,Bharat Heavy Forgings,Tier 1,WH-DEL-01,North Hub (Delhi-NCR),Express Air Freight,436.15,858.46,2025-02-02,2025-02-04,2,Delayed,0,0
SHP-20240633,2025-04-09,SUP-02,Bharat Heavy Forgings,Tier 1,WH-MUM-02,West Port (Mumbai),Regional Truckload,719.47,509.56,2025-04-12,2025-04-12,0,On-Time,1,0
SHP-20240634,2024-06-19,SUP-03,Delta Electronics Hub,Tier 1,WH-BLR-03,South Central (Bengaluru),Priority Surface Cargo,108.06,205.25,2024-06-23,2024-06-28,5,Delayed,0,0
SHP-20240635,2025-07-24,SUP-01,Apex Precision Components,Tier 1,WH-BLR-03,South Central (Bengaluru),Priority Surface Cargo,545.05,692.95,2025-07-29,2025-08-02,4,Delayed,0,0
SHP-20240636,2024-12-14,SUP-03,Delta Electronics Hub,Tier 1,WH-BLR-03,South Central (Bengaluru),Express Air Freight,168.98,390.11,2024-12-20,2024-12-21,1,Delayed,0,0
SHP-20240637,2025-11-27,SUP-03,Delta Electronics Hub,Tier 1,WH-KOL-04,East Gateway (Kolkata),Priority Surface Cargo,414.94,514.37,2025-12-01,2025-12-03,2,Delayed,0,0
SHP-20240638,2025-01-12,SUP-05,Falcon Fasteners Corp,Tier 2,WH-BLR-03,South Central (Bengaluru),Priority Surface Cargo,799.16,938.13,2025-01-17,2025-01-22,5,Delayed,0,0
SHP-20240639,2024-09-19,SUP-05,Falcon Fasteners Corp,Tier 2,WH-BLR-03,South Central (Bengaluru),Express Air Freight,412.07,805.87,2024-09-25,2024-09-25,0,On-Time,1,0
SHP-20240640,2024-01-14,SUP-01,Apex Precision Components,Tier 1,WH-KOL-04,East Gateway (Kolkata),Standard Rail Transport,542.35,419.88,2024-01-18,2024-01-18,0,On-Time,1,0
SHP-20240641,2024-11-20,SUP-06,Global Polymer Solutions,Tier 2,WH-MUM-02,West Port (Mumbai),Regional Truckload,243.96,221.75,2024-11-26,2024-11-26,0,On-Time,1,0
SHP-20240642,2024-12-10,SUP-04,Evergreen Raw Materials,Tier 2,WH-MUM-02,West Port (Mumbai),Regional Truckload,558.31,454.99,2024-12-14,2024-12-15,1,Delayed,0,0
SHP-20240643,2024-03-23,SUP-05,Falcon Fasteners Corp,Tier 2,WH-KOL-04,East Gateway (Kolkata),Regional Truckload,227.87,174.41,2024-03-27,2024-04-07,11,Delayed,0,0
SHP-20240644,2025-01-05,SUP-07,Hind Cargo Aggregates,Tier 3,WH-KOL-04,East Gateway (Kolkata),Express Air Freight,45.85,153.39,2025-01-11,2025-01-11,0,On-Time,1,0
SHP-20240645,2025-02-22,SUP-06,Global Polymer Solutions,Tier 2,WH-KOL-04,East Gateway (Kolkata),Express Air Freight,512.17,1002.49,2025-02-24,2025-03-02,6,Delayed,0,0
SHP-20240646,2025-11-21,SUP-07,Hind Cargo Aggregates,Tier 3,WH-BLR-03,South Central (Bengaluru),Express Air Freight,602.99,1156.84,2025-11-24,2025-11-24,0,On-Time,1,0
SHP-20240647,2024-08-05,SUP-01,Apex Precision Components,Tier 1,WH-DEL-01,North Hub (Delhi-NCR),Regional Truckload,90.36,102.67,2024-08-10,2024-08-11,1,delayed  ,0,0
SHP-20240648,2025-01-29,SUP-03,Delta Electronics Hub,Tier 1,WH-KOL-04,East Gateway (Kolkata),Priority Surface Cargo,391.54,461.02,2025-01-31,2025-01-31,0,On-Time,1,0
SHP-20240649,2025-05-04,SUP-02,Bharat Heavy Forgings,Tier 1,WH-DEL-01,North Hub (Delhi-NCR),Regional Truckload,838.01,596.45,2025-05-10,2025-05-11,1,Delayed,0,0
SHP-20240650,2025-02-25,SUP-07,Hind Cargo Aggregates,Tier 3,WH-KOL-04,East Gateway (Kolkata),Priority Surface Cargo,594.28,732.37,2025-03-02,2025-03-02,0,On-Time,1,0
SHP-20240651,2025-09-14,SUP-06,Global Polymer Solutions,Tier 2,WH-DEL-01,North Hub (Delhi-NCR),Standard Rail Transport,690.11,507.18,2025-09-18,2025-09-18,0,On-Time,1,0
SHP-20240652,2024-05-20,SUP-03,Delta Electronics Hub,Tier 1,WH-KOL-04,East Gateway (Kolkata),Express Air Freight,331.68,708.17,2024-05-24,2024-05-24,0,On-Time,1,0
SHP-20240653,2024-04-10,SUP-05,Falcon Fasteners Corp,Tier 2,WH-DEL-01,North Hub (Delhi-NCR),Standard Rail Transport,328.3,301.8,2024-04-12,2024-04-13,1,Delayed,0,0
SHP-20240654,2025-09-30,SUP-08,Indus Logistics Fab,Tier 3,WH-DEL-01,North Hub (Delhi-NCR),Express Air Freight,608.63,1168.85,2025-10-02,2025-10-02,0,On-Time,1,0
SHP-20240655,2025-05-03,SUP-05,Falcon Fasteners Corp,Tier 2,WH-BLR-03,South Central (Bengaluru),Standard Rail Transport,466.21,345.28,2025-05-05,2025-05-09,4,Delayed,0,0
SHP-20240656,2025-10-28,SUP-04,Evergreen Raw Materials,Tier 2,WH-BLR-03,South Central (Bengaluru),Standard Rail Transport,188.34,155.31,2025-10-31,2025-11-01,1,Delayed,0,0
SHP-20240657,2024-02-24,SUP-01,Apex Precision Components,Tier 1,WH-BLR-03,South Central (Bengaluru),Regional Truckload,448.25,350.71,2024-02-28,2024-02-28,0,On-Time,1,0
SHP-20240658,2025-12-01,SUP-02,Bharat Heavy Forgings,Tier 1,WH-MUM-02,West Port (Mumbai),Regional Truckload,159.08,193.03,2025-12-04,2025-12-05,1,Delayed,0,0
SHP-20240659,2025-09-05,SUP-06,Global Polymer Solutions,Tier 2,WH-BLR-03,South Central (Bengaluru),Express Air Freight,80.51,212.41,2025-09-10,2025-09-12,2,Delayed,0,0
SHP-20240660,2025-11-06,SUP-08,Indus Logistics Fab,Tier 3,WH-DEL-01,North Hub (Delhi-NCR),Express Air Freight,170.23,391.69,2025-11-08,2025-11-10,2,Delayed,0,0
SHP-20240661,2024-03-15,SUP-03,Delta Electronics Hub,Tier 1,WH-KOL-04,East Gateway (Kolkata),Priority Surface Cargo,318.02,419.0,2024-03-20,2024-03-25,5,Delayed,0,0
SHP-20240662,2024-08-25,SUP-05,Falcon Fasteners Corp,Tier 2,WH-BLR-03,South Central (Bengaluru),Priority Surface Cargo,541.71,639.52,2024-08-30,2024-08-30,0,On-Time,1,0
SHP-20240663,2024-07-31,SUP-02,Bharat Heavy Forgings,Tier 1,WH-KOL-04,East Gateway (Kolkata),Regional Truckload,348.56,306.52,2024-08-02,2024-08-03,1,Delayed,0,0
SHP-20240664,2025-08-18,SUP-02,Bharat Heavy Forgings,Tier 1,WH-KOL-04,East Gateway (Kolkata),Express Air Freight,439.09,886.65,2025-08-20,2025-09-02,13,Delayed,0,0
SHP-20240665,2025-08-27,SUP-02,Bharat Heavy Forgings,Tier 1,WH-MUM-02,West Port (Mumbai),Regional Truckload,785.95,543.35,2025-09-02,2025-09-02,0,On-Time,1,0
SHP-20240666,2025-10-01,SUP-04,Evergreen Raw Materials,Tier 2,WH-MUM-02,West Port (Mumbai),Priority Surface Cargo,223.24,287.99,2025-10-03,2025-10-03,0,On-Time,1,0
SHP-20240667,2025-08-27,SUP-06,Global Polymer Solutions,Tier 2,WH-MUM-02,West Port (Mumbai),Priority Surface Cargo,-668.62,774.06,2025-09-02,2025-09-02,0,On-Time,1,1
SHP-20240668,2024-10-29,SUP-05,Falcon Fasteners Corp,Tier 2,WH-KOL-04,East Gateway (Kolkata),Standard Rail Transport,666.15,503.44,2024-11-04,2024-11-09,5,Delayed,0,0
SHP-20240669,2025-09-21,SUP-05,Falcon Fasteners Corp,Tier 2,WH-MUM-02,West Port (Mumbai),Express Air Freight,33.86,111.07,2025-09-27,2025-09-27,0,On-Time,1,0
SHP-20240670,2024-10-26,SUP-01,Apex Precision Components,Tier 1,WH-DEL-01,North Hub (Delhi-NCR),Standard Rail Transport,446.65,383.38,2024-10-29,2024-10-30,1,Delayed,0,0
SHP-20240671,2024-11-15,SUP-03,Delta Electronics Hub,Tier 1,WH-BLR-03,South Central (Bengaluru),Regional Truckload,244.08,228.82,2024-11-21,2024-11-21,0,On-Time,1,0
SHP-20240672,2025-02-27,SUP-07,Hind Cargo Aggregates,Tier 3,WH-MUM-02,West Port (Mumbai),Standard Rail Transport,712.52,511.37,2025-03-01,2025-03-02,1,Delayed,0,0
SHP-20240673,2024-04-19,SUP-04,Evergreen Raw Materials,Tier 2,WH-BLR-03,South Central (Bengaluru),Priority Surface Cargo,676.61,773.57,2024-04-21,2024-04-21,0,On-Time,1,0
SHP-20240674,2025-09-10,SUP-07,Hind Cargo Aggregates,Tier 3,WH-DEL-01,North Hub (Delhi-NCR),Standard Rail Transport,585.01,437.73,2025-09-13,2025-09-13,0,On-Time,1,0
SHP-20240675,2024-04-29,SUP-05,Falcon Fasteners Corp,Tier 2,WH-BLR-03,South Central (Bengaluru),Express Air Freight,111.95,291.7,2024-05-03,2024-05-03,0,On-Time,1,0
SHP-20240676,2024-04-04,SUP-06,Global Polymer Solutions,Tier 2,WH-DEL-01,North Hub (Delhi-NCR),Regional Truckload,184.67,197.19,2024-04-08,2024-04-08,0,On-Time,1,0
SHP-20240677,2025-04-30,SUP-05,Falcon Fasteners Corp,Tier 2,WH-MUM-02,West Port (Mumbai),Regional Truckload,309.99,275.12,2025-05-04,2025-05-04,0,On-Time,1,0
SHP-20240678,2025-01-09,SUP-04,Evergreen Raw Materials,Tier 2,WH-DEL-01,North Hub (Delhi-NCR),Express Air Freight,-306.18,623.96,2025-01-14,2025-01-15,1,Delayed,0,0
SHP-20240679,2024-05-21,SUP-01,Apex Precision Components,Tier 1,WH-BLR-03,South Central (Bengaluru),Regional Truckload,460.66,343.11,2024-05-25,2024-05-28,3,Delayed,0,0
SHP-20240680,2024-02-20,SUP-08,Indus Logistics Fab,Tier 3,WH-BLR-03,South Central (Bengaluru),Standard Rail Transport,64.31,136.25,2024-02-23,2024-02-25,2,Delayed,0,0
SHP-20240681,2024-05-24,SUP-07,Hind Cargo Aggregates,Tier 3,WH-BLR-03,South Central (Bengaluru),Regional Truckload,428.12,330.96,2024-05-29,2024-05-30,1,Delayed,0,0
SHP-20240682,2025-11-12,SUP-04,Evergreen Raw Materials,Tier 2,WH-KOL-04,East Gateway (Kolkata),Regional Truckload,437.56,349.3,2025-11-18,2025-11-23,5,Delayed,0,0
SHP-20240683,2025-01-27,SUP-05,Falcon Fasteners Corp,Tier 2,WH-MUM-02,West Port (Mumbai),Regional Truckload,80.18,102.27,2025-02-02,2025-02-02,0,On-Time,1,0
SHP-20240684,2024-09-02,SUP-05,Falcon Fasteners Corp,Tier 2,WH-BLR-03,South Central (Bengaluru),Express Air Freight,198.99,437.63,2024-09-06,2024-09-07,1,Delayed,0,0
SHP-20240685,2025-05-09,SUP-07,Hind Cargo Aggregates,Tier 3,WH-BLR-03,South Central (Bengaluru),Priority Surface Cargo,209.8,256.22,2025-05-15,2025-05-20,5,Delayed,0,0
SHP-20240686,2024-01-07,SUP-07,Hind Cargo Aggregates,Tier 3,WH-BLR-03,South Central (Bengaluru),Priority Surface Cargo,387.68,485.51,2024-01-12,2024-01-12,0,On-Time,1,0
SHP-20240687,2024-08-13,SUP-07,Hind Cargo Aggregates,Tier 3,WH-MUM-02,West Port (Mumbai),Express Air Freight,702.54,1336.97,2024-08-17,2024-08-22,5,Delayed,0,0
SHP-20240688,2024-09-06,SUP-08,Indus Logistics Fab,Tier 3,WH-BLR-03,South Central (Bengaluru),Regional Truckload,500.27,388.23,2024-09-09,2024-09-09,0,On-Time,1,0
SHP-20240689,2024-01-14,SUP-06,Global Polymer Solutions,Tier 2,WH-BLR-03,South Central (Bengaluru),Express Air Freight,174.54,403.11,2024-01-19,2024-01-19,0,On-Time,1,0
SHP-20240690,2025-07-19,SUP-04,Evergreen Raw Materials,Tier 2,WH-MUM-02,West Port (Mumbai),Regional Truckload,720.39,560.35,2025-07-25,2025-07-28,3,Delayed,0,0
SHP-20240691,2024-01-20,SUP-02,Bharat Heavy Forgings,Tier 1,WH-BLR-03,South Central (Bengaluru),Express Air Freight,535.75,1028.68,2024-01-25,2024-01-25,0,On-Time,1,0
SHP-20240692,2024-05-17,SUP-07,Hind Cargo Aggregates,Tier 3,WH-MUM-02,West Port (Mumbai),Standard Rail Transport,140.74,141.15,2024-05-23,2024-05-24,1,Delayed,0,0
SHP-20240693,2025-12-11,SUP-08,Indus Logistics Fab,Tier 3,WH-MUM-02,West Port (Mumbai),Priority Surface Cargo,297.86,387.21,2025-12-13,2025-12-17,4,Delayed,0,0
SHP-20240694,2025-12-13,SUP-05,Falcon Fasteners Corp,Tier 2,WH-MUM-02,West Port (Mumbai),Standard Rail Transport,41.11,84.57,2025-12-15,2025-12-16,1,Delayed,0,0
SHP-20240695,2025-02-13,SUP-06,Global Polymer Solutions,Tier 2,WH-MUM-02,West Port (Mumbai),Express Air Freight,688.68,1362.06,2025-02-16,2025-02-16,0,On-Time,1,0
SHP-20240696,2025-01-04,SUP-03,Delta Electronics Hub,Tier 1,WH-DEL-01,North Hub (Delhi-NCR),Regional Truckload,742.3,534.23,2025-01-07,2025-01-09,2,Delayed,0,0
SHP-20240697,2024-04-08,SUP-05,Falcon Fasteners Corp,Tier 2,WH-KOL-04,East Gateway (Kolkata),Express Air Freight,128.08,293.15,2024-04-11,2024-04-13,2,Delayed,0,0
SHP-20240698,2025-01-05,SUP-04,Evergreen Raw Materials,Tier 2,WH-KOL-04,East Gateway (Kolkata),Priority Surface Cargo,105.01,160.09,2025-01-07,2025-01-10,3,Delayed,0,0
SHP-20240699,2024-10-17,SUP-03,Delta Electronics Hub,Tier 1,WH-DEL-01,North Hub (Delhi-NCR),Regional Truckload,249.61,229.43,2024-10-20,2024-10-21,1,Delayed,0,0
SHP-20240700,2024-01-31,SUP-08,Indus Logistics Fab,Tier 3,WH-MUM-02,West Port (Mumbai),Express Air Freight,563.11,1118.45,2024-02-02,2024-02-02,0,On-Time,1,0
SHP-20240701,2024-08-03,SUP-02,Bharat Heavy Forgings,Tier 1,WH-KOL-04,East Gateway (Kolkata),Standard Rail Transport,762.11,532.17,2024-08-06,2024-08-09,3,Delayed,0,0
SHP-20240702,2024-07-25,SUP-07,Hind Cargo Aggregates,Tier 3,WH-DEL-01,North Hub (Delhi-NCR),Priority Surface Cargo,839.52,1000.36,2024-07-30,2024-07-30,0,On-Time,1,0
SHP-20240703,2024-02-08,SUP-01,Apex Precision Components,Tier 1,WH-BLR-03,South Central (Bengaluru),Standard Rail Transport,526.39,390.12,2024-02-10,2024-02-10,0,On-Time,1,0
SHP-20240704,2024-12-31,SUP-02,Bharat Heavy Forgings,Tier 1,WH-DEL-01,North Hub (Delhi-NCR),Regional Truckload,482.26,407.74,2025-01-06,2025-01-06,0,On-Time,1,0
SHP-20240705,2025-03-28,SUP-08,Indus Logistics Fab,Tier 3,WH-MUM-02,West Port (Mumbai),Regional Truckload,363.48,267.29,2025-03-31,2025-04-01,1,Delayed,0,0
SHP-20240706,2024-04-18,SUP-07,Hind Cargo Aggregates,Tier 3,WH-KOL-04,East Gateway (Kolkata),Express Air Freight,253.26,535.52,2024-04-20,2024-04-22,2,Delayed,0,0
SHP-20240707,2024-12-14,SUP-08,Indus Logistics Fab,Tier 3,WH-MUM-02,West Port (Mumbai),Standard Rail Transport,336.81,252.83,2024-12-18,2024-12-23,5,Delayed,0,0
SHP-20240708,2025-06-25,SUP-02,Bharat Heavy Forgings,Tier 1,WH-BLR-03,South Central (Bengaluru),Express Air Freight,836.76,1608.93,2025-06-27,2025-06-28,1,Delayed,0,0
SHP-20240709,2025-02-14,SUP-05,Falcon Fasteners Corp,Tier 2,WH-MUM-02,West Port (Mumbai),Regional Truckload,105.51,150.63,2025-02-17,2025-02-17,0,On-Time,1,0
SHP-20240710,2024-02-09,SUP-05,Falcon Fasteners Corp,Tier 2,WH-KOL-04,East Gateway (Kolkata),Express Air Freight,101.13,250.09,2024-02-14,2024-02-21,7,Delayed,0,0
SHP-20240711,2024-12-03,SUP-03,Delta Electronics Hub,Tier 1,WH-MUM-02,West Port (Mumbai),Priority Surface Cargo,40.62,133.61,2024-12-09,2024-12-10,1,Delayed,0,0
SHP-20240712,2024-06-21,SUP-08,Indus Logistics Fab,Tier 3,WH-MUM-02,West Port (Mumbai),Regional Truckload,669.6,469.78,2024-06-24,2024-06-24,0,On-Time,1,0
SHP-20240713,2024-08-18,SUP-01,Apex Precision Components,Tier 1,WH-BLR-03,South Central (Bengaluru),Priority Surface Cargo,840.81,984.66,2024-08-21,2024-08-22,1,Delayed,0,0
SHP-20240714,2024-11-18,SUP-07,Hind Cargo Aggregates,Tier 3,WH-MUM-02,West Port (Mumbai),Express Air Freight,640.16,1214.0,2024-11-21,2024-11-26,5,Delayed,0,0
SHP-20240715,2025-06-10,SUP-04,Evergreen Raw Materials,Tier 2,WH-BLR-03,South Central (Bengaluru),Priority Surface Cargo,757.53,914.08,2025-06-16,2025-06-16,0,On-Time,1,0
SHP-20240716,2025-01-18,SUP-02,Bharat Heavy Forgings,Tier 1,WH-BLR-03,South Central (Bengaluru),Regional Truckload,579.32,430.48,2025-01-24,2025-01-25,1,Delayed,0,0
SHP-20240717,2025-12-05,SUP-02,Bharat Heavy Forgings,Tier 1,WH-MUM-02,West Port (Mumbai),Priority Surface Cargo,308.85,426.24,2025-12-11,2025-12-11,0,On-Time,1,1
SHP-20240718,2024-08-22,SUP-03,Delta Electronics Hub,Tier 1,WH-BLR-03,South Central (Bengaluru),Priority Surface Cargo,165.52,230.32,2024-08-27,2024-08-29,2,Delayed,0,0
SHP-20240719,2025-04-07,SUP-06,Global Polymer Solutions,Tier 2,WH-MUM-02,West Port (Mumbai),Priority Surface Cargo,-731.42,840.42,2025-04-12,2025-04-17,5,Delayed,0,0
SHP-20240720,2024-03-03,SUP-03,Delta Electronics Hub,Tier 1,WH-BLR-03,South Central (Bengaluru),Priority Surface Cargo,157.87,247.04,2024-03-09,2024-03-10,1,Delayed,0,0
SHP-20240721,2025-11-27,SUP-02,Bharat Heavy Forgings,Tier 1,WH-KOL-04,East Gateway (Kolkata),Express Air Freight,443.32,852.73,2025-11-29,2025-11-30,1,Delayed,0,0
SHP-20240722,2024-08-02,SUP-05,Falcon Fasteners Corp,Tier 2,WH-DEL-01,North Hub (Delhi-NCR),Express Air Freight,461.99,936.77,2024-08-06,2024-08-06,0,On-Time,1,0
SHP-20240723,2025-06-17,SUP-03,Delta Electronics Hub,Tier 1,WH-MUM-02,West Port (Mumbai),Regional Truckload,566.16,424.22,2025-06-19,2025-06-19,0,On-Time,1,0
SHP-20240724,2024-02-25,SUP-07,Hind Cargo Aggregates,Tier 3,WH-MUM-02,West Port (Mumbai),Express Air Freight,847.97,1653.58,2024-02-27,2024-03-01,3,Delayed,0,0
SHP-20240725,2024-05-11,SUP-04,Evergreen Raw Materials,Tier 2,WH-DEL-01,North Hub (Delhi-NCR),Express Air Freight,-368.93,762.97,2024-05-16,2024-05-16,0,On-Time,1,0
SHP-20240726,2025-06-25,SUP-02,Bharat Heavy Forgings,Tier 1,WH-MUM-02,West Port (Mumbai),Express Air Freight,655.99,1276.14,2025-06-28,2025-06-28,0,On-Time,1,0
SHP-20240727,2025-06-02,SUP-03,Delta Electronics Hub,Tier 1,WH-KOL-04,East Gateway (Kolkata),Priority Surface Cargo,641.71,794.66,2025-06-06,2025-06-09,3,Delayed,0,0
SHP-20240728,2025-08-20,SUP-03,Delta Electronics Hub,Tier 1,WH-KOL-04,East Gateway (Kolkata),Regional Truckload,248.17,212.52,2025-08-24,2025-08-24,0,On-Time,1,0
SHP-20240729,2024-10-23,SUP-03,Delta Electronics Hub,Tier 1,WH-DEL-01,North Hub (Delhi-NCR),Regional Truckload,173.72,171.64,2024-10-25,2024-10-27,2,Delayed,0,0
SHP-20240730,2024-02-21,SUP-07,Hind Cargo Aggregates,Tier 3,WH-MUM-02,West Port (Mumbai),Priority Surface Cargo,570.3,688.43,2024-02-24,2024-02-24,0,On-Time,1,0
SHP-20240731,2024-09-16,SUP-03,Delta Electronics Hub,Tier 1,WH-MUM-02,West Port (Mumbai),Regional Truckload,807.38,598.63,2024-09-19,2024-09-19,0,On-Time,1,0
SHP-20240732,2024-02-15,SUP-04,Evergreen Raw Materials,Tier 2,WH-MUM-02,West Port (Mumbai),Priority Surface Cargo,46.6,84.87,2024-02-20,2024-02-20,0,On-Time,1,0
SHP-20240733,2024-01-22,SUP-03,Delta Electronics Hub,Tier 1,WH-DEL-01,North Hub (Delhi-NCR),Priority Surface Cargo,523.41,665.08,2024-01-26,2024-01-27,1,Delayed,0,0
SHP-20240734,2024-12-19,SUP-02,Bharat Heavy Forgings,Tier 1,WH-BLR-03,South Central (Bengaluru),Express Air Freight,807.24,1559.48,2024-12-24,2024-12-26,2,Delayed,0,0
SHP-20240735,2024-01-11,SUP-02,Bharat Heavy Forgings,Tier 1,WH-KOL-04,East Gateway (Kolkata),Standard Rail Transport,50.21,78.48,2024-01-14,2024-01-14,0,On-Time,1,0
SHP-20240736,2024-01-27,SUP-07,Hind Cargo Aggregates,Tier 3,WH-DEL-01,North Hub (Delhi-NCR),Express Air Freight,310.25,639.85,2024-01-29,2024-01-29,0,On-Time,1,0
SHP-20240737,2025-02-05,SUP-02,Bharat Heavy Forgings,Tier 1,WH-BLR-03,South Central (Bengaluru),Standard Rail Transport,702.71,523.06,2025-02-10,2025-02-15,5,Delayed,0,0
SHP-20240738,2025-11-01,SUP-05,Falcon Fasteners Corp,Tier 2,WH-MUM-02,West Port (Mumbai),Express Air Freight,725.36,1398.63,2025-11-04,2025-11-09,5,Delayed,0,0
SHP-20240739,2024-01-30,SUP-02,Bharat Heavy Forgings,Tier 1,WH-BLR-03,South Central (Bengaluru),Express Air Freight,607.74,1209.24,2024-02-02,2024-02-07,5,Delayed,0,0
SHP-20240740,2024-02-13,SUP-03,Delta Electronics Hub,Tier 1,WH-KOL-04,East Gateway (Kolkata),Priority Surface Cargo,57.98,102.16,2024-02-15,2024-02-18,3,Delayed,0,0
SHP-20240741,2025-10-31,SUP-03,Delta Electronics Hub,Tier 1,WH-KOL-04,East Gateway (Kolkata),Standard Rail Transport,697.97,518.03,2025-11-05,2025-11-06,1,Delayed,0,0
SHP-20240742,2025-06-13,SUP-04,Evergreen Raw Materials,Tier 2,WH-DEL-01,North Hub (Delhi-NCR),Priority Surface Cargo,603.15,727.44,2025-06-16,2025-06-16,0,On-Time,1,0
SHP-20240743,2025-03-29,SUP-07,Hind Cargo Aggregates,Tier 3,WH-BLR-03,South Central (Bengaluru),Express Air Freight,354.36,747.84,2025-04-03,2025-04-03,0,On-Time,1,0
SHP-20240744,2024-03-12,SUP-07,Hind Cargo Aggregates,Tier 3,WH-MUM-02,West Port (Mumbai),Regional Truckload,694.46,523.87,2024-03-15,2024-03-17,2,Delayed,0,0
SHP-20240745,2025-08-27,SUP-01,Apex Precision Components,Tier 1,WH-BLR-03,South Central (Bengaluru),Priority Surface Cargo,391.29,479.35,2025-09-02,2025-09-02,0,On-Time,1,0
SHP-20240746,2024-09-18,SUP-03,Delta Electronics Hub,Tier 1,WH-DEL-01,North Hub (Delhi-NCR),Express Air Freight,537.8,1046.78,2024-09-24,2024-09-28,4,Delayed,0,0
SHP-20240747,2025-05-21,SUP-08,Indus Logistics Fab,Tier 3,WH-BLR-03,South Central (Bengaluru),Standard Rail Transport,157.12,166.78,2025-05-26,2025-05-27,1,Delayed,0,0
SHP-20240748,2025-01-14,SUP-05,Falcon Fasteners Corp,Tier 2,WH-DEL-01,North Hub (Delhi-NCR),Standard Rail Transport,122.22,146.58,2025-01-20,2025-01-21,1,Delayed,0,0
SHP-20240749,2025-08-30,SUP-02,Bharat Heavy Forgings,Tier 1,WH-BLR-03,South Central (Bengaluru),Priority Surface Cargo,610.43,744.47,2025-09-03,2025-09-03,0,On-Time,1,0
SHP-20240750,2025-07-02,SUP-05,Falcon Fasteners Corp,Tier 2,WH-BLR-03,South Central (Bengaluru),Priority Surface Cargo,770.85,919.74,2025-07-06,2025-07-06,0,On-Time,1,0
SHP-20240751,2024-10-15,SUP-01,Apex Precision Components,Tier 1,WH-MUM-02,West Port (Mumbai),Priority Surface Cargo,385.25,472.08,2024-10-21,2024-10-21,0,On-Time,1,0
SHP-20240752,2024-01-04,SUP-03,Delta Electronics Hub,Tier 1,WH-KOL-04,East Gateway (Kolkata),Standard Rail Transport,781.47,563.63,2024-01-10,2024-01-10,0,On-Time,1,0
SHP-20240753,2024-09-03,SUP-02,Bharat Heavy Forgings,Tier 1,WH-MUM-02,West Port (Mumbai),Standard Rail Transport,200.18,186.87,2024-09-09,2024-09-09,0,On-Time,1,0
SHP-20240754,2025-10-19,SUP-05,Falcon Fasteners Corp,Tier 2,WH-MUM-02,West Port (Mumbai),Priority Surface Cargo,665.08,806.76,2025-10-25,2025-10-25,0,On-Time,1,0
SHP-20240755,2024-05-31,SUP-06,Global Polymer Solutions,Tier 2,WH-DEL-01,North Hub (Delhi-NCR),Standard Rail Transport,675.72,526.06,2024-06-03,2024-06-03,0,On-Time,1,0
SHP-20240756,2024-12-25,SUP-07,Hind Cargo Aggregates,Tier 3,WH-MUM-02,West Port (Mumbai),Priority Surface Cargo,848.9,959.36,2024-12-29,2025-01-03,5,Delayed,0,0
SHP-20240757,2024-06-22,SUP-06,Global Polymer Solutions,Tier 2,WH-MUM-02,West Port (Mumbai),Standard Rail Transport,360.38,290.41,2024-06-27,2024-06-27,0,On-Time,1,0
SHP-20240758,2024-05-03,SUP-01,Apex Precision Components,Tier 1,WH-KOL-04,East Gateway (Kolkata),Priority Surface Cargo,558.42,661.29,2024-05-09,2024-05-09,0,On-Time,1,0
SHP-20240759,2025-04-22,SUP-02,Bharat Heavy Forgings,Tier 1,WH-KOL-04,East Gateway (Kolkata),Express Air Freight,399.28,821.18,2025-04-24,2025-04-28,4,Delayed,0,0
SHP-20240760,2024-07-24,SUP-04,Evergreen Raw Materials,Tier 2,WH-KOL-04,East Gateway (Kolkata),Priority Surface Cargo,749.2,880.79,2024-07-26,2024-07-27,1,Delayed,0,0
SHP-20240761,2024-08-04,SUP-02,Bharat Heavy Forgings,Tier 1,WH-BLR-03,South Central (Bengaluru),Priority Surface Cargo,297.5,408.22,2024-08-07,2024-08-07,0,on-time  ,1,0
SHP-20240762,2024-05-05,SUP-06,Global Polymer Solutions,Tier 2,WH-MUM-02,West Port (Mumbai),Priority Surface Cargo,340.26,414.17,2024-05-07,2024-05-07,0,On-Time,1,0
SHP-20240763,2024-08-17,SUP-06,Global Polymer Solutions,Tier 2,WH-MUM-02,West Port (Mumbai),Standard Rail Transport,319.68,302.46,2024-08-20,2024-08-21,1,Delayed,0,0
SHP-20240764,2025-07-01,SUP-08,Indus Logistics Fab,Tier 3,WH-MUM-02,West Port (Mumbai),Standard Rail Transport,157.96,166.54,2025-07-07,2025-07-07,0,On-Time,1,0
SHP-20240765,2024-09-29,SUP-08,Indus Logistics Fab,Tier 3,WH-DEL-01,North Hub (Delhi-NCR),Standard Rail Transport,177.21,185.56,2024-10-05,2024-10-06,1,Delayed,0,0
SHP-20240766,2025-09-03,SUP-03,Delta Electronics Hub,Tier 1,WH-BLR-03,South Central (Bengaluru),Priority Surface Cargo,749.33,867.93,2025-09-09,2025-09-10,1,Delayed,0,0
SHP-20240767,2025-10-28,SUP-04,Evergreen Raw Materials,Tier 2,WH-BLR-03,South Central (Bengaluru),Regional Truckload,108.57,122.11,2025-11-01,2025-11-06,5,Delayed,0,0
SHP-20240768,2025-11-22,SUP-03,Delta Electronics Hub,Tier 1,WH-DEL-01,North Hub (Delhi-NCR),Priority Surface Cargo,845.8,1024.39,2025-11-24,2025-11-24,0,On-Time,1,0
SHP-20240769,2024-12-17,SUP-03,Delta Electronics Hub,Tier 1,WH-MUM-02,West Port (Mumbai),Regional Truckload,709.99,551.28,2024-12-20,2024-12-20,0,On-Time,1,0
SHP-20240770,2025-09-11,SUP-02,Bharat Heavy Forgings,Tier 1,WH-DEL-01,North Hub (Delhi-NCR),Regional Truckload,385.98,279.72,2025-09-16,2025-09-16,0,On-Time,1,0
SHP-20240771,2025-09-15,SUP-02,Bharat Heavy Forgings,Tier 1,WH-BLR-03,South Central (Bengaluru),Express Air Freight,408.97,805.7,2025-09-21,2025-09-23,2,Delayed,0,0
SHP-20240772,2025-03-22,SUP-08,Indus Logistics Fab,Tier 3,WH-KOL-04,East Gateway (Kolkata),Regional Truckload,735.28,560.73,2025-03-24,2025-03-30,6,Delayed,0,0
SHP-20240773,2025-10-27,SUP-05,Falcon Fasteners Corp,Tier 2,WH-BLR-03,South Central (Bengaluru),Express Air Freight,-262.54,549.17,2025-10-29,2025-10-29,0,On-Time,1,0
SHP-20240774,2024-02-01,SUP-07,Hind Cargo Aggregates,Tier 3,WH-DEL-01,North Hub (Delhi-NCR),Regional Truckload,301.48,262.85,2024-02-05,2024-02-05,0,On-Time,1,0
SHP-20240775,2025-10-16,SUP-04,Evergreen Raw Materials,Tier 2,WH-KOL-04,East Gateway (Kolkata),Standard Rail Transport,61.31,76.23,2025-10-22,2025-10-27,5,Delayed,0,0
SHP-20240776,2025-09-13,SUP-04,Evergreen Raw Materials,Tier 2,WH-MUM-02,West Port (Mumbai),Standard Rail Transport,589.66,429.85,2025-09-19,2025-09-20,1,Delayed,0,0
SHP-20240777,2025-06-10,SUP-01,Apex Precision Components,Tier 1,WH-MUM-02,West Port (Mumbai),Standard Rail Transport,756.86,585.53,2025-06-16,2025-06-21,5,Delayed,0,0
SHP-20240778,2024-08-13,SUP-06,Global Polymer Solutions,Tier 2,WH-KOL-04,East Gateway (Kolkata),Regional Truckload,837.84,592.91,2024-08-16,2024-08-20,4,Delayed,0,0
SHP-20240779,2025-08-23,SUP-08,Indus Logistics Fab,Tier 3,WH-MUM-02,West Port (Mumbai),Express Air Freight,130.41,333.84,2025-08-27,2025-08-30,3,Delayed,0,0
SHP-20240780,2024-05-13,SUP-03,Delta Electronics Hub,Tier 1,WH-MUM-02,West Port (Mumbai),Priority Surface Cargo,644.01,755.79,2024-05-15,2024-05-15,0,On-Time,1,0
SHP-20240781,2024-02-08,SUP-02,Bharat Heavy Forgings,Tier 1,WH-DEL-01,North Hub (Delhi-NCR),Priority Surface Cargo,86.73,161.77,2024-02-13,2024-02-16,3,Delayed,0,0
SHP-20240782,2025-08-29,SUP-04,Evergreen Raw Materials,Tier 2,WH-KOL-04,East Gateway (Kolkata),Standard Rail Transport,72.25,87.94,2025-09-01,2025-09-01,0,On-Time,1,0
SHP-20240783,2025-06-15,SUP-08,Indus Logistics Fab,Tier 3,WH-BLR-03,South Central (Bengaluru),Standard Rail Transport,689.01,485.04,2025-06-19,2025-06-19,0,On-Time,1,0
SHP-20240784,2024-04-17,SUP-03,Delta Electronics Hub,Tier 1,WH-DEL-01,North Hub (Delhi-NCR),Express Air Freight,187.52,436.53,2024-04-21,2024-04-21,0,On-Time,1,0
SHP-20240785,2025-03-23,SUP-06,Global Polymer Solutions,Tier 2,WH-MUM-02,West Port (Mumbai),Priority Surface Cargo,770.46,901.02,2025-03-27,2025-03-27,0,On-Time,1,0
SHP-20240786,2024-11-14,SUP-03,Delta Electronics Hub,Tier 1,WH-MUM-02,West Port (Mumbai),Priority Surface Cargo,87.02,169.77,2024-11-20,2024-11-21,1,Delayed,0,0
SHP-20240787,2025-04-28,SUP-03,Delta Electronics Hub,Tier 1,WH-MUM-02,West Port (Mumbai),Standard Rail Transport,694.75,528.68,2025-05-02,2025-05-02,0,On-Time,1,0
SHP-20240788,2025-04-04,SUP-04,Evergreen Raw Materials,Tier 2,WH-KOL-04,East Gateway (Kolkata),Express Air Freight,289.02,618.47,2025-04-10,2025-04-16,6,Delayed,0,0
SHP-20240789,2024-04-17,SUP-07,Hind Cargo Aggregates,Tier 3,WH-MUM-02,West Port (Mumbai),Regional Truckload,528.97,402.03,2024-04-23,2024-04-23,0,On-Time,1,0
SHP-20240790,2025-01-29,SUP-05,Falcon Fasteners Corp,Tier 2,WH-BLR-03,South Central (Bengaluru),Regional Truckload,481.98,359.71,2025-02-03,2025-02-03,0,On-Time,1,0
SHP-20240791,2025-01-08,SUP-06,Global Polymer Solutions,Tier 2,WH-BLR-03,South Central (Bengaluru),Regional Truckload,520.21,428.43,2025-01-12,2025-01-12,0,On-Time,1,0
SHP-20240792,2024-09-24,SUP-05,Falcon Fasteners Corp,Tier 2,WH-MUM-02,West Port (Mumbai),Regional Truckload,229.14,242.97,2024-09-27,2024-10-02,5,Delayed,0,0
SHP-20240793,2025-10-14,SUP-06,Global Polymer Solutions,Tier 2,WH-KOL-04,East Gateway (Kolkata),Express Air Freight,392.1,780.92,2025-10-19,2025-10-21,2,Delayed,0,0
SHP-20240794,2025-06-20,SUP-02,Bharat Heavy Forgings,Tier 1,WH-MUM-02,West Port (Mumbai),Express Air Freight,547.88,1072.88,2025-06-25,2025-06-26,1,Delayed,0,0
SHP-20240795,2024-02-02,SUP-01,Apex Precision Components,Tier 1,WH-DEL-01,North Hub (Delhi-NCR),Express Air Freight,113.15,281.84,2024-02-05,2024-02-06,1,Delayed,0,0
SHP-20240796,2024-03-27,SUP-05,Falcon Fasteners Corp,Tier 2,WH-DEL-01,North Hub (Delhi-NCR),Regional Truckload,397.01,324.17,2024-03-29,2024-04-03,5,Delayed,0,0
SHP-20240797,2024-05-11,SUP-06,Global Polymer Solutions,Tier 2,WH-MUM-02,West Port (Mumbai),Regional Truckload,486.13,380.46,2024-05-17,2024-05-19,2,Delayed,0,0
SHP-20240798,2024-10-17,SUP-05,Falcon Fasteners Corp,Tier 2,WH-DEL-01,North Hub (Delhi-NCR),Express Air Freight,231.16,514.05,2024-10-20,2024-10-22,2,Delayed,0,0
SHP-20240799,2024-04-16,SUP-03,Delta Electronics Hub,Tier 1,WH-MUM-02,West Port (Mumbai),Regional Truckload,620.28,438.59,2024-04-18,2024-04-19,1,Delayed,0,0
SHP-20240800,2024-04-28,SUP-08,Indus Logistics Fab,Tier 3,WH-DEL-01,North Hub (Delhi-NCR),Regional Truckload,144.56,128.41,2024-04-30,2024-05-05,5,Delayed,0,0
SHP-20240801,2025-05-04,SUP-03,Delta Electronics Hub,Tier 1,WH-BLR-03,South Central (Bengaluru),Express Air Freight,214.85,491.53,2025-05-09,2025-05-11,2,Delayed,0,0
SHP-20240802,2024-10-13,SUP-01,Apex Precision Components,Tier 1,WH-MUM-02,West Port (Mumbai),Priority Surface Cargo,42.58,96.29,2024-10-17,2024-10-23,6,Delayed,0,0
SHP-20240803,2024-10-11,SUP-04,Evergreen Raw Materials,Tier 2,WH-BLR-03,South Central (Bengaluru),Express Air Freight,705.45,1355.15,2024-10-16,2024-10-19,3,Delayed,0,0
SHP-20240804,2025-04-18,SUP-04,Evergreen Raw Materials,Tier 2,WH-MUM-02,West Port (Mumbai),Regional Truckload,752.45,535.9,2025-04-24,2025-04-26,2,Delayed,0,0
SHP-20240805,2025-07-22,SUP-03,Delta Electronics Hub,Tier 1,WH-KOL-04,East Gateway (Kolkata),Express Air Freight,772.89,1476.64,2025-07-26,2025-07-26,0,On-Time,1,0
SHP-20240806,2025-07-07,SUP-04,Evergreen Raw Materials,Tier 2,WH-MUM-02,West Port (Mumbai),Regional Truckload,463.13,335.57,2025-07-11,2025-07-12,1,Delayed,0,0
SHP-20240807,2024-06-14,SUP-03,Delta Electronics Hub,Tier 1,WH-KOL-04,East Gateway (Kolkata),Express Air Freight,783.01,1507.49,2024-06-16,2024-06-23,7,Delayed,0,0
SHP-20240808,2025-06-26,SUP-06,Global Polymer Solutions,Tier 2,WH-BLR-03,South Central (Bengaluru),Regional Truckload,633.52,505.02,2025-06-29,2025-06-29,0,On-Time,1,0
SHP-20240809,2024-10-28,SUP-06,Global Polymer Solutions,Tier 2,WH-BLR-03,South Central (Bengaluru),Express Air Freight,586.59,1110.52,2024-10-30,2024-10-30,0,On-Time,1,0
SHP-20240810,2024-11-13,SUP-05,Falcon Fasteners Corp,Tier 2,WH-BLR-03,South Central (Bengaluru),Priority Surface Cargo,778.15,912.13,2024-11-17,2024-11-18,1,Delayed,0,0
SHP-20240811,2024-08-24,SUP-08,Indus Logistics Fab,Tier 3,WH-BLR-03,South Central (Bengaluru),Regional Truckload,824.33,593.88,2024-08-29,2024-09-03,5,Delayed,0,0
SHP-20240812,2024-09-21,SUP-04,Evergreen Raw Materials,Tier 2,WH-KOL-04,East Gateway (Kolkata),Regional Truckload,162.6,144.1,2024-09-23,2024-09-23,0,On-Time,1,0
SHP-20240813,2025-02-28,SUP-06,Global Polymer Solutions,Tier 2,WH-MUM-02,West Port (Mumbai),Regional Truckload,624.94,468.67,2025-03-03,2025-03-03,0,On-Time,1,0
SHP-20240814,2024-04-23,SUP-01,Apex Precision Components,Tier 1,WH-KOL-04,East Gateway (Kolkata),Standard Rail Transport,540.74,378.28,2024-04-29,2024-04-29,0,On-Time,1,0
SHP-20240815,2024-03-14,SUP-01,Apex Precision Components,Tier 1,WH-BLR-03,South Central (Bengaluru),Regional Truckload,469.99,384.43,2024-03-19,2024-03-20,1,Delayed,0,0
SHP-20240816,2025-08-22,SUP-02,Bharat Heavy Forgings,Tier 1,WH-BLR-03,South Central (Bengaluru),Regional Truckload,693.59,524.29,2025-08-25,2025-08-27,2,Delayed,0,0
SHP-20240817,2024-06-05,SUP-02,Bharat Heavy Forgings,Tier 1,WH-MUM-02,West Port (Mumbai),Standard Rail Transport,766.61,576.83,2024-06-10,2024-06-10,0,On-Time,1,0
SHP-20240818,2025-05-05,SUP-05,Falcon Fasteners Corp,Tier 2,WH-DEL-01,North Hub (Delhi-NCR),Standard Rail Transport,126.49,117.57,2025-05-10,2025-05-10,0,On-Time,1,0
SHP-20240819,2024-06-07,SUP-04,Evergreen Raw Materials,Tier 2,WH-KOL-04,East Gateway (Kolkata),Priority Surface Cargo,439.68,560.07,2024-06-11,2024-06-15,4,Delayed,0,0
SHP-20240820,2024-06-26,SUP-03,Delta Electronics Hub,Tier 1,WH-DEL-01,North Hub (Delhi-NCR),Priority Surface Cargo,803.22,925.88,2024-06-29,2024-06-29,0,On-Time,1,0
SHP-20240821,2025-04-19,SUP-04,Evergreen Raw Materials,Tier 2,WH-KOL-04,East Gateway (Kolkata),Priority Surface Cargo,674.94,825.41,2025-04-23,2025-04-26,3,Delayed,0,0
SHP-20240822,2025-11-20,SUP-05,Falcon Fasteners Corp,Tier 2,WH-KOL-04,East Gateway (Kolkata),Priority Surface Cargo,371.74,475.94,2025-11-25,2025-11-27,2,Delayed,0,0
SHP-20240823,2024-10-12,SUP-06,Global Polymer Solutions,Tier 2,WH-MUM-02,West Port (Mumbai),Express Air Freight,729.42,1434.23,2024-10-14,2024-10-15,1,Delayed,0,0
SHP-20240824,2024-01-08,SUP-02,Bharat Heavy Forgings,Tier 1,WH-MUM-02,West Port (Mumbai),Standard Rail Transport,440.56,328.34,2024-01-11,2024-01-12,1,Delayed,0,0
SHP-20240825,2024-08-21,SUP-01,Apex Precision Components,Tier 1,WH-MUM-02,West Port (Mumbai),Express Air Freight,400.64,824.61,2024-08-26,2024-08-26,0,On-Time,1,0
SHP-20240826,2025-08-25,SUP-07,Hind Cargo Aggregates,Tier 3,WH-KOL-04,East Gateway (Kolkata),Regional Truckload,402.28,347.49,2025-08-30,2025-09-04,5,Delayed,0,0
SHP-20240827,2025-07-15,SUP-02,Bharat Heavy Forgings,Tier 1,WH-KOL-04,East Gateway (Kolkata),Regional Truckload,93.5,108.57,2025-07-18,2025-07-22,4,Delayed,0,0
SHP-20240828,2025-10-28,SUP-07,Hind Cargo Aggregates,Tier 3,WH-DEL-01,North Hub (Delhi-NCR),Priority Surface Cargo,824.56,996.91,2025-10-30,2025-10-30,0,On-Time,1,0
SHP-20240829,2025-02-17,SUP-07,Hind Cargo Aggregates,Tier 3,WH-KOL-04,East Gateway (Kolkata),Standard Rail Transport,320.09,283.21,2025-02-19,2025-02-27,8,Delayed,0,0
SHP-20240830,2024-05-06,SUP-05,Falcon Fasteners Corp,Tier 2,WH-DEL-01,North Hub (Delhi-NCR),Standard Rail Transport,434.04,308.29,2024-05-11,2024-05-11,0,On-Time,1,0
SHP-20240831,2025-03-01,SUP-01,Apex Precision Components,Tier 1,WH-MUM-02,West Port (Mumbai),Priority Surface Cargo,542.44,637.99,2025-03-06,2025-03-06,0,On-Time,1,0
SHP-20240832,2024-07-06,SUP-01,Apex Precision Components,Tier 1,WH-MUM-02,West Port (Mumbai),Priority Surface Cargo,692.48,829.31,2024-07-11,2024-07-11,0,On-Time,1,0
SHP-20240833,2024-12-27,SUP-08,Indus Logistics Fab,Tier 3,WH-BLR-03,South Central (Bengaluru),Express Air Freight,197.81,449.73,2025-01-02,2025-01-03,1,Delayed,0,0
SHP-20240834,2024-01-06,SUP-01,Apex Precision Components,Tier 1,WH-MUM-02,West Port (Mumbai),Standard Rail Transport,305.22,285.02,2024-01-08,2024-01-08,0,On-Time,1,0
SHP-20240835,2025-03-24,SUP-08,Indus Logistics Fab,Tier 3,WH-KOL-04,East Gateway (Kolkata),Regional Truckload,214.4,166.56,2025-03-30,2025-03-31,1,Delayed,0,0
SHP-20240836,2025-05-03,SUP-07,Hind Cargo Aggregates,Tier 3,WH-KOL-04,East Gateway (Kolkata),Standard Rail Transport,741.02,517.78,2025-05-07,2025-05-10,3,delayed  ,0,0
SHP-20240837,2025-12-05,SUP-07,Hind Cargo Aggregates,Tier 3,WH-MUM-02,West Port (Mumbai),Standard Rail Transport,377.9,294.45,2025-12-08,2025-12-10,2,Delayed,0,0
SHP-20240838,2025-03-04,SUP-07,Hind Cargo Aggregates,Tier 3,WH-KOL-04,East Gateway (Kolkata),Priority Surface Cargo,260.42,342.62,2025-03-06,2025-03-08,2,Delayed,0,0
SHP-20240839,2024-05-05,SUP-07,Hind Cargo Aggregates,Tier 3,WH-BLR-03,South Central (Bengaluru),Standard Rail Transport,595.12,451.57,2024-05-09,2024-05-18,9,Delayed,0,0
SHP-20240840,2025-08-14,SUP-03,Delta Electronics Hub,Tier 1,WH-MUM-02,West Port (Mumbai),Regional Truckload,768.79,579.02,2025-08-19,2025-08-19,0,On-Time,1,0
SHP-20240841,2025-03-04,SUP-06,Global Polymer Solutions,Tier 2,WH-DEL-01,North Hub (Delhi-NCR),Express Air Freight,95.66,239.42,2025-03-09,2025-03-09,0,On-Time,1,0
SHP-20240842,2025-07-24,SUP-04,Evergreen Raw Materials,Tier 2,WH-KOL-04,East Gateway (Kolkata),Priority Surface Cargo,286.42,354.83,2025-07-26,2025-07-29,3,Delayed,0,0
SHP-20240843,2024-11-17,SUP-04,Evergreen Raw Materials,Tier 2,WH-DEL-01,North Hub (Delhi-NCR),Standard Rail Transport,581.34,471.67,2024-11-19,2024-11-21,2,Delayed,0,0
SHP-20240844,2025-10-10,SUP-06,Global Polymer Solutions,Tier 2,WH-MUM-02,West Port (Mumbai),Priority Surface Cargo,-421.92,493.71,2025-10-15,2025-10-20,5,Delayed,0,0
SHP-20240845,2025-07-13,SUP-04,Evergreen Raw Materials,Tier 2,WH-BLR-03,South Central (Bengaluru),Standard Rail Transport,161.45,191.9,2025-07-18,2025-07-19,1,Delayed,0,0
SHP-20240846,2025-01-06,SUP-06,Global Polymer Solutions,Tier 2,WH-DEL-01,North Hub (Delhi-NCR),Standard Rail Transport,221.06,207.28,08/01/2025,2025-01-08,0,On-Time,1,0
SHP-20240847,2024-10-15,SUP-01,Apex Precision Components,Tier 1,WH-MUM-02,West Port (Mumbai),Standard Rail Transport,467.8,384.14,2024-10-19,2024-10-19,0,On-Time,1,0
SHP-20240848,2025-02-13,SUP-01,Apex Precision Components,Tier 1,WH-DEL-01,North Hub (Delhi-NCR),Priority Surface Cargo,634.41,760.33,2025-02-17,2025-02-18,1,Delayed,0,0
SHP-20240849,2025-02-24,SUP-06,Global Polymer Solutions,Tier 2,WH-BLR-03,South Central (Bengaluru),Priority Surface Cargo,397.7,530.47,2025-02-26,2025-03-05,7,Delayed,0,0
SHP-20240850,2025-11-03,SUP-04,Evergreen Raw Materials,Tier 2,WH-KOL-04,East Gateway (Kolkata),Standard Rail Transport,763.16,548.02,2025-11-06,2025-11-06,0,On-Time,1,0
SHP-20240851,2025-04-28,SUP-06,Global Polymer Solutions,Tier 2,WH-KOL-04,East Gateway (Kolkata),Priority Surface Cargo,576.97,681.41,2025-05-04,2025-05-10,6,Delayed,0,0
SHP-20240852,2025-08-02,SUP-04,Evergreen Raw Materials,Tier 2,WH-BLR-03,South Central (Bengaluru),Priority Surface Cargo,137.55,183.12,2025-08-04,2025-08-09,5,Delayed,0,0
SHP-20240853,2024-04-29,SUP-05,Falcon Fasteners Corp,Tier 2,WH-BLR-03,South Central (Bengaluru),Priority Surface Cargo,15.21,81.27,2024-05-01,2024-05-04,3,Delayed,0,0
SHP-20240854,2025-12-02,SUP-07,Hind Cargo Aggregates,Tier 3,WH-DEL-01,North Hub (Delhi-NCR),Regional Truckload,421.87,324.07,2025-12-05,2025-12-13,8,Delayed,0,0
SHP-20240855,2024-07-02,SUP-08,Indus Logistics Fab,Tier 3,WH-BLR-03,South Central (Bengaluru),Priority Surface Cargo,534.21,625.66,2024-07-06,2024-07-06,0,On-Time,1,0
SHP-20240856,2024-11-27,SUP-01,Apex Precision Components,Tier 1,WH-MUM-02,West Port (Mumbai),Standard Rail Transport,379.93,295.95,2024-11-30,2024-11-30,0,On-Time,1,0
SHP-20240857,2024-12-19,SUP-06,Global Polymer Solutions,Tier 2,WH-KOL-04,East Gateway (Kolkata),Priority Surface Cargo,494.7,598.48,2024-12-22,2024-12-24,2,Delayed,0,0
SHP-20240858,2024-09-26,SUP-03,Delta Electronics Hub,Tier 1,WH-DEL-01,North Hub (Delhi-NCR),Express Air Freight,303.93,587.73,2024-09-29,2024-09-29,0,On-Time,1,0
SHP-20240859,2025-10-11,SUP-07,Hind Cargo Aggregates,Tier 3,WH-BLR-03,South Central (Bengaluru),Standard Rail Transport,430.3,322.29,2025-10-16,2025-10-17,1,Delayed,0,0
SHP-20240860,2024-04-20,SUP-01,Apex Precision Components,Tier 1,WH-MUM-02,West Port (Mumbai),Priority Surface Cargo,319.19,414.84,2024-04-26,2024-04-29,3,Delayed,0,0
SHP-20240861,2024-01-21,SUP-04,Evergreen Raw Materials,Tier 2,WH-MUM-02,West Port (Mumbai),Standard Rail Transport,546.5,401.61,2024-01-23,2024-01-23,0,On-Time,1,0
SHP-20240862,2024-03-14,SUP-01,Apex Precision Components,Tier 1,WH-MUM-02,West Port (Mumbai),Priority Surface Cargo,191.34,285.1,2024-03-18,2024-03-18,0,On-Time,1,0
SHP-20240863,2024-03-17,SUP-03,Delta Electronics Hub,Tier 1,WH-KOL-04,East Gateway (Kolkata),Standard Rail Transport,468.31,335.76,2024-03-19,2024-03-19,0,On-Time,1,0
SHP-20240864,2025-02-26,SUP-04,Evergreen Raw Materials,Tier 2,WH-KOL-04,East Gateway (Kolkata),Priority Surface Cargo,454.92,543.73,2025-02-28,2025-03-02,2,Delayed,0,0
SHP-20240865,2024-01-04,SUP-05,Falcon Fasteners Corp,Tier 2,WH-MUM-02,West Port (Mumbai),Regional Truckload,848.51,577.07,2024-01-08,2024-01-09,1,Delayed,0,0
SHP-20240866,2025-09-22,SUP-03,Delta Electronics Hub,Tier 1,WH-KOL-04,East Gateway (Kolkata),Standard Rail Transport,65.31,79.64,2025-09-28,2025-09-28,0,On-Time,1,0
SHP-20240867,2024-10-20,SUP-07,Hind Cargo Aggregates,Tier 3,WH-BLR-03,South Central (Bengaluru),Regional Truckload,81.08,118.44,2024-10-26,2024-10-27,1,Delayed,0,0
SHP-20240868,2024-10-06,SUP-02,Bharat Heavy Forgings,Tier 1,WH-BLR-03,South Central (Bengaluru),Regional Truckload,404.48,345.42,2024-10-08,2024-10-09,1,Delayed,0,0
SHP-20240869,2024-02-03,SUP-02,Bharat Heavy Forgings,Tier 1,WH-KOL-04,East Gateway (Kolkata),Standard Rail Transport,137.32,140.64,2024-02-08,2024-02-09,1,Delayed,0,0
SHP-20240870,2024-06-08,SUP-02,Bharat Heavy Forgings,Tier 1,WH-KOL-04,East Gateway (Kolkata),Standard Rail Transport,368.74,268.33,2024-06-10,2024-06-11,1,Delayed,0,0
SHP-20240871,2024-10-15,SUP-04,Evergreen Raw Materials,Tier 2,WH-MUM-02,West Port (Mumbai),Priority Surface Cargo,670.18,824.11,2024-10-20,2024-10-21,1,Delayed,0,0
SHP-20240872,2024-04-30,SUP-07,Hind Cargo Aggregates,Tier 3,WH-BLR-03,South Central (Bengaluru),Express Air Freight,746.92,1439.59,2024-05-03,2024-05-07,4,Delayed,0,0
SHP-20240873,2024-03-16,SUP-06,Global Polymer Solutions,Tier 2,WH-BLR-03,South Central (Bengaluru),Regional Truckload,352.63,300.18,2024-03-22,2024-03-22,0,On-Time,1,0
SHP-20240874,2024-02-26,SUP-05,Falcon Fasteners Corp,Tier 2,WH-DEL-01,North Hub (Delhi-NCR),Standard Rail Transport,208.55,219.5,2024-03-02,2024-03-03,1,Delayed,0,0
SHP-20240875,2024-03-08,SUP-08,Indus Logistics Fab,Tier 3,WH-DEL-01,North Hub (Delhi-NCR),Priority Surface Cargo,685.78,829.22,2024-03-14,2024-03-17,3,Delayed,0,0
SHP-20240876,2024-05-31,SUP-03,Delta Electronics Hub,Tier 1,WH-KOL-04,East Gateway (Kolkata),Express Air Freight,547.38,1057.25,2024-06-05,2024-06-10,5,Delayed,0,0
SHP-20240877,2024-10-21,SUP-04,Evergreen Raw Materials,Tier 2,WH-DEL-01,North Hub (Delhi-NCR),Priority Surface Cargo,492.45,614.69,2024-10-24,2024-10-24,0,On-Time,1,0
SHP-20240878,2025-05-16,SUP-01,Apex Precision Components,Tier 1,WH-KOL-04,East Gateway (Kolkata),Standard Rail Transport,251.0,243.47,2025-05-18,2025-05-21,3,Delayed,0,0
SHP-20240879,2024-06-04,SUP-02,Bharat Heavy Forgings,Tier 1,WH-MUM-02,West Port (Mumbai),Regional Truckload,155.8,131.71,2024-06-08,2024-06-08,0,on-time  ,1,0
SHP-20240880,2025-03-26,SUP-02,Bharat Heavy Forgings,Tier 1,WH-BLR-03,South Central (Bengaluru),Standard Rail Transport,425.91,348.06,2025-04-01,2025-04-03,2,Delayed,0,0
SHP-20240881,2024-03-23,SUP-02,Bharat Heavy Forgings,Tier 1,WH-DEL-01,North Hub (Delhi-NCR),Express Air Freight,207.99,427.59,2024-03-27,2024-03-27,0,On-Time,1,0
SHP-20240882,2025-09-15,SUP-05,Falcon Fasteners Corp,Tier 2,WH-KOL-04,East Gateway (Kolkata),Standard Rail Transport,125.74,141.16,2025-09-20,2025-09-25,5,Delayed,0,0
SHP-20240883,2025-05-06,SUP-03,Delta Electronics Hub,Tier 1,WH-DEL-01,North Hub (Delhi-NCR),Standard Rail Transport,492.92,355.39,2025-05-12,2025-05-16,4,Delayed,0,0
SHP-20240884,2024-11-09,SUP-07,Hind Cargo Aggregates,Tier 3,WH-BLR-03,South Central (Bengaluru),Express Air Freight,790.62,1522.49,2024-11-12,2024-11-16,4,Delayed,0,0
SHP-20240885,2024-12-01,SUP-05,Falcon Fasteners Corp,Tier 2,WH-BLR-03,South Central (Bengaluru),Express Air Freight,136.33,345.77,2024-12-05,2024-12-05,0,On-Time,1,0
SHP-20240886,2024-02-22,SUP-04,Evergreen Raw Materials,Tier 2,WH-BLR-03,South Central (Bengaluru),Standard Rail Transport,142.36,171.55,2024-02-26,2024-02-26,0,On-Time,1,0
SHP-20240887,2025-01-09,SUP-04,Evergreen Raw Materials,Tier 2,WH-DEL-01,North Hub (Delhi-NCR),Standard Rail Transport,251.05,230.44,2025-01-15,2025-01-18,3,Delayed,0,0
SHP-20240888,2024-11-13,SUP-01,Apex Precision Components,Tier 1,WH-DEL-01,North Hub (Delhi-NCR),Priority Surface Cargo,485.37,567.2,2024-11-19,2024-11-20,1,Delayed,0,0
SHP-20240889,2024-01-19,SUP-03,Delta Electronics Hub,Tier 1,WH-KOL-04,East Gateway (Kolkata),Express Air Freight,633.25,1264.08,2024-01-23,2024-01-27,4,Delayed,0,0
SHP-20240890,2024-06-25,SUP-02,Bharat Heavy Forgings,Tier 1,WH-KOL-04,East Gateway (Kolkata),Regional Truckload,592.54,456.9,2024-06-30,2024-06-30,0,On-Time,1,0
SHP-20240891,2025-10-02,SUP-03,Delta Electronics Hub,Tier 1,WH-MUM-02,West Port (Mumbai),Express Air Freight,283.31,596.19,2025-10-05,2025-10-05,0,On-Time,1,0
SHP-20240892,2024-02-06,SUP-05,Falcon Fasteners Corp,Tier 2,WH-MUM-02,West Port (Mumbai),Standard Rail Transport,88.01,145.61,2024-02-08,2024-02-09,1,Delayed,0,0
SHP-20240893,2025-05-26,SUP-05,Falcon Fasteners Corp,Tier 2,WH-BLR-03,South Central (Bengaluru),Express Air Freight,350.76,689.19,2025-05-28,2025-05-30,2,Delayed,0,0
SHP-20240894,2025-11-10,SUP-05,Falcon Fasteners Corp,Tier 2,WH-BLR-03,South Central (Bengaluru),Priority Surface Cargo,16.56,49.59,2025-11-16,2025-11-19,3,Delayed,0,0
SHP-20240895,2024-10-25,SUP-07,Hind Cargo Aggregates,Tier 3,WH-KOL-04,East Gateway (Kolkata),Standard Rail Transport,682.71,503.57,2024-10-28,2024-10-30,2,Delayed,0,0
SHP-20240896,2024-11-16,SUP-07,Hind Cargo Aggregates,Tier 3,WH-MUM-02,West Port (Mumbai),Priority Surface Cargo,489.46,623.85,2024-11-22,2024-11-23,1,Delayed,0,0
SHP-20240897,2025-06-21,SUP-01,Apex Precision Components,Tier 1,WH-KOL-04,East Gateway (Kolkata),Regional Truckload,683.25,501.62,2025-06-23,2025-06-24,1,Delayed,0,0
SHP-20240898,2024-06-03,SUP-08,Indus Logistics Fab,Tier 3,WH-KOL-04,East Gateway (Kolkata),Priority Surface Cargo,396.0,497.95,2024-06-06,2024-06-10,4,Delayed,0,0
SHP-20240899,2025-06-15,SUP-02,Bharat Heavy Forgings,Tier 1,WH-DEL-01,North Hub (Delhi-NCR),Standard Rail Transport,460.58,376.2,2025-06-19,2025-06-19,0,On-Time,1,0
SHP-20240900,2024-12-27,SUP-06,Global Polymer Solutions,Tier 2,WH-DEL-01,North Hub (Delhi-NCR),Regional Truckload,627.2,452.62,2025-01-01,2025-01-01,0,On-Time,1,1
SHP-20240901,2025-05-18,SUP-04,Evergreen Raw Materials,Tier 2,WH-DEL-01,North Hub (Delhi-NCR),Express Air Freight,610.84,1192.89,2025-05-21,2025-05-25,4,Delayed,0,0
SHP-20240902,2025-02-03,SUP-03,Delta Electronics Hub,Tier 1,WH-DEL-01,North Hub (Delhi-NCR),Express Air Freight,713.21,1347.32,2025-02-06,2025-02-07,1,Delayed,0,0
SHP-20240903,2025-09-02,SUP-06,Global Polymer Solutions,Tier 2,WH-BLR-03,South Central (Bengaluru),Priority Surface Cargo,228.53,291.76,2025-09-07,2025-09-09,2,Delayed,0,0
SHP-20240904,2024-08-03,SUP-08,Indus Logistics Fab,Tier 3,WH-BLR-03,South Central (Bengaluru),Express Air Freight,792.19,1492.92,2024-08-05,2024-08-05,0,On-Time,1,0
SHP-20240905,2025-05-29,SUP-06,Global Polymer Solutions,Tier 2,WH-DEL-01,North Hub (Delhi-NCR),Regional Truckload,413.7,296.96,2025-06-04,2025-06-05,1,Delayed,0,0
SHP-20240906,2025-11-08,SUP-01,Apex Precision Components,Tier 1,WH-DEL-01,North Hub (Delhi-NCR),Standard Rail Transport,242.41,244.24,2025-11-10,2025-11-10,0,On-Time,1,0
SHP-20240907,2024-05-29,SUP-07,Hind Cargo Aggregates,Tier 3,WH-DEL-01,North Hub (Delhi-NCR),Express Air Freight,644.65,1220.16,2024-05-31,2024-06-03,3,Delayed,0,0
SHP-20240908,2024-10-13,SUP-01,Apex Precision Components,Tier 1,WH-MUM-02,West Port (Mumbai),Express Air Freight,262.04,536.9,2024-10-18,2024-10-21,3,Delayed,0,0
SHP-20240909,2025-04-24,SUP-03,Delta Electronics Hub,Tier 1,WH-DEL-01,North Hub (Delhi-NCR),Regional Truckload,407.26,298.3,2025-04-28,2025-04-29,1,Delayed,0,0
SHP-20240910,2024-09-11,SUP-01,Apex Precision Components,Tier 1,WH-KOL-04,East Gateway (Kolkata),Express Air Freight,421.18,816.35,2024-09-15,2024-09-17,2,Delayed,0,0
SHP-20240911,2025-02-15,SUP-04,Evergreen Raw Materials,Tier 2,WH-MUM-02,West Port (Mumbai),Regional Truckload,843.68,627.14,2025-02-17,2025-02-17,0,On-Time,1,0
SHP-20240912,2024-10-17,SUP-02,Bharat Heavy Forgings,Tier 1,WH-MUM-02,West Port (Mumbai),Regional Truckload,626.59,447.53,2024-10-20,2024-10-20,0,On-Time,1,0
SHP-20240913,2024-12-10,SUP-07,Hind Cargo Aggregates,Tier 3,WH-BLR-03,South Central (Bengaluru),Regional Truckload,225.25,237.84,2024-12-16,2024-12-17,1,Delayed,0,0
SHP-20240914,2024-12-28,SUP-07,Hind Cargo Aggregates,Tier 3,WH-DEL-01,North Hub (Delhi-NCR),Regional Truckload,728.57,511.71,2024-12-31,2025-01-01,1,Delayed,0,0
SHP-20240915,2025-02-06,SUP-05,Falcon Fasteners Corp,Tier 2,WH-KOL-04,East Gateway (Kolkata),Priority Surface Cargo,166.54,213.67,2025-02-08,2025-02-17,9,Delayed,0,0
SHP-20240916,2025-03-30,SUP-02,Bharat Heavy Forgings,Tier 1,WH-DEL-01,North Hub (Delhi-NCR),Priority Surface Cargo,22.88,96.5,2025-04-04,2025-04-04,0,On-Time,1,0
SHP-20240917,2024-06-07,SUP-02,Bharat Heavy Forgings,Tier 1,WH-KOL-04,East Gateway (Kolkata),Priority Surface Cargo,338.72,430.42,2024-06-10,2024-06-12,2,Delayed,0,0
SHP-20240918,2025-09-03,SUP-08,Indus Logistics Fab,Tier 3,WH-BLR-03,South Central (Bengaluru),Standard Rail Transport,576.53,405.55,2025-09-09,2025-09-09,0,On-Time,1,0
SHP-20240919,2024-09-18,SUP-02,Bharat Heavy Forgings,Tier 1,WH-MUM-02,West Port (Mumbai),Priority Surface Cargo,250.48,340.78,2024-09-22,2024-09-23,1,Delayed,0,0
SHP-20240920,2024-02-19,SUP-02,Bharat Heavy Forgings,Tier 1,WH-MUM-02,West Port (Mumbai),Express Air Freight,816.76,1579.69,2024-02-24,2024-02-28,4,Delayed,0,0
SHP-20240921,2025-01-23,SUP-04,Evergreen Raw Materials,Tier 2,WH-KOL-04,East Gateway (Kolkata),Standard Rail Transport,488.45,386.39,2025-01-25,2025-01-28,3,Delayed,0,0
SHP-20240922,2024-04-18,SUP-08,Indus Logistics Fab,Tier 3,WH-MUM-02,West Port (Mumbai),Standard Rail Transport,49.32,73.27,2024-04-20,2024-04-20,0,On-Time,1,0
SHP-20240923,2025-12-03,SUP-07,Hind Cargo Aggregates,Tier 3,WH-KOL-04,East Gateway (Kolkata),Express Air Freight,79.03,205.64,2025-12-06,2025-12-07,1,Delayed,0,0
SHP-20240924,2025-08-27,SUP-05,Falcon Fasteners Corp,Tier 2,WH-KOL-04,East Gateway (Kolkata),Priority Surface Cargo,126.78,192.18,2025-08-29,2025-08-31,2,Delayed,0,0
SHP-20240925,2024-01-19,SUP-08,Indus Logistics Fab,Tier 3,WH-MUM-02,West Port (Mumbai),Express Air Freight,340.23,674.14,2024-01-25,2024-01-26,1,Delayed,0,0
SHP-20240926,2025-01-24,SUP-01,Apex Precision Components,Tier 1,WH-DEL-01,North Hub (Delhi-NCR),Regional Truckload,162.02,193.68,2025-01-27,2025-01-29,2,Delayed,0,0
SHP-20240927,2024-03-19,SUP-07,Hind Cargo Aggregates,Tier 3,WH-BLR-03,South Central (Bengaluru),Priority Surface Cargo,611.26,755.24,2024-03-23,2024-03-29,6,Delayed,0,0
SHP-20240928,2024-01-26,SUP-01,Apex Precision Components,Tier 1,WH-DEL-01,North Hub (Delhi-NCR),Standard Rail Transport,129.43,116.57,2024-01-29,2024-01-29,0,On-Time,1,0
SHP-20240929,2025-05-14,SUP-01,Apex Precision Components,Tier 1,WH-KOL-04,East Gateway (Kolkata),Regional Truckload,820.81,574.58,2025-05-18,2025-05-24,6,Delayed,0,0
SHP-20240930,2024-06-27,SUP-08,Indus Logistics Fab,Tier 3,WH-KOL-04,East Gateway (Kolkata),Priority Surface Cargo,43.69,77.41,2024-06-29,2024-07-10,11,delayed  ,0,0
SHP-20240931,2024-02-02,SUP-03,Delta Electronics Hub,Tier 1,WH-MUM-02,West Port (Mumbai),Express Air Freight,554.24,1098.9,2024-02-06,2024-02-06,0,On-Time,1,0
SHP-20240932,2025-06-11,SUP-06,Global Polymer Solutions,Tier 2,WH-DEL-01,North Hub (Delhi-NCR),Regional Truckload,482.83,380.55,2025-06-14,2025-06-14,0,On-Time,1,0
SHP-20240933,2024-09-24,SUP-01,Apex Precision Components,Tier 1,WH-MUM-02,West Port (Mumbai),Regional Truckload,610.21,443.77,2024-09-28,2024-09-29,1,Delayed,0,0
SHP-20240934,2025-11-21,SUP-01,Apex Precision Components,Tier 1,WH-DEL-01,North Hub (Delhi-NCR),Regional Truckload,315.27,288.52,23/11/2025,2025-11-23,0,On-Time,1,1
SHP-20240935,2024-09-10,SUP-01,Apex Precision Components,Tier 1,WH-MUM-02,West Port (Mumbai),Regional Truckload,776.21,576.62,2024-09-15,2024-09-15,0,On-Time,1,1
SHP-20240936,2024-06-02,SUP-08,Indus Logistics Fab,Tier 3,WH-MUM-02,West Port (Mumbai),Regional Truckload,152.93,151.15,2024-06-04,2024-06-04,0,On-Time,1,0
SHP-20240937,2024-08-14,SUP-07,Hind Cargo Aggregates,Tier 3,WH-DEL-01,North Hub (Delhi-NCR),Regional Truckload,793.55,605.55,2024-08-18,2024-08-19,1,Delayed,0,0
SHP-20240938,2024-10-30,SUP-05,Falcon Fasteners Corp,Tier 2,WH-KOL-04,East Gateway (Kolkata),Standard Rail Transport,164.49,151.49,2024-11-03,2024-11-03,0,On-Time,1,0
SHP-20240939,2024-01-30,SUP-01,Apex Precision Components,Tier 1,WH-DEL-01,North Hub (Delhi-NCR),Priority Surface Cargo,67.73,156.88,2024-02-04,2024-02-07,3,Delayed,0,0
SHP-20240940,2024-08-26,SUP-07,Hind Cargo Aggregates,Tier 3,WH-KOL-04,East Gateway (Kolkata),Priority Surface Cargo,753.11,861.32,2024-08-30,2024-09-06,7,Delayed,0,0
SHP-20240941,2025-02-22,SUP-05,Falcon Fasteners Corp,Tier 2,WH-KOL-04,East Gateway (Kolkata),Priority Surface Cargo,192.89,284.83,2025-02-24,2025-03-02,6,Delayed,0,0
SHP-20240942,2024-01-12,SUP-04,Evergreen Raw Materials,Tier 2,WH-BLR-03,South Central (Bengaluru),Priority Surface Cargo,846.5,1022.89,2024-01-18,2024-01-22,4,Delayed,0,0
SHP-20240943,2024-06-26,SUP-08,Indus Logistics Fab,Tier 3,WH-MUM-02,West Port (Mumbai),Priority Surface Cargo,87.33,176.15,2024-07-01,2024-07-03,2,Delayed,0,0
SHP-20240944,2025-12-15,SUP-08,Indus Logistics Fab,Tier 3,WH-MUM-02,West Port (Mumbai),Priority Surface Cargo,475.99,601.76,2025-12-19,2025-12-21,2,Delayed,0,1
SHP-20240945,2025-01-04,SUP-04,Evergreen Raw Materials,Tier 2,WH-BLR-03,South Central (Bengaluru),Express Air Freight,295.8,632.38,2025-01-06,2025-01-06,0,On-Time,1,0
SHP-20240946,2025-10-06,SUP-07,Hind Cargo Aggregates,Tier 3,WH-DEL-01,North Hub (Delhi-NCR),Express Air Freight,533.89,1064.86,2025-10-08,2025-10-16,8,Delayed,0,0
SHP-20240947,2025-04-21,SUP-07,Hind Cargo Aggregates,Tier 3,WH-MUM-02,West Port (Mumbai),Standard Rail Transport,-469.85,391.91,2025-04-26,2025-04-29,3,Delayed,0,0
SHP-20240948,2024-11-03,SUP-03,Delta Electronics Hub,Tier 1,WH-MUM-02,West Port (Mumbai),Priority Surface Cargo,681.01,789.43,2024-11-05,2024-11-05,0,On-Time,1,0
SHP-20240949,2025-04-28,SUP-04,Evergreen Raw Materials,Tier 2,WH-KOL-04,East Gateway (Kolkata),Standard Rail Transport,829.68,612.73,2025-05-04,2025-05-05,1,Delayed,0,0
SHP-20240950,2025-01-25,SUP-01,Apex Precision Components,Tier 1,WH-BLR-03,South Central (Bengaluru),Regional Truckload,279.13,253.64,2025-01-27,2025-01-27,0,On-Time,1,0
SHP-20240951,2024-10-21,SUP-04,Evergreen Raw Materials,Tier 2,WH-BLR-03,South Central (Bengaluru),Standard Rail Transport,257.9,248.11,2024-10-26,2024-10-28,2,Delayed,0,0
SHP-20240952,2024-07-14,SUP-02,Bharat Heavy Forgings,Tier 1,WH-KOL-04,East Gateway (Kolkata),Priority Surface Cargo,812.13,968.96,2024-07-18,2024-07-19,1,Delayed,0,0
SHP-20240953,2025-03-31,SUP-04,Evergreen Raw Materials,Tier 2,WH-MUM-02,West Port (Mumbai),Priority Surface Cargo,827.43,980.36,2025-04-02,2025-04-02,0,On-Time,1,0
SHP-20240954,2024-07-31,SUP-05,Falcon Fasteners Corp,Tier 2,WH-MUM-02,West Port (Mumbai),Standard Rail Transport,710.27,541.49,2024-08-03,2024-08-06,3,Delayed,0,0
SHP-20240955,2024-10-04,SUP-04,Evergreen Raw Materials,Tier 2,WH-KOL-04,East Gateway (Kolkata),Express Air Freight,179.78,398.95,2024-10-07,2024-10-14,7,Delayed,0,0
SHP-20240956,2025-08-30,SUP-03,Delta Electronics Hub,Tier 1,WH-DEL-01,North Hub (Delhi-NCR),Priority Surface Cargo,179.34,266.47,2025-09-05,2025-09-05,0,On-Time,1,0
SHP-20240957,2025-01-17,SUP-04,Evergreen Raw Materials,Tier 2,WH-KOL-04,East Gateway (Kolkata),Priority Surface Cargo,416.72,540.78,2025-01-21,2025-01-21,0,On-Time,1,0
SHP-20240958,2025-03-16,SUP-05,Falcon Fasteners Corp,Tier 2,WH-DEL-01,North Hub (Delhi-NCR),Regional Truckload,626.45,437.84,2025-03-22,2025-03-22,0,On-Time,1,0
SHP-20240959,2024-06-04,SUP-03,Delta Electronics Hub,Tier 1,WH-BLR-03,South Central (Bengaluru),Express Air Freight,451.4,901.01,2024-06-10,2024-06-10,0,On-Time,1,0
SHP-20240960,2025-02-24,SUP-01,Apex Precision Components,Tier 1,WH-BLR-03,South Central (Bengaluru),Express Air Freight,797.08,1505.27,2025-03-01,2025-03-01,0,On-Time,1,0
SHP-20240961,2024-11-29,SUP-07,Hind Cargo Aggregates,Tier 3,WH-BLR-03,South Central (Bengaluru),Standard Rail Transport,672.33,482.96,2024-12-05,2024-12-11,6,Delayed,0,0
SHP-20240962,2025-01-01,SUP-04,Evergreen Raw Materials,Tier 2,WH-DEL-01,North Hub (Delhi-NCR),Standard Rail Transport,684.67,536.92,2025-01-06,2025-01-09,3,Delayed,0,0
SHP-20240963,2025-07-11,SUP-05,Falcon Fasteners Corp,Tier 2,WH-BLR-03,South Central (Bengaluru),Priority Surface Cargo,577.94,708.48,2025-07-14,2025-07-14,0,On-Time,1,0
SHP-20240964,2024-08-30,SUP-03,Delta Electronics Hub,Tier 1,WH-BLR-03,South Central (Bengaluru),Standard Rail Transport,-364.64,328.46,2024-09-01,2024-09-02,1,Delayed,0,0
SHP-20240965,2024-03-02,SUP-04,Evergreen Raw Materials,Tier 2,WH-KOL-04,East Gateway (Kolkata),Regional Truckload,531.21,429.6,2024-03-05,2024-03-08,3,Delayed,0,0
SHP-20240966,2024-09-26,SUP-03,Delta Electronics Hub,Tier 1,WH-BLR-03,South Central (Bengaluru),Express Air Freight,193.73,415.89,2024-10-02,2024-10-02,0,On-Time,1,0
SHP-20240967,2025-04-25,SUP-02,Bharat Heavy Forgings,Tier 1,WH-DEL-01,North Hub (Delhi-NCR),Priority Surface Cargo,-699.78,827.92,2025-04-27,2025-04-27,0,On-Time,1,0
SHP-20240968,2025-06-02,SUP-02,Bharat Heavy Forgings,Tier 1,WH-MUM-02,West Port (Mumbai),Standard Rail Transport,316.56,269.6,2025-06-05,2025-06-08,3,Delayed,0,0
SHP-20240969,2025-05-17,SUP-02,Bharat Heavy Forgings,Tier 1,WH-BLR-03,South Central (Bengaluru),Priority Surface Cargo,649.08,796.43,2025-05-21,2025-05-21,0,On-Time,1,0
SHP-20240970,2024-12-08,SUP-01,Apex Precision Components,Tier 1,WH-DEL-01,North Hub (Delhi-NCR),Express Air Freight,516.56,1041.67,2024-12-14,2024-12-16,2,Delayed,0,0
SHP-20240971,2025-10-26,SUP-08,Indus Logistics Fab,Tier 3,WH-KOL-04,East Gateway (Kolkata),Express Air Freight,501.51,1012.58,2025-10-29,2025-11-02,4,Delayed,0,0
SHP-20240972,2024-11-03,SUP-08,Indus Logistics Fab,Tier 3,WH-BLR-03,South Central (Bengaluru),Standard Rail Transport,228.33,238.97,2024-11-06,2024-11-06,0,On-Time,1,0
SHP-20240973,2024-03-03,SUP-01,Apex Precision Components,Tier 1,WH-KOL-04,East Gateway (Kolkata),Regional Truckload,679.42,524.04,2024-03-07,2024-03-09,2,Delayed,0,0
SHP-20240974,2025-08-15,SUP-01,Apex Precision Components,Tier 1,WH-KOL-04,East Gateway (Kolkata),Regional Truckload,717.93,534.81,2025-08-18,2025-08-18,0,On-Time,1,0
SHP-20240975,2024-02-05,SUP-07,Hind Cargo Aggregates,Tier 3,WH-BLR-03,South Central (Bengaluru),Regional Truckload,836.11,625.97,2024-02-09,2024-02-11,2,Delayed,0,0
SHP-20240976,2025-09-17,SUP-04,Evergreen Raw Materials,Tier 2,WH-BLR-03,South Central (Bengaluru),Standard Rail Transport,677.45,496.35,2025-09-20,2025-09-20,0,On-Time,1,0
SHP-20240977,2025-01-21,SUP-05,Falcon Fasteners Corp,Tier 2,WH-BLR-03,South Central (Bengaluru),Express Air Freight,524.81,1020.54,2025-01-23,2025-01-24,1,Delayed,0,0
SHP-20240978,2024-09-14,SUP-06,Global Polymer Solutions,Tier 2,WH-MUM-02,West Port (Mumbai),Regional Truckload,84.5,80.31,2024-09-19,2024-09-19,0,On-Time,1,0
SHP-20240979,2025-09-02,SUP-04,Evergreen Raw Materials,Tier 2,WH-MUM-02,West Port (Mumbai),Priority Surface Cargo,689.34,837.81,2025-09-06,2025-09-06,0,On-Time,1,0
SHP-20240980,2025-05-04,SUP-01,Apex Precision Components,Tier 1,WH-BLR-03,South Central (Bengaluru),Express Air Freight,425.98,857.76,2025-05-09,2025-05-10,1,Delayed,0,0
SHP-20240981,2025-07-22,SUP-08,Indus Logistics Fab,Tier 3,WH-DEL-01,North Hub (Delhi-NCR),Priority Surface Cargo,737.06,847.43,2025-07-26,2025-07-26,0,On-Time,1,0
SHP-20240982,2025-12-11,SUP-02,Bharat Heavy Forgings,Tier 1,WH-MUM-02,West Port (Mumbai),Standard Rail Transport,632.05,465.53,2025-12-16,2025-12-16,0,On-Time,1,0
SHP-20240983,2025-02-19,SUP-04,Evergreen Raw Materials,Tier 2,WH-BLR-03,South Central (Bengaluru),Standard Rail Transport,35.05,87.96,2025-02-22,2025-02-22,0,On-Time,1,0
SHP-20240984,2025-03-16,SUP-06,Global Polymer Solutions,Tier 2,WH-DEL-01,North Hub (Delhi-NCR),Regional Truckload,708.42,519.96,2025-03-19,2025-03-19,0,On-Time,1,0
SHP-20240985,2025-02-01,SUP-06,Global Polymer Solutions,Tier 2,WH-DEL-01,North Hub (Delhi-NCR),Express Air Freight,404.01,823.41,2025-02-04,2025-02-04,0,On-Time,1,0
SHP-20240986,2024-11-07,SUP-01,Apex Precision Components,Tier 1,WH-MUM-02,West Port (Mumbai),Express Air Freight,406.15,782.61,2024-11-13,2024-11-13,0,On-Time,1,0
SHP-20240987,2025-05-13,SUP-07,Hind Cargo Aggregates,Tier 3,WH-MUM-02,West Port (Mumbai),Standard Rail Transport,720.01,545.65,2025-05-16,2025-05-18,2,Delayed,0,0
SHP-20240988,2024-10-28,SUP-06,Global Polymer Solutions,Tier 2,WH-KOL-04,East Gateway (Kolkata),Priority Surface Cargo,702.17,838.71,2024-10-31,2024-11-05,5,Delayed,0,1
SHP-20240989,2025-09-10,SUP-04,Evergreen Raw Materials,Tier 2,WH-KOL-04,East Gateway (Kolkata),Regional Truckload,696.09,532.15,2025-09-15,2025-09-17,2,Delayed,0,0
SHP-20240990,2025-01-13,SUP-08,Indus Logistics Fab,Tier 3,WH-BLR-03,South Central (Bengaluru),Priority Surface Cargo,736.82,848.25,2025-01-19,2025-01-21,2,Delayed,0,0
SHP-20240991,2025-01-12,SUP-07,Hind Cargo Aggregates,Tier 3,WH-DEL-01,North Hub (Delhi-NCR),Express Air Freight,349.8,725.0,2025-01-16,2025-01-19,3,Delayed,0,0
SHP-20240992,2025-07-27,SUP-05,Falcon Fasteners Corp,Tier 2,WH-MUM-02,West Port (Mumbai),Express Air Freight,744.16,1460.28,2025-07-29,2025-08-01,3,Delayed,0,0
SHP-20240993,2025-10-23,SUP-04,Evergreen Raw Materials,Tier 2,WH-DEL-01,North Hub (Delhi-NCR),Express Air Freight,356.13,745.79,2025-10-25,2025-10-25,0,On-Time,1,0
SHP-20240994,2024-04-09,SUP-01,Apex Precision Components,Tier 1,WH-MUM-02,West Port (Mumbai),Priority Surface Cargo,-316.96,411.59,2024-04-15,2024-04-15,0,On-Time,1,0
SHP-20240995,2024-07-22,SUP-01,Apex Precision Components,Tier 1,WH-MUM-02,West Port (Mumbai),Standard Rail Transport,592.86,439.72,2024-07-26,2024-07-26,0,On-Time,1,0
SHP-20240996,2024-06-03,SUP-06,Global Polymer Solutions,Tier 2,WH-BLR-03,South Central (Bengaluru),Standard Rail Transport,476.73,399.18,2024-06-08,2024-06-14,6,Delayed,0,0
SHP-20240997,2024-10-08,SUP-01,Apex Precision Components,Tier 1,WH-DEL-01,North Hub (Delhi-NCR),Regional Truckload,415.79,321.64,2024-10-10,2024-10-11,1,Delayed,0,0
SHP-20240998,2025-01-01,SUP-02,Bharat Heavy Forgings,Tier 1,WH-DEL-01,North Hub (Delhi-NCR),Priority Surface Cargo,636.22,753.96,2025-01-06,2025-01-09,3,Delayed,0,0
SHP-20240999,2025-03-19,SUP-03,Delta Electronics Hub,Tier 1,WH-BLR-03,South Central (Bengaluru),Standard Rail Transport,26.2,99.9,2025-03-22,2025-03-22,0,On-Time,1,0
SHP-20241000,2025-06-06,SUP-04,Evergreen Raw Materials,Tier 2,WH-KOL-04,East Gateway (Kolkata),Regional Truckload,738.58,569.84,2025-06-12,2025-06-15,3,Delayed,0,0
SHP-20241001,2025-03-04,SUP-04,Evergreen Raw Materials,Tier 2,WH-DEL-01,North Hub (Delhi-NCR),Standard Rail Transport,552.93,425.3,2025-03-06,2025-03-07,1,Delayed,0,0
SHP-20241002,2024-08-09,SUP-03,Delta Electronics Hub,Tier 1,WH-BLR-03,South Central (Bengaluru),Standard Rail Transport,788.71,576.01,2024-08-13,2024-08-13,0,On-Time,1,0
SHP-20241003,2024-11-12,SUP-02,Bharat Heavy Forgings,Tier 1,WH-DEL-01,North Hub (Delhi-NCR),Regional Truckload,306.29,286.1,2024-11-17,2024-11-20,3,Delayed,0,0
SHP-20241004,2024-06-07,SUP-05,Falcon Fasteners Corp,Tier 2,WH-DEL-01,North Hub (Delhi-NCR),Express Air Freight,583.0,1151.48,2024-06-12,2024-06-12,0,On-Time,1,0
SHP-20241005,2024-12-17,SUP-07,Hind Cargo Aggregates,Tier 3,WH-DEL-01,North Hub (Delhi-NCR),Priority Surface Cargo,34.59,114.56,2024-12-21,2024-12-22,1,Delayed,0,0
SHP-20241006,2025-02-01,SUP-02,Bharat Heavy Forgings,Tier 1,WH-DEL-01,North Hub (Delhi-NCR),Regional Truckload,785.54,588.97,2025-02-07,2025-02-07,0,On-Time,1,0
SHP-20241007,2025-09-02,SUP-06,Global Polymer Solutions,Tier 2,WH-KOL-04,East Gateway (Kolkata),Standard Rail Transport,44.35,61.43,2025-09-08,2025-09-08,0,On-Time,1,0
SHP-20241008,2024-04-23,SUP-03,Delta Electronics Hub,Tier 1,WH-DEL-01,North Hub (Delhi-NCR),Regional Truckload,283.78,278.77,2024-04-29,2024-04-29,0,On-Time,1,0
SHP-20241009,2025-05-11,SUP-04,Evergreen Raw Materials,Tier 2,WH-DEL-01,North Hub (Delhi-NCR),Express Air Freight,235.7,464.47,2025-05-14,2025-05-18,4,Delayed,0,0
SHP-20241010,2024-01-03,SUP-06,Global Polymer Solutions,Tier 2,WH-KOL-04,East Gateway (Kolkata),Express Air Freight,772.8,1500.81,2024-01-08,2024-01-10,2,Delayed,0,0
SHP-20241011,2024-01-06,SUP-02,Bharat Heavy Forgings,Tier 1,WH-DEL-01,North Hub (Delhi-NCR),Standard Rail Transport,112.4,129.83,2024-01-10,2024-01-10,0,On-Time,1,0
SHP-20241012,2024-04-16,SUP-01,Apex Precision Components,Tier 1,WH-DEL-01,North Hub (Delhi-NCR),Standard Rail Transport,733.42,549.89,2024-04-18,2024-04-20,2,Delayed,0,0
SHP-20241013,2024-07-09,SUP-03,Delta Electronics Hub,Tier 1,WH-MUM-02,West Port (Mumbai),Regional Truckload,464.68,383.19,2024-07-15,2024-07-15,0,On-Time,1,0
SHP-20241014,2024-06-27,SUP-08,Indus Logistics Fab,Tier 3,WH-DEL-01,North Hub (Delhi-NCR),Regional Truckload,747.95,519.54,2024-07-01,2024-07-02,1,Delayed,0,0
SHP-20241015,2024-09-14,SUP-06,Global Polymer Solutions,Tier 2,WH-DEL-01,North Hub (Delhi-NCR),Priority Surface Cargo,111.14,164.82,2024-09-20,2024-09-20,0,On-Time,1,0
SHP-20241016,2025-01-31,SUP-08,Indus Logistics Fab,Tier 3,WH-KOL-04,East Gateway (Kolkata),Priority Surface Cargo,63.86,163.52,2025-02-06,2025-02-09,3,Delayed,0,0
SHP-20241017,2025-05-08,SUP-04,Evergreen Raw Materials,Tier 2,WH-DEL-01,North Hub (Delhi-NCR),Express Air Freight,262.77,570.26,2025-05-13,2025-05-13,0,On-Time,1,0
SHP-20241018,2025-04-27,SUP-03,Delta Electronics Hub,Tier 1,WH-MUM-02,West Port (Mumbai),Standard Rail Transport,614.12,436.34,2025-05-02,2025-05-02,0,On-Time,1,0
SHP-20241019,2024-06-02,SUP-05,Falcon Fasteners Corp,Tier 2,WH-KOL-04,East Gateway (Kolkata),Standard Rail Transport,540.99,383.27,2024-06-07,2024-06-07,0,On-Time,1,0
SHP-20241020,2025-07-20,SUP-05,Falcon Fasteners Corp,Tier 2,WH-KOL-04,East Gateway (Kolkata),Express Air Freight,842.66,1637.95,2025-07-24,2025-07-28,4,Delayed,0,0
SHP-20241021,2024-06-26,SUP-02,Bharat Heavy Forgings,Tier 1,WH-KOL-04,East Gateway (Kolkata),Standard Rail Transport,134.66,166.86,2024-06-30,2024-06-30,0,On-Time,1,0
SHP-20241022,2024-11-05,SUP-06,Global Polymer Solutions,Tier 2,WH-BLR-03,South Central (Bengaluru),Express Air Freight,238.78,505.96,2024-11-11,2024-11-11,0,On-Time,1,0
SHP-20241023,2024-01-13,SUP-04,Evergreen Raw Materials,Tier 2,WH-MUM-02,West Port (Mumbai),Regional Truckload,359.54,262.43,2024-01-19,2024-01-19,0,On-Time,1,0
SHP-20241024,2024-12-30,SUP-03,Delta Electronics Hub,Tier 1,WH-DEL-01,North Hub (Delhi-NCR),Regional Truckload,551.79,443.5,2025-01-01,2025-01-03,2,Delayed,0,0
SHP-20241025,2024-02-08,SUP-04,Evergreen Raw Materials,Tier 2,WH-MUM-02,West Port (Mumbai),Express Air Freight,499.82,959.8,2024-02-10,2024-02-11,1,Delayed,0,0
SHP-20241026,2025-05-08,SUP-07,Hind Cargo Aggregates,Tier 3,WH-BLR-03,South Central (Bengaluru),Express Air Freight,663.62,1265.21,2025-05-13,2025-05-14,1,Delayed,0,0
SHP-20241027,2024-04-11,SUP-04,Evergreen Raw Materials,Tier 2,WH-BLR-03,South Central (Bengaluru),Express Air Freight,146.16,360.3,2024-04-17,2024-04-17,0,On-Time,1,0
SHP-20241028,2025-01-10,SUP-04,Evergreen Raw Materials,Tier 2,WH-KOL-04,East Gateway (Kolkata),Priority Surface Cargo,596.43,729.23,2025-01-14,2025-01-16,2,Delayed,0,0
SHP-20241029,2024-06-17,SUP-06,Global Polymer Solutions,Tier 2,WH-MUM-02,West Port (Mumbai),Regional Truckload,230.13,198.65,2024-06-22,2024-06-24,2,Delayed,0,0
SHP-20241030,2024-06-27,SUP-03,Delta Electronics Hub,Tier 1,WH-BLR-03,South Central (Bengaluru),Regional Truckload,532.0,404.18,2024-07-03,2024-07-05,2,Delayed,0,0
SHP-20241031,2025-08-02,SUP-06,Global Polymer Solutions,Tier 2,WH-MUM-02,West Port (Mumbai),Standard Rail Transport,503.61,418.77,2025-08-08,2025-08-09,1,Delayed,0,0
SHP-20241032,2025-08-20,SUP-05,Falcon Fasteners Corp,Tier 2,WH-KOL-04,East Gateway (Kolkata),Priority Surface Cargo,736.89,855.52,2025-08-25,2025-08-28,3,Delayed,0,0
SHP-20241033,2024-07-23,SUP-06,Global Polymer Solutions,Tier 2,WH-BLR-03,South Central (Bengaluru),Regional Truckload,32.33,51.41,2024-07-28,2024-07-28,0,On-Time,1,0
SHP-20241034,2024-02-15,SUP-02,Bharat Heavy Forgings,Tier 1,WH-KOL-04,East Gateway (Kolkata),Priority Surface Cargo,609.57,703.47,2024-02-17,2024-02-17,0,On-Time,1,0
SHP-20241035,2025-08-23,SUP-02,Bharat Heavy Forgings,Tier 1,WH-KOL-04,East Gateway (Kolkata),Regional Truckload,398.21,287.75,2025-08-28,2025-08-29,1,Delayed,0,0
SHP-20241036,2024-05-14,SUP-03,Delta Electronics Hub,Tier 1,WH-MUM-02,West Port (Mumbai),Standard Rail Transport,49.41,68.15,2024-05-18,2024-05-18,0,On-Time,1,0
SHP-20241037,2024-07-20,SUP-07,Hind Cargo Aggregates,Tier 3,WH-KOL-04,East Gateway (Kolkata),Express Air Freight,180.71,423.39,2024-07-23,2024-07-24,1,Delayed,0,0
SHP-20241038,2024-01-22,SUP-01,Apex Precision Components,Tier 1,WH-MUM-02,West Port (Mumbai),Express Air Freight,764.09,1460.38,2024-01-26,2024-01-27,1,Delayed,0,0
SHP-20241039,2024-06-16,SUP-01,Apex Precision Components,Tier 1,WH-BLR-03,South Central (Bengaluru),Standard Rail Transport,455.58,340.19,2024-06-19,2024-06-21,2,Delayed,0,0
SHP-20241040,2025-08-30,SUP-08,Indus Logistics Fab,Tier 3,WH-MUM-02,West Port (Mumbai),Express Air Freight,135.0,324.27,2025-09-03,2025-09-05,2,Delayed,0,0
SHP-20241041,2024-11-18,SUP-04,Evergreen Raw Materials,Tier 2,WH-DEL-01,North Hub (Delhi-NCR),Standard Rail Transport,518.29,384.65,2024-11-22,2024-11-22,0,On-Time,1,0
SHP-20241042,2024-11-30,SUP-03,Delta Electronics Hub,Tier 1,WH-MUM-02,West Port (Mumbai),Regional Truckload,314.42,291.95,2024-12-04,2024-12-08,4,Delayed,0,0
SHP-20241043,2024-11-17,SUP-03,Delta Electronics Hub,Tier 1,WH-BLR-03,South Central (Bengaluru),Priority Surface Cargo,220.74,293.9,2024-11-21,2024-11-21,0,On-Time,1,0
SHP-20241044,2024-01-21,SUP-08,Indus Logistics Fab,Tier 3,WH-KOL-04,East Gateway (Kolkata),Standard Rail Transport,141.45,183.99,2024-01-27,2024-01-28,1,Delayed,0,0
SHP-20241045,2025-12-21,SUP-06,Global Polymer Solutions,Tier 2,WH-DEL-01,North Hub (Delhi-NCR),Regional Truckload,107.5,149.05,2025-12-27,2025-12-27,0,On-Time,1,0
SHP-20241046,2025-11-29,SUP-08,Indus Logistics Fab,Tier 3,WH-MUM-02,West Port (Mumbai),Priority Surface Cargo,608.63,718.69,2025-12-01,2025-12-02,1,Delayed,0,0
SHP-20241047,2024-05-27,SUP-08,Indus Logistics Fab,Tier 3,WH-DEL-01,North Hub (Delhi-NCR),Priority Surface Cargo,715.18,825.37,2024-06-01,2024-06-02,1,Delayed,0,0
SHP-20241048,2024-03-13,SUP-08,Indus Logistics Fab,Tier 3,WH-DEL-01,North Hub (Delhi-NCR),Express Air Freight,291.58,569.45,2024-03-16,2024-03-18,2,Delayed,0,0
SHP-20241049,2024-05-28,SUP-06,Global Polymer Solutions,Tier 2,WH-BLR-03,South Central (Bengaluru),Standard Rail Transport,450.74,364.68,2024-05-30,2024-05-30,0,On-Time,1,0
SHP-20241050,2024-12-27,SUP-08,Indus Logistics Fab,Tier 3,WH-DEL-01,North Hub (Delhi-NCR),Regional Truckload,158.41,192.34,2025-01-01,2025-01-05,4,Delayed,0,0
SHP-20241051,2025-01-19,SUP-01,Apex Precision Components,Tier 1,WH-KOL-04,East Gateway (Kolkata),Express Air Freight,130.72,319.51,2025-01-23,2025-01-25,2,Delayed,0,0
SHP-20241052,2024-02-18,SUP-01,Apex Precision Components,Tier 1,WH-MUM-02,West Port (Mumbai),Priority Surface Cargo,143.16,185.7,2024-02-24,2024-02-25,1,Delayed,0,0
SHP-20241053,2025-02-03,SUP-01,Apex Precision Components,Tier 1,WH-MUM-02,West Port (Mumbai),Priority Surface Cargo,627.17,731.59,2025-02-05,2025-02-06,1,Delayed,0,0
SHP-20241054,2024-04-16,SUP-05,Falcon Fasteners Corp,Tier 2,WH-MUM-02,West Port (Mumbai),Regional Truckload,559.29,397.12,2024-04-21,2024-04-28,7,Delayed,0,0
SHP-20241055,2024-08-12,SUP-05,Falcon Fasteners Corp,Tier 2,WH-KOL-04,East Gateway (Kolkata),Express Air Freight,412.32,791.22,2024-08-18,2024-08-18,0,On-Time,1,0
SHP-20241056,2024-08-06,SUP-06,Global Polymer Solutions,Tier 2,WH-KOL-04,East Gateway (Kolkata),Regional Truckload,281.19,241.26,2024-08-12,2024-08-17,5,Delayed,0,0
SHP-20241057,2025-11-17,SUP-04,Evergreen Raw Materials,Tier 2,WH-MUM-02,West Port (Mumbai),Express Air Freight,841.86,1615.37,2025-11-20,2025-11-24,4,Delayed,0,0
SHP-20241058,2024-02-21,SUP-03,Delta Electronics Hub,Tier 1,WH-BLR-03,South Central (Bengaluru),Priority Surface Cargo,170.68,232.03,2024-02-26,2024-02-26,0,On-Time,1,0
SHP-20241059,2025-02-23,SUP-04,Evergreen Raw Materials,Tier 2,WH-KOL-04,East Gateway (Kolkata),Standard Rail Transport,667.41,524.3,2025-03-01,2025-03-03,2,Delayed,0,0
SHP-20241060,2024-03-03,SUP-06,Global Polymer Solutions,Tier 2,WH-KOL-04,East Gateway (Kolkata),Express Air Freight,71.44,206.75,2024-03-08,2024-03-09,1,Delayed,0,0
SHP-20241061,2025-09-11,SUP-01,Apex Precision Components,Tier 1,WH-MUM-02,West Port (Mumbai),Standard Rail Transport,132.86,172.64,2025-09-15,2025-09-15,0,On-Time,1,0
SHP-20241062,2024-06-23,SUP-07,Hind Cargo Aggregates,Tier 3,WH-DEL-01,North Hub (Delhi-NCR),Express Air Freight,431.56,828.03,2024-06-27,2024-06-27,0,On-Time,1,0
SHP-20241063,2025-07-11,SUP-04,Evergreen Raw Materials,Tier 2,WH-BLR-03,South Central (Bengaluru),Express Air Freight,715.81,1403.24,2025-07-14,2025-07-17,3,Delayed,0,0
SHP-20241064,2025-04-19,SUP-02,Bharat Heavy Forgings,Tier 1,WH-DEL-01,North Hub (Delhi-NCR),Priority Surface Cargo,835.69,945.52,2025-04-21,2025-04-21,0,On-Time,1,0
SHP-20241065,2024-07-17,SUP-01,Apex Precision Components,Tier 1,WH-DEL-01,North Hub (Delhi-NCR),Regional Truckload,425.03,342.19,2024-07-19,2024-07-20,1,Delayed,0,0
SHP-20241066,2025-11-29,SUP-02,Bharat Heavy Forgings,Tier 1,WH-KOL-04,East Gateway (Kolkata),Standard Rail Transport,499.99,354.66,2025-12-05,2025-12-09,4,Delayed,0,0
SHP-20241067,2024-12-03,SUP-08,Indus Logistics Fab,Tier 3,WH-MUM-02,West Port (Mumbai),Regional Truckload,-724.84,526.35,2024-12-06,2024-12-09,3,Delayed,0,0
SHP-20241068,2025-10-07,SUP-07,Hind Cargo Aggregates,Tier 3,WH-MUM-02,West Port (Mumbai),Regional Truckload,189.86,198.42,2025-10-12,2025-10-14,2,Delayed,0,0
SHP-20241069,2024-11-16,SUP-06,Global Polymer Solutions,Tier 2,WH-DEL-01,North Hub (Delhi-NCR),Regional Truckload,453.46,375.86,2024-11-18,2024-11-19,1,Delayed,0,0
SHP-20241070,2024-08-10,SUP-08,Indus Logistics Fab,Tier 3,WH-DEL-01,North Hub (Delhi-NCR),Express Air Freight,154.5,336.43,2024-08-15,2024-08-19,4,Delayed,0,0
SHP-20241071,2024-03-12,SUP-06,Global Polymer Solutions,Tier 2,WH-MUM-02,West Port (Mumbai),Express Air Freight,470.67,960.77,2024-03-18,2024-03-18,0,On-Time,1,0
SHP-20241072,2025-09-16,SUP-02,Bharat Heavy Forgings,Tier 1,WH-KOL-04,East Gateway (Kolkata),Regional Truckload,202.87,185.11,2025-09-19,2025-09-19,0,On-Time,1,0
SHP-20241073,2024-05-19,SUP-01,Apex Precision Components,Tier 1,WH-DEL-01,North Hub (Delhi-NCR),Standard Rail Transport,166.67,152.88,2024-05-23,2024-05-25,2,Delayed,0,0
SHP-20241074,2024-07-22,SUP-01,Apex Precision Components,Tier 1,WH-BLR-03,South Central (Bengaluru),Priority Surface Cargo,836.61,1009.45,2024-07-26,2024-07-29,3,Delayed,0,0
SHP-20241075,2024-05-25,SUP-08,Indus Logistics Fab,Tier 3,WH-MUM-02,West Port (Mumbai),Express Air Freight,152.78,336.88,2024-05-29,2024-05-29,0,On-Time,1,0
SHP-20241076,2025-06-29,SUP-06,Global Polymer Solutions,Tier 2,WH-MUM-02,West Port (Mumbai),Express Air Freight,322.87,647.64,2025-07-05,2025-07-05,0,On-Time,1,0
SHP-20241077,2024-04-27,SUP-07,Hind Cargo Aggregates,Tier 3,WH-KOL-04,East Gateway (Kolkata),Regional Truckload,115.94,121.7,2024-05-03,2024-05-03,0,On-Time,1,0
SHP-20241078,2025-07-26,SUP-03,Delta Electronics Hub,Tier 1,WH-KOL-04,East Gateway (Kolkata),Standard Rail Transport,589.5,463.87,2025-07-28,2025-07-28,0,On-Time,1,0
SHP-20241079,2025-04-02,SUP-05,Falcon Fasteners Corp,Tier 2,WH-MUM-02,West Port (Mumbai),Standard Rail Transport,89.84,95.23,2025-04-06,2025-04-06,0,On-Time,1,0
SHP-20241080,2025-11-06,SUP-03,Delta Electronics Hub,Tier 1,WH-MUM-02,West Port (Mumbai),Regional Truckload,306.82,280.15,2025-11-08,2025-11-08,0,On-Time,1,0
SHP-20241081,2024-11-16,SUP-08,Indus Logistics Fab,Tier 3,WH-KOL-04,East Gateway (Kolkata),Regional Truckload,57.23,131.95,2024-11-18,2024-11-20,2,Delayed,0,0
SHP-20241082,2025-10-07,SUP-02,Bharat Heavy Forgings,Tier 1,WH-MUM-02,West Port (Mumbai),Regional Truckload,730.14,563.59,2025-10-13,2025-10-14,1,Delayed,0,0
SHP-20241083,2024-01-30,SUP-02,Bharat Heavy Forgings,Tier 1,WH-KOL-04,East Gateway (Kolkata),Express Air Freight,549.32,1080.64,2024-02-04,2024-02-04,0,On-Time,1,0
SHP-20241084,2024-07-02,SUP-01,Apex Precision Components,Tier 1,WH-KOL-04,East Gateway (Kolkata),Express Air Freight,-106.86,260.63,2024-07-04,2024-07-05,1,Delayed,0,0
SHP-20241085,2025-03-15,SUP-04,Evergreen Raw Materials,Tier 2,WH-DEL-01,North Hub (Delhi-NCR),Express Air Freight,567.81,1093.82,2025-03-17,2025-03-18,1,Delayed,0,0
SHP-20241086,2024-03-21,SUP-08,Indus Logistics Fab,Tier 3,WH-MUM-02,West Port (Mumbai),Priority Surface Cargo,649.67,759.65,2024-03-24,2024-03-24,0,On-Time,1,1
SHP-20241087,2024-02-20,SUP-02,Bharat Heavy Forgings,Tier 1,WH-MUM-02,West Port (Mumbai),Express Air Freight,234.7,478.38,2024-02-23,2024-02-23,0,On-Time,1,0
SHP-20241088,2024-06-10,SUP-08,Indus Logistics Fab,Tier 3,WH-MUM-02,West Port (Mumbai),Express Air Freight,329.49,665.25,2024-06-16,2024-06-16,0,On-Time,1,0
SHP-20241089,2025-02-04,SUP-01,Apex Precision Components,Tier 1,WH-KOL-04,East Gateway (Kolkata),Priority Surface Cargo,725.71,888.35,2025-02-07,2025-02-07,0,On-Time,1,0
SHP-20241090,2024-02-10,SUP-03,Delta Electronics Hub,Tier 1,WH-MUM-02,West Port (Mumbai),Express Air Freight,595.15,1130.61,2024-02-12,2024-02-12,0,On-Time,1,0
SHP-20241091,2024-11-14,SUP-08,Indus Logistics Fab,Tier 3,WH-DEL-01,North Hub (Delhi-NCR),Standard Rail Transport,519.46,420.8,2024-11-17,2024-11-20,3,Delayed,0,0
SHP-20241092,2025-09-04,SUP-03,Delta Electronics Hub,Tier 1,WH-KOL-04,East Gateway (Kolkata),Standard Rail Transport,75.97,87.42,2025-09-08,2025-09-15,7,Delayed,0,0
SHP-20241093,2024-10-23,SUP-08,Indus Logistics Fab,Tier 3,WH-DEL-01,North Hub (Delhi-NCR),Regional Truckload,512.6,377.77,2024-10-26,2024-10-27,1,Delayed,0,0
SHP-20241094,2025-06-23,SUP-06,Global Polymer Solutions,Tier 2,WH-KOL-04,East Gateway (Kolkata),Regional Truckload,760.52,535.86,2025-06-25,2025-06-29,4,Delayed,0,0
SHP-20241095,2025-11-05,SUP-07,Hind Cargo Aggregates,Tier 3,WH-BLR-03,South Central (Bengaluru),Priority Surface Cargo,302.04,398.02,2025-11-09,2025-11-17,8,Delayed,0,0
SHP-20241096,2024-10-22,SUP-06,Global Polymer Solutions,Tier 2,WH-KOL-04,East Gateway (Kolkata),Priority Surface Cargo,182.13,288.9,2024-10-26,2024-10-26,0,On-Time,1,0
SHP-20241097,2024-07-22,SUP-06,Global Polymer Solutions,Tier 2,WH-DEL-01,North Hub (Delhi-NCR),Standard Rail Transport,652.12,513.34,2024-07-25,2024-07-25,0,On-Time,1,0
SHP-20241098,2025-03-25,SUP-08,Indus Logistics Fab,Tier 3,WH-BLR-03,South Central (Bengaluru),Regional Truckload,154.88,163.38,2025-03-27,2025-03-28,1,Delayed,0,0
SHP-20241099,2024-01-28,SUP-07,Hind Cargo Aggregates,Tier 3,WH-MUM-02,West Port (Mumbai),Priority Surface Cargo,687.18,816.57,2024-02-02,2024-02-02,0,On-Time,1,0
SHP-20241100,2025-03-04,SUP-04,Evergreen Raw Materials,Tier 2,WH-DEL-01,North Hub (Delhi-NCR),Express Air Freight,423.07,875.36,2025-03-07,2025-03-11,4,Delayed,0,0
SHP-20241101,2024-07-05,SUP-03,Delta Electronics Hub,Tier 1,WH-DEL-01,North Hub (Delhi-NCR),Express Air Freight,329.6,637.0,2024-07-07,2024-07-08,1,Delayed,0,0
SHP-20241102,2024-01-28,SUP-07,Hind Cargo Aggregates,Tier 3,WH-BLR-03,South Central (Bengaluru),Express Air Freight,319.08,625.36,2024-01-30,2024-02-04,5,Delayed,0,0
SHP-20241103,2025-09-03,SUP-08,Indus Logistics Fab,Tier 3,WH-KOL-04,East Gateway (Kolkata),Regional Truckload,283.5,227.76,2025-09-07,2025-09-10,3,Delayed,0,0
SHP-20241104,2024-01-08,SUP-06,Global Polymer Solutions,Tier 2,WH-MUM-02,West Port (Mumbai),Express Air Freight,389.12,809.75,2024-01-13,2024-01-16,3,Delayed,0,0
SHP-20241105,2025-02-13,SUP-04,Evergreen Raw Materials,Tier 2,WH-MUM-02,West Port (Mumbai),Regional Truckload,-849.44,599.07,2025-02-18,2025-02-18,0,On-Time,1,0
SHP-20241106,2025-03-21,SUP-02,Bharat Heavy Forgings,Tier 1,WH-DEL-01,North Hub (Delhi-NCR),Express Air Freight,53.02,152.72,2025-03-26,2025-03-27,1,Delayed,0,0
SHP-20241107,2025-11-08,SUP-03,Delta Electronics Hub,Tier 1,WH-MUM-02,West Port (Mumbai),Priority Surface Cargo,473.71,590.89,2025-11-14,2025-11-14,0,On-Time,1,0
SHP-20241108,2025-07-11,SUP-04,Evergreen Raw Materials,Tier 2,WH-KOL-04,East Gateway (Kolkata),Express Air Freight,483.89,923.5,2025-07-15,2025-07-17,2,Delayed,0,0
SHP-20241109,2025-05-15,SUP-08,Indus Logistics Fab,Tier 3,WH-KOL-04,East Gateway (Kolkata),Priority Surface Cargo,821.25,990.06,2025-05-17,2025-05-17,0,On-Time,1,0
SHP-20241110,2025-01-23,SUP-07,Hind Cargo Aggregates,Tier 3,WH-MUM-02,West Port (Mumbai),Standard Rail Transport,524.3,394.92,2025-01-27,2025-01-27,0,On-Time,1,0
SHP-20241111,2024-03-19,SUP-06,Global Polymer Solutions,Tier 2,WH-DEL-01,North Hub (Delhi-NCR),Standard Rail Transport,252.23,190.74,2024-03-21,2024-03-28,7,Delayed,0,0
SHP-20241112,2025-07-19,SUP-07,Hind Cargo Aggregates,Tier 3,WH-MUM-02,West Port (Mumbai),Standard Rail Transport,486.23,348.72,2025-07-21,2025-07-22,1,Delayed,0,0
SHP-20241113,2024-06-15,SUP-07,Hind Cargo Aggregates,Tier 3,WH-MUM-02,West Port (Mumbai),Priority Surface Cargo,410.96,537.2,2024-06-21,2024-06-22,1,Delayed,0,0
SHP-20241114,2024-08-14,SUP-03,Delta Electronics Hub,Tier 1,WH-BLR-03,South Central (Bengaluru),Standard Rail Transport,393.95,308.42,19/08/2024,2024-08-20,1,Delayed,0,0
SHP-20241115,2024-10-25,SUP-01,Apex Precision Components,Tier 1,WH-KOL-04,East Gateway (Kolkata),Express Air Freight,128.46,293.23,2024-10-30,2024-11-02,3,Delayed,0,0
SHP-20241116,2025-10-11,SUP-06,Global Polymer Solutions,Tier 2,WH-DEL-01,North Hub (Delhi-NCR),Standard Rail Transport,806.37,567.58,2025-10-17,2025-10-17,0,On-Time,1,0
SHP-20241117,2025-09-14,SUP-04,Evergreen Raw Materials,Tier 2,WH-DEL-01,North Hub (Delhi-NCR),Express Air Freight,230.47,499.6,2025-09-19,2025-09-25,6,Delayed,0,1
SHP-20241118,2024-05-14,SUP-04,Evergreen Raw Materials,Tier 2,WH-KOL-04,East Gateway (Kolkata),Standard Rail Transport,445.77,339.84,2024-05-16,2024-05-16,0,On-Time,1,0
SHP-20241119,2024-02-28,SUP-03,Delta Electronics Hub,Tier 1,WH-BLR-03,South Central (Bengaluru),Regional Truckload,84.82,142.19,2024-03-04,2024-03-06,2,Delayed,0,0
SHP-20241120,2024-08-01,SUP-04,Evergreen Raw Materials,Tier 2,WH-MUM-02,West Port (Mumbai),Express Air Freight,403.87,778.04,2024-08-05,2024-08-05,0,On-Time,1,0
SHP-20241121,2024-07-29,SUP-04,Evergreen Raw Materials,Tier 2,WH-BLR-03,South Central (Bengaluru),Regional Truckload,36.79,51.03,2024-07-31,2024-08-06,6,Delayed,0,0
SHP-20241122,2025-05-29,SUP-07,Hind Cargo Aggregates,Tier 3,WH-MUM-02,West Port (Mumbai),Express Air Freight,304.89,625.41,2025-05-31,2025-05-31,0,On-Time,1,1
SHP-20241123,2024-11-24,SUP-03,Delta Electronics Hub,Tier 1,WH-MUM-02,West Port (Mumbai),Regional Truckload,791.32,569.15,2024-11-28,2024-11-29,1,Delayed,0,0
SHP-20241124,2025-09-10,SUP-02,Bharat Heavy Forgings,Tier 1,WH-DEL-01,North Hub (Delhi-NCR),Regional Truckload,672.01,481.33,2025-09-12,2025-09-14,2,Delayed,0,0
SHP-20241125,2024-10-26,SUP-01,Apex Precision Components,Tier 1,WH-KOL-04,East Gateway (Kolkata),Priority Surface Cargo,508.01,599.23,2024-10-30,2024-11-06,7,Delayed,0,0
SHP-20241126,2025-09-30,SUP-01,Apex Precision Components,Tier 1,WH-KOL-04,East Gateway (Kolkata),Standard Rail Transport,287.26,230.99,2025-10-03,2025-10-04,1,Delayed,0,0
SHP-20241127,2025-10-24,SUP-07,Hind Cargo Aggregates,Tier 3,WH-KOL-04,East Gateway (Kolkata),Regional Truckload,290.67,282.45,2025-10-28,2025-10-29,1,Delayed,0,0
SHP-20241128,2025-03-28,SUP-05,Falcon Fasteners Corp,Tier 2,WH-BLR-03,South Central (Bengaluru),Regional Truckload,679.97,528.19,2025-04-03,2025-04-03,0,On-Time,1,0
SHP-20241129,2024-12-30,SUP-03,Delta Electronics Hub,Tier 1,WH-BLR-03,South Central (Bengaluru),Priority Surface Cargo,410.83,500.3,2025-01-01,2025-01-01,0,On-Time,1,0
SHP-20241130,2024-09-22,SUP-06,Global Polymer Solutions,Tier 2,WH-DEL-01,North Hub (Delhi-NCR),Priority Surface Cargo,187.45,247.37,2024-09-24,2024-09-25,1,Delayed,0,0
SHP-20241131,2025-11-27,SUP-04,Evergreen Raw Materials,Tier 2,WH-KOL-04,East Gateway (Kolkata),Express Air Freight,842.24,1619.03,2025-12-01,2025-12-01,0,On-Time,1,0
SHP-20241132,2025-07-15,SUP-06,Global Polymer Solutions,Tier 2,WH-MUM-02,West Port (Mumbai),Express Air Freight,216.75,448.77,2025-07-17,2025-07-19,2,Delayed,0,0
SHP-20241133,2024-04-16,SUP-03,Delta Electronics Hub,Tier 1,WH-KOL-04,East Gateway (Kolkata),Express Air Freight,49.46,154.15,2024-04-21,2024-04-21,0,On-Time,1,0
SHP-20241134,2024-01-29,SUP-01,Apex Precision Components,Tier 1,WH-BLR-03,South Central (Bengaluru),Express Air Freight,618.27,1186.38,2024-02-04,2024-02-04,0,On-Time,1,0
SHP-20241135,2024-07-07,SUP-08,Indus Logistics Fab,Tier 3,WH-KOL-04,East Gateway (Kolkata),Priority Surface Cargo,529.07,673.32,2024-07-11,2024-07-11,0,On-Time,1,1
SHP-20241136,2025-01-09,SUP-01,Apex Precision Components,Tier 1,WH-MUM-02,West Port (Mumbai),Standard Rail Transport,839.61,581.08,2025-01-14,2025-01-16,2,Delayed,0,0
SHP-20241137,2024-11-09,SUP-04,Evergreen Raw Materials,Tier 2,WH-KOL-04,East Gateway (Kolkata),Express Air Freight,332.42,691.25,2024-11-11,2024-11-11,0,On-Time,1,0
SHP-20241138,2025-05-13,SUP-02,Bharat Heavy Forgings,Tier 1,WH-KOL-04,East Gateway (Kolkata),Express Air Freight,848.37,1613.95,2025-05-19,2025-05-23,4,Delayed,0,0
SHP-20241139,2024-03-23,SUP-07,Hind Cargo Aggregates,Tier 3,WH-DEL-01,North Hub (Delhi-NCR),Standard Rail Transport,531.64,399.49,2024-03-25,2024-03-28,3,Delayed,0,0
SHP-20241140,2025-12-09,SUP-08,Indus Logistics Fab,Tier 3,WH-BLR-03,South Central (Bengaluru),Express Air Freight,707.5,1347.82,2025-12-12,2025-12-17,5,Delayed,0,0
SHP-20241141,2024-07-16,SUP-04,Evergreen Raw Materials,Tier 2,WH-BLR-03,South Central (Bengaluru),Priority Surface Cargo,-607.26,743.96,2024-07-22,2024-07-25,3,Delayed,0,0
SHP-20241142,2025-05-16,SUP-07,Hind Cargo Aggregates,Tier 3,WH-MUM-02,West Port (Mumbai),Express Air Freight,122.72,310.74,2025-05-19,2025-05-19,0,On-Time,1,0
SHP-20241143,2024-03-05,SUP-08,Indus Logistics Fab,Tier 3,WH-MUM-02,West Port (Mumbai),Express Air Freight,481.25,935.03,2024-03-07,2024-03-08,1,Delayed,0,0
SHP-20241144,2025-03-24,SUP-05,Falcon Fasteners Corp,Tier 2,WH-MUM-02,West Port (Mumbai),Express Air Freight,213.81,484.49,2025-03-30,2025-03-30,0,On-Time,1,0
SHP-20241145,2024-06-29,SUP-03,Delta Electronics Hub,Tier 1,WH-KOL-04,East Gateway (Kolkata),Express Air Freight,-196.28,436.69,2024-07-01,2024-07-03,2,Delayed,0,0
SHP-20241146,2025-09-07,SUP-03,Delta Electronics Hub,Tier 1,WH-MUM-02,West Port (Mumbai),Regional Truckload,633.64,501.27,2025-09-10,2025-09-10,0,On-Time,1,0
SHP-20241147,2024-12-17,SUP-01,Apex Precision Components,Tier 1,WH-MUM-02,West Port (Mumbai),Priority Surface Cargo,694.55,845.71,2024-12-19,2024-12-19,0,On-Time,1,0
SHP-20241148,2025-10-16,SUP-04,Evergreen Raw Materials,Tier 2,WH-BLR-03,South Central (Bengaluru),Express Air Freight,714.5,1367.7,2025-10-21,2025-10-21,0,On-Time,1,0
SHP-20241149,2024-10-29,SUP-04,Evergreen Raw Materials,Tier 2,WH-KOL-04,East Gateway (Kolkata),Standard Rail Transport,301.87,230.06,2024-11-04,2024-11-07,3,Delayed,0,0
SHP-20241150,2025-04-15,SUP-03,Delta Electronics Hub,Tier 1,WH-BLR-03,South Central (Bengaluru),Priority Surface Cargo,332.58,441.99,2025-04-20,2025-04-20,0,On-Time,1,0
SHP-20241151,2024-08-09,SUP-01,Apex Precision Components,Tier 1,WH-DEL-01,North Hub (Delhi-NCR),Standard Rail Transport,164.09,155.47,2024-08-14,2024-08-14,0,On-Time,1,0
SHP-20241152,2025-03-02,SUP-04,Evergreen Raw Materials,Tier 2,WH-KOL-04,East Gateway (Kolkata),Priority Surface Cargo,115.04,202.58,2025-03-06,2025-03-06,0,On-Time,1,0
SHP-20241153,2024-07-31,SUP-08,Indus Logistics Fab,Tier 3,WH-DEL-01,North Hub (Delhi-NCR),Priority Surface Cargo,791.48,913.89,2024-08-03,2024-08-05,2,Delayed,0,0
SHP-20241154,2024-08-30,SUP-04,Evergreen Raw Materials,Tier 2,WH-BLR-03,South Central (Bengaluru),Express Air Freight,434.86,833.33,2024-09-03,2024-09-03,0,On-Time,1,0
SHP-20241155,2024-04-09,SUP-05,Falcon Fasteners Corp,Tier 2,WH-DEL-01,North Hub (Delhi-NCR),Standard Rail Transport,762.1,552.45,2024-04-15,2024-04-15,0,On-Time,1,0
SHP-20241156,2024-01-28,SUP-07,Hind Cargo Aggregates,Tier 3,WH-DEL-01,North Hub (Delhi-NCR),Standard Rail Transport,305.75,264.23,2024-02-01,2024-02-05,4,Delayed,0,0
SHP-20241157,2024-02-17,SUP-07,Hind Cargo Aggregates,Tier 3,WH-DEL-01,North Hub (Delhi-NCR),Regional Truckload,413.14,315.8,2024-02-23,2024-02-26,3,Delayed,0,0
SHP-20241158,2024-05-31,SUP-06,Global Polymer Solutions,Tier 2,WH-BLR-03,South Central (Bengaluru),Regional Truckload,587.14,422.03,2024-06-02,2024-06-03,1,Delayed,0,0
SHP-20241159,2024-03-20,SUP-08,Indus Logistics Fab,Tier 3,WH-MUM-02,West Port (Mumbai),Priority Surface Cargo,281.96,370.52,2024-03-22,2024-03-22,0,On-Time,1,0
SHP-20241160,2024-06-01,SUP-03,Delta Electronics Hub,Tier 1,WH-BLR-03,South Central (Bengaluru),Standard Rail Transport,187.98,199.53,2024-06-07,2024-06-07,0,On-Time,1,0
SHP-20241161,2025-10-11,SUP-01,Apex Precision Components,Tier 1,WH-DEL-01,North Hub (Delhi-NCR),Standard Rail Transport,613.58,430.55,2025-10-15,2025-10-15,0,On-Time,1,0
SHP-20241162,2025-10-12,SUP-07,Hind Cargo Aggregates,Tier 3,WH-BLR-03,South Central (Bengaluru),Priority Surface Cargo,18.85,48.66,2025-10-16,2025-10-25,9,Delayed,0,0
SHP-20241163,2024-03-04,SUP-07,Hind Cargo Aggregates,Tier 3,WH-MUM-02,West Port (Mumbai),Priority Surface Cargo,52.73,145.71,2024-03-09,2024-03-09,0,On-Time,1,0
SHP-20241164,2025-10-31,SUP-06,Global Polymer Solutions,Tier 2,WH-MUM-02,West Port (Mumbai),Standard Rail Transport,416.0,335.91,2025-11-02,2025-11-04,2,Delayed,0,0
SHP-20241165,2024-07-13,SUP-08,Indus Logistics Fab,Tier 3,WH-BLR-03,South Central (Bengaluru),Regional Truckload,93.24,113.63,2024-07-15,2024-07-16,1,Delayed,0,0
SHP-20241166,2025-08-08,SUP-03,Delta Electronics Hub,Tier 1,WH-MUM-02,West Port (Mumbai),Priority Surface Cargo,295.99,405.65,2025-08-13,2025-08-17,4,Delayed,0,0
SHP-20241167,2024-05-22,SUP-06,Global Polymer Solutions,Tier 2,WH-KOL-04,East Gateway (Kolkata),Standard Rail Transport,559.39,419.47,2024-05-25,2024-05-26,1,Delayed,0,0
SHP-20241168,2025-01-24,SUP-08,Indus Logistics Fab,Tier 3,WH-KOL-04,East Gateway (Kolkata),Regional Truckload,475.34,367.41,2025-01-26,2025-02-02,7,Delayed,0,0
SHP-20241169,2024-11-09,SUP-03,Delta Electronics Hub,Tier 1,WH-DEL-01,North Hub (Delhi-NCR),Standard Rail Transport,258.67,259.04,2024-11-15,2024-11-15,0,On-Time,1,0
SHP-20241170,2025-08-15,SUP-08,Indus Logistics Fab,Tier 3,WH-DEL-01,North Hub (Delhi-NCR),Standard Rail Transport,728.21,517.7,2025-08-20,2025-08-23,3,Delayed,0,0
SHP-20241171,2025-08-25,SUP-04,Evergreen Raw Materials,Tier 2,WH-KOL-04,East Gateway (Kolkata),Regional Truckload,174.54,159.27,2025-08-28,2025-08-28,0,On-Time,1,0
SHP-20241172,2025-04-05,SUP-05,Falcon Fasteners Corp,Tier 2,WH-DEL-01,North Hub (Delhi-NCR),Regional Truckload,594.36,431.79,2025-04-07,2025-04-08,1,Delayed,0,0
SHP-20241173,2024-12-22,SUP-05,Falcon Fasteners Corp,Tier 2,WH-DEL-01,North Hub (Delhi-NCR),Standard Rail Transport,660.83,511.03,2024-12-27,2024-12-28,1,Delayed,0,0
SHP-20241174,2024-05-09,SUP-01,Apex Precision Components,Tier 1,WH-KOL-04,East Gateway (Kolkata),Regional Truckload,91.69,128.29,2024-05-13,2024-05-13,0,On-Time,1,0
SHP-20241175,2024-12-06,SUP-04,Evergreen Raw Materials,Tier 2,WH-KOL-04,East Gateway (Kolkata),Priority Surface Cargo,137.28,204.85,2024-12-11,2024-12-11,0,On-Time,1,0
SHP-20241176,2024-01-03,SUP-03,Delta Electronics Hub,Tier 1,WH-KOL-04,East Gateway (Kolkata),Priority Surface Cargo,292.99,353.33,2024-01-06,2024-01-06,0,On-Time,1,0
SHP-20241177,2024-05-11,SUP-01,Apex Precision Components,Tier 1,WH-KOL-04,East Gateway (Kolkata),Standard Rail Transport,124.21,126.37,2024-05-16,2024-05-17,1,Delayed,0,0
SHP-20241178,2024-07-23,SUP-05,Falcon Fasteners Corp,Tier 2,WH-KOL-04,East Gateway (Kolkata),Express Air Freight,29.4,133.92,2024-07-27,2024-07-31,4,Delayed,0,0
SHP-20241179,2025-12-11,SUP-04,Evergreen Raw Materials,Tier 2,WH-BLR-03,South Central (Bengaluru),Regional Truckload,190.51,178.22,2025-12-14,2025-12-16,2,Delayed,0,0
SHP-20241180,2025-03-14,SUP-02,Bharat Heavy Forgings,Tier 1,WH-MUM-02,West Port (Mumbai),Express Air Freight,247.62,521.47,2025-03-17,2025-03-17,0,On-Time,1,0
SHP-20241181,2025-06-11,SUP-07,Hind Cargo Aggregates,Tier 3,WH-KOL-04,East Gateway (Kolkata),Priority Surface Cargo,197.62,279.77,2025-06-16,2025-06-20,4,Delayed,0,0
SHP-20241182,2024-07-15,SUP-02,Bharat Heavy Forgings,Tier 1,WH-DEL-01,North Hub (Delhi-NCR),Regional Truckload,162.48,200.38,2024-07-20,2024-07-21,1,Delayed,0,0
SHP-20241183,2025-02-13,SUP-07,Hind Cargo Aggregates,Tier 3,WH-BLR-03,South Central (Bengaluru),Standard Rail Transport,747.69,513.71,2025-02-17,2025-02-19,2,Delayed,0,0
SHP-20241184,2025-06-23,SUP-02,Bharat Heavy Forgings,Tier 1,WH-BLR-03,South Central (Bengaluru),Express Air Freight,89.03,241.78,2025-06-29,2025-06-29,0,On-Time,1,0
SHP-20241185,2024-02-19,SUP-01,Apex Precision Components,Tier 1,WH-KOL-04,East Gateway (Kolkata),Regional Truckload,476.78,383.71,2024-02-22,2024-02-23,1,Delayed,0,0
SHP-20241186,2024-06-15,SUP-01,Apex Precision Components,Tier 1,WH-MUM-02,West Port (Mumbai),Express Air Freight,382.51,742.64,2024-06-17,2024-06-18,1,Delayed,0,0
SHP-20241187,2024-02-05,SUP-07,Hind Cargo Aggregates,Tier 3,WH-KOL-04,East Gateway (Kolkata),Express Air Freight,117.01,272.79,2024-02-09,2024-02-11,2,Delayed,0,0
SHP-20241188,2024-06-30,SUP-02,Bharat Heavy Forgings,Tier 1,WH-DEL-01,North Hub (Delhi-NCR),Standard Rail Transport,811.67,618.69,2024-07-05,2024-07-07,2,Delayed,0,0
SHP-20241189,2024-08-12,SUP-05,Falcon Fasteners Corp,Tier 2,WH-KOL-04,East Gateway (Kolkata),Express Air Freight,598.32,1149.75,2024-08-16,2024-08-16,0,On-Time,1,0
SHP-20241190,2024-08-23,SUP-08,Indus Logistics Fab,Tier 3,WH-BLR-03,South Central (Bengaluru),Express Air Freight,116.28,246.27,2024-08-25,2024-08-25,0,On-Time,1,0
SHP-20241191,2025-09-11,SUP-04,Evergreen Raw Materials,Tier 2,WH-KOL-04,East Gateway (Kolkata),Express Air Freight,24.94,133.49,2025-09-16,2025-09-17,1,Delayed,0,0
SHP-20241192,2025-10-26,SUP-06,Global Polymer Solutions,Tier 2,WH-BLR-03,South Central (Bengaluru),Priority Surface Cargo,559.91,655.91,2025-10-29,2025-10-29,0,On-Time,1,0
SHP-20241193,2025-03-20,SUP-02,Bharat Heavy Forgings,Tier 1,WH-DEL-01,North Hub (Delhi-NCR),Priority Surface Cargo,501.44,646.11,2025-03-23,2025-03-25,2,Delayed,0,0
SHP-20241194,2025-12-05,SUP-01,Apex Precision Components,Tier 1,WH-MUM-02,West Port (Mumbai),Express Air Freight,826.54,1578.18,2025-12-10,2025-12-10,0,On-Time,1,0
SHP-20241195,2025-09-02,SUP-07,Hind Cargo Aggregates,Tier 3,WH-BLR-03,South Central (Bengaluru),Standard Rail Transport,150.37,177.24,2025-09-08,2025-09-09,1,delayed  ,0,0
SHP-20241196,2024-02-02,SUP-03,Delta Electronics Hub,Tier 1,WH-MUM-02,West Port (Mumbai),Express Air Freight,752.58,1441.9,2024-02-05,2024-02-06,1,Delayed,0,0
SHP-20241197,2024-07-03,SUP-05,Falcon Fasteners Corp,Tier 2,WH-MUM-02,West Port (Mumbai),Express Air Freight,766.69,1455.89,2024-07-06,2024-07-07,1,Delayed,0,0
SHP-20241198,2024-03-14,SUP-02,Bharat Heavy Forgings,Tier 1,WH-DEL-01,North Hub (Delhi-NCR),Priority Surface Cargo,234.84,315.04,2024-03-16,2024-03-18,2,Delayed,0,0
SHP-20241199,2025-10-12,SUP-05,Falcon Fasteners Corp,Tier 2,WH-MUM-02,West Port (Mumbai),Priority Surface Cargo,16.68,68.46,2025-10-14,2025-10-14,0,On-Time,1,0
SHP-20241200,2024-08-21,SUP-02,Bharat Heavy Forgings,Tier 1,WH-DEL-01,North Hub (Delhi-NCR),Regional Truckload,118.46,149.2,2024-08-25,2024-08-25,0,On-Time,1,0
SHP-20241201,2024-07-31,SUP-04,Evergreen Raw Materials,Tier 2,WH-MUM-02,West Port (Mumbai),Standard Rail Transport,119.26,139.31,2024-08-04,2024-08-06,2,Delayed,0,0
SHP-20241202,2024-09-15,SUP-06,Global Polymer Solutions,Tier 2,WH-BLR-03,South Central (Bengaluru),Priority Surface Cargo,412.72,540.88,2024-09-20,2024-09-21,1,Delayed,0,0
SHP-20241203,2025-06-28,SUP-01,Apex Precision Components,Tier 1,WH-DEL-01,North Hub (Delhi-NCR),Express Air Freight,522.43,995.02,2025-07-04,2025-07-04,0,On-Time,1,0
SHP-20241204,2024-12-31,SUP-02,Bharat Heavy Forgings,Tier 1,WH-KOL-04,East Gateway (Kolkata),Priority Surface Cargo,260.67,350.02,2025-01-06,2025-01-07,1,Delayed,0,0
SHP-20241205,2024-02-27,SUP-01,Apex Precision Components,Tier 1,WH-MUM-02,West Port (Mumbai),Priority Surface Cargo,212.15,309.6,2024-03-02,2024-03-03,1,Delayed,0,0
SHP-20241206,2024-09-13,SUP-05,Falcon Fasteners Corp,Tier 2,WH-MUM-02,West Port (Mumbai),Regional Truckload,279.46,242.58,2024-09-18,2024-09-19,1,Delayed,0,0
SHP-20241207,2025-02-27,SUP-06,Global Polymer Solutions,Tier 2,WH-DEL-01,North Hub (Delhi-NCR),Regional Truckload,200.37,173.19,2025-03-04,2025-03-06,2,Delayed,0,0
SHP-20241208,2024-07-05,SUP-03,Delta Electronics Hub,Tier 1,WH-MUM-02,West Port (Mumbai),Standard Rail Transport,486.17,378.98,2024-07-08,2024-07-08,0,On-Time,1,0
SHP-20241209,2024-04-23,SUP-04,Evergreen Raw Materials,Tier 2,WH-DEL-01,North Hub (Delhi-NCR),Regional Truckload,96.51,107.86,2024-04-26,2024-04-26,0,On-Time,1,0
SHP-20241210,2025-02-16,SUP-05,Falcon Fasteners Corp,Tier 2,WH-DEL-01,North Hub (Delhi-NCR),Standard Rail Transport,626.98,473.51,2025-02-18,2025-02-18,0,On-Time,1,0
SHP-20241211,2024-01-12,SUP-03,Delta Electronics Hub,Tier 1,WH-KOL-04,East Gateway (Kolkata),Regional Truckload,466.29,387.59,2024-01-17,2024-01-17,0,On-Time,1,0
SHP-20241212,2024-10-18,SUP-06,Global Polymer Solutions,Tier 2,WH-BLR-03,South Central (Bengaluru),Priority Surface Cargo,-701.18,808.16,2024-10-22,2024-10-23,1,Delayed,0,0
SHP-20241213,2025-03-18,SUP-01,Apex Precision Components,Tier 1,WH-MUM-02,West Port (Mumbai),Standard Rail Transport,53.43,83.9,2025-03-20,2025-03-21,1,Delayed,0,0
SHP-20241214,2025-03-05,SUP-06,Global Polymer Solutions,Tier 2,WH-DEL-01,North Hub (Delhi-NCR),Regional Truckload,390.7,301.71,2025-03-08,2025-03-10,2,Delayed,0,0
SHP-20241215,2024-03-30,SUP-02,Bharat Heavy Forgings,Tier 1,WH-BLR-03,South Central (Bengaluru),Standard Rail Transport,774.5,548.54,2024-04-04,2024-04-13,9,Delayed,0,0
SHP-20241216,2024-07-28,SUP-05,Falcon Fasteners Corp,Tier 2,WH-KOL-04,East Gateway (Kolkata),Regional Truckload,357.05,285.5,2024-08-01,2024-08-04,3,Delayed,0,0
SHP-20241217,2024-07-08,SUP-02,Bharat Heavy Forgings,Tier 1,WH-MUM-02,West Port (Mumbai),Express Air Freight,683.53,1297.27,2024-07-13,2024-07-14,1,Delayed,0,0
SHP-20241218,2024-07-19,SUP-01,Apex Precision Components,Tier 1,WH-KOL-04,East Gateway (Kolkata),Priority Surface Cargo,412.36,485.04,2024-07-22,2024-07-22,0,On-Time,1,0
SHP-20241219,2025-01-16,SUP-06,Global Polymer Solutions,Tier 2,WH-MUM-02,West Port (Mumbai),Standard Rail Transport,297.15,274.44,2025-01-21,2025-01-21,0,On-Time,1,0
SHP-20241220,2024-04-03,SUP-07,Hind Cargo Aggregates,Tier 3,WH-MUM-02,West Port (Mumbai),Regional Truckload,754.53,582.95,2024-04-06,2024-04-06,0,On-Time,1,0
SHP-20241221,2025-04-05,SUP-06,Global Polymer Solutions,Tier 2,WH-KOL-04,East Gateway (Kolkata),Regional Truckload,676.87,468.02,2025-04-07,2025-04-10,3,delayed  ,0,0
SHP-20241222,2025-10-13,SUP-07,Hind Cargo Aggregates,Tier 3,WH-KOL-04,East Gateway (Kolkata),Priority Surface Cargo,33.57,65.45,2025-10-18,2025-10-18,0,On-Time,1,0
SHP-20241223,2025-09-25,SUP-05,Falcon Fasteners Corp,Tier 2,WH-BLR-03,South Central (Bengaluru),Standard Rail Transport,106.03,94.96,2025-09-30,2025-09-30,0,On-Time,1,0
SHP-20241224,2024-09-18,SUP-07,Hind Cargo Aggregates,Tier 3,WH-DEL-01,North Hub (Delhi-NCR),Regional Truckload,847.06,587.86,2024-09-22,2024-09-26,4,Delayed,0,0
SHP-20241225,2025-12-21,SUP-06,Global Polymer Solutions,Tier 2,WH-DEL-01,North Hub (Delhi-NCR),Regional Truckload,606.19,488.81,2025-12-25,2025-12-26,1,Delayed,0,0
SHP-20241226,2024-12-24,SUP-08,Indus Logistics Fab,Tier 3,WH-MUM-02,West Port (Mumbai),Express Air Freight,-570.71,1114.78,2024-12-26,2024-12-31,5,Delayed,0,0
SHP-20241227,2024-01-03,SUP-02,Bharat Heavy Forgings,Tier 1,WH-DEL-01,North Hub (Delhi-NCR),Standard Rail Transport,510.84,358.01,2024-01-09,2024-01-11,2,Delayed,0,0
SHP-20241228,2024-09-22,SUP-05,Falcon Fasteners Corp,Tier 2,WH-BLR-03,South Central (Bengaluru),Express Air Freight,438.74,887.78,2024-09-24,2024-09-24,0,On-Time,1,0
SHP-20241229,2025-02-19,SUP-07,Hind Cargo Aggregates,Tier 3,WH-KOL-04,East Gateway (Kolkata),Priority Surface Cargo,603.91,708.11,2025-02-21,2025-02-23,2,Delayed,0,0
SHP-20241230,2025-05-25,SUP-05,Falcon Fasteners Corp,Tier 2,WH-KOL-04,East Gateway (Kolkata),Standard Rail Transport,310.03,227.98,29/05/2025,2025-06-02,4,Delayed,0,0
SHP-20241231,2024-06-20,SUP-06,Global Polymer Solutions,Tier 2,WH-KOL-04,East Gateway (Kolkata),Express Air Freight,790.48,1546.81,2024-06-26,2024-06-28,2,Delayed,0,0
SHP-20241232,2025-03-18,SUP-07,Hind Cargo Aggregates,Tier 3,WH-MUM-02,West Port (Mumbai),Standard Rail Transport,463.58,395.97,2025-03-21,2025-03-21,0,On-Time,1,0
SHP-20241233,2025-12-05,SUP-08,Indus Logistics Fab,Tier 3,WH-MUM-02,West Port (Mumbai),Standard Rail Transport,641.05,462.78,2025-12-08,2025-12-11,3,Delayed,0,0
SHP-20241234,2024-01-23,SUP-04,Evergreen Raw Materials,Tier 2,WH-BLR-03,South Central (Bengaluru),Priority Surface Cargo,571.09,675.81,2024-01-28,2024-01-29,1,Delayed,0,0
SHP-20241235,2024-09-17,SUP-04,Evergreen Raw Materials,Tier 2,WH-DEL-01,North Hub (Delhi-NCR),Express Air Freight,781.02,1526.67,2024-09-21,2024-09-22,1,Delayed,0,0
SHP-20241236,2024-04-16,SUP-08,Indus Logistics Fab,Tier 3,WH-BLR-03,South Central (Bengaluru),Regional Truckload,262.52,218.95,2024-04-18,2024-04-22,4,Delayed,0,0
SHP-20241237,2025-06-11,SUP-01,Apex Precision Components,Tier 1,WH-BLR-03,South Central (Bengaluru),Standard Rail Transport,612.06,435.48,2025-06-16,2025-06-18,2,Delayed,0,0
SHP-20241238,2024-03-08,SUP-01,Apex Precision Components,Tier 1,WH-KOL-04,East Gateway (Kolkata),Express Air Freight,606.34,1155.02,2024-03-14,2024-03-14,0,On-Time,1,0
SHP-20241239,2025-05-06,SUP-07,Hind Cargo Aggregates,Tier 3,WH-MUM-02,West Port (Mumbai),Express Air Freight,214.36,434.44,2025-05-09,2025-05-13,4,Delayed,0,0
SHP-20241240,2025-10-24,SUP-01,Apex Precision Components,Tier 1,WH-DEL-01,North Hub (Delhi-NCR),Regional Truckload,753.66,553.45,2025-10-26,2025-10-31,5,Delayed,0,0
SHP-20241241,2024-08-21,SUP-04,Evergreen Raw Materials,Tier 2,WH-BLR-03,South Central (Bengaluru),Regional Truckload,409.66,297.67,2024-08-24,2024-08-24,0,On-Time,1,0
SHP-20241242,2024-09-05,SUP-02,Bharat Heavy Forgings,Tier 1,WH-DEL-01,North Hub (Delhi-NCR),Express Air Freight,554.61,1109.92,2024-09-09,2024-09-09,0,On-Time,1,0
SHP-20241243,2025-01-25,SUP-07,Hind Cargo Aggregates,Tier 3,WH-DEL-01,North Hub (Delhi-NCR),Priority Surface Cargo,389.9,498.79,2025-01-31,2025-01-31,0,On-Time,1,0
SHP-20241244,2025-12-09,SUP-05,Falcon Fasteners Corp,Tier 2,WH-MUM-02,West Port (Mumbai),Standard Rail Transport,513.1,421.04,2025-12-11,2025-12-11,0,On-Time,1,0
SHP-20241245,2025-11-29,SUP-04,Evergreen Raw Materials,Tier 2,WH-MUM-02,West Port (Mumbai),Regional Truckload,695.37,545.99,2025-12-03,2025-12-07,4,Delayed,0,0
SHP-20241246,2024-03-04,SUP-04,Evergreen Raw Materials,Tier 2,WH-BLR-03,South Central (Bengaluru),Standard Rail Transport,739.97,532.71,2024-03-09,2024-03-09,0,On-Time,1,0
SHP-20241247,2025-04-09,SUP-06,Global Polymer Solutions,Tier 2,WH-KOL-04,East Gateway (Kolkata),Standard Rail Transport,663.82,524.88,2025-04-15,2025-04-19,4,Delayed,0,0
SHP-20241248,2025-07-14,SUP-05,Falcon Fasteners Corp,Tier 2,WH-MUM-02,West Port (Mumbai),Priority Surface Cargo,113.75,205.13,2025-07-16,2025-07-17,1,Delayed,0,0
SHP-20241249,2025-01-12,SUP-01,Apex Precision Components,Tier 1,WH-KOL-04,East Gateway (Kolkata),Regional Truckload,521.82,423.48,2025-01-16,2025-01-20,4,Delayed,0,0
SHP-20241250,2024-11-07,SUP-04,Evergreen Raw Materials,Tier 2,WH-MUM-02,West Port (Mumbai),Express Air Freight,848.14,1594.26,2024-11-13,2024-11-13,0,On-Time,1,0
SHP-20241251,2024-01-10,SUP-08,Indus Logistics Fab,Tier 3,WH-MUM-02,West Port (Mumbai),Express Air Freight,103.02,270.25,2024-01-15,2024-01-15,0,On-Time,1,0
SHP-20241252,2025-11-15,SUP-04,Evergreen Raw Materials,Tier 2,WH-MUM-02,West Port (Mumbai),Priority Surface Cargo,787.03,946.92,2025-11-17,2025-11-20,3,Delayed,0,0
SHP-20241253,2024-08-29,SUP-06,Global Polymer Solutions,Tier 2,WH-DEL-01,North Hub (Delhi-NCR),Regional Truckload,326.58,300.41,2024-09-02,2024-09-04,2,Delayed,0,0
SHP-20241254,2025-07-02,SUP-04,Evergreen Raw Materials,Tier 2,WH-MUM-02,West Port (Mumbai),Regional Truckload,124.25,124.27,2025-07-06,2025-07-07,1,Delayed,0,0
SHP-20241255,2024-10-15,SUP-07,Hind Cargo Aggregates,Tier 3,WH-DEL-01,North Hub (Delhi-NCR),Express Air Freight,734.67,1412.69,2024-10-20,2024-10-23,3,Delayed,0,0
SHP-20241256,2024-09-23,SUP-05,Falcon Fasteners Corp,Tier 2,WH-DEL-01,North Hub (Delhi-NCR),Regional Truckload,731.21,541.46,2024-09-29,2024-09-29,0,On-Time,1,0
SHP-20241257,2025-04-15,SUP-08,Indus Logistics Fab,Tier 3,WH-MUM-02,West Port (Mumbai),Standard Rail Transport,586.93,445.71,2025-04-20,2025-04-20,0,On-Time,1,0
SHP-20241258,2025-06-26,SUP-08,Indus Logistics Fab,Tier 3,WH-KOL-04,East Gateway (Kolkata),Express Air Freight,515.18,1022.64,2025-06-28,2025-06-29,1,Delayed,0,0
SHP-20241259,2025-09-26,SUP-03,Delta Electronics Hub,Tier 1,WH-DEL-01,North Hub (Delhi-NCR),Express Air Freight,324.27,636.1,2025-10-02,2025-10-03,1,Delayed,0,0
SHP-20241260,2025-01-27,SUP-07,Hind Cargo Aggregates,Tier 3,WH-BLR-03,South Central (Bengaluru),Standard Rail Transport,576.62,430.27,2025-02-01,2025-02-01,0,On-Time,1,0
SHP-20241261,2025-11-29,SUP-01,Apex Precision Components,Tier 1,WH-KOL-04,East Gateway (Kolkata),Regional Truckload,596.78,448.65,2025-12-01,2025-12-07,6,Delayed,0,0
SHP-20241262,2025-03-13,SUP-08,Indus Logistics Fab,Tier 3,WH-MUM-02,West Port (Mumbai),Regional Truckload,42.94,86.57,2025-03-15,2025-03-15,0,On-Time,1,0
SHP-20241263,2025-08-29,SUP-05,Falcon Fasteners Corp,Tier 2,WH-MUM-02,West Port (Mumbai),Regional Truckload,543.81,426.54,2025-09-02,2025-09-02,0,On-Time,1,0
SHP-20241264,2025-10-21,SUP-06,Global Polymer Solutions,Tier 2,WH-KOL-04,East Gateway (Kolkata),Express Air Freight,266.98,573.43,2025-10-26,2025-10-30,4,Delayed,0,0
SHP-20241265,2024-10-17,SUP-04,Evergreen Raw Materials,Tier 2,WH-MUM-02,West Port (Mumbai),Standard Rail Transport,742.7,521.76,2024-10-19,2024-10-19,0,On-Time,1,0
SHP-20241266,2025-06-30,SUP-08,Indus Logistics Fab,Tier 3,WH-KOL-04,East Gateway (Kolkata),Standard Rail Transport,686.85,491.4,2025-07-04,2025-07-05,1,Delayed,0,0
SHP-20241267,2024-11-24,SUP-05,Falcon Fasteners Corp,Tier 2,WH-BLR-03,South Central (Bengaluru),Standard Rail Transport,673.27,524.52,2024-11-26,2024-11-27,1,Delayed,0,0
SHP-20241268,2025-07-09,SUP-03,Delta Electronics Hub,Tier 1,WH-KOL-04,East Gateway (Kolkata),Standard Rail Transport,517.17,402.93,2025-07-11,2025-07-22,11,Delayed,0,0
SHP-20241269,2025-06-16,SUP-08,Indus Logistics Fab,Tier 3,WH-KOL-04,East Gateway (Kolkata),Express Air Freight,642.23,1213.36,2025-06-22,2025-06-25,3,Delayed,0,0
SHP-20241270,2024-08-02,SUP-02,Bharat Heavy Forgings,Tier 1,WH-MUM-02,West Port (Mumbai),Regional Truckload,84.16,88.46,2024-08-05,2024-08-05,0,On-Time,1,0
SHP-20241271,2024-05-22,SUP-04,Evergreen Raw Materials,Tier 2,WH-DEL-01,North Hub (Delhi-NCR),Express Air Freight,521.67,1048.89,2024-05-24,2024-05-26,2,Delayed,0,0
SHP-20241272,2025-09-12,SUP-04,Evergreen Raw Materials,Tier 2,WH-MUM-02,West Port (Mumbai),Priority Surface Cargo,642.9,784.19,2025-09-14,2025-09-17,3,Delayed,0,0
SHP-20241273,2025-07-11,SUP-06,Global Polymer Solutions,Tier 2,WH-MUM-02,West Port (Mumbai),Regional Truckload,377.89,285.9,2025-07-16,2025-07-18,2,Delayed,0,0
SHP-20241274,2025-10-09,SUP-04,Evergreen Raw Materials,Tier 2,WH-BLR-03,South Central (Bengaluru),Standard Rail Transport,485.65,381.41,2025-10-11,2025-10-11,0,On-Time,1,0
SHP-20241275,2024-12-19,SUP-04,Evergreen Raw Materials,Tier 2,WH-KOL-04,East Gateway (Kolkata),Regional Truckload,398.1,324.21,2024-12-23,2024-12-25,2,Delayed,0,0
SHP-20241276,2025-11-11,SUP-05,Falcon Fasteners Corp,Tier 2,WH-DEL-01,North Hub (Delhi-NCR),Priority Surface Cargo,563.23,707.49,2025-11-13,2025-11-13,0,On-Time,1,0
SHP-20241277,2024-09-29,SUP-06,Global Polymer Solutions,Tier 2,WH-BLR-03,South Central (Bengaluru),Priority Surface Cargo,403.34,526.34,2024-10-03,2024-10-03,0,On-Time,1,0
SHP-20241278,2024-07-01,SUP-07,Hind Cargo Aggregates,Tier 3,WH-KOL-04,East Gateway (Kolkata),Priority Surface Cargo,811.92,956.2,2024-07-05,2024-07-11,6,Delayed,0,0
SHP-20241279,2025-07-17,SUP-04,Evergreen Raw Materials,Tier 2,WH-DEL-01,North Hub (Delhi-NCR),Regional Truckload,774.1,571.75,2025-07-23,2025-07-28,5,Delayed,0,0
SHP-20241280,2025-05-22,SUP-08,Indus Logistics Fab,Tier 3,WH-DEL-01,North Hub (Delhi-NCR),Express Air Freight,118.48,291.74,2025-05-24,2025-05-25,1,delayed  ,0,0
SHP-20241281,2024-10-14,SUP-02,Bharat Heavy Forgings,Tier 1,WH-DEL-01,North Hub (Delhi-NCR),Priority Surface Cargo,479.37,618.29,2024-10-19,2024-10-19,0,On-Time,1,0
SHP-20241282,2024-11-29,SUP-01,Apex Precision Components,Tier 1,WH-MUM-02,West Port (Mumbai),Express Air Freight,779.66,1476.32,2024-12-03,2024-12-03,0,On-Time,1,0
SHP-20241283,2024-09-07,SUP-01,Apex Precision Components,Tier 1,WH-KOL-04,East Gateway (Kolkata),Priority Surface Cargo,518.87,625.74,2024-09-09,2024-09-18,9,Delayed,0,0
SHP-20241284,2024-10-14,SUP-08,Indus Logistics Fab,Tier 3,WH-KOL-04,East Gateway (Kolkata),Standard Rail Transport,168.03,186.67,2024-10-17,2024-10-24,7,Delayed,0,0
SHP-20241285,2025-01-06,SUP-07,Hind Cargo Aggregates,Tier 3,WH-BLR-03,South Central (Bengaluru),Express Air Freight,29.28,95.66,2025-01-09,2025-01-17,8,delayed  ,0,0
SHP-20241286,2025-04-17,SUP-02,Bharat Heavy Forgings,Tier 1,WH-MUM-02,West Port (Mumbai),Standard Rail Transport,379.19,341.07,2025-04-19,2025-04-21,2,Delayed,0,0
SHP-20241287,2024-11-15,SUP-03,Delta Electronics Hub,Tier 1,WH-MUM-02,West Port (Mumbai),Regional Truckload,99.21,104.54,2024-11-20,2024-11-24,4,Delayed,0,0
SHP-20241288,2025-04-10,SUP-04,Evergreen Raw Materials,Tier 2,WH-DEL-01,North Hub (Delhi-NCR),Priority Surface Cargo,535.08,677.75,2025-04-15,2025-04-15,0,On-Time,1,0
SHP-20241289,2025-11-21,SUP-02,Bharat Heavy Forgings,Tier 1,WH-DEL-01,North Hub (Delhi-NCR),Express Air Freight,212.82,425.72,24/11/2025,2025-11-26,2,Delayed,0,0
SHP-20241290,2025-03-19,SUP-05,Falcon Fasteners Corp,Tier 2,WH-DEL-01,North Hub (Delhi-NCR),Priority Surface Cargo,612.89,761.87,2025-03-24,2025-03-24,0,On-Time,1,0
SHP-20241291,2024-10-04,SUP-08,Indus Logistics Fab,Tier 3,WH-DEL-01,North Hub (Delhi-NCR),Standard Rail Transport,598.43,468.36,2024-10-10,2024-10-11,1,Delayed,0,0
SHP-20241292,2024-11-16,SUP-08,Indus Logistics Fab,Tier 3,WH-KOL-04,East Gateway (Kolkata),Standard Rail Transport,463.05,357.71,2024-11-20,2024-11-23,3,Delayed,0,0
SHP-20241293,2025-01-24,SUP-02,Bharat Heavy Forgings,Tier 1,WH-BLR-03,South Central (Bengaluru),Priority Surface Cargo,754.18,863.41,2025-01-30,2025-01-31,1,Delayed,0,0
SHP-20241294,2024-02-14,SUP-06,Global Polymer Solutions,Tier 2,WH-MUM-02,West Port (Mumbai),Regional Truckload,241.68,198.7,2024-02-18,2024-02-18,0,On-Time,1,0
SHP-20241295,2024-09-12,SUP-01,Apex Precision Components,Tier 1,WH-MUM-02,West Port (Mumbai),Priority Surface Cargo,847.7,1007.57,2024-09-16,2024-09-18,2,Delayed,0,0
SHP-20241296,2024-01-28,SUP-04,Evergreen Raw Materials,Tier 2,WH-MUM-02,West Port (Mumbai),Regional Truckload,29.17,100.77,2024-02-03,2024-02-03,0,On-Time,1,0
SHP-20241297,2025-03-16,SUP-03,Delta Electronics Hub,Tier 1,WH-KOL-04,East Gateway (Kolkata),Express Air Freight,242.95,507.34,2025-03-18,2025-03-21,3,Delayed,0,0
SHP-20241298,2024-05-20,SUP-08,Indus Logistics Fab,Tier 3,WH-MUM-02,West Port (Mumbai),Priority Surface Cargo,779.72,910.38,2024-05-25,2024-05-25,0,On-Time,1,1
SHP-20241299,2024-04-22,SUP-02,Bharat Heavy Forgings,Tier 1,WH-DEL-01,North Hub (Delhi-NCR),Regional Truckload,218.62,187.14,25/04/2024,2024-04-26,1,Delayed,0,0
SHP-20241300,2024-10-20,SUP-01,Apex Precision Components,Tier 1,WH-KOL-04,East Gateway (Kolkata),Regional Truckload,171.22,202.87,2024-10-23,2024-10-26,3,Delayed,0,0
SHP-20241301,2024-08-20,SUP-07,Hind Cargo Aggregates,Tier 3,WH-BLR-03,South Central (Bengaluru),Priority Surface Cargo,178.93,228.7,2024-08-23,2024-08-23,0,On-Time,1,0
SHP-20241302,2025-06-04,SUP-03,Delta Electronics Hub,Tier 1,WH-DEL-01,North Hub (Delhi-NCR),Standard Rail Transport,843.97,603.18,2025-06-07,2025-06-11,4,Delayed,0,1
SHP-20241303,2024-11-17,SUP-07,Hind Cargo Aggregates,Tier 3,WH-KOL-04,East Gateway (Kolkata),Priority Surface Cargo,166.61,267.2,2024-11-23,2024-11-28,5,Delayed,0,0
SHP-20241304,2025-02-08,SUP-03,Delta Electronics Hub,Tier 1,WH-MUM-02,West Port (Mumbai),Regional Truckload,395.08,314.7,2025-02-10,2025-02-10,0,On-Time,1,0
SHP-20241305,2025-07-16,SUP-01,Apex Precision Components,Tier 1,WH-BLR-03,South Central (Bengaluru),Express Air Freight,55.0,143.56,2025-07-22,2025-07-22,0,On-Time,1,0
SHP-20241306,2024-11-12,SUP-01,Apex Precision Components,Tier 1,WH-MUM-02,West Port (Mumbai),Express Air Freight,329.71,652.12,2024-11-17,2024-11-18,1,Delayed,0,0
SHP-20241307,2024-04-03,SUP-05,Falcon Fasteners Corp,Tier 2,WH-KOL-04,East Gateway (Kolkata),Standard Rail Transport,179.96,152.38,2024-04-09,2024-04-09,0,On-Time,1,0
SHP-20241308,2024-09-02,SUP-08,Indus Logistics Fab,Tier 3,WH-BLR-03,South Central (Bengaluru),Priority Surface Cargo,739.95,880.8,2024-09-05,2024-09-08,3,Delayed,0,0
SHP-20241309,2025-08-31,SUP-04,Evergreen Raw Materials,Tier 2,WH-KOL-04,East Gateway (Kolkata),Express Air Freight,653.52,1236.2,2025-09-02,2025-09-09,7,Delayed,0,0
SHP-20241310,2024-01-16,SUP-02,Bharat Heavy Forgings,Tier 1,WH-KOL-04,East Gateway (Kolkata),Regional Truckload,570.51,439.35,2024-01-20,2024-01-22,2,Delayed,0,0
SHP-20241311,2025-12-06,SUP-05,Falcon Fasteners Corp,Tier 2,WH-KOL-04,East Gateway (Kolkata),Standard Rail Transport,189.44,181.03,2025-12-11,2025-12-12,1,Delayed,0,0
SHP-20241312,2025-03-28,SUP-05,Falcon Fasteners Corp,Tier 2,WH-MUM-02,West Port (Mumbai),Regional Truckload,172.73,181.26,2025-04-01,2025-04-06,5,Delayed,0,0
SHP-20241313,2025-02-13,SUP-05,Falcon Fasteners Corp,Tier 2,WH-BLR-03,South Central (Bengaluru),Standard Rail Transport,845.02,629.16,2025-02-17,2025-02-20,3,Delayed,0,0
SHP-20241314,2024-02-08,SUP-03,Delta Electronics Hub,Tier 1,WH-BLR-03,South Central (Bengaluru),Priority Surface Cargo,778.18,898.21,2024-02-13,2024-02-16,3,Delayed,0,0
SHP-20241315,2024-09-20,SUP-03,Delta Electronics Hub,Tier 1,WH-KOL-04,East Gateway (Kolkata),Regional Truckload,633.7,498.3,2024-09-24,2024-09-25,1,Delayed,0,0
SHP-20241316,2024-06-18,SUP-07,Hind Cargo Aggregates,Tier 3,WH-KOL-04,East Gateway (Kolkata),Standard Rail Transport,203.25,218.58,2024-06-22,2024-06-22,0,On-Time,1,0
SHP-20241317,2025-11-15,SUP-05,Falcon Fasteners Corp,Tier 2,WH-KOL-04,East Gateway (Kolkata),Express Air Freight,34.49,102.25,2025-11-18,2025-11-21,3,Delayed,0,0
SHP-20241318,2024-04-27,SUP-07,Hind Cargo Aggregates,Tier 3,WH-MUM-02,West Port (Mumbai),Express Air Freight,408.95,806.88,2024-05-03,2024-05-05,2,Delayed,0,0
SHP-20241319,2024-03-18,SUP-06,Global Polymer Solutions,Tier 2,WH-MUM-02,West Port (Mumbai),Standard Rail Transport,497.62,361.43,2024-03-22,2024-03-24,2,Delayed,0,0
SHP-20241320,2024-05-24,SUP-05,Falcon Fasteners Corp,Tier 2,WH-KOL-04,East Gateway (Kolkata),Standard Rail Transport,756.13,565.35,2024-05-28,2024-05-29,1,Delayed,0,0
SHP-20241321,2025-10-23,SUP-07,Hind Cargo Aggregates,Tier 3,WH-BLR-03,South Central (Bengaluru),Regional Truckload,210.86,204.36,2025-10-25,2025-10-25,0,On-Time,1,0
SHP-20241322,2024-08-04,SUP-04,Evergreen Raw Materials,Tier 2,WH-DEL-01,North Hub (Delhi-NCR),Regional Truckload,287.4,224.14,2024-08-10,2024-08-10,0,On-Time,1,0
SHP-20241323,2025-12-02,SUP-03,Delta Electronics Hub,Tier 1,WH-DEL-01,North Hub (Delhi-NCR),Express Air Freight,783.29,1528.14,2025-12-07,2025-12-07,0,On-Time,1,0
SHP-20241324,2024-10-17,SUP-01,Apex Precision Components,Tier 1,WH-DEL-01,North Hub (Delhi-NCR),Priority Surface Cargo,36.02,123.5,2024-10-19,2024-10-19,0,On-Time,1,0
SHP-20241325,2024-02-09,SUP-07,Hind Cargo Aggregates,Tier 3,WH-MUM-02,West Port (Mumbai),Standard Rail Transport,389.68,319.06,2024-02-15,2024-02-15,0,On-Time,1,0
SHP-20241326,2024-03-16,SUP-01,Apex Precision Components,Tier 1,WH-KOL-04,East Gateway (Kolkata),Express Air Freight,510.73,989.61,2024-03-18,2024-03-18,0,On-Time,1,0
SHP-20241327,2025-07-28,SUP-01,Apex Precision Components,Tier 1,WH-BLR-03,South Central (Bengaluru),Express Air Freight,325.96,640.56,31/07/2025,2025-08-01,1,Delayed,0,0
SHP-20241328,2025-05-19,SUP-04,Evergreen Raw Materials,Tier 2,WH-KOL-04,East Gateway (Kolkata),Regional Truckload,343.52,257.37,2025-05-21,2025-05-27,6,Delayed,0,0
SHP-20241329,2024-03-12,SUP-02,Bharat Heavy Forgings,Tier 1,WH-KOL-04,East Gateway (Kolkata),Express Air Freight,828.31,1626.36,2024-03-15,2024-03-20,5,Delayed,0,0
SHP-20241330,2025-07-08,SUP-03,Delta Electronics Hub,Tier 1,WH-KOL-04,East Gateway (Kolkata),Express Air Freight,842.06,1651.72,2025-07-13,2025-07-15,2,Delayed,0,0
SHP-20241331,2024-04-11,SUP-08,Indus Logistics Fab,Tier 3,WH-DEL-01,North Hub (Delhi-NCR),Regional Truckload,89.93,114.33,2024-04-16,2024-04-17,1,Delayed,0,0
SHP-20241332,2025-06-05,SUP-06,Global Polymer Solutions,Tier 2,WH-MUM-02,West Port (Mumbai),Express Air Freight,400.02,803.32,2025-06-10,2025-06-11,1,Delayed,0,0
SHP-20241333,2024-01-29,SUP-08,Indus Logistics Fab,Tier 3,WH-DEL-01,North Hub (Delhi-NCR),Regional Truckload,228.81,193.78,2024-02-04,2024-02-04,0,On-Time,1,0
SHP-20241334,2024-05-09,SUP-06,Global Polymer Solutions,Tier 2,WH-KOL-04,East Gateway (Kolkata),Priority Surface Cargo,230.23,303.13,2024-05-13,2024-05-14,1,Delayed,0,0
SHP-20241335,2024-06-27,SUP-07,Hind Cargo Aggregates,Tier 3,WH-BLR-03,South Central (Bengaluru),Priority Surface Cargo,262.45,365.34,2024-06-30,2024-06-30,0,On-Time,1,0
SHP-20241336,2024-07-23,SUP-02,Bharat Heavy Forgings,Tier 1,WH-KOL-04,East Gateway (Kolkata),Priority Surface Cargo,799.39,973.52,2024-07-29,2024-08-02,4,Delayed,0,0
SHP-20241337,2025-05-11,SUP-01,Apex Precision Components,Tier 1,WH-DEL-01,North Hub (Delhi-NCR),Standard Rail Transport,84.97,130.38,2025-05-14,2025-05-15,1,Delayed,0,0
SHP-20241338,2024-08-01,SUP-06,Global Polymer Solutions,Tier 2,WH-KOL-04,East Gateway (Kolkata),Standard Rail Transport,284.82,233.01,2024-08-07,2024-08-09,2,Delayed,0,0
SHP-20241339,2024-04-09,SUP-02,Bharat Heavy Forgings,Tier 1,WH-MUM-02,West Port (Mumbai),Standard Rail Transport,752.05,520.9,2024-04-15,2024-04-15,0,On-Time,1,0
SHP-20241340,2024-03-13,SUP-05,Falcon Fasteners Corp,Tier 2,WH-BLR-03,South Central (Bengaluru),Regional Truckload,152.82,171.74,2024-03-15,2024-03-15,0,On-Time,1,0
SHP-20241341,2024-09-30,SUP-08,Indus Logistics Fab,Tier 3,WH-BLR-03,South Central (Bengaluru),Regional Truckload,222.04,207.36,2024-10-02,2024-10-03,1,Delayed,0,0
SHP-20241342,2025-07-09,SUP-07,Hind Cargo Aggregates,Tier 3,WH-BLR-03,South Central (Bengaluru),Express Air Freight,512.72,1039.67,2025-07-12,2025-07-18,6,Delayed,0,0
SHP-20241343,2025-06-04,SUP-07,Hind Cargo Aggregates,Tier 3,WH-MUM-02,West Port (Mumbai),Express Air Freight,403.76,784.97,2025-06-08,2025-06-09,1,Delayed,0,0
SHP-20241344,2025-03-12,SUP-01,Apex Precision Components,Tier 1,WH-KOL-04,East Gateway (Kolkata),Regional Truckload,20.07,102.88,2025-03-18,2025-03-19,1,Delayed,0,0
SHP-20241345,2025-01-27,SUP-06,Global Polymer Solutions,Tier 2,WH-MUM-02,West Port (Mumbai),Standard Rail Transport,63.25,92.68,2025-01-30,2025-02-01,2,Delayed,0,0
SHP-20241346,2025-01-09,SUP-01,Apex Precision Components,Tier 1,WH-BLR-03,South Central (Bengaluru),Express Air Freight,392.09,815.71,2025-01-12,2025-01-16,4,Delayed,0,0
SHP-20241347,2025-10-27,SUP-02,Bharat Heavy Forgings,Tier 1,WH-DEL-01,North Hub (Delhi-NCR),Express Air Freight,430.61,869.01,2025-10-29,2025-10-29,0,On-Time,1,0
SHP-20241348,2025-07-23,SUP-07,Hind Cargo Aggregates,Tier 3,WH-MUM-02,West Port (Mumbai),Express Air Freight,147.14,360.09,2025-07-26,2025-07-26,0,On-Time,1,0
SHP-20241349,2025-08-13,SUP-03,Delta Electronics Hub,Tier 1,WH-MUM-02,West Port (Mumbai),Express Air Freight,697.33,1326.61,2025-08-15,2025-08-15,0,On-Time,1,0
SHP-20241350,2025-10-07,SUP-03,Delta Electronics Hub,Tier 1,WH-DEL-01,North Hub (Delhi-NCR),Standard Rail Transport,104.05,146.75,2025-10-11,2025-10-12,1,Delayed,0,0
SHP-20241351,2024-10-08,SUP-06,Global Polymer Solutions,Tier 2,WH-MUM-02,West Port (Mumbai),Regional Truckload,413.38,360.74,2024-10-10,2024-10-13,3,Delayed,0,0
SHP-20241352,2025-10-19,SUP-06,Global Polymer Solutions,Tier 2,WH-MUM-02,West Port (Mumbai),Express Air Freight,285.44,572.08,2025-10-23,2025-10-25,2,Delayed,0,0
SHP-20241353,2024-10-17,SUP-01,Apex Precision Components,Tier 1,WH-MUM-02,West Port (Mumbai),Standard Rail Transport,356.54,266.31,2024-10-22,2024-10-22,0,On-Time,1,0
SHP-20241354,2025-06-30,SUP-01,Apex Precision Components,Tier 1,WH-BLR-03,South Central (Bengaluru),Priority Surface Cargo,188.34,277.23,2025-07-06,2025-07-07,1,Delayed,0,0
SHP-20241355,2025-05-24,SUP-05,Falcon Fasteners Corp,Tier 2,WH-MUM-02,West Port (Mumbai),Regional Truckload,481.48,363.35,2025-05-27,2025-05-27,0,On-Time,1,0
SHP-20241356,2025-03-05,SUP-05,Falcon Fasteners Corp,Tier 2,WH-KOL-04,East Gateway (Kolkata),Priority Surface Cargo,108.33,168.24,2025-03-07,2025-03-08,1,Delayed,0,0
SHP-20241357,2025-04-24,SUP-01,Apex Precision Components,Tier 1,WH-BLR-03,South Central (Bengaluru),Regional Truckload,59.44,113.35,2025-04-27,2025-04-30,3,Delayed,0,0
SHP-20241358,2024-03-10,SUP-07,Hind Cargo Aggregates,Tier 3,WH-KOL-04,East Gateway (Kolkata),Express Air Freight,634.47,1207.15,2024-03-16,2024-03-16,0,On-Time,1,0
SHP-20241359,2025-05-09,SUP-08,Indus Logistics Fab,Tier 3,WH-DEL-01,North Hub (Delhi-NCR),Priority Surface Cargo,587.74,677.8,2025-05-11,2025-05-13,2,Delayed,0,0
SHP-20241360,2025-01-10,SUP-07,Hind Cargo Aggregates,Tier 3,WH-KOL-04,East Gateway (Kolkata),Standard Rail Transport,625.57,462.93,2025-01-13,2025-01-14,1,Delayed,0,0
SHP-20241361,2025-08-27,SUP-08,Indus Logistics Fab,Tier 3,WH-MUM-02,West Port (Mumbai),Standard Rail Transport,341.05,315.27,2025-09-01,2025-09-05,4,Delayed,0,0
SHP-20241362,2025-10-04,SUP-02,Bharat Heavy Forgings,Tier 1,WH-MUM-02,West Port (Mumbai),Standard Rail Transport,280.55,243.85,2025-10-10,2025-10-11,1,Delayed,0,0
SHP-20241363,2025-08-08,SUP-04,Evergreen Raw Materials,Tier 2,WH-DEL-01,North Hub (Delhi-NCR),Express Air Freight,-700.99,1344.91,2025-08-11,2025-08-11,0,On-Time,1,0
SHP-20241364,2025-07-22,SUP-02,Bharat Heavy Forgings,Tier 1,WH-BLR-03,South Central (Bengaluru),Express Air Freight,711.35,1355.63,2025-07-27,2025-07-31,4,Delayed,0,0
SHP-20241365,2025-06-15,SUP-01,Apex Precision Components,Tier 1,WH-MUM-02,West Port (Mumbai),Priority Surface Cargo,506.78,614.07,2025-06-20,2025-06-20,0,On-Time,1,0
SHP-20241366,2024-08-31,SUP-07,Hind Cargo Aggregates,Tier 3,WH-KOL-04,East Gateway (Kolkata),Express Air Freight,89.14,205.98,2024-09-03,2024-09-16,13,Delayed,0,0
SHP-20241367,2024-06-24,SUP-03,Delta Electronics Hub,Tier 1,WH-MUM-02,West Port (Mumbai),Priority Surface Cargo,492.18,582.46,2024-06-30,2024-06-30,0,On-Time,1,0
SHP-20241368,2025-06-14,SUP-05,Falcon Fasteners Corp,Tier 2,WH-DEL-01,North Hub (Delhi-NCR),Priority Surface Cargo,304.54,384.46,2025-06-17,2025-06-17,0,On-Time,1,0
SHP-20241369,2025-05-31,SUP-02,Bharat Heavy Forgings,Tier 1,WH-DEL-01,North Hub (Delhi-NCR),Regional Truckload,501.5,390.68,2025-06-06,2025-06-06,0,On-Time,1,0
SHP-20241370,2025-09-30,SUP-06,Global Polymer Solutions,Tier 2,WH-DEL-01,North Hub (Delhi-NCR),Standard Rail Transport,350.23,275.75,2025-10-05,2025-10-09,4,Delayed,0,0
SHP-20241371,2024-10-17,SUP-08,Indus Logistics Fab,Tier 3,WH-MUM-02,West Port (Mumbai),Express Air Freight,240.29,526.07,2024-10-23,2024-10-24,1,Delayed,0,0
SHP-20241372,2025-03-25,SUP-03,Delta Electronics Hub,Tier 1,WH-BLR-03,South Central (Bengaluru),Standard Rail Transport,270.06,226.51,2025-03-27,2025-03-31,4,Delayed,0,0
SHP-20241373,2025-07-23,SUP-05,Falcon Fasteners Corp,Tier 2,WH-KOL-04,East Gateway (Kolkata),Priority Surface Cargo,686.3,833.64,2025-07-27,2025-08-04,8,Delayed,0,0
SHP-20241374,2024-07-27,SUP-08,Indus Logistics Fab,Tier 3,WH-MUM-02,West Port (Mumbai),Express Air Freight,80.81,193.12,2024-07-30,2024-07-31,1,Delayed,0,0
SHP-20241375,2025-03-04,SUP-08,Indus Logistics Fab,Tier 3,WH-DEL-01,North Hub (Delhi-NCR),Standard Rail Transport,50.47,87.21,2025-03-07,2025-03-10,3,Delayed,0,0
SHP-20241376,2025-12-13,SUP-04,Evergreen Raw Materials,Tier 2,WH-DEL-01,North Hub (Delhi-NCR),Express Air Freight,439.41,868.04,2025-12-17,2025-12-18,1,Delayed,0,0
SHP-20241377,2024-11-23,SUP-01,Apex Precision Components,Tier 1,WH-BLR-03,South Central (Bengaluru),Regional Truckload,127.26,111.26,2024-11-28,2024-11-30,2,Delayed,0,0
SHP-20241378,2025-07-03,SUP-05,Falcon Fasteners Corp,Tier 2,WH-KOL-04,East Gateway (Kolkata),Regional Truckload,294.45,274.4,2025-07-07,2025-07-07,0,On-Time,1,0
SHP-20241379,2025-01-09,SUP-03,Delta Electronics Hub,Tier 1,WH-DEL-01,North Hub (Delhi-NCR),Standard Rail Transport,255.86,237.4,2025-01-11,2025-01-11,0,On-Time,1,0
SHP-20241380,2025-12-07,SUP-08,Indus Logistics Fab,Tier 3,WH-BLR-03,South Central (Bengaluru),Priority Surface Cargo,29.85,72.33,2025-12-10,2025-12-13,3,Delayed,0,0
SHP-20241381,2025-10-05,SUP-03,Delta Electronics Hub,Tier 1,WH-DEL-01,North Hub (Delhi-NCR),Standard Rail Transport,625.65,481.93,2025-10-09,2025-10-11,2,Delayed,0,0
SHP-20241382,2024-10-21,SUP-08,Indus Logistics Fab,Tier 3,WH-KOL-04,East Gateway (Kolkata),Standard Rail Transport,666.14,470.3,2024-10-23,2024-10-30,7,Delayed,0,0
SHP-20241383,2024-05-29,SUP-08,Indus Logistics Fab,Tier 3,WH-MUM-02,West Port (Mumbai),Regional Truckload,415.57,338.91,2024-06-01,2024-06-05,4,Delayed,0,0
SHP-20241384,2024-01-26,SUP-05,Falcon Fasteners Corp,Tier 2,WH-DEL-01,North Hub (Delhi-NCR),Priority Surface Cargo,126.18,225.77,2024-01-28,2024-02-05,8,Delayed,0,0
SHP-20241385,2025-12-15,SUP-01,Apex Precision Components,Tier 1,WH-BLR-03,South Central (Bengaluru),Regional Truckload,532.81,385.65,2025-12-20,2025-12-21,1,Delayed,0,0
SHP-20241386,2025-11-30,SUP-02,Bharat Heavy Forgings,Tier 1,WH-DEL-01,North Hub (Delhi-NCR),Express Air Freight,457.75,931.31,2025-12-03,2025-12-03,0,On-Time,1,0
SHP-20241387,2025-09-29,SUP-05,Falcon Fasteners Corp,Tier 2,WH-MUM-02,West Port (Mumbai),Express Air Freight,194.82,442.14,2025-10-04,2025-10-05,1,Delayed,0,0
SHP-20241388,2025-07-24,SUP-05,Falcon Fasteners Corp,Tier 2,WH-BLR-03,South Central (Bengaluru),Express Air Freight,392.43,804.92,2025-07-26,2025-07-26,0,On-Time,1,0
SHP-20241389,2025-06-28,SUP-05,Falcon Fasteners Corp,Tier 2,WH-MUM-02,West Port (Mumbai),Express Air Freight,197.76,451.63,2025-07-02,2025-07-05,3,Delayed,0,0
SHP-20241390,2024-01-01,SUP-08,Indus Logistics Fab,Tier 3,WH-BLR-03,South Central (Bengaluru),Express Air Freight,516.18,983.58,2024-01-06,2024-01-09,3,Delayed,0,0
SHP-20241391,2025-10-18,SUP-04,Evergreen Raw Materials,Tier 2,WH-BLR-03,South Central (Bengaluru),Express Air Freight,78.69,221.7,2025-10-22,2025-10-23,1,Delayed,0,0
SHP-20241392,2024-03-30,SUP-04,Evergreen Raw Materials,Tier 2,WH-KOL-04,East Gateway (Kolkata),Standard Rail Transport,350.55,261.3,2024-04-03,2024-04-03,0,On-Time,1,0
SHP-20241393,2024-08-24,SUP-03,Delta Electronics Hub,Tier 1,WH-KOL-04,East Gateway (Kolkata),Priority Surface Cargo,298.14,389.63,2024-08-27,2024-09-02,6,Delayed,0,0
SHP-20241394,2024-10-05,SUP-08,Indus Logistics Fab,Tier 3,WH-KOL-04,East Gateway (Kolkata),Regional Truckload,374.94,275.02,2024-10-10,2024-10-10,0,On-Time,1,0
SHP-20241395,2024-01-15,SUP-07,Hind Cargo Aggregates,Tier 3,WH-BLR-03,South Central (Bengaluru),Regional Truckload,155.87,158.56,2024-01-21,2024-01-24,3,Delayed,0,0
SHP-20241396,2025-09-15,SUP-05,Falcon Fasteners Corp,Tier 2,WH-KOL-04,East Gateway (Kolkata),Regional Truckload,626.66,482.2,2025-09-19,2025-09-21,2,Delayed,0,0
SHP-20241397,2025-05-27,SUP-03,Delta Electronics Hub,Tier 1,WH-KOL-04,East Gateway (Kolkata),Express Air Freight,402.54,770.23,2025-05-31,2025-06-08,8,Delayed,0,0
SHP-20241398,2024-12-06,SUP-01,Apex Precision Components,Tier 1,WH-BLR-03,South Central (Bengaluru),Standard Rail Transport,190.33,204.02,2024-12-10,2024-12-10,0,On-Time,1,0
SHP-20241399,2024-11-03,SUP-05,Falcon Fasteners Corp,Tier 2,WH-KOL-04,East Gateway (Kolkata),Priority Surface Cargo,375.29,500.85,2024-11-07,2024-11-08,1,Delayed,0,0
SHP-20241400,2024-06-05,SUP-03,Delta Electronics Hub,Tier 1,WH-KOL-04,East Gateway (Kolkata),Express Air Freight,341.31,674.33,2024-06-09,2024-06-09,0,On-Time,1,0
SHP-20241401,2024-05-05,SUP-05,Falcon Fasteners Corp,Tier 2,WH-KOL-04,East Gateway (Kolkata),Express Air Freight,119.4,250.44,2024-05-07,2024-05-08,1,delayed  ,0,0
SHP-20241402,2025-11-17,SUP-02,Bharat Heavy Forgings,Tier 1,WH-DEL-01,North Hub (Delhi-NCR),Priority Surface Cargo,589.63,707.36,2025-11-21,2025-11-21,0,On-Time,1,0
SHP-20241403,2025-03-22,SUP-05,Falcon Fasteners Corp,Tier 2,WH-BLR-03,South Central (Bengaluru),Standard Rail Transport,387.67,308.87,2025-03-26,2025-03-26,0,On-Time,1,0
SHP-20241404,2024-02-29,SUP-08,Indus Logistics Fab,Tier 3,WH-BLR-03,South Central (Bengaluru),Regional Truckload,136.99,135.43,2024-03-03,2024-03-09,6,Delayed,0,0
SHP-20241405,2025-11-01,SUP-06,Global Polymer Solutions,Tier 2,WH-KOL-04,East Gateway (Kolkata),Regional Truckload,815.51,555.82,2025-11-03,2025-11-08,5,Delayed,0,0
SHP-20241406,2024-01-24,SUP-01,Apex Precision Components,Tier 1,WH-DEL-01,North Hub (Delhi-NCR),Standard Rail Transport,163.3,132.89,2024-01-27,2024-01-27,0,On-Time,1,0
SHP-20241407,2025-06-17,SUP-02,Bharat Heavy Forgings,Tier 1,WH-KOL-04,East Gateway (Kolkata),Express Air Freight,428.85,872.06,2025-06-22,2025-06-25,3,Delayed,0,0
SHP-20241408,2025-05-30,SUP-06,Global Polymer Solutions,Tier 2,WH-MUM-02,West Port (Mumbai),Regional Truckload,493.44,404.62,2025-06-03,2025-06-03,0,On-Time,1,0
SHP-20241409,2024-09-19,SUP-04,Evergreen Raw Materials,Tier 2,WH-MUM-02,West Port (Mumbai),Regional Truckload,241.46,237.59,2024-09-24,2024-09-24,0,On-Time,1,0
SHP-20241410,2024-10-13,SUP-02,Bharat Heavy Forgings,Tier 1,WH-MUM-02,West Port (Mumbai),Priority Surface Cargo,440.46,538.56,2024-10-17,2024-10-21,4,Delayed,0,0
SHP-20241411,2025-06-06,SUP-07,Hind Cargo Aggregates,Tier 3,WH-MUM-02,West Port (Mumbai),Priority Surface Cargo,138.98,229.11,2025-06-11,2025-06-11,0,On-Time,1,0
SHP-20241412,2024-03-12,SUP-08,Indus Logistics Fab,Tier 3,WH-MUM-02,West Port (Mumbai),Priority Surface Cargo,373.77,462.62,2024-03-18,2024-03-18,0,On-Time,1,0
SHP-20241413,2025-12-12,SUP-07,Hind Cargo Aggregates,Tier 3,WH-KOL-04,East Gateway (Kolkata),Regional Truckload,791.51,561.81,2025-12-18,2025-12-18,0,On-Time,1,0
SHP-20241414,2024-11-02,SUP-06,Global Polymer Solutions,Tier 2,WH-MUM-02,West Port (Mumbai),Express Air Freight,481.82,920.36,2024-11-08,2024-11-12,4,Delayed,0,0
SHP-20241415,2024-04-27,SUP-02,Bharat Heavy Forgings,Tier 1,WH-BLR-03,South Central (Bengaluru),Standard Rail Transport,465.07,328.05,2024-05-03,2024-05-03,0,On-Time,1,0
SHP-20241416,2024-06-13,SUP-03,Delta Electronics Hub,Tier 1,WH-KOL-04,East Gateway (Kolkata),Regional Truckload,413.05,295.17,2024-06-17,2024-06-21,4,Delayed,0,0
SHP-20241417,2024-06-12,SUP-01,Apex Precision Components,Tier 1,WH-DEL-01,North Hub (Delhi-NCR),Regional Truckload,25.02,52.06,2024-06-18,2024-06-18,0,On-Time,1,0
SHP-20241418,2025-08-10,SUP-03,Delta Electronics Hub,Tier 1,WH-BLR-03,South Central (Bengaluru),Regional Truckload,771.11,533.36,2025-08-15,2025-08-16,1,Delayed,0,0
SHP-20241419,2024-02-24,SUP-08,Indus Logistics Fab,Tier 3,WH-MUM-02,West Port (Mumbai),Regional Truckload,519.45,414.63,2024-03-01,2024-03-06,5,Delayed,0,0
SHP-20241420,2025-09-23,SUP-04,Evergreen Raw Materials,Tier 2,WH-KOL-04,East Gateway (Kolkata),Regional Truckload,371.81,291.76,2025-09-28,2025-10-04,6,Delayed,0,0
SHP-20241421,2025-09-29,SUP-05,Falcon Fasteners Corp,Tier 2,WH-DEL-01,North Hub (Delhi-NCR),Priority Surface Cargo,416.89,503.49,2025-10-04,2025-10-05,1,Delayed,0,0
SHP-20241422,2025-11-01,SUP-05,Falcon Fasteners Corp,Tier 2,WH-KOL-04,East Gateway (Kolkata),Standard Rail Transport,191.32,203.5,2025-11-06,2025-11-11,5,Delayed,0,0
SHP-20241423,2024-12-19,SUP-03,Delta Electronics Hub,Tier 1,WH-MUM-02,West Port (Mumbai),Regional Truckload,396.61,313.99,2024-12-22,2024-12-22,0,On-Time,1,0
SHP-20241424,2025-05-21,SUP-04,Evergreen Raw Materials,Tier 2,WH-KOL-04,East Gateway (Kolkata),Express Air Freight,161.19,323.64,2025-05-25,2025-05-26,1,Delayed,0,0
SHP-20241425,2025-05-30,SUP-06,Global Polymer Solutions,Tier 2,WH-MUM-02,West Port (Mumbai),Priority Surface Cargo,330.39,401.14,2025-06-04,2025-06-05,1,Delayed,0,0
SHP-20241426,2025-05-14,SUP-02,Bharat Heavy Forgings,Tier 1,WH-BLR-03,South Central (Bengaluru),Regional Truckload,730.57,564.86,2025-05-17,2025-05-18,1,Delayed,0,0
SHP-20241427,2025-10-15,SUP-06,Global Polymer Solutions,Tier 2,WH-MUM-02,West Port (Mumbai),Express Air Freight,530.66,1072.75,2025-10-21,2025-10-21,0,On-Time,1,0
SHP-20241428,2024-06-19,SUP-05,Falcon Fasteners Corp,Tier 2,WH-DEL-01,North Hub (Delhi-NCR),Regional Truckload,90.74,149.57,2024-06-22,2024-06-22,0,On-Time,1,0
SHP-20241429,2024-02-01,SUP-03,Delta Electronics Hub,Tier 1,WH-BLR-03,South Central (Bengaluru),Priority Surface Cargo,324.64,441.95,2024-02-04,2024-02-04,0,On-Time,1,0
SHP-20241430,2024-09-20,SUP-01,Apex Precision Components,Tier 1,WH-BLR-03,South Central (Bengaluru),Regional Truckload,745.47,510.18,2024-09-22,2024-09-22,0,On-Time,1,0
SHP-20241431,2024-04-14,SUP-04,Evergreen Raw Materials,Tier 2,WH-DEL-01,North Hub (Delhi-NCR),Express Air Freight,832.48,1585.09,2024-04-20,2024-04-20,0,On-Time,1,0
SHP-20241432,2025-04-09,SUP-01,Apex Precision Components,Tier 1,WH-MUM-02,West Port (Mumbai),Priority Surface Cargo,530.16,614.1,2025-04-14,2025-04-15,1,Delayed,0,0
SHP-20241433,2025-10-28,SUP-07,Hind Cargo Aggregates,Tier 3,WH-BLR-03,South Central (Bengaluru),Standard Rail Transport,100.89,102.48,2025-11-03,2025-11-03,0,On-Time,1,0
SHP-20241434,2024-04-28,SUP-01,Apex Precision Components,Tier 1,WH-KOL-04,East Gateway (Kolkata),Priority Surface Cargo,421.34,544.97,2024-05-03,2024-05-05,2,Delayed,0,0
SHP-20241435,2025-03-13,SUP-06,Global Polymer Solutions,Tier 2,WH-KOL-04,East Gateway (Kolkata),Priority Surface Cargo,811.93,981.9,2025-03-18,2025-03-20,2,Delayed,0,0
SHP-20241436,2024-02-24,SUP-03,Delta Electronics Hub,Tier 1,WH-DEL-01,North Hub (Delhi-NCR),Regional Truckload,220.78,179.15,2024-02-29,2024-02-29,0,On-Time,1,0
SHP-20241437,2024-10-11,SUP-04,Evergreen Raw Materials,Tier 2,WH-KOL-04,East Gateway (Kolkata),Regional Truckload,837.62,575.44,2024-10-13,2024-10-22,9,Delayed,0,0
SHP-20241438,2025-07-20,SUP-03,Delta Electronics Hub,Tier 1,WH-KOL-04,East Gateway (Kolkata),Express Air Freight,25.15,92.07,2025-07-26,2025-07-27,1,Delayed,0,0
SHP-20241439,2024-11-11,SUP-03,Delta Electronics Hub,Tier 1,WH-KOL-04,East Gateway (Kolkata),Priority Surface Cargo,419.94,494.07,2024-11-17,2024-11-21,4,Delayed,0,0
SHP-20241440,2025-06-28,SUP-04,Evergreen Raw Materials,Tier 2,WH-MUM-02,West Port (Mumbai),Priority Surface Cargo,810.25,921.65,2025-07-04,2025-07-05,1,Delayed,0,0
SHP-20241441,2025-12-04,SUP-05,Falcon Fasteners Corp,Tier 2,WH-DEL-01,North Hub (Delhi-NCR),Regional Truckload,747.0,516.8,2025-12-08,2025-12-08,0,On-Time,1,0
SHP-20241442,2025-05-30,SUP-02,Bharat Heavy Forgings,Tier 1,WH-KOL-04,East Gateway (Kolkata),Standard Rail Transport,821.72,560.13,2025-06-03,2025-06-08,5,delayed  ,0,0
SHP-20241443,2025-08-19,SUP-05,Falcon Fasteners Corp,Tier 2,WH-MUM-02,West Port (Mumbai),Express Air Freight,204.32,454.08,2025-08-24,2025-08-25,1,Delayed,0,0
SHP-20241444,2024-02-04,SUP-04,Evergreen Raw Materials,Tier 2,WH-DEL-01,North Hub (Delhi-NCR),Express Air Freight,706.97,1348.39,2024-02-09,2024-02-09,0,On-Time,1,0
SHP-20241445,2024-03-20,SUP-08,Indus Logistics Fab,Tier 3,WH-MUM-02,West Port (Mumbai),Regional Truckload,145.16,122.26,2024-03-24,2024-03-24,0,On-Time,1,0
SHP-20241446,2024-04-04,SUP-04,Evergreen Raw Materials,Tier 2,WH-KOL-04,East Gateway (Kolkata),Regional Truckload,829.89,587.65,2024-04-06,2024-04-06,0,On-Time,1,0
SHP-20241447,2025-04-11,SUP-08,Indus Logistics Fab,Tier 3,WH-DEL-01,North Hub (Delhi-NCR),Express Air Freight,706.01,1348.93,2025-04-16,2025-04-17,1,Delayed,0,0
SHP-20241448,2025-04-29,SUP-05,Falcon Fasteners Corp,Tier 2,WH-KOL-04,East Gateway (Kolkata),Standard Rail Transport,782.46,558.88,2025-05-03,2025-05-06,3,Delayed,0,0
SHP-20241449,2025-08-09,SUP-05,Falcon Fasteners Corp,Tier 2,WH-DEL-01,North Hub (Delhi-NCR),Express Air Freight,679.58,1289.3,2025-08-15,2025-08-21,6,Delayed,0,0
SHP-20241450,2025-07-30,SUP-01,Apex Precision Components,Tier 1,WH-MUM-02,West Port (Mumbai),Regional Truckload,255.67,244.23,2025-08-04,2025-08-04,0,On-Time,1,0
SHP-20241451,2024-12-31,SUP-02,Bharat Heavy Forgings,Tier 1,WH-DEL-01,North Hub (Delhi-NCR),Standard Rail Transport,72.04,114.22,2025-01-05,2025-01-05,0,On-Time,1,0
SHP-20241452,2024-05-24,SUP-01,Apex Precision Components,Tier 1,WH-KOL-04,East Gateway (Kolkata),Standard Rail Transport,31.25,67.17,2024-05-30,2024-06-01,2,Delayed,0,0
SHP-20241453,2025-03-29,SUP-01,Apex Precision Components,Tier 1,WH-KOL-04,East Gateway (Kolkata),Priority Surface Cargo,232.27,282.1,2025-04-01,2025-04-01,0,On-Time,1,0
SHP-20241454,2024-02-16,SUP-07,Hind Cargo Aggregates,Tier 3,WH-DEL-01,North Hub (Delhi-NCR),Express Air Freight,114.13,245.13,2024-02-21,2024-02-21,0,On-Time,1,0
SHP-20241455,2025-01-21,SUP-08,Indus Logistics Fab,Tier 3,WH-DEL-01,North Hub (Delhi-NCR),Express Air Freight,779.68,1486.99,2025-01-23,2025-01-28,5,Delayed,0,0
SHP-20241456,2024-03-19,SUP-08,Indus Logistics Fab,Tier 3,WH-KOL-04,East Gateway (Kolkata),Priority Surface Cargo,525.72,625.86,25/03/2024,2024-03-31,6,Delayed,0,0
SHP-20241457,2025-06-27,SUP-07,Hind Cargo Aggregates,Tier 3,WH-KOL-04,East Gateway (Kolkata),Express Air Freight,779.37,1506.05,2025-06-29,2025-07-01,2,Delayed,0,0
SHP-20241458,2025-10-07,SUP-03,Delta Electronics Hub,Tier 1,WH-MUM-02,West Port (Mumbai),Priority Surface Cargo,298.66,387.45,2025-10-10,2025-10-14,4,Delayed,0,0
SHP-20241459,2025-04-22,SUP-02,Bharat Heavy Forgings,Tier 1,WH-MUM-02,West Port (Mumbai),Priority Surface Cargo,759.5,865.31,2025-04-27,2025-04-27,0,On-Time,1,0
SHP-20241460,2025-02-28,SUP-05,Falcon Fasteners Corp,Tier 2,WH-KOL-04,East Gateway (Kolkata),Priority Surface Cargo,172.88,260.95,2025-03-04,2025-03-06,2,Delayed,0,0
SHP-20241461,2025-01-25,SUP-07,Hind Cargo Aggregates,Tier 3,WH-MUM-02,West Port (Mumbai),Express Air Freight,575.93,1100.19,2025-01-27,2025-01-27,0,On-Time,1,1
SHP-20241462,2024-08-30,SUP-07,Hind Cargo Aggregates,Tier 3,WH-DEL-01,North Hub (Delhi-NCR),Priority Surface Cargo,704.52,802.83,2024-09-04,2024-09-10,6,Delayed,0,0
SHP-20241463,2025-05-18,SUP-06,Global Polymer Solutions,Tier 2,WH-KOL-04,East Gateway (Kolkata),Regional Truckload,140.03,166.13,2025-05-20,2025-05-24,4,Delayed,0,0
SHP-20241464,2025-04-06,SUP-05,Falcon Fasteners Corp,Tier 2,WH-KOL-04,East Gateway (Kolkata),Regional Truckload,133.89,179.59,2025-04-09,2025-04-09,0,On-Time,1,0
SHP-20241465,2025-09-27,SUP-03,Delta Electronics Hub,Tier 1,WH-DEL-01,North Hub (Delhi-NCR),Regional Truckload,90.05,109.04,2025-09-29,2025-09-29,0,On-Time,1,0
SHP-20241466,2024-06-17,SUP-08,Indus Logistics Fab,Tier 3,WH-BLR-03,South Central (Bengaluru),Regional Truckload,338.75,307.1,2024-06-19,2024-06-21,2,Delayed,0,0
SHP-20241467,2025-05-15,SUP-06,Global Polymer Solutions,Tier 2,WH-KOL-04,East Gateway (Kolkata),Priority Surface Cargo,449.73,576.88,2025-05-18,2025-05-19,1,Delayed,0,0
SHP-20241468,2025-10-28,SUP-07,Hind Cargo Aggregates,Tier 3,WH-DEL-01,North Hub (Delhi-NCR),Regional Truckload,45.53,107.66,2025-11-02,2025-11-07,5,Delayed,0,0
SHP-20241469,2025-05-12,SUP-04,Evergreen Raw Materials,Tier 2,WH-KOL-04,East Gateway (Kolkata),Express Air Freight,538.27,1056.4,2025-05-16,2025-05-16,0,On-Time,1,0
SHP-20241470,2025-12-04,SUP-06,Global Polymer Solutions,Tier 2,WH-BLR-03,South Central (Bengaluru),Regional Truckload,584.16,471.29,2025-12-07,2025-12-07,0,on-time  ,1,0
SHP-20241471,2024-10-02,SUP-08,Indus Logistics Fab,Tier 3,WH-KOL-04,East Gateway (Kolkata),Standard Rail Transport,73.58,101.31,2024-10-08,2024-10-12,4,Delayed,0,0
SHP-20241472,2025-06-29,SUP-04,Evergreen Raw Materials,Tier 2,WH-DEL-01,North Hub (Delhi-NCR),Regional Truckload,221.43,233.29,2025-07-01,2025-07-05,4,Delayed,0,0
SHP-20241473,2024-11-26,SUP-04,Evergreen Raw Materials,Tier 2,WH-DEL-01,North Hub (Delhi-NCR),Regional Truckload,644.24,495.84,2024-11-28,2024-11-28,0,On-Time,1,0
SHP-20241474,2024-01-26,SUP-01,Apex Precision Components,Tier 1,WH-BLR-03,South Central (Bengaluru),Regional Truckload,385.26,281.89,2024-01-30,2024-02-01,2,Delayed,0,0
SHP-20241475,2024-03-14,SUP-03,Delta Electronics Hub,Tier 1,WH-MUM-02,West Port (Mumbai),Express Air Freight,772.57,1457.86,2024-03-17,2024-03-18,1,Delayed,0,0
SHP-20241476,2025-11-21,SUP-07,Hind Cargo Aggregates,Tier 3,WH-BLR-03,South Central (Bengaluru),Priority Surface Cargo,623.88,753.03,2025-11-25,2025-11-26,1,Delayed,0,0
SHP-20241477,2025-02-18,SUP-04,Evergreen Raw Materials,Tier 2,WH-MUM-02,West Port (Mumbai),Regional Truckload,790.11,565.85,2025-02-23,2025-02-24,1,Delayed,0,0
SHP-20241478,2025-02-21,SUP-03,Delta Electronics Hub,Tier 1,WH-MUM-02,West Port (Mumbai),Priority Surface Cargo,259.68,356.4,2025-02-24,2025-02-24,0,On-Time,1,0
SHP-20241479,2024-12-11,SUP-02,Bharat Heavy Forgings,Tier 1,WH-MUM-02,West Port (Mumbai),Regional Truckload,322.17,242.75,2024-12-17,2024-12-18,1,Delayed,0,0
SHP-20241480,2024-02-14,SUP-08,Indus Logistics Fab,Tier 3,WH-BLR-03,South Central (Bengaluru),Priority Surface Cargo,542.75,623.94,2024-02-19,2024-02-19,0,On-Time,1,0
SHP-20241481,2024-09-10,SUP-04,Evergreen Raw Materials,Tier 2,WH-KOL-04,East Gateway (Kolkata),Standard Rail Transport,531.39,386.61,2024-09-14,2024-09-19,5,Delayed,0,0
SHP-20241482,2025-06-26,SUP-04,Evergreen Raw Materials,Tier 2,WH-KOL-04,East Gateway (Kolkata),Express Air Freight,309.98,637.97,2025-06-29,2025-06-30,1,Delayed,0,0
SHP-20241483,2025-05-23,SUP-05,Falcon Fasteners Corp,Tier 2,WH-BLR-03,South Central (Bengaluru),Priority Surface Cargo,33.35,98.17,2025-05-27,2025-05-27,0,On-Time,1,0
SHP-20241484,2025-10-10,SUP-02,Bharat Heavy Forgings,Tier 1,WH-BLR-03,South Central (Bengaluru),Regional Truckload,725.89,543.8,2025-10-14,2025-10-16,2,Delayed,0,0
SHP-20241485,2024-03-10,SUP-03,Delta Electronics Hub,Tier 1,WH-BLR-03,South Central (Bengaluru),Express Air Freight,671.59,1278.39,2024-03-14,2024-03-18,4,Delayed,0,0
SHP-20241486,2025-03-21,SUP-05,Falcon Fasteners Corp,Tier 2,WH-KOL-04,East Gateway (Kolkata),Regional Truckload,214.19,193.73,2025-03-26,2025-03-28,2,Delayed,0,0
SHP-20241487,2024-01-15,SUP-06,Global Polymer Solutions,Tier 2,WH-KOL-04,East Gateway (Kolkata),Regional Truckload,155.36,193.46,2024-01-18,2024-01-20,2,Delayed,0,0
SHP-20241488,2025-09-15,SUP-01,Apex Precision Components,Tier 1,WH-MUM-02,West Port (Mumbai),Express Air Freight,759.73,1458.29,2025-09-21,2025-09-21,0,On-Time,1,0
SHP-20241489,2024-03-03,SUP-02,Bharat Heavy Forgings,Tier 1,WH-MUM-02,West Port (Mumbai),Regional Truckload,567.57,459.57,2024-03-08,2024-03-09,1,Delayed,0,0
SHP-20241490,2024-04-07,SUP-03,Delta Electronics Hub,Tier 1,WH-BLR-03,South Central (Bengaluru),Standard Rail Transport,668.94,502.38,2024-04-09,2024-04-10,1,Delayed,0,0
SHP-20241491,2025-04-15,SUP-04,Evergreen Raw Materials,Tier 2,WH-KOL-04,East Gateway (Kolkata),Priority Surface Cargo,354.48,417.2,2025-04-21,2025-04-26,5,Delayed,0,0
SHP-20241492,2025-02-20,SUP-07,Hind Cargo Aggregates,Tier 3,WH-DEL-01,North Hub (Delhi-NCR),Priority Surface Cargo,467.49,596.58,2025-02-23,2025-02-28,5,Delayed,0,0
SHP-20241493,2025-07-25,SUP-04,Evergreen Raw Materials,Tier 2,WH-BLR-03,South Central (Bengaluru),Express Air Freight,603.61,1178.83,2025-07-31,2025-08-15,15,Delayed,0,0
SHP-20241494,2025-02-23,SUP-05,Falcon Fasteners Corp,Tier 2,WH-KOL-04,East Gateway (Kolkata),Regional Truckload,484.36,344.92,2025-03-01,2025-03-03,2,Delayed,0,0
SHP-20241495,2024-09-07,SUP-05,Falcon Fasteners Corp,Tier 2,WH-BLR-03,South Central (Bengaluru),Regional Truckload,319.01,251.11,2024-09-12,2024-09-12,0,On-Time,1,0
SHP-20241496,2025-01-07,SUP-08,Indus Logistics Fab,Tier 3,WH-BLR-03,South Central (Bengaluru),Priority Surface Cargo,261.48,328.03,2025-01-10,2025-01-10,0,On-Time,1,0
SHP-20241497,2025-08-04,SUP-08,Indus Logistics Fab,Tier 3,WH-DEL-01,North Hub (Delhi-NCR),Express Air Freight,748.02,1437.86,2025-08-10,2025-08-10,0,On-Time,1,0
SHP-20241498,2024-02-27,SUP-06,Global Polymer Solutions,Tier 2,WH-BLR-03,South Central (Bengaluru),Express Air Freight,605.03,1182.77,2024-03-04,2024-03-06,2,Delayed,0,0
SHP-20241499,2024-12-20,SUP-08,Indus Logistics Fab,Tier 3,WH-MUM-02,West Port (Mumbai),Regional Truckload,195.67,192.94,2024-12-23,2024-12-23,0,On-Time,1,0
SHP-20241500,2025-01-14,SUP-05,Falcon Fasteners Corp,Tier 2,WH-MUM-02,West Port (Mumbai),Regional Truckload,463.0,387.67,2025-01-16,2025-01-16,0,On-Time,1,1
SHP-20241501,2025-04-19,SUP-01,Apex Precision Components,Tier 1,WH-BLR-03,South Central (Bengaluru),Priority Surface Cargo,320.39,424.95,2025-04-22,2025-04-22,0,On-Time,1,0
SHP-20241502,2024-01-10,SUP-02,Bharat Heavy Forgings,Tier 1,WH-KOL-04,East Gateway (Kolkata),Regional Truckload,558.98,413.67,2024-01-14,2024-01-14,0,On-Time,1,0
SHP-20241503,2024-09-01,SUP-04,Evergreen Raw Materials,Tier 2,WH-KOL-04,East Gateway (Kolkata),Priority Surface Cargo,253.33,325.6,2024-09-04,2024-09-05,1,Delayed,0,0
SHP-20241504,2025-10-23,SUP-03,Delta Electronics Hub,Tier 1,WH-BLR-03,South Central (Bengaluru),Standard Rail Transport,436.45,369.1,2025-10-28,2025-10-30,2,Delayed,0,0
SHP-20241505,2024-04-24,SUP-02,Bharat Heavy Forgings,Tier 1,WH-DEL-01,North Hub (Delhi-NCR),Regional Truckload,354.52,264.53,2024-04-30,2024-05-01,1,Delayed,0,0
SHP-20241506,2024-06-22,SUP-03,Delta Electronics Hub,Tier 1,WH-BLR-03,South Central (Bengaluru),Express Air Freight,200.62,451.01,2024-06-26,2024-06-27,1,Delayed,0,0
SHP-20241507,2024-06-18,SUP-04,Evergreen Raw Materials,Tier 2,WH-MUM-02,West Port (Mumbai),Regional Truckload,811.84,611.47,2024-06-23,2024-06-26,3,Delayed,0,0
SHP-20241508,2024-06-16,SUP-06,Global Polymer Solutions,Tier 2,WH-BLR-03,South Central (Bengaluru),Priority Surface Cargo,760.01,919.91,2024-06-18,2024-06-20,2,Delayed,0,0
SHP-20241509,2025-07-11,SUP-04,Evergreen Raw Materials,Tier 2,WH-BLR-03,South Central (Bengaluru),Express Air Freight,327.11,689.68,2025-07-16,2025-07-18,2,Delayed,0,0
SHP-20241510,2025-04-24,SUP-03,Delta Electronics Hub,Tier 1,WH-BLR-03,South Central (Bengaluru),Standard Rail Transport,203.4,192.25,2025-04-28,2025-04-28,0,On-Time,1,0
SHP-20241511,2024-01-10,SUP-08,Indus Logistics Fab,Tier 3,WH-MUM-02,West Port (Mumbai),Priority Surface Cargo,259.22,357.66,2024-01-12,2024-01-12,0,On-Time,1,0
SHP-20241512,2024-03-17,SUP-02,Bharat Heavy Forgings,Tier 1,WH-MUM-02,West Port (Mumbai),Regional Truckload,445.97,360.68,2024-03-23,2024-03-23,0,On-Time,1,0
SHP-20241513,2024-09-02,SUP-03,Delta Electronics Hub,Tier 1,WH-DEL-01,North Hub (Delhi-NCR),Regional Truckload,226.59,204.86,2024-09-04,2024-09-12,8,Delayed,0,0
SHP-20241514,2024-09-20,SUP-04,Evergreen Raw Materials,Tier 2,WH-DEL-01,North Hub (Delhi-NCR),Priority Surface Cargo,289.91,357.39,2024-09-26,2024-10-01,5,Delayed,0,0
SHP-20241515,2024-04-12,SUP-02,Bharat Heavy Forgings,Tier 1,WH-KOL-04,East Gateway (Kolkata),Priority Surface Cargo,582.33,719.56,2024-04-17,2024-04-19,2,Delayed,0,0
SHP-20241516,2024-05-25,SUP-05,Falcon Fasteners Corp,Tier 2,WH-BLR-03,South Central (Bengaluru),Priority Surface Cargo,-36.9,114.07,2024-05-28,2024-05-28,0,On-Time,1,0
SHP-20241517,2024-06-23,SUP-08,Indus Logistics Fab,Tier 3,WH-BLR-03,South Central (Bengaluru),Express Air Freight,642.84,1242.84,2024-06-27,2024-06-28,1,Delayed,0,0
SHP-20241518,2024-10-10,SUP-02,Bharat Heavy Forgings,Tier 1,WH-KOL-04,East Gateway (Kolkata),Express Air Freight,707.26,1401.16,2024-10-13,2024-10-21,8,Delayed,0,0
SHP-20241519,2025-09-06,SUP-05,Falcon Fasteners Corp,Tier 2,WH-BLR-03,South Central (Bengaluru),Express Air Freight,378.61,761.26,2025-09-10,2025-09-10,0,On-Time,1,0
SHP-20241520,2024-06-14,SUP-03,Delta Electronics Hub,Tier 1,WH-KOL-04,East Gateway (Kolkata),Priority Surface Cargo,261.57,353.52,2024-06-17,2024-06-17,0,On-Time,1,0
SHP-20241521,2025-11-10,SUP-05,Falcon Fasteners Corp,Tier 2,WH-DEL-01,North Hub (Delhi-NCR),Regional Truckload,356.55,260.27,2025-11-16,2025-11-20,4,Delayed,0,0
SHP-20241522,2025-08-28,SUP-06,Global Polymer Solutions,Tier 2,WH-DEL-01,North Hub (Delhi-NCR),Priority Surface Cargo,551.35,701.16,2025-08-31,2025-08-31,0,On-Time,1,0
SHP-20241523,2024-04-17,SUP-03,Delta Electronics Hub,Tier 1,WH-BLR-03,South Central (Bengaluru),Regional Truckload,456.58,357.77,2024-04-22,2024-04-26,4,Delayed,0,0
SHP-20241524,2024-11-02,SUP-02,Bharat Heavy Forgings,Tier 1,WH-DEL-01,North Hub (Delhi-NCR),Standard Rail Transport,647.05,503.72,2024-11-08,2024-11-08,0,On-Time,1,0
SHP-20241525,2024-10-05,SUP-04,Evergreen Raw Materials,Tier 2,WH-DEL-01,North Hub (Delhi-NCR),Regional Truckload,358.94,324.65,2024-10-09,2024-10-14,5,Delayed,0,0
SHP-20241526,2025-01-19,SUP-03,Delta Electronics Hub,Tier 1,WH-MUM-02,West Port (Mumbai),Standard Rail Transport,749.51,517.11,2025-01-21,2025-01-22,1,Delayed,0,0
SHP-20241527,2025-06-06,SUP-04,Evergreen Raw Materials,Tier 2,WH-MUM-02,West Port (Mumbai),Standard Rail Transport,623.91,458.51,2025-06-08,2025-06-10,2,Delayed,0,0
SHP-20241528,2024-09-22,SUP-04,Evergreen Raw Materials,Tier 2,WH-DEL-01,North Hub (Delhi-NCR),Priority Surface Cargo,410.43,512.64,2024-09-24,2024-09-24,0,On-Time,1,0
SHP-20241529,2025-11-03,SUP-03,Delta Electronics Hub,Tier 1,WH-BLR-03,South Central (Bengaluru),Regional Truckload,790.81,598.09,2025-11-08,2025-11-09,1,Delayed,0,0
SHP-20241530,2025-09-08,SUP-08,Indus Logistics Fab,Tier 3,WH-MUM-02,West Port (Mumbai),Express Air Freight,360.74,753.1,2025-09-11,2025-09-11,0,On-Time,1,0
SHP-20241531,2025-07-05,SUP-01,Apex Precision Components,Tier 1,WH-KOL-04,East Gateway (Kolkata),Regional Truckload,467.23,372.75,2025-07-10,2025-07-10,0,On-Time,1,0
SHP-20241532,2024-12-02,SUP-01,Apex Precision Components,Tier 1,WH-BLR-03,South Central (Bengaluru),Priority Surface Cargo,377.76,504.05,2024-12-05,2024-12-05,0,On-Time,1,0
SHP-20241533,2024-10-06,SUP-07,Hind Cargo Aggregates,Tier 3,WH-MUM-02,West Port (Mumbai),Priority Surface Cargo,709.28,829.63,2024-10-09,2024-10-09,0,On-Time,1,0
SHP-20241534,2024-05-06,SUP-08,Indus Logistics Fab,Tier 3,WH-KOL-04,East Gateway (Kolkata),Express Air Freight,397.51,790.83,2024-05-12,2024-05-19,7,Delayed,0,0
SHP-20241535,2025-09-13,SUP-02,Bharat Heavy Forgings,Tier 1,WH-BLR-03,South Central (Bengaluru),Regional Truckload,809.98,573.25,2025-09-18,2025-09-18,0,On-Time,1,0
SHP-20241536,2025-10-23,SUP-08,Indus Logistics Fab,Tier 3,WH-KOL-04,East Gateway (Kolkata),Regional Truckload,740.66,506.87,2025-10-28,2025-10-28,0,On-Time,1,0
SHP-20241537,2025-10-27,SUP-01,Apex Precision Components,Tier 1,WH-KOL-04,East Gateway (Kolkata),Priority Surface Cargo,679.11,830.8,2025-10-30,2025-10-30,0,On-Time,1,0
SHP-20241538,2024-01-02,SUP-08,Indus Logistics Fab,Tier 3,WH-KOL-04,East Gateway (Kolkata),Standard Rail Transport,335.19,300.24,2024-01-08,2024-01-10,2,Delayed,0,0
SHP-20241539,2025-02-22,SUP-04,Evergreen Raw Materials,Tier 2,WH-KOL-04,East Gateway (Kolkata),Priority Surface Cargo,78.68,166.8,2025-02-27,2025-03-06,7,Delayed,0,0
SHP-20241540,2025-03-03,SUP-08,Indus Logistics Fab,Tier 3,WH-BLR-03,South Central (Bengaluru),Regional Truckload,145.8,141.86,2025-03-08,2025-03-08,0,On-Time,1,0
SHP-20241541,2024-10-01,SUP-08,Indus Logistics Fab,Tier 3,WH-BLR-03,South Central (Bengaluru),Express Air Freight,460.59,939.22,2024-10-06,2024-10-08,2,Delayed,0,0
SHP-20241542,2024-01-17,SUP-02,Bharat Heavy Forgings,Tier 1,WH-BLR-03,South Central (Bengaluru),Regional Truckload,322.63,272.99,2024-01-19,2024-01-22,3,Delayed,0,0
SHP-20241543,2025-05-11,SUP-07,Hind Cargo Aggregates,Tier 3,WH-MUM-02,West Port (Mumbai),Express Air Freight,657.95,1301.15,2025-05-16,2025-05-16,0,On-Time,1,0
SHP-20241544,2024-01-03,SUP-03,Delta Electronics Hub,Tier 1,WH-KOL-04,East Gateway (Kolkata),Priority Surface Cargo,407.36,501.56,2024-01-05,2024-01-11,6,Delayed,0,0
SHP-20241545,2024-03-21,SUP-02,Bharat Heavy Forgings,Tier 1,WH-MUM-02,West Port (Mumbai),Standard Rail Transport,48.53,108.56,2024-03-23,2024-03-23,0,On-Time,1,0
SHP-20241546,2024-07-10,SUP-03,Delta Electronics Hub,Tier 1,WH-KOL-04,East Gateway (Kolkata),Priority Surface Cargo,398.5,477.18,2024-07-13,2024-07-13,0,On-Time,1,0
SHP-20241547,2025-05-10,SUP-01,Apex Precision Components,Tier 1,WH-DEL-01,North Hub (Delhi-NCR),Express Air Freight,322.3,686.5,2025-05-14,2025-05-16,2,Delayed,0,0
SHP-20241548,2025-07-15,SUP-03,Delta Electronics Hub,Tier 1,WH-KOL-04,East Gateway (Kolkata),Express Air Freight,326.18,629.69,2025-07-20,2025-07-21,1,Delayed,0,0
SHP-20241549,2024-01-28,SUP-05,Falcon Fasteners Corp,Tier 2,WH-BLR-03,South Central (Bengaluru),Express Air Freight,786.05,1523.49,2024-01-30,2024-01-31,1,Delayed,0,0
SHP-20241550,2024-03-10,SUP-07,Hind Cargo Aggregates,Tier 3,WH-KOL-04,East Gateway (Kolkata),Standard Rail Transport,440.14,333.35,2024-03-15,2024-03-22,7,Delayed,0,0
SHP-20241551,2024-11-12,SUP-08,Indus Logistics Fab,Tier 3,WH-BLR-03,South Central (Bengaluru),Regional Truckload,302.43,246.38,2024-11-17,2024-11-23,6,Delayed,0,0
SHP-20241552,2025-03-04,SUP-01,Apex Precision Components,Tier 1,WH-DEL-01,North Hub (Delhi-NCR),Priority Surface Cargo,614.3,748.58,07/03/2025,2025-03-07,0,On-Time,1,0
SHP-20241553,2025-04-30,SUP-04,Evergreen Raw Materials,Tier 2,WH-KOL-04,East Gateway (Kolkata),Priority Surface Cargo,680.88,839.48,2025-05-03,2025-05-05,2,Delayed,0,0
SHP-20241554,2025-11-10,SUP-01,Apex Precision Components,Tier 1,WH-KOL-04,East Gateway (Kolkata),Standard Rail Transport,540.97,404.34,2025-11-14,2025-11-17,3,Delayed,0,0
SHP-20241555,2024-11-27,SUP-05,Falcon Fasteners Corp,Tier 2,WH-BLR-03,South Central (Bengaluru),Standard Rail Transport,312.09,287.89,2024-12-01,2024-12-01,0,On-Time,1,0
SHP-20241556,2025-05-29,SUP-05,Falcon Fasteners Corp,Tier 2,WH-MUM-02,West Port (Mumbai),Regional Truckload,560.22,445.52,2025-05-31,2025-05-31,0,On-Time,1,0
SHP-20241557,2024-11-13,SUP-05,Falcon Fasteners Corp,Tier 2,WH-MUM-02,West Port (Mumbai),Priority Surface Cargo,352.29,475.12,2024-11-18,2024-11-20,2,Delayed,0,0
SHP-20241558,2024-12-04,SUP-07,Hind Cargo Aggregates,Tier 3,WH-DEL-01,North Hub (Delhi-NCR),Express Air Freight,766.43,1509.01,2024-12-07,2024-12-07,0,On-Time,1,0
SHP-20241559,2024-02-19,SUP-06,Global Polymer Solutions,Tier 2,WH-MUM-02,West Port (Mumbai),Standard Rail Transport,696.61,510.44,2024-02-23,2024-02-23,0,On-Time,1,0
SHP-20241560,2024-08-26,SUP-06,Global Polymer Solutions,Tier 2,WH-MUM-02,West Port (Mumbai),Priority Surface Cargo,334.93,403.87,2024-08-29,2024-08-29,0,On-Time,1,0
SHP-20241561,2025-09-23,SUP-01,Apex Precision Components,Tier 1,WH-KOL-04,East Gateway (Kolkata),Priority Surface Cargo,522.7,623.56,2025-09-28,2025-09-28,0,On-Time,1,0
SHP-20241562,2024-01-31,SUP-01,Apex Precision Components,Tier 1,WH-KOL-04,East Gateway (Kolkata),Regional Truckload,351.93,260.95,2024-02-03,2024-02-11,8,Delayed,0,0
SHP-20241563,2024-04-19,SUP-06,Global Polymer Solutions,Tier 2,WH-KOL-04,East Gateway (Kolkata),Express Air Freight,620.35,1185.88,2024-04-23,2024-04-26,3,Delayed,0,0
SHP-20241564,2024-02-29,SUP-04,Evergreen Raw Materials,Tier 2,WH-MUM-02,West Port (Mumbai),Standard Rail Transport,521.07,387.74,2024-03-02,2024-03-02,0,On-Time,1,0
SHP-20241565,2025-11-08,SUP-01,Apex Precision Components,Tier 1,WH-MUM-02,West Port (Mumbai),Priority Surface Cargo,550.85,655.07,2025-11-14,2025-11-15,1,Delayed,0,0
SHP-20241566,2024-09-28,SUP-05,Falcon Fasteners Corp,Tier 2,WH-MUM-02,West Port (Mumbai),Standard Rail Transport,717.17,505.1,2024-09-30,2024-09-30,0,On-Time,1,0
SHP-20241567,2024-09-22,SUP-07,Hind Cargo Aggregates,Tier 3,WH-DEL-01,North Hub (Delhi-NCR),Express Air Freight,333.96,690.66,2024-09-25,2024-09-25,0,On-Time,1,0
SHP-20241568,2025-04-04,SUP-03,Delta Electronics Hub,Tier 1,WH-DEL-01,North Hub (Delhi-NCR),Priority Surface Cargo,57.44,141.7,2025-04-08,2025-04-09,1,Delayed,0,0
SHP-20241569,2024-10-04,SUP-03,Delta Electronics Hub,Tier 1,WH-BLR-03,South Central (Bengaluru),Regional Truckload,614.68,457.26,2024-10-09,2024-10-10,1,Delayed,0,0
SHP-20241570,2024-07-23,SUP-02,Bharat Heavy Forgings,Tier 1,WH-MUM-02,West Port (Mumbai),Standard Rail Transport,-679.99,512.75,2024-07-25,2024-07-25,0,On-Time,1,0
SHP-20241571,2024-09-07,SUP-08,Indus Logistics Fab,Tier 3,WH-DEL-01,North Hub (Delhi-NCR),Express Air Freight,155.13,366.08,2024-09-12,2024-09-15,3,Delayed,0,0
SHP-20241572,2024-02-03,SUP-04,Evergreen Raw Materials,Tier 2,WH-MUM-02,West Port (Mumbai),Regional Truckload,232.39,189.86,2024-02-08,2024-02-08,0,On-Time,1,0
SHP-20241573,2024-04-23,SUP-07,Hind Cargo Aggregates,Tier 3,WH-DEL-01,North Hub (Delhi-NCR),Regional Truckload,685.19,523.64,2024-04-28,2024-04-28,0,On-Time,1,0
SHP-20241574,2024-11-22,SUP-07,Hind Cargo Aggregates,Tier 3,WH-KOL-04,East Gateway (Kolkata),Express Air Freight,565.19,1117.94,2024-11-27,2024-12-08,11,Delayed,0,0
SHP-20241575,2024-12-17,SUP-02,Bharat Heavy Forgings,Tier 1,WH-KOL-04,East Gateway (Kolkata),Regional Truckload,411.91,311.5,2024-12-22,2024-12-27,5,Delayed,0,0
SHP-20241576,2025-01-15,SUP-04,Evergreen Raw Materials,Tier 2,WH-KOL-04,East Gateway (Kolkata),Regional Truckload,292.79,234.95,2025-01-21,2025-01-28,7,Delayed,0,0
SHP-20241577,2024-09-24,SUP-07,Hind Cargo Aggregates,Tier 3,WH-BLR-03,South Central (Bengaluru),Standard Rail Transport,437.25,326.24,2024-09-27,2024-09-28,1,Delayed,0,1
SHP-20241578,2025-04-15,SUP-03,Delta Electronics Hub,Tier 1,WH-BLR-03,South Central (Bengaluru),Regional Truckload,579.53,450.61,2025-04-17,2025-04-17,0,On-Time,1,0
SHP-20241579,2024-01-26,SUP-07,Hind Cargo Aggregates,Tier 3,WH-BLR-03,South Central (Bengaluru),Standard Rail Transport,663.96,460.57,2024-01-29,2024-01-29,0,on-time  ,1,0
SHP-20241580,2025-02-26,SUP-01,Apex Precision Components,Tier 1,WH-KOL-04,East Gateway (Kolkata),Express Air Freight,87.39,211.36,2025-03-03,2025-03-05,2,Delayed,0,0
SHP-20241581,2025-04-22,SUP-06,Global Polymer Solutions,Tier 2,WH-KOL-04,East Gateway (Kolkata),Priority Surface Cargo,180.12,259.1,2025-04-26,2025-05-01,5,Delayed,0,0
SHP-20241582,2025-12-06,SUP-08,Indus Logistics Fab,Tier 3,WH-BLR-03,South Central (Bengaluru),Standard Rail Transport,210.66,183.45,2025-12-08,2025-12-10,2,Delayed,0,0
SHP-20241583,2024-05-29,SUP-05,Falcon Fasteners Corp,Tier 2,WH-KOL-04,East Gateway (Kolkata),Express Air Freight,621.97,1233.07,2024-06-01,2024-06-01,0,On-Time,1,0
SHP-20241584,2025-12-04,SUP-05,Falcon Fasteners Corp,Tier 2,WH-BLR-03,South Central (Bengaluru),Standard Rail Transport,257.82,217.44,2025-12-06,2025-12-06,0,On-Time,1,0
SHP-20241585,2024-06-05,SUP-03,Delta Electronics Hub,Tier 1,WH-KOL-04,East Gateway (Kolkata),Priority Surface Cargo,493.01,637.09,2024-06-08,2024-06-08,0,On-Time,1,0
SHP-20241586,2024-02-07,SUP-05,Falcon Fasteners Corp,Tier 2,WH-MUM-02,West Port (Mumbai),Priority Surface Cargo,157.54,233.78,2024-02-13,2024-02-13,0,On-Time,1,0
SHP-20241587,2024-07-10,SUP-02,Bharat Heavy Forgings,Tier 1,WH-DEL-01,North Hub (Delhi-NCR),Priority Surface Cargo,358.86,469.55,2024-07-14,2024-07-20,6,Delayed,0,0
SHP-20241588,2025-04-12,SUP-02,Bharat Heavy Forgings,Tier 1,WH-DEL-01,North Hub (Delhi-NCR),Priority Surface Cargo,597.45,690.35,2025-04-15,2025-04-17,2,Delayed,0,0
SHP-20241589,2025-02-10,SUP-04,Evergreen Raw Materials,Tier 2,WH-BLR-03,South Central (Bengaluru),Express Air Freight,450.54,911.85,2025-02-13,2025-02-14,1,Delayed,0,0
SHP-20241590,2025-03-01,SUP-06,Global Polymer Solutions,Tier 2,WH-MUM-02,West Port (Mumbai),Standard Rail Transport,590.84,444.69,2025-03-03,2025-03-03,0,On-Time,1,0
SHP-20241591,2024-06-28,SUP-01,Apex Precision Components,Tier 1,WH-MUM-02,West Port (Mumbai),Priority Surface Cargo,405.76,525.47,2024-07-02,2024-07-03,1,Delayed,0,0
SHP-20241592,2024-12-27,SUP-02,Bharat Heavy Forgings,Tier 1,WH-KOL-04,East Gateway (Kolkata),Regional Truckload,35.09,59.78,2025-01-01,2025-01-14,13,Delayed,0,0
SHP-20241593,2025-05-26,SUP-04,Evergreen Raw Materials,Tier 2,WH-DEL-01,North Hub (Delhi-NCR),Standard Rail Transport,677.72,480.37,2025-05-29,2025-05-31,2,Delayed,0,0
SHP-20241594,2025-11-26,SUP-08,Indus Logistics Fab,Tier 3,WH-KOL-04,East Gateway (Kolkata),Express Air Freight,202.47,408.73,2025-11-28,2025-11-29,1,Delayed,0,1
SHP-20241595,2024-06-12,SUP-06,Global Polymer Solutions,Tier 2,WH-MUM-02,West Port (Mumbai),Priority Surface Cargo,219.62,288.36,2024-06-16,2024-06-17,1,Delayed,0,0
SHP-20241596,2025-03-27,SUP-04,Evergreen Raw Materials,Tier 2,WH-DEL-01,North Hub (Delhi-NCR),Standard Rail Transport,72.0,79.48,2025-03-30,2025-03-31,1,Delayed,0,0
SHP-20241597,2025-11-12,SUP-07,Hind Cargo Aggregates,Tier 3,WH-DEL-01,North Hub (Delhi-NCR),Priority Surface Cargo,405.57,528.7,2025-11-17,2025-11-17,0,On-Time,1,1
SHP-20241598,2025-03-20,SUP-05,Falcon Fasteners Corp,Tier 2,WH-BLR-03,South Central (Bengaluru),Regional Truckload,145.11,127.52,2025-03-22,2025-03-22,0,On-Time,1,0
SHP-20241599,2025-11-16,SUP-08,Indus Logistics Fab,Tier 3,WH-MUM-02,West Port (Mumbai),Priority Surface Cargo,184.75,294.95,2025-11-19,2025-11-21,2,Delayed,0,0
SHP-20241600,2025-05-18,SUP-08,Indus Logistics Fab,Tier 3,WH-BLR-03,South Central (Bengaluru),Standard Rail Transport,24.88,55.33,2025-05-20,2025-05-22,2,Delayed,0,0
SHP-20241601,2025-11-26,SUP-08,Indus Logistics Fab,Tier 3,WH-BLR-03,South Central (Bengaluru),Regional Truckload,666.76,486.82,2025-12-02,2025-12-04,2,Delayed,0,0
SHP-20241602,2024-10-07,SUP-06,Global Polymer Solutions,Tier 2,WH-KOL-04,East Gateway (Kolkata),Express Air Freight,631.35,1217.78,2024-10-09,2024-10-12,3,Delayed,0,1
SHP-20241603,2024-09-25,SUP-06,Global Polymer Solutions,Tier 2,WH-BLR-03,South Central (Bengaluru),Priority Surface Cargo,288.67,346.26,2024-09-28,2024-09-29,1,Delayed,0,0
SHP-20241604,2024-02-10,SUP-04,Evergreen Raw Materials,Tier 2,WH-MUM-02,West Port (Mumbai),Standard Rail Transport,104.47,92.94,2024-02-12,2024-02-13,1,Delayed,0,0
SHP-20241605,2024-02-19,SUP-01,Apex Precision Components,Tier 1,WH-KOL-04,East Gateway (Kolkata),Express Air Freight,813.59,1566.54,2024-02-24,2024-02-27,3,Delayed,0,0
SHP-20241606,2024-12-08,SUP-05,Falcon Fasteners Corp,Tier 2,WH-BLR-03,South Central (Bengaluru),Express Air Freight,185.17,401.54,2024-12-14,2024-12-15,1,Delayed,0,0
SHP-20241607,2024-09-14,SUP-02,Bharat Heavy Forgings,Tier 1,WH-BLR-03,South Central (Bengaluru),Express Air Freight,341.15,667.69,2024-09-17,2024-09-18,1,Delayed,0,0
SHP-20241608,2025-12-11,SUP-04,Evergreen Raw Materials,Tier 2,WH-BLR-03,South Central (Bengaluru),Express Air Freight,177.24,376.21,2025-12-16,2025-12-16,0,On-Time,1,0
SHP-20241609,2025-09-13,SUP-07,Hind Cargo Aggregates,Tier 3,WH-DEL-01,North Hub (Delhi-NCR),Express Air Freight,768.51,1456.19,2025-09-19,2025-09-20,1,Delayed,0,0
SHP-20241610,2025-03-15,SUP-01,Apex Precision Components,Tier 1,WH-MUM-02,West Port (Mumbai),Standard Rail Transport,823.63,626.75,2025-03-19,2025-03-19,0,On-Time,1,0
SHP-20241611,2025-05-26,SUP-01,Apex Precision Components,Tier 1,WH-KOL-04,East Gateway (Kolkata),Express Air Freight,639.03,1217.94,2025-05-31,2025-06-08,8,Delayed,0,0
SHP-20241612,2025-08-25,SUP-01,Apex Precision Components,Tier 1,WH-DEL-01,North Hub (Delhi-NCR),Regional Truckload,461.15,362.76,2025-08-29,2025-09-01,3,delayed  ,0,0
SHP-20241613,2025-01-25,SUP-08,Indus Logistics Fab,Tier 3,WH-BLR-03,South Central (Bengaluru),Express Air Freight,103.62,254.91,2025-01-31,2025-01-31,0,On-Time,1,0
SHP-20241614,2025-06-07,SUP-04,Evergreen Raw Materials,Tier 2,WH-KOL-04,East Gateway (Kolkata),Express Air Freight,818.9,1546.45,2025-06-12,2025-06-12,0,On-Time,1,1
SHP-20241615,2024-08-16,SUP-03,Delta Electronics Hub,Tier 1,WH-KOL-04,East Gateway (Kolkata),Standard Rail Transport,733.17,542.6,2024-08-22,2024-08-28,6,Delayed,0,0
SHP-20241616,2025-11-26,SUP-07,Hind Cargo Aggregates,Tier 3,WH-MUM-02,West Port (Mumbai),Priority Surface Cargo,-691.66,825.97,2025-11-30,2025-11-30,0,On-Time,1,0
SHP-20241617,2024-01-08,SUP-05,Falcon Fasteners Corp,Tier 2,WH-DEL-01,North Hub (Delhi-NCR),Express Air Freight,758.05,1457.65,2024-01-12,2024-01-12,0,On-Time,1,0
SHP-20241618,2024-05-30,SUP-08,Indus Logistics Fab,Tier 3,WH-KOL-04,East Gateway (Kolkata),Regional Truckload,326.42,243.03,2024-06-05,2024-06-11,6,Delayed,0,0
SHP-20241619,2024-07-23,SUP-03,Delta Electronics Hub,Tier 1,WH-DEL-01,North Hub (Delhi-NCR),Standard Rail Transport,656.71,484.17,2024-07-25,2024-07-25,0,On-Time,1,0
SHP-20241620,2024-09-26,SUP-06,Global Polymer Solutions,Tier 2,WH-DEL-01,North Hub (Delhi-NCR),Priority Surface Cargo,324.13,430.41,2024-09-30,2024-09-30,0,On-Time,1,0
SHP-20241621,2025-06-04,SUP-03,Delta Electronics Hub,Tier 1,WH-DEL-01,North Hub (Delhi-NCR),Priority Surface Cargo,712.58,822.62,2025-06-07,2025-06-07,0,On-Time,1,0
SHP-20241622,2025-05-14,SUP-04,Evergreen Raw Materials,Tier 2,WH-KOL-04,East Gateway (Kolkata),Standard Rail Transport,613.88,459.28,2025-05-16,2025-05-16,0,On-Time,1,0
SHP-20241623,2025-06-16,SUP-08,Indus Logistics Fab,Tier 3,WH-DEL-01,North Hub (Delhi-NCR),Standard Rail Transport,218.11,227.9,2025-06-21,2025-06-21,0,On-Time,1,0
SHP-20241624,2025-02-20,SUP-03,Delta Electronics Hub,Tier 1,WH-BLR-03,South Central (Bengaluru),Priority Surface Cargo,89.09,135.98,2025-02-24,2025-02-26,2,Delayed,0,0
SHP-20241625,2025-02-03,SUP-05,Falcon Fasteners Corp,Tier 2,WH-MUM-02,West Port (Mumbai),Express Air Freight,816.89,1592.21,2025-02-07,2025-02-09,2,Delayed,0,0
SHP-20241626,2025-08-03,SUP-03,Delta Electronics Hub,Tier 1,WH-MUM-02,West Port (Mumbai),Express Air Freight,405.98,792.82,2025-08-08,2025-08-08,0,On-Time,1,0
SHP-20241627,2024-03-12,SUP-04,Evergreen Raw Materials,Tier 2,WH-DEL-01,North Hub (Delhi-NCR),Standard Rail Transport,824.25,624.97,2024-03-18,2024-03-20,2,Delayed,0,0
SHP-20241628,2025-08-18,SUP-06,Global Polymer Solutions,Tier 2,WH-KOL-04,East Gateway (Kolkata),Priority Surface Cargo,303.88,384.75,2025-08-21,2025-08-22,1,Delayed,0,0
SHP-20241629,2025-03-27,SUP-04,Evergreen Raw Materials,Tier 2,WH-MUM-02,West Port (Mumbai),Priority Surface Cargo,455.42,540.58,2025-03-31,2025-03-31,0,On-Time,1,0
SHP-20241630,2025-01-09,SUP-05,Falcon Fasteners Corp,Tier 2,WH-BLR-03,South Central (Bengaluru),Standard Rail Transport,785.0,603.47,2025-01-14,2025-01-15,1,Delayed,0,0
SHP-20241631,2025-07-09,SUP-01,Apex Precision Components,Tier 1,WH-MUM-02,West Port (Mumbai),Standard Rail Transport,525.35,416.42,2025-07-14,2025-07-14,0,On-Time,1,0
SHP-20241632,2024-10-07,SUP-08,Indus Logistics Fab,Tier 3,WH-KOL-04,East Gateway (Kolkata),Regional Truckload,240.26,230.42,2024-10-13,2024-10-14,1,Delayed,0,0
SHP-20241633,2024-01-18,SUP-05,Falcon Fasteners Corp,Tier 2,WH-BLR-03,South Central (Bengaluru),Regional Truckload,473.4,394.53,2024-01-23,2024-01-24,1,Delayed,0,0
SHP-20241634,2024-11-26,SUP-02,Bharat Heavy Forgings,Tier 1,WH-BLR-03,South Central (Bengaluru),Regional Truckload,647.92,458.27,2024-11-29,2024-11-29,0,On-Time,1,0
SHP-20241635,2024-02-06,SUP-08,Indus Logistics Fab,Tier 3,WH-BLR-03,South Central (Bengaluru),Regional Truckload,555.95,450.77,2024-02-09,2024-02-12,3,Delayed,0,0
SHP-20241636,2024-01-09,SUP-07,Hind Cargo Aggregates,Tier 3,WH-DEL-01,North Hub (Delhi-NCR),Regional Truckload,225.01,230.54,2024-01-13,2024-01-15,2,Delayed,0,0
SHP-20241637,2024-12-12,SUP-06,Global Polymer Solutions,Tier 2,WH-DEL-01,North Hub (Delhi-NCR),Regional Truckload,188.6,195.02,2024-12-15,2024-12-15,0,On-Time,1,0
SHP-20241638,2025-06-17,SUP-07,Hind Cargo Aggregates,Tier 3,WH-MUM-02,West Port (Mumbai),Regional Truckload,146.5,151.04,2025-06-20,2025-06-20,0,On-Time,1,0
SHP-20241639,2025-06-15,SUP-02,Bharat Heavy Forgings,Tier 1,WH-DEL-01,North Hub (Delhi-NCR),Express Air Freight,649.22,1265.13,2025-06-20,2025-06-20,0,On-Time,1,0
SHP-20241640,2025-08-23,SUP-03,Delta Electronics Hub,Tier 1,WH-DEL-01,North Hub (Delhi-NCR),Priority Surface Cargo,50.05,80.4,2025-08-28,2025-08-31,3,Delayed,0,0
SHP-20241641,2024-03-14,SUP-01,Apex Precision Components,Tier 1,WH-KOL-04,East Gateway (Kolkata),Priority Surface Cargo,571.28,668.54,2024-03-19,2024-03-25,6,Delayed,0,0
SHP-20241642,2025-09-02,SUP-03,Delta Electronics Hub,Tier 1,WH-DEL-01,North Hub (Delhi-NCR),Regional Truckload,239.8,197.14,2025-09-05,2025-09-07,2,Delayed,0,0
SHP-20241643,2024-04-25,SUP-05,Falcon Fasteners Corp,Tier 2,WH-DEL-01,North Hub (Delhi-NCR),Regional Truckload,590.06,410.18,2024-05-01,2024-05-04,3,Delayed,0,0
SHP-20241644,2025-11-28,SUP-07,Hind Cargo Aggregates,Tier 3,WH-BLR-03,South Central (Bengaluru),Standard Rail Transport,457.85,350.14,2025-12-02,2025-12-06,4,Delayed,0,0
SHP-20241645,2024-01-26,SUP-04,Evergreen Raw Materials,Tier 2,WH-KOL-04,East Gateway (Kolkata),Priority Surface Cargo,669.53,774.94,2024-01-28,2024-02-02,5,Delayed,0,0
SHP-20241646,2024-10-17,SUP-06,Global Polymer Solutions,Tier 2,WH-BLR-03,South Central (Bengaluru),Priority Surface Cargo,739.42,896.77,2024-10-21,2024-10-21,0,On-Time,1,0
SHP-20241647,2024-03-01,SUP-04,Evergreen Raw Materials,Tier 2,WH-DEL-01,North Hub (Delhi-NCR),Express Air Freight,719.7,1362.52,2024-03-04,2024-03-07,3,Delayed,0,1
SHP-20241648,2024-08-22,SUP-05,Falcon Fasteners Corp,Tier 2,WH-MUM-02,West Port (Mumbai),Express Air Freight,105.14,243.06,2024-08-26,2024-08-26,0,On-Time,1,0
SHP-20241649,2024-09-16,SUP-03,Delta Electronics Hub,Tier 1,WH-MUM-02,West Port (Mumbai),Express Air Freight,271.83,536.86,2024-09-21,2024-09-21,0,On-Time,1,0
SHP-20241650,2024-03-23,SUP-08,Indus Logistics Fab,Tier 3,WH-BLR-03,South Central (Bengaluru),Standard Rail Transport,562.73,433.27,2024-03-28,2024-03-29,1,Delayed,0,0
SHP-20241651,2025-01-12,SUP-06,Global Polymer Solutions,Tier 2,WH-DEL-01,North Hub (Delhi-NCR),Regional Truckload,195.62,173.06,2025-01-18,2025-01-19,1,Delayed,0,0
SHP-20241652,2025-02-15,SUP-08,Indus Logistics Fab,Tier 3,WH-BLR-03,South Central (Bengaluru),Standard Rail Transport,619.26,450.42,2025-02-21,2025-02-21,0,On-Time,1,0
SHP-20241653,2024-07-03,SUP-02,Bharat Heavy Forgings,Tier 1,WH-BLR-03,South Central (Bengaluru),Standard Rail Transport,435.23,348.45,2024-07-09,2024-07-12,3,Delayed,0,0
SHP-20241654,2025-04-09,SUP-01,Apex Precision Components,Tier 1,WH-KOL-04,East Gateway (Kolkata),Priority Surface Cargo,702.64,817.42,2025-04-15,2025-04-15,0,On-Time,1,0
SHP-20241655,2024-01-04,SUP-02,Bharat Heavy Forgings,Tier 1,WH-BLR-03,South Central (Bengaluru),Express Air Freight,165.39,353.46,2024-01-08,2024-01-08,0,On-Time,1,0
SHP-20241656,2024-02-03,SUP-05,Falcon Fasteners Corp,Tier 2,WH-BLR-03,South Central (Bengaluru),Standard Rail Transport,48.16,99.41,2024-02-09,2024-02-09,0,On-Time,1,0
SHP-20241657,2024-02-22,SUP-01,Apex Precision Components,Tier 1,WH-DEL-01,North Hub (Delhi-NCR),Priority Surface Cargo,306.88,367.06,2024-02-25,2024-02-26,1,Delayed,0,0
SHP-20241658,2025-07-21,SUP-04,Evergreen Raw Materials,Tier 2,WH-KOL-04,East Gateway (Kolkata),Express Air Freight,720.56,1424.17,27/07/2025,2025-07-30,3,Delayed,0,0
SHP-20241659,2025-10-13,SUP-07,Hind Cargo Aggregates,Tier 3,WH-DEL-01,North Hub (Delhi-NCR),Priority Surface Cargo,522.32,660.07,2025-10-19,2025-10-20,1,Delayed,0,0
SHP-20241660,2025-01-01,SUP-02,Bharat Heavy Forgings,Tier 1,WH-KOL-04,East Gateway (Kolkata),Regional Truckload,751.18,523.47,2025-01-05,2025-01-07,2,Delayed,0,0
SHP-20241661,2025-04-26,SUP-03,Delta Electronics Hub,Tier 1,WH-BLR-03,South Central (Bengaluru),Priority Surface Cargo,158.97,227.85,2025-05-01,2025-05-02,1,Delayed,0,0
SHP-20241662,2025-10-16,SUP-06,Global Polymer Solutions,Tier 2,WH-KOL-04,East Gateway (Kolkata),Standard Rail Transport,795.66,575.62,2025-10-18,2025-10-23,5,Delayed,0,0
SHP-20241663,2025-07-29,SUP-04,Evergreen Raw Materials,Tier 2,WH-MUM-02,West Port (Mumbai),Regional Truckload,580.42,464.71,2025-07-31,2025-07-31,0,on-time  ,1,0
SHP-20241664,2024-05-30,SUP-05,Falcon Fasteners Corp,Tier 2,WH-KOL-04,East Gateway (Kolkata),Express Air Freight,230.45,475.63,2024-06-03,2024-06-07,4,Delayed,0,0
SHP-20241665,2024-11-30,SUP-05,Falcon Fasteners Corp,Tier 2,WH-KOL-04,East Gateway (Kolkata),Priority Surface Cargo,297.0,382.97,2024-12-04,2024-12-10,6,Delayed,0,0
SHP-20241666,2024-12-22,SUP-05,Falcon Fasteners Corp,Tier 2,WH-DEL-01,North Hub (Delhi-NCR),Express Air Freight,351.83,739.9,2024-12-24,2024-12-26,2,Delayed,0,0
SHP-20241667,2025-05-26,SUP-06,Global Polymer Solutions,Tier 2,WH-MUM-02,West Port (Mumbai),Express Air Freight,304.15,632.98,2025-05-30,2025-06-01,2,Delayed,0,0
SHP-20241668,2025-06-22,SUP-03,Delta Electronics Hub,Tier 1,WH-DEL-01,North Hub (Delhi-NCR),Priority Surface Cargo,845.97,1012.29,2025-06-25,2025-06-25,0,On-Time,1,0
SHP-20241669,2024-08-12,SUP-02,Bharat Heavy Forgings,Tier 1,WH-MUM-02,West Port (Mumbai),Standard Rail Transport,164.69,159.58,2024-08-15,2024-08-15,0,On-Time,1,0
SHP-20241670,2025-03-13,SUP-07,Hind Cargo Aggregates,Tier 3,WH-DEL-01,North Hub (Delhi-NCR),Regional Truckload,756.58,578.42,2025-03-18,2025-03-18,0,On-Time,1,1
SHP-20241671,2025-04-13,SUP-06,Global Polymer Solutions,Tier 2,WH-DEL-01,North Hub (Delhi-NCR),Standard Rail Transport,520.59,380.45,2025-04-17,2025-04-19,2,Delayed,0,0
SHP-20241672,2025-12-20,SUP-01,Apex Precision Components,Tier 1,WH-DEL-01,North Hub (Delhi-NCR),Express Air Freight,104.37,273.22,2025-12-24,2025-12-24,0,On-Time,1,0
SHP-20241673,2024-05-18,SUP-01,Apex Precision Components,Tier 1,WH-KOL-04,East Gateway (Kolkata),Express Air Freight,439.79,900.03,2024-05-20,2024-05-24,4,Delayed,0,0
SHP-20241674,2024-09-20,SUP-08,Indus Logistics Fab,Tier 3,WH-BLR-03,South Central (Bengaluru),Regional Truckload,251.93,237.54,2024-09-26,2024-09-26,0,On-Time,1,0
SHP-20241675,2024-02-01,SUP-04,Evergreen Raw Materials,Tier 2,WH-MUM-02,West Port (Mumbai),Regional Truckload,106.71,107.72,2024-02-07,2024-02-07,0,On-Time,1,0
SHP-20241676,2024-11-06,SUP-06,Global Polymer Solutions,Tier 2,WH-KOL-04,East Gateway (Kolkata),Standard Rail Transport,385.44,286.71,2024-11-08,2024-11-08,0,On-Time,1,0
SHP-20241677,2024-01-26,SUP-03,Delta Electronics Hub,Tier 1,WH-DEL-01,North Hub (Delhi-NCR),Priority Surface Cargo,349.7,473.8,2024-01-30,2024-01-30,0,On-Time,1,0
SHP-20241678,2025-04-04,SUP-02,Bharat Heavy Forgings,Tier 1,WH-KOL-04,East Gateway (Kolkata),Priority Surface Cargo,511.25,619.01,2025-04-10,2025-04-17,7,Delayed,0,0
SHP-20241679,2025-11-29,SUP-08,Indus Logistics Fab,Tier 3,WH-BLR-03,South Central (Bengaluru),Standard Rail Transport,408.99,333.63,2025-12-02,2025-12-09,7,Delayed,0,1
SHP-20241680,2025-12-19,SUP-08,Indus Logistics Fab,Tier 3,WH-DEL-01,North Hub (Delhi-NCR),Standard Rail Transport,484.26,400.74,2025-12-23,2025-12-23,0,On-Time,1,0
SHP-20241681,2025-04-03,SUP-07,Hind Cargo Aggregates,Tier 3,WH-DEL-01,North Hub (Delhi-NCR),Express Air Freight,345.86,732.97,2025-04-07,2025-04-07,0,On-Time,1,0
SHP-20241682,2025-02-06,SUP-07,Hind Cargo Aggregates,Tier 3,WH-MUM-02,West Port (Mumbai),Standard Rail Transport,595.92,422.87,2025-02-08,2025-02-08,0,On-Time,1,0
SHP-20241683,2024-01-17,SUP-07,Hind Cargo Aggregates,Tier 3,WH-DEL-01,North Hub (Delhi-NCR),Regional Truckload,413.02,348.88,2024-01-21,2024-01-21,0,On-Time,1,0
SHP-20241684,2024-02-20,SUP-07,Hind Cargo Aggregates,Tier 3,WH-DEL-01,North Hub (Delhi-NCR),Express Air Freight,-587.46,1159.99,2024-02-25,2024-03-05,9,Delayed,0,0
SHP-20241685,2024-01-10,SUP-05,Falcon Fasteners Corp,Tier 2,WH-DEL-01,North Hub (Delhi-NCR),Standard Rail Transport,174.42,165.28,2024-01-16,2024-01-19,3,Delayed,0,0
SHP-20241686,2025-08-16,SUP-07,Hind Cargo Aggregates,Tier 3,WH-MUM-02,West Port (Mumbai),Priority Surface Cargo,576.38,686.38,2025-08-18,2025-08-18,0,On-Time,1,0
SHP-20241687,2024-01-11,SUP-02,Bharat Heavy Forgings,Tier 1,WH-MUM-02,West Port (Mumbai),Regional Truckload,84.02,104.93,2024-01-17,2024-01-18,1,Delayed,0,0
SHP-20241688,2025-07-17,SUP-03,Delta Electronics Hub,Tier 1,WH-KOL-04,East Gateway (Kolkata),Regional Truckload,464.29,342.36,2025-07-23,2025-07-24,1,Delayed,0,0
SHP-20241689,2025-08-16,SUP-04,Evergreen Raw Materials,Tier 2,WH-MUM-02,West Port (Mumbai),Regional Truckload,705.34,485.27,2025-08-18,2025-08-20,2,Delayed,0,0
SHP-20241690,2025-01-21,SUP-01,Apex Precision Components,Tier 1,WH-KOL-04,East Gateway (Kolkata),Regional Truckload,747.72,527.99,2025-01-24,2025-01-24,0,On-Time,1,0
SHP-20241691,2024-08-22,SUP-04,Evergreen Raw Materials,Tier 2,WH-DEL-01,North Hub (Delhi-NCR),Express Air Freight,151.07,370.97,2024-08-24,2024-08-24,0,On-Time,1,0
SHP-20241692,2025-08-25,SUP-03,Delta Electronics Hub,Tier 1,WH-MUM-02,West Port (Mumbai),Standard Rail Transport,248.18,226.46,2025-08-29,2025-08-29,0,On-Time,1,0
SHP-20241693,2025-05-03,SUP-03,Delta Electronics Hub,Tier 1,WH-BLR-03,South Central (Bengaluru),Express Air Freight,308.12,620.51,2025-05-07,2025-05-09,2,Delayed,0,0
SHP-20241694,2024-06-30,SUP-01,Apex Precision Components,Tier 1,WH-DEL-01,North Hub (Delhi-NCR),Standard Rail Transport,392.29,345.03,2024-07-02,2024-07-02,0,On-Time,1,0
SHP-20241695,2025-06-30,SUP-01,Apex Precision Components,Tier 1,WH-KOL-04,East Gateway (Kolkata),Regional Truckload,268.13,257.82,2025-07-02,2025-07-08,6,Delayed,0,0
SHP-20241696,2025-07-27,SUP-06,Global Polymer Solutions,Tier 2,WH-BLR-03,South Central (Bengaluru),Regional Truckload,64.51,77.24,2025-07-30,2025-07-30,0,On-Time,1,0
SHP-20241697,2024-05-08,SUP-04,Evergreen Raw Materials,Tier 2,WH-KOL-04,East Gateway (Kolkata),Priority Surface Cargo,770.79,888.79,2024-05-14,2024-05-16,2,Delayed,0,0
SHP-20241698,2025-07-04,SUP-07,Hind Cargo Aggregates,Tier 3,WH-DEL-01,North Hub (Delhi-NCR),Priority Surface Cargo,429.38,535.36,2025-07-10,2025-07-10,0,On-Time,1,0
SHP-20241699,2024-04-06,SUP-05,Falcon Fasteners Corp,Tier 2,WH-DEL-01,North Hub (Delhi-NCR),Express Air Freight,177.83,413.86,2024-04-10,2024-04-11,1,Delayed,0,1
SHP-20241700,2025-02-15,SUP-08,Indus Logistics Fab,Tier 3,WH-KOL-04,East Gateway (Kolkata),Regional Truckload,121.1,145.42,2025-02-20,2025-02-23,3,Delayed,0,0
SHP-20241701,2025-10-01,SUP-08,Indus Logistics Fab,Tier 3,WH-MUM-02,West Port (Mumbai),Regional Truckload,159.57,178.89,2025-10-06,2025-10-06,0,On-Time,1,0
SHP-20241702,2024-06-09,SUP-06,Global Polymer Solutions,Tier 2,WH-BLR-03,South Central (Bengaluru),Regional Truckload,143.24,136.11,2024-06-14,2024-06-15,1,Delayed,0,0
SHP-20241703,2025-05-10,SUP-07,Hind Cargo Aggregates,Tier 3,WH-DEL-01,North Hub (Delhi-NCR),Regional Truckload,364.09,322.89,2025-05-16,2025-05-21,5,Delayed,0,0
SHP-20241704,2025-12-10,SUP-06,Global Polymer Solutions,Tier 2,WH-DEL-01,North Hub (Delhi-NCR),Priority Surface Cargo,518.6,599.78,2025-12-13,2025-12-13,0,On-Time,1,0
SHP-20241705,2025-09-29,SUP-01,Apex Precision Components,Tier 1,WH-BLR-03,South Central (Bengaluru),Priority Surface Cargo,572.78,709.33,2025-10-04,2025-10-06,2,Delayed,0,0
SHP-20241706,2024-10-07,SUP-02,Bharat Heavy Forgings,Tier 1,WH-BLR-03,South Central (Bengaluru),Express Air Freight,604.03,1166.88,2024-10-12,2024-10-15,3,Delayed,0,0
SHP-20241707,2025-03-23,SUP-02,Bharat Heavy Forgings,Tier 1,WH-KOL-04,East Gateway (Kolkata),Priority Surface Cargo,-458.46,557.73,2025-03-25,2025-03-30,5,Delayed,0,0
SHP-20241708,2024-10-25,SUP-07,Hind Cargo Aggregates,Tier 3,WH-MUM-02,West Port (Mumbai),Standard Rail Transport,517.42,367.64,2024-10-29,2024-10-29,0,On-Time,1,0
SHP-20241709,2024-05-25,SUP-07,Hind Cargo Aggregates,Tier 3,WH-BLR-03,South Central (Bengaluru),Priority Surface Cargo,609.88,742.87,2024-05-30,2024-05-30,0,On-Time,1,0
SHP-20241710,2024-05-14,SUP-04,Evergreen Raw Materials,Tier 2,WH-BLR-03,South Central (Bengaluru),Express Air Freight,624.82,1223.36,2024-05-18,2024-05-19,1,Delayed,0,0
SHP-20241711,2024-03-22,SUP-05,Falcon Fasteners Corp,Tier 2,WH-BLR-03,South Central (Bengaluru),Standard Rail Transport,620.28,463.34,2024-03-25,2024-03-27,2,Delayed,0,0
SHP-20241712,2025-10-10,SUP-04,Evergreen Raw Materials,Tier 2,WH-DEL-01,North Hub (Delhi-NCR),Priority Surface Cargo,614.64,760.86,2025-10-13,2025-10-13,0,on-time  ,1,0
SHP-20241713,2025-11-22,SUP-07,Hind Cargo Aggregates,Tier 3,WH-MUM-02,West Port (Mumbai),Regional Truckload,42.36,71.19,2025-11-24,2025-11-24,0,On-Time,1,0
SHP-20241714,2024-07-23,SUP-01,Apex Precision Components,Tier 1,WH-DEL-01,North Hub (Delhi-NCR),Standard Rail Transport,175.15,145.55,2024-07-27,2024-07-29,2,delayed  ,0,0
SHP-20241715,2024-08-12,SUP-05,Falcon Fasteners Corp,Tier 2,WH-BLR-03,South Central (Bengaluru),Express Air Freight,713.55,1403.48,2024-08-16,2024-08-16,0,On-Time,1,0
SHP-20241716,2025-10-16,SUP-07,Hind Cargo Aggregates,Tier 3,WH-DEL-01,North Hub (Delhi-NCR),Regional Truckload,429.92,333.52,2025-10-20,2025-10-21,1,Delayed,0,0
SHP-20241717,2024-09-02,SUP-02,Bharat Heavy Forgings,Tier 1,WH-BLR-03,South Central (Bengaluru),Priority Surface Cargo,586.93,695.93,2024-09-06,2024-09-07,1,Delayed,0,0
SHP-20241718,2024-01-26,SUP-01,Apex Precision Components,Tier 1,WH-MUM-02,West Port (Mumbai),Express Air Freight,723.12,1388.01,2024-01-30,2024-01-30,0,On-Time,1,0
SHP-20241719,2025-05-11,SUP-02,Bharat Heavy Forgings,Tier 1,WH-MUM-02,West Port (Mumbai),Standard Rail Transport,403.64,349.47,2025-05-17,2025-05-17,0,On-Time,1,0
SHP-20241720,2025-06-06,SUP-05,Falcon Fasteners Corp,Tier 2,WH-MUM-02,West Port (Mumbai),Express Air Freight,120.25,300.88,2025-06-09,2025-06-09,0,On-Time,1,0
SHP-20241721,2025-03-26,SUP-06,Global Polymer Solutions,Tier 2,WH-DEL-01,North Hub (Delhi-NCR),Express Air Freight,531.41,1039.27,2025-03-29,2025-03-29,0,On-Time,1,0
SHP-20241722,2024-05-20,SUP-08,Indus Logistics Fab,Tier 3,WH-MUM-02,West Port (Mumbai),Standard Rail Transport,243.63,203.91,2024-05-24,2024-05-24,0,On-Time,1,0
SHP-20241723,2024-06-10,SUP-06,Global Polymer Solutions,Tier 2,WH-MUM-02,West Port (Mumbai),Priority Surface Cargo,310.26,414.55,2024-06-13,2024-06-13,0,On-Time,1,0
SHP-20241724,2024-09-05,SUP-07,Hind Cargo Aggregates,Tier 3,WH-BLR-03,South Central (Bengaluru),Standard Rail Transport,-197.13,208.56,2024-09-07,2024-09-18,11,Delayed,0,0
SHP-20241725,2024-08-25,SUP-05,Falcon Fasteners Corp,Tier 2,WH-MUM-02,West Port (Mumbai),Regional Truckload,149.62,179.21,2024-08-30,2024-08-30,0,On-Time,1,1
SHP-20241726,2024-03-08,SUP-07,Hind Cargo Aggregates,Tier 3,WH-DEL-01,North Hub (Delhi-NCR),Priority Surface Cargo,757.76,865.35,2024-03-11,2024-03-11,0,On-Time,1,0
SHP-20241727,2024-11-06,SUP-07,Hind Cargo Aggregates,Tier 3,WH-BLR-03,South Central (Bengaluru),Regional Truckload,409.52,319.02,2024-11-10,2024-11-15,5,Delayed,0,0
SHP-20241728,2024-03-30,SUP-04,Evergreen Raw Materials,Tier 2,WH-MUM-02,West Port (Mumbai),Regional Truckload,687.8,475.72,2024-04-01,2024-04-06,5,Delayed,0,0
SHP-20241729,2025-04-23,SUP-07,Hind Cargo Aggregates,Tier 3,WH-MUM-02,West Port (Mumbai),Standard Rail Transport,167.36,192.92,2025-04-26,2025-04-26,0,On-Time,1,0
SHP-20241730,2025-03-03,SUP-03,Delta Electronics Hub,Tier 1,WH-MUM-02,West Port (Mumbai),Priority Surface Cargo,382.8,465.61,2025-03-06,2025-03-06,0,On-Time,1,0
SHP-20241731,2024-02-26,SUP-08,Indus Logistics Fab,Tier 3,WH-BLR-03,South Central (Bengaluru),Priority Surface Cargo,104.59,170.59,2024-03-02,2024-03-07,5,Delayed,0,0
SHP-20241732,2024-01-24,SUP-08,Indus Logistics Fab,Tier 3,WH-KOL-04,East Gateway (Kolkata),Standard Rail Transport,715.56,553.11,2024-01-29,2024-01-29,0,On-Time,1,1
SHP-20241733,2024-06-11,SUP-04,Evergreen Raw Materials,Tier 2,WH-MUM-02,West Port (Mumbai),Priority Surface Cargo,467.66,608.18,2024-06-13,2024-06-13,0,On-Time,1,0
SHP-20241734,2025-06-07,SUP-06,Global Polymer Solutions,Tier 2,WH-KOL-04,East Gateway (Kolkata),Express Air Freight,639.61,1247.16,2025-06-09,2025-06-09,0,On-Time,1,0
SHP-20241735,2025-07-26,SUP-01,Apex Precision Components,Tier 1,WH-MUM-02,West Port (Mumbai),Standard Rail Transport,516.23,375.92,2025-07-29,2025-07-29,0,On-Time,1,0
SHP-20241736,2025-09-23,SUP-06,Global Polymer Solutions,Tier 2,WH-KOL-04,East Gateway (Kolkata),Regional Truckload,320.42,255.05,2025-09-26,2025-09-29,3,Delayed,0,0
SHP-20241737,2025-03-08,SUP-02,Bharat Heavy Forgings,Tier 1,WH-BLR-03,South Central (Bengaluru),Standard Rail Transport,330.08,295.08,2025-03-12,2025-03-12,0,On-Time,1,0
SHP-20241738,2025-01-09,SUP-07,Hind Cargo Aggregates,Tier 3,WH-BLR-03,South Central (Bengaluru),Regional Truckload,189.83,169.75,2025-01-13,2025-01-17,4,Delayed,0,0
SHP-20241739,2024-03-26,SUP-02,Bharat Heavy Forgings,Tier 1,WH-KOL-04,East Gateway (Kolkata),Standard Rail Transport,701.17,539.61,2024-03-29,2024-03-29,0,On-Time,1,0
SHP-20241740,2024-03-13,SUP-07,Hind Cargo Aggregates,Tier 3,WH-KOL-04,East Gateway (Kolkata),Regional Truckload,494.07,406.8,2024-03-17,2024-03-21,4,Delayed,0,0
SHP-20241741,2024-03-16,SUP-05,Falcon Fasteners Corp,Tier 2,WH-BLR-03,South Central (Bengaluru),Express Air Freight,496.24,980.23,2024-03-21,2024-03-22,1,Delayed,0,0
SHP-20241742,2024-02-13,SUP-02,Bharat Heavy Forgings,Tier 1,WH-BLR-03,South Central (Bengaluru),Standard Rail Transport,-47.11,82.53,2024-02-16,2024-02-16,0,On-Time,1,0
SHP-20241743,2024-04-30,SUP-01,Apex Precision Components,Tier 1,WH-BLR-03,South Central (Bengaluru),Regional Truckload,384.47,309.06,2024-05-04,2024-05-07,3,Delayed,0,0
SHP-20241744,2025-04-01,SUP-04,Evergreen Raw Materials,Tier 2,WH-DEL-01,North Hub (Delhi-NCR),Standard Rail Transport,256.09,223.62,2025-04-06,2025-04-06,0,On-Time,1,0
SHP-20241745,2024-02-03,SUP-02,Bharat Heavy Forgings,Tier 1,WH-KOL-04,East Gateway (Kolkata),Regional Truckload,192.83,204.94,2024-02-06,2024-02-11,5,Delayed,0,0
SHP-20241746,2025-02-06,SUP-07,Hind Cargo Aggregates,Tier 3,WH-KOL-04,East Gateway (Kolkata),Express Air Freight,527.97,1054.12,2025-02-10,2025-02-10,0,On-Time,1,0
SHP-20241747,2024-05-29,SUP-03,Delta Electronics Hub,Tier 1,WH-BLR-03,South Central (Bengaluru),Priority Surface Cargo,517.51,662.97,2024-06-02,2024-06-02,0,On-Time,1,0
SHP-20241748,2025-12-19,SUP-07,Hind Cargo Aggregates,Tier 3,WH-BLR-03,South Central (Bengaluru),Priority Surface Cargo,793.39,904.6,2025-12-24,2025-12-30,6,Delayed,0,0
SHP-20241749,2024-05-10,SUP-03,Delta Electronics Hub,Tier 1,WH-MUM-02,West Port (Mumbai),Regional Truckload,835.93,595.26,2024-05-15,2024-05-15,0,On-Time,1,0
SHP-20241750,2024-04-13,SUP-07,Hind Cargo Aggregates,Tier 3,WH-DEL-01,North Hub (Delhi-NCR),Express Air Freight,410.23,801.81,2024-04-15,2024-04-18,3,Delayed,0,0
SHP-20241751,2024-06-26,SUP-04,Evergreen Raw Materials,Tier 2,WH-BLR-03,South Central (Bengaluru),Standard Rail Transport,785.24,589.26,2024-07-02,2024-07-08,6,Delayed,0,0
SHP-20241752,2025-10-31,SUP-02,Bharat Heavy Forgings,Tier 1,WH-MUM-02,West Port (Mumbai),Regional Truckload,214.5,184.27,2025-11-06,2025-11-10,4,Delayed,0,0
SHP-20241753,2024-08-28,SUP-07,Hind Cargo Aggregates,Tier 3,WH-DEL-01,North Hub (Delhi-NCR),Priority Surface Cargo,90.04,173.2,2024-09-03,2024-09-03,0,On-Time,1,0
SHP-20241754,2025-07-17,SUP-07,Hind Cargo Aggregates,Tier 3,WH-BLR-03,South Central (Bengaluru),Standard Rail Transport,655.9,468.2,2025-07-19,2025-07-25,6,Delayed,0,0
SHP-20241755,2025-10-08,SUP-04,Evergreen Raw Materials,Tier 2,WH-DEL-01,North Hub (Delhi-NCR),Regional Truckload,449.37,364.31,2025-10-12,2025-10-12,0,On-Time,1,0
SHP-20241756,2025-04-26,SUP-06,Global Polymer Solutions,Tier 2,WH-DEL-01,North Hub (Delhi-NCR),Standard Rail Transport,132.6,158.65,2025-04-29,2025-04-30,1,Delayed,0,0
SHP-20241757,2024-01-23,SUP-05,Falcon Fasteners Corp,Tier 2,WH-BLR-03,South Central (Bengaluru),Priority Surface Cargo,96.65,168.22,2024-01-25,2024-01-26,1,Delayed,0,0
SHP-20241758,2024-11-23,SUP-06,Global Polymer Solutions,Tier 2,WH-MUM-02,West Port (Mumbai),Express Air Freight,398.45,827.82,2024-11-27,2024-11-27,0,On-Time,1,0
SHP-20241759,2025-05-30,SUP-07,Hind Cargo Aggregates,Tier 3,WH-DEL-01,North Hub (Delhi-NCR),Regional Truckload,99.53,98.32,2025-06-01,2025-06-01,0,On-Time,1,0
SHP-20241760,2024-09-26,SUP-03,Delta Electronics Hub,Tier 1,WH-BLR-03,South Central (Bengaluru),Regional Truckload,-96.4,96.19,2024-09-30,2024-09-30,0,On-Time,1,0
SHP-20241761,2024-03-11,SUP-03,Delta Electronics Hub,Tier 1,WH-KOL-04,East Gateway (Kolkata),Express Air Freight,618.61,1201.6,2024-03-13,2024-03-13,0,On-Time,1,0
SHP-20241762,2025-02-03,SUP-07,Hind Cargo Aggregates,Tier 3,WH-DEL-01,North Hub (Delhi-NCR),Priority Surface Cargo,609.51,707.68,2025-02-07,2025-02-07,0,On-Time,1,0
SHP-20241763,2024-05-26,SUP-06,Global Polymer Solutions,Tier 2,WH-DEL-01,North Hub (Delhi-NCR),Priority Surface Cargo,266.86,356.52,2024-05-28,2024-05-28,0,On-Time,1,0
SHP-20241764,2025-10-29,SUP-07,Hind Cargo Aggregates,Tier 3,WH-BLR-03,South Central (Bengaluru),Express Air Freight,549.91,1090.61,31/10/2025,2025-11-02,2,Delayed,0,0
SHP-20241765,2025-04-29,SUP-05,Falcon Fasteners Corp,Tier 2,WH-BLR-03,South Central (Bengaluru),Priority Surface Cargo,675.34,789.7,2025-05-05,2025-05-05,0,On-Time,1,0
SHP-20241766,2024-05-22,SUP-07,Hind Cargo Aggregates,Tier 3,WH-BLR-03,South Central (Bengaluru),Standard Rail Transport,315.22,274.42,2024-05-26,2024-05-26,0,On-Time,1,0
SHP-20241767,2024-07-18,SUP-02,Bharat Heavy Forgings,Tier 1,WH-KOL-04,East Gateway (Kolkata),Priority Surface Cargo,109.34,208.93,2024-07-23,2024-07-23,0,On-Time,1,0
SHP-20241768,2024-02-23,SUP-07,Hind Cargo Aggregates,Tier 3,WH-MUM-02,West Port (Mumbai),Priority Surface Cargo,636.3,760.02,2024-02-29,2024-02-29,0,On-Time,1,0
SHP-20241769,2024-05-27,SUP-05,Falcon Fasteners Corp,Tier 2,WH-MUM-02,West Port (Mumbai),Regional Truckload,340.98,263.72,2024-05-31,2024-06-05,5,Delayed,0,0
SHP-20241770,2025-09-06,SUP-06,Global Polymer Solutions,Tier 2,WH-KOL-04,East Gateway (Kolkata),Express Air Freight,239.92,491.79,2025-09-12,2025-09-17,5,Delayed,0,0
SHP-20241771,2024-08-02,SUP-01,Apex Precision Components,Tier 1,WH-MUM-02,West Port (Mumbai),Express Air Freight,627.97,1249.71,2024-08-06,2024-08-07,1,Delayed,0,0
SHP-20241772,2024-05-14,SUP-07,Hind Cargo Aggregates,Tier 3,WH-MUM-02,West Port (Mumbai),Priority Surface Cargo,151.57,244.7,2024-05-17,2024-05-18,1,Delayed,0,0
SHP-20241773,2025-02-07,SUP-05,Falcon Fasteners Corp,Tier 2,WH-DEL-01,North Hub (Delhi-NCR),Priority Surface Cargo,841.87,1012.99,2025-02-09,2025-02-09,0,On-Time,1,0
SHP-20241774,2024-02-01,SUP-04,Evergreen Raw Materials,Tier 2,WH-KOL-04,East Gateway (Kolkata),Express Air Freight,233.57,523.01,2024-02-07,2024-02-15,8,Delayed,0,0
SHP-20241775,2024-11-05,SUP-05,Falcon Fasteners Corp,Tier 2,WH-KOL-04,East Gateway (Kolkata),Express Air Freight,286.89,608.86,2024-11-09,2024-11-11,2,Delayed,0,0
SHP-20241776,2024-11-26,SUP-02,Bharat Heavy Forgings,Tier 1,WH-DEL-01,North Hub (Delhi-NCR),Regional Truckload,731.76,513.78,2024-12-01,2024-12-05,4,Delayed,0,0
SHP-20241777,2025-10-26,SUP-04,Evergreen Raw Materials,Tier 2,WH-KOL-04,East Gateway (Kolkata),Standard Rail Transport,789.53,564.5,2025-10-28,2025-11-01,4,Delayed,0,0
SHP-20241778,2024-03-23,SUP-02,Bharat Heavy Forgings,Tier 1,WH-DEL-01,North Hub (Delhi-NCR),Regional Truckload,475.19,358.96,2024-03-29,2024-03-30,1,Delayed,0,0
SHP-20241779,2024-12-27,SUP-03,Delta Electronics Hub,Tier 1,WH-KOL-04,East Gateway (Kolkata),Priority Surface Cargo,55.3,106.35,2025-01-01,2025-01-01,0,On-Time,1,0
SHP-20241780,2024-10-25,SUP-02,Bharat Heavy Forgings,Tier 1,WH-MUM-02,West Port (Mumbai),Standard Rail Transport,382.4,326.06,2024-10-29,2024-10-29,0,On-Time,1,0
SHP-20241781,2024-06-24,SUP-01,Apex Precision Components,Tier 1,WH-DEL-01,North Hub (Delhi-NCR),Express Air Freight,461.6,948.27,2024-06-30,2024-07-02,2,Delayed,0,0
SHP-20241782,2025-05-14,SUP-06,Global Polymer Solutions,Tier 2,WH-DEL-01,North Hub (Delhi-NCR),Regional Truckload,528.94,423.27,2025-05-19,2025-05-23,4,Delayed,0,0
SHP-20241783,2025-09-21,SUP-06,Global Polymer Solutions,Tier 2,WH-DEL-01,North Hub (Delhi-NCR),Priority Surface Cargo,200.72,287.49,2025-09-27,2025-09-27,0,On-Time,1,0
SHP-20241784,2025-08-25,SUP-06,Global Polymer Solutions,Tier 2,WH-MUM-02,West Port (Mumbai),Regional Truckload,413.52,294.23,2025-08-31,2025-09-05,5,Delayed,0,0
SHP-20241785,2025-05-09,SUP-07,Hind Cargo Aggregates,Tier 3,WH-KOL-04,East Gateway (Kolkata),Priority Surface Cargo,767.48,927.88,2025-05-13,2025-05-15,2,delayed  ,0,0
SHP-20241786,2025-01-15,SUP-01,Apex Precision Components,Tier 1,WH-KOL-04,East Gateway (Kolkata),Regional Truckload,782.63,585.95,2025-01-21,2025-01-23,2,Delayed,0,0
SHP-20241787,2024-07-12,SUP-01,Apex Precision Components,Tier 1,WH-MUM-02,West Port (Mumbai),Regional Truckload,509.67,365.44,2024-07-15,2024-07-17,2,Delayed,0,0
SHP-20241788,2024-01-29,SUP-05,Falcon Fasteners Corp,Tier 2,WH-MUM-02,West Port (Mumbai),Standard Rail Transport,438.06,353.27,2024-02-04,2024-02-04,0,On-Time,1,0
SHP-20241789,2025-10-27,SUP-08,Indus Logistics Fab,Tier 3,WH-BLR-03,South Central (Bengaluru),Express Air Freight,232.22,498.75,2025-10-29,2025-11-01,3,Delayed,0,0
SHP-20241790,2025-01-09,SUP-07,Hind Cargo Aggregates,Tier 3,WH-BLR-03,South Central (Bengaluru),Regional Truckload,285.09,213.78,2025-01-14,2025-01-15,1,Delayed,0,0
SHP-20241791,2025-07-06,SUP-06,Global Polymer Solutions,Tier 2,WH-DEL-01,North Hub (Delhi-NCR),Priority Surface Cargo,686.24,814.64,2025-07-11,2025-07-12,1,Delayed,0,0
SHP-20241792,2024-05-07,SUP-07,Hind Cargo Aggregates,Tier 3,WH-MUM-02,West Port (Mumbai),Standard Rail Transport,295.19,235.05,2024-05-13,2024-05-13,0,On-Time,1,0
SHP-20241793,2025-03-26,SUP-05,Falcon Fasteners Corp,Tier 2,WH-BLR-03,South Central (Bengaluru),Standard Rail Transport,-218.78,221.95,2025-03-29,2025-03-29,0,On-Time,1,0
SHP-20241794,2024-12-12,SUP-08,Indus Logistics Fab,Tier 3,WH-KOL-04,East Gateway (Kolkata),Regional Truckload,724.53,561.77,2024-12-15,2024-12-23,8,delayed  ,0,0
SHP-20241795,2024-07-18,SUP-02,Bharat Heavy Forgings,Tier 1,WH-MUM-02,West Port (Mumbai),Priority Surface Cargo,50.47,140.72,2024-07-20,2024-07-20,0,On-Time,1,0
SHP-20241796,2024-07-18,SUP-01,Apex Precision Components,Tier 1,WH-BLR-03,South Central (Bengaluru),Standard Rail Transport,438.29,317.67,2024-07-21,2024-07-22,1,Delayed,0,0
SHP-20241797,2025-01-28,SUP-08,Indus Logistics Fab,Tier 3,WH-BLR-03,South Central (Bengaluru),Priority Surface Cargo,538.75,659.98,2025-01-31,2025-02-03,3,Delayed,0,0
SHP-20241798,2024-01-09,SUP-08,Indus Logistics Fab,Tier 3,WH-MUM-02,West Port (Mumbai),Regional Truckload,712.4,492.04,2024-01-13,2024-01-15,2,Delayed,0,1
SHP-20241799,2025-06-25,SUP-08,Indus Logistics Fab,Tier 3,WH-DEL-01,North Hub (Delhi-NCR),Regional Truckload,709.85,532.8,2025-06-30,2025-07-03,3,Delayed,0,0
SHP-20241800,2024-04-17,SUP-08,Indus Logistics Fab,Tier 3,WH-BLR-03,South Central (Bengaluru),Regional Truckload,137.05,118.28,2024-04-22,2024-04-22,0,On-Time,1,0
SHP-20241801,2025-04-09,SUP-08,Indus Logistics Fab,Tier 3,WH-DEL-01,North Hub (Delhi-NCR),Standard Rail Transport,684.73,477.31,2025-04-15,2025-04-18,3,Delayed,0,0
SHP-20241802,2024-02-24,SUP-03,Delta Electronics Hub,Tier 1,WH-KOL-04,East Gateway (Kolkata),Priority Surface Cargo,193.77,254.35,2024-02-27,2024-02-28,1,Delayed,0,0
SHP-20241803,2025-04-23,SUP-01,Apex Precision Components,Tier 1,WH-BLR-03,South Central (Bengaluru),Regional Truckload,138.03,139.7,2025-04-29,2025-04-29,0,On-Time,1,0
SHP-20241804,2024-07-09,SUP-08,Indus Logistics Fab,Tier 3,WH-DEL-01,North Hub (Delhi-NCR),Standard Rail Transport,396.84,348.18,2024-07-12,2024-07-13,1,Delayed,0,0
SHP-20241805,2025-11-28,SUP-08,Indus Logistics Fab,Tier 3,WH-KOL-04,East Gateway (Kolkata),Priority Surface Cargo,529.37,655.46,2025-11-30,2025-12-05,5,Delayed,0,0
SHP-20241806,2024-09-03,SUP-08,Indus Logistics Fab,Tier 3,WH-MUM-02,West Port (Mumbai),Express Air Freight,817.38,1577.31,2024-09-06,2024-09-06,0,On-Time,1,0
SHP-20241807,2024-04-23,SUP-01,Apex Precision Components,Tier 1,WH-KOL-04,East Gateway (Kolkata),Priority Surface Cargo,333.59,458.53,2024-04-26,2024-04-28,2,Delayed,0,0
SHP-20241808,2025-09-14,SUP-07,Hind Cargo Aggregates,Tier 3,WH-BLR-03,South Central (Bengaluru),Regional Truckload,554.49,400.77,2025-09-16,2025-09-16,0,On-Time,1,0
SHP-20241809,2024-10-06,SUP-07,Hind Cargo Aggregates,Tier 3,WH-DEL-01,North Hub (Delhi-NCR),Standard Rail Transport,460.89,361.68,2024-10-12,2024-10-18,6,Delayed,0,0
SHP-20241810,2024-07-21,SUP-01,Apex Precision Components,Tier 1,WH-DEL-01,North Hub (Delhi-NCR),Regional Truckload,559.77,452.32,2024-07-27,2024-07-28,1,Delayed,0,0
SHP-20241811,2025-02-10,SUP-05,Falcon Fasteners Corp,Tier 2,WH-KOL-04,East Gateway (Kolkata),Priority Surface Cargo,759.31,869.74,2025-02-12,2025-02-15,3,Delayed,0,0
SHP-20241812,2024-04-12,SUP-07,Hind Cargo Aggregates,Tier 3,WH-MUM-02,West Port (Mumbai),Express Air Freight,183.9,368.18,2024-04-16,2024-04-16,0,On-Time,1,0
SHP-20241813,2024-12-26,SUP-08,Indus Logistics Fab,Tier 3,WH-KOL-04,East Gateway (Kolkata),Priority Surface Cargo,799.01,951.67,2024-12-28,2025-01-05,8,Delayed,0,1
SHP-20241814,2025-08-18,SUP-06,Global Polymer Solutions,Tier 2,WH-DEL-01,North Hub (Delhi-NCR),Regional Truckload,247.02,206.46,2025-08-22,2025-08-23,1,Delayed,0,0
SHP-20241815,2024-02-02,SUP-07,Hind Cargo Aggregates,Tier 3,WH-BLR-03,South Central (Bengaluru),Standard Rail Transport,662.67,468.66,2024-02-06,2024-02-11,5,Delayed,0,0
SHP-20241816,2025-07-02,SUP-04,Evergreen Raw Materials,Tier 2,WH-KOL-04,East Gateway (Kolkata),Express Air Freight,161.17,380.01,2025-07-07,2025-07-08,1,Delayed,0,0
SHP-20241817,2025-02-01,SUP-04,Evergreen Raw Materials,Tier 2,WH-KOL-04,East Gateway (Kolkata),Regional Truckload,501.24,363.47,2025-02-03,2025-02-06,3,delayed  ,0,0
SHP-20241818,2024-08-11,SUP-04,Evergreen Raw Materials,Tier 2,WH-DEL-01,North Hub (Delhi-NCR),Express Air Freight,103.14,284.2,2024-08-13,2024-08-16,3,Delayed,0,0
SHP-20241819,2025-01-05,SUP-07,Hind Cargo Aggregates,Tier 3,WH-BLR-03,South Central (Bengaluru),Standard Rail Transport,671.44,491.79,2025-01-09,2025-01-15,6,Delayed,0,0
SHP-20241820,2025-11-21,SUP-05,Falcon Fasteners Corp,Tier 2,WH-BLR-03,South Central (Bengaluru),Priority Surface Cargo,205.55,266.16,2025-11-23,2025-11-23,0,On-Time,1,0
SHP-20241821,2024-11-20,SUP-07,Hind Cargo Aggregates,Tier 3,WH-BLR-03,South Central (Bengaluru),Standard Rail Transport,508.03,361.9,2024-11-25,2024-11-25,0,On-Time,1,0
SHP-20241822,2024-09-09,SUP-03,Delta Electronics Hub,Tier 1,WH-KOL-04,East Gateway (Kolkata),Standard Rail Transport,185.29,180.35,2024-09-11,2024-09-14,3,Delayed,0,0
SHP-20241823,2024-10-19,SUP-08,Indus Logistics Fab,Tier 3,WH-MUM-02,West Port (Mumbai),Regional Truckload,673.43,509.68,2024-10-23,2024-10-27,4,Delayed,0,0
SHP-20241824,2025-06-09,SUP-02,Bharat Heavy Forgings,Tier 1,WH-BLR-03,South Central (Bengaluru),Express Air Freight,623.74,1235.35,2025-06-11,2025-06-14,3,Delayed,0,0
SHP-20241825,2025-12-18,SUP-01,Apex Precision Components,Tier 1,WH-KOL-04,East Gateway (Kolkata),Standard Rail Transport,213.81,168.54,2025-12-21,2025-12-22,1,Delayed,0,0
SHP-20241826,2025-12-12,SUP-08,Indus Logistics Fab,Tier 3,WH-MUM-02,West Port (Mumbai),Priority Surface Cargo,565.98,652.73,2025-12-15,2025-12-20,5,Delayed,0,0
SHP-20241827,2025-02-18,SUP-05,Falcon Fasteners Corp,Tier 2,WH-MUM-02,West Port (Mumbai),Standard Rail Transport,638.61,456.1,2025-02-20,2025-02-23,3,Delayed,0,1
SHP-20241828,2025-12-06,SUP-03,Delta Electronics Hub,Tier 1,WH-KOL-04,East Gateway (Kolkata),Express Air Freight,574.19,1147.84,2025-12-09,2025-12-10,1,Delayed,0,0
SHP-20241829,2025-06-26,SUP-08,Indus Logistics Fab,Tier 3,WH-MUM-02,West Port (Mumbai),Regional Truckload,103.07,129.56,2025-07-02,2025-07-02,0,On-Time,1,0
SHP-20241830,2025-06-24,SUP-04,Evergreen Raw Materials,Tier 2,WH-MUM-02,West Port (Mumbai),Standard Rail Transport,632.23,489.73,2025-06-28,2025-06-29,1,Delayed,0,0
SHP-20241831,2024-09-02,SUP-01,Apex Precision Components,Tier 1,WH-KOL-04,East Gateway (Kolkata),Regional Truckload,60.18,97.6,2024-09-08,2024-09-12,4,Delayed,0,0
SHP-20241832,2024-11-13,SUP-08,Indus Logistics Fab,Tier 3,WH-KOL-04,East Gateway (Kolkata),Priority Surface Cargo,467.33,598.7,2024-11-16,2024-11-16,0,On-Time,1,0
SHP-20241833,2025-01-21,SUP-03,Delta Electronics Hub,Tier 1,WH-KOL-04,East Gateway (Kolkata),Regional Truckload,552.79,401.87,2025-01-27,2025-01-27,0,On-Time,1,0
SHP-20241834,2024-01-13,SUP-05,Falcon Fasteners Corp,Tier 2,WH-DEL-01,North Hub (Delhi-NCR),Standard Rail Transport,421.11,305.57,2024-01-16,2024-01-16,0,On-Time,1,0
SHP-20241835,2024-01-12,SUP-08,Indus Logistics Fab,Tier 3,WH-KOL-04,East Gateway (Kolkata),Express Air Freight,459.28,876.21,2024-01-16,2024-01-26,10,Delayed,0,1
SHP-20241836,2024-07-15,SUP-01,Apex Precision Components,Tier 1,WH-DEL-01,North Hub (Delhi-NCR),Standard Rail Transport,617.42,465.46,2024-07-20,2024-07-22,2,Delayed,0,0
SHP-20241837,2024-02-07,SUP-02,Bharat Heavy Forgings,Tier 1,WH-KOL-04,East Gateway (Kolkata),Express Air Freight,754.51,1432.77,2024-02-11,2024-02-11,0,On-Time,1,0
SHP-20241838,2025-05-21,SUP-05,Falcon Fasteners Corp,Tier 2,WH-KOL-04,East Gateway (Kolkata),Priority Surface Cargo,46.8,103.86,2025-05-23,2025-05-27,4,Delayed,0,0
SHP-20241839,2024-05-04,SUP-03,Delta Electronics Hub,Tier 1,WH-KOL-04,East Gateway (Kolkata),Priority Surface Cargo,541.52,688.44,2024-05-08,2024-05-13,5,Delayed,0,0
SHP-20241840,2025-08-13,SUP-01,Apex Precision Components,Tier 1,WH-DEL-01,North Hub (Delhi-NCR),Priority Surface Cargo,433.25,568.44,2025-08-19,2025-08-19,0,On-Time,1,0
SHP-20241841,2024-08-10,SUP-07,Hind Cargo Aggregates,Tier 3,WH-BLR-03,South Central (Bengaluru),Regional Truckload,313.34,252.25,2024-08-12,2024-08-12,0,On-Time,1,0
SHP-20241842,2025-06-16,SUP-08,Indus Logistics Fab,Tier 3,WH-BLR-03,South Central (Bengaluru),Standard Rail Transport,414.2,330.41,2025-06-18,2025-06-18,0,On-Time,1,0
SHP-20241843,2024-12-27,SUP-06,Global Polymer Solutions,Tier 2,WH-KOL-04,East Gateway (Kolkata),Standard Rail Transport,426.56,363.68,2024-12-30,2025-01-02,3,Delayed,0,0
SHP-20241844,2024-05-23,SUP-05,Falcon Fasteners Corp,Tier 2,WH-MUM-02,West Port (Mumbai),Priority Surface Cargo,665.04,773.15,2024-05-26,2024-05-27,1,Delayed,0,0
SHP-20241845,2024-11-18,SUP-07,Hind Cargo Aggregates,Tier 3,WH-BLR-03,South Central (Bengaluru),Express Air Freight,722.14,1396.88,2024-11-20,2024-11-27,7,Delayed,0,0
SHP-20241846,2025-12-08,SUP-08,Indus Logistics Fab,Tier 3,WH-BLR-03,South Central (Bengaluru),Express Air Freight,254.73,530.6,2025-12-12,2025-12-14,2,Delayed,0,0
SHP-20241847,2024-03-24,SUP-06,Global Polymer Solutions,Tier 2,WH-MUM-02,West Port (Mumbai),Express Air Freight,672.16,1322.46,2024-03-27,2024-03-27,0,On-Time,1,0
SHP-20241848,2025-08-31,SUP-08,Indus Logistics Fab,Tier 3,WH-BLR-03,South Central (Bengaluru),Priority Surface Cargo,512.35,644.54,2025-09-02,2025-09-05,3,Delayed,0,0
SHP-20241849,2025-08-16,SUP-02,Bharat Heavy Forgings,Tier 1,WH-BLR-03,South Central (Bengaluru),Priority Surface Cargo,705.42,831.18,2025-08-20,2025-08-20,0,On-Time,1,0
SHP-20241850,2024-06-18,SUP-03,Delta Electronics Hub,Tier 1,WH-BLR-03,South Central (Bengaluru),Priority Surface Cargo,480.33,562.71,2024-06-24,2024-06-27,3,Delayed,0,0
SHP-20241851,2025-10-13,SUP-04,Evergreen Raw Materials,Tier 2,WH-KOL-04,East Gateway (Kolkata),Priority Surface Cargo,343.31,415.12,2025-10-19,2025-10-21,2,Delayed,0,0
SHP-20241852,2024-09-29,SUP-04,Evergreen Raw Materials,Tier 2,WH-MUM-02,West Port (Mumbai),Priority Surface Cargo,700.91,857.29,2024-10-04,2024-10-04,0,On-Time,1,0
SHP-20241853,2025-04-28,SUP-02,Bharat Heavy Forgings,Tier 1,WH-KOL-04,East Gateway (Kolkata),Priority Surface Cargo,672.8,829.29,2025-05-01,2025-05-01,0,On-Time,1,0
SHP-20241854,2024-04-20,SUP-01,Apex Precision Components,Tier 1,WH-DEL-01,North Hub (Delhi-NCR),Standard Rail Transport,375.79,292.27,2024-04-24,2024-04-26,2,Delayed,0,0
SHP-20241855,2024-11-21,SUP-08,Indus Logistics Fab,Tier 3,WH-MUM-02,West Port (Mumbai),Regional Truckload,146.15,179.32,2024-11-25,2024-11-25,0,On-Time,1,0
SHP-20241856,2025-11-29,SUP-03,Delta Electronics Hub,Tier 1,WH-MUM-02,West Port (Mumbai),Standard Rail Transport,195.62,189.76,2025-12-04,2025-12-04,0,On-Time,1,0
SHP-20241857,2024-01-14,SUP-02,Bharat Heavy Forgings,Tier 1,WH-KOL-04,East Gateway (Kolkata),Priority Surface Cargo,151.23,249.41,2024-01-16,2024-01-21,5,Delayed,0,0
SHP-20241858,2025-12-09,SUP-01,Apex Precision Components,Tier 1,WH-MUM-02,West Port (Mumbai),Priority Surface Cargo,205.31,287.22,2025-12-13,2025-12-14,1,Delayed,0,0
SHP-20241859,2024-07-13,SUP-06,Global Polymer Solutions,Tier 2,WH-BLR-03,South Central (Bengaluru),Priority Surface Cargo,662.66,775.82,2024-07-16,2024-07-22,6,Delayed,0,0
SHP-20241860,2025-11-12,SUP-03,Delta Electronics Hub,Tier 1,WH-DEL-01,North Hub (Delhi-NCR),Regional Truckload,360.48,276.34,2025-11-16,2025-11-16,0,On-Time,1,0
SHP-20241861,2025-08-29,SUP-08,Indus Logistics Fab,Tier 3,WH-DEL-01,North Hub (Delhi-NCR),Standard Rail Transport,530.35,392.77,2025-08-31,2025-09-04,4,Delayed,0,0
SHP-20241862,2024-07-17,SUP-04,Evergreen Raw Materials,Tier 2,WH-DEL-01,North Hub (Delhi-NCR),Priority Surface Cargo,265.92,360.38,2024-07-21,2024-07-21,0,On-Time,1,0
SHP-20241863,2025-04-01,SUP-04,Evergreen Raw Materials,Tier 2,WH-BLR-03,South Central (Bengaluru),Express Air Freight,292.28,585.95,2025-04-05,2025-04-06,1,Delayed,0,0
SHP-20241864,2025-06-14,SUP-01,Apex Precision Components,Tier 1,WH-MUM-02,West Port (Mumbai),Priority Surface Cargo,153.08,204.7,2025-06-17,2025-06-17,0,On-Time,1,0
SHP-20241865,2024-08-03,SUP-02,Bharat Heavy Forgings,Tier 1,WH-MUM-02,West Port (Mumbai),Regional Truckload,229.33,198.97,2024-08-08,2024-08-08,0,On-Time,1,0
SHP-20241866,2024-04-06,SUP-04,Evergreen Raw Materials,Tier 2,WH-KOL-04,East Gateway (Kolkata),Express Air Freight,658.75,1284.78,2024-04-11,2024-04-15,4,Delayed,0,0
SHP-20241867,2025-10-18,SUP-06,Global Polymer Solutions,Tier 2,WH-MUM-02,West Port (Mumbai),Regional Truckload,708.41,493.72,2025-10-20,2025-10-22,2,Delayed,0,0
SHP-20241868,2025-11-21,SUP-05,Falcon Fasteners Corp,Tier 2,WH-DEL-01,North Hub (Delhi-NCR),Priority Surface Cargo,530.32,610.36,2025-11-26,2025-11-26,0,On-Time,1,0
SHP-20241869,2025-03-11,SUP-03,Delta Electronics Hub,Tier 1,WH-KOL-04,East Gateway (Kolkata),Express Air Freight,184.68,424.05,2025-03-17,2025-03-19,2,Delayed,0,0
SHP-20241870,2025-09-10,SUP-08,Indus Logistics Fab,Tier 3,WH-MUM-02,West Port (Mumbai),Priority Surface Cargo,89.1,187.29,2025-09-16,2025-09-21,5,Delayed,0,0
SHP-20241871,2025-06-19,SUP-07,Hind Cargo Aggregates,Tier 3,WH-DEL-01,North Hub (Delhi-NCR),Express Air Freight,200.6,415.2,2025-06-25,2025-06-26,1,Delayed,0,0
SHP-20241872,2024-11-01,SUP-08,Indus Logistics Fab,Tier 3,WH-MUM-02,West Port (Mumbai),Priority Surface Cargo,163.5,211.77,2024-11-04,2024-11-04,0,On-Time,1,0
SHP-20241873,2024-04-07,SUP-04,Evergreen Raw Materials,Tier 2,WH-DEL-01,North Hub (Delhi-NCR),Priority Surface Cargo,45.9,96.84,2024-04-12,2024-04-12,0,On-Time,1,0
SHP-20241874,2025-11-26,SUP-04,Evergreen Raw Materials,Tier 2,WH-MUM-02,West Port (Mumbai),Regional Truckload,277.48,254.52,2025-12-01,2025-12-01,0,On-Time,1,0
SHP-20241875,2025-10-25,SUP-06,Global Polymer Solutions,Tier 2,WH-DEL-01,North Hub (Delhi-NCR),Priority Surface Cargo,435.27,527.2,2025-10-31,2025-11-04,4,Delayed,0,0
SHP-20241876,2024-10-02,SUP-02,Bharat Heavy Forgings,Tier 1,WH-KOL-04,East Gateway (Kolkata),Regional Truckload,363.19,275.87,2024-10-06,2024-10-14,8,Delayed,0,0
SHP-20241877,2024-06-16,SUP-05,Falcon Fasteners Corp,Tier 2,WH-KOL-04,East Gateway (Kolkata),Priority Surface Cargo,135.57,202.11,2024-06-19,2024-06-22,3,Delayed,0,0
SHP-20241878,2025-07-01,SUP-07,Hind Cargo Aggregates,Tier 3,WH-MUM-02,West Port (Mumbai),Standard Rail Transport,56.0,119.83,2025-07-05,2025-07-10,5,Delayed,0,0
SHP-20241879,2024-10-02,SUP-01,Apex Precision Components,Tier 1,WH-BLR-03,South Central (Bengaluru),Standard Rail Transport,219.1,171.73,2024-10-08,2024-10-08,0,On-Time,1,0
SHP-20241880,2025-02-14,SUP-07,Hind Cargo Aggregates,Tier 3,WH-MUM-02,West Port (Mumbai),Regional Truckload,510.41,397.09,2025-02-19,2025-02-23,4,Delayed,0,0
SHP-20241881,2024-07-28,SUP-01,Apex Precision Components,Tier 1,WH-DEL-01,North Hub (Delhi-NCR),Regional Truckload,658.87,505.16,2024-07-30,2024-07-31,1,Delayed,0,0
SHP-20241882,2024-03-20,SUP-05,Falcon Fasteners Corp,Tier 2,WH-MUM-02,West Port (Mumbai),Priority Surface Cargo,283.9,378.28,2024-03-22,2024-03-22,0,On-Time,1,0
SHP-20241883,2024-10-03,SUP-06,Global Polymer Solutions,Tier 2,WH-BLR-03,South Central (Bengaluru),Priority Surface Cargo,594.47,679.63,2024-10-06,2024-10-06,0,On-Time,1,0
SHP-20241884,2024-08-26,SUP-05,Falcon Fasteners Corp,Tier 2,WH-KOL-04,East Gateway (Kolkata),Express Air Freight,846.52,1633.29,2024-09-01,2024-09-02,1,Delayed,0,0
SHP-20241885,2024-05-03,SUP-03,Delta Electronics Hub,Tier 1,WH-BLR-03,South Central (Bengaluru),Regional Truckload,229.21,183.14,2024-05-09,2024-05-09,0,On-Time,1,0
SHP-20241886,2025-03-20,SUP-02,Bharat Heavy Forgings,Tier 1,WH-MUM-02,West Port (Mumbai),Express Air Freight,603.82,1144.23,2025-03-26,2025-03-26,0,On-Time,1,0
SHP-20241887,2025-06-23,SUP-06,Global Polymer Solutions,Tier 2,WH-BLR-03,South Central (Bengaluru),Priority Surface Cargo,430.19,549.33,2025-06-28,2025-06-29,1,Delayed,0,0
SHP-20241888,2025-05-17,SUP-07,Hind Cargo Aggregates,Tier 3,WH-KOL-04,East Gateway (Kolkata),Standard Rail Transport,311.92,231.32,2025-05-23,2025-05-23,0,On-Time,1,0
SHP-20241889,2024-12-20,SUP-08,Indus Logistics Fab,Tier 3,WH-KOL-04,East Gateway (Kolkata),Regional Truckload,364.27,314.89,2024-12-23,2024-12-31,8,Delayed,0,0
SHP-20241890,2025-02-02,SUP-08,Indus Logistics Fab,Tier 3,WH-KOL-04,East Gateway (Kolkata),Regional Truckload,770.15,594.06,2025-02-04,2025-02-12,8,Delayed,0,0
SHP-20241891,2024-04-17,SUP-02,Bharat Heavy Forgings,Tier 1,WH-DEL-01,North Hub (Delhi-NCR),Express Air Freight,155.89,372.0,2024-04-22,2024-04-22,0,On-Time,1,0
SHP-20241892,2024-09-14,SUP-07,Hind Cargo Aggregates,Tier 3,WH-BLR-03,South Central (Bengaluru),Standard Rail Transport,705.38,485.39,2024-09-18,2024-09-19,1,Delayed,0,0
SHP-20241893,2025-07-03,SUP-04,Evergreen Raw Materials,Tier 2,WH-MUM-02,West Port (Mumbai),Regional Truckload,668.92,521.62,2025-07-07,2025-07-07,0,On-Time,1,0
SHP-20241894,2024-10-24,SUP-05,Falcon Fasteners Corp,Tier 2,WH-BLR-03,South Central (Bengaluru),Priority Surface Cargo,682.0,788.02,2024-10-30,2024-10-30,0,On-Time,1,0
SHP-20241895,2025-08-21,SUP-07,Hind Cargo Aggregates,Tier 3,WH-MUM-02,West Port (Mumbai),Priority Surface Cargo,810.48,930.52,2025-08-26,2025-08-28,2,Delayed,0,0
SHP-20241896,2025-09-23,SUP-08,Indus Logistics Fab,Tier 3,WH-DEL-01,North Hub (Delhi-NCR),Regional Truckload,670.73,525.73,2025-09-29,2025-09-29,0,On-Time,1,0
SHP-20241897,2025-10-03,SUP-08,Indus Logistics Fab,Tier 3,WH-MUM-02,West Port (Mumbai),Standard Rail Transport,706.35,506.78,2025-10-09,2025-10-11,2,Delayed,0,0
SHP-20241898,2024-08-08,SUP-02,Bharat Heavy Forgings,Tier 1,WH-MUM-02,West Port (Mumbai),Express Air Freight,118.04,255.75,2024-08-12,2024-08-17,5,Delayed,0,0
SHP-20241899,2024-05-05,SUP-08,Indus Logistics Fab,Tier 3,WH-KOL-04,East Gateway (Kolkata),Standard Rail Transport,785.57,600.11,2024-05-09,2024-05-12,3,Delayed,0,0
SHP-20241900,2025-12-02,SUP-07,Hind Cargo Aggregates,Tier 3,WH-KOL-04,East Gateway (Kolkata),Regional Truckload,315.11,244.86,2025-12-08,2025-12-10,2,Delayed,0,0
SHP-20241901,2024-08-24,SUP-01,Apex Precision Components,Tier 1,WH-KOL-04,East Gateway (Kolkata),Regional Truckload,437.8,356.83,2024-08-28,2024-08-31,3,Delayed,0,0
SHP-20241902,2025-05-19,SUP-01,Apex Precision Components,Tier 1,WH-KOL-04,East Gateway (Kolkata),Regional Truckload,137.74,158.47,2025-05-21,2025-05-28,7,Delayed,0,0
SHP-20241903,2025-04-19,SUP-01,Apex Precision Components,Tier 1,WH-KOL-04,East Gateway (Kolkata),Priority Surface Cargo,482.52,558.77,2025-04-23,2025-04-26,3,Delayed,0,0
SHP-20241904,2024-03-05,SUP-06,Global Polymer Solutions,Tier 2,WH-KOL-04,East Gateway (Kolkata),Regional Truckload,688.21,509.67,2024-03-08,2024-03-11,3,Delayed,0,0
SHP-20241905,2024-09-10,SUP-02,Bharat Heavy Forgings,Tier 1,WH-DEL-01,North Hub (Delhi-NCR),Regional Truckload,347.73,308.15,2024-09-16,2024-09-17,1,Delayed,0,0
SHP-20241906,2025-06-24,SUP-04,Evergreen Raw Materials,Tier 2,WH-KOL-04,East Gateway (Kolkata),Regional Truckload,689.65,488.78,2025-06-28,2025-06-30,2,Delayed,0,0
SHP-20241907,2025-08-06,SUP-03,Delta Electronics Hub,Tier 1,WH-KOL-04,East Gateway (Kolkata),Standard Rail Transport,50.3,83.04,2025-08-12,2025-08-13,1,Delayed,0,0
SHP-20241908,2024-01-02,SUP-04,Evergreen Raw Materials,Tier 2,WH-BLR-03,South Central (Bengaluru),Express Air Freight,716.07,1409.05,2024-01-04,2024-01-09,5,Delayed,0,0
SHP-20241909,2025-03-21,SUP-05,Falcon Fasteners Corp,Tier 2,WH-MUM-02,West Port (Mumbai),Standard Rail Transport,102.43,101.96,2025-03-24,2025-03-24,0,On-Time,1,0
SHP-20241910,2025-09-30,SUP-05,Falcon Fasteners Corp,Tier 2,WH-DEL-01,North Hub (Delhi-NCR),Standard Rail Transport,632.76,470.52,2025-10-05,2025-10-07,2,Delayed,0,0
SHP-20241911,2024-03-18,SUP-02,Bharat Heavy Forgings,Tier 1,WH-KOL-04,East Gateway (Kolkata),Standard Rail Transport,426.18,354.1,2024-03-20,2024-03-28,8,Delayed,0,0
SHP-20241912,2025-03-10,SUP-06,Global Polymer Solutions,Tier 2,WH-MUM-02,West Port (Mumbai),Regional Truckload,608.11,461.12,2025-03-14,2025-03-14,0,On-Time,1,0
SHP-20241913,2024-11-07,SUP-08,Indus Logistics Fab,Tier 3,WH-DEL-01,North Hub (Delhi-NCR),Standard Rail Transport,569.83,455.34,2024-11-12,2024-11-13,1,Delayed,0,0
SHP-20241914,2024-12-16,SUP-01,Apex Precision Components,Tier 1,WH-BLR-03,South Central (Bengaluru),Regional Truckload,730.92,552.7,2024-12-22,2024-12-23,1,Delayed,0,0
SHP-20241915,2025-07-22,SUP-05,Falcon Fasteners Corp,Tier 2,WH-MUM-02,West Port (Mumbai),Express Air Freight,422.42,864.55,2025-07-24,2025-07-24,0,On-Time,1,0
SHP-20241916,2025-06-20,SUP-07,Hind Cargo Aggregates,Tier 3,WH-DEL-01,North Hub (Delhi-NCR),Regional Truckload,409.92,297.07,2025-06-24,2025-06-25,1,Delayed,0,0
SHP-20241917,2025-09-05,SUP-08,Indus Logistics Fab,Tier 3,WH-MUM-02,West Port (Mumbai),Priority Surface Cargo,453.97,560.91,2025-09-07,2025-09-07,0,On-Time,1,1
SHP-20241918,2024-04-24,SUP-01,Apex Precision Components,Tier 1,WH-MUM-02,West Port (Mumbai),Express Air Freight,554.39,1061.79,2024-04-28,2024-04-28,0,On-Time,1,0
SHP-20241919,2024-08-13,SUP-04,Evergreen Raw Materials,Tier 2,WH-DEL-01,North Hub (Delhi-NCR),Express Air Freight,206.64,448.73,2024-08-17,2024-08-21,4,Delayed,0,0
SHP-20241920,2025-07-04,SUP-08,Indus Logistics Fab,Tier 3,WH-MUM-02,West Port (Mumbai),Priority Surface Cargo,191.83,302.06,2025-07-09,2025-07-09,0,On-Time,1,0
SHP-20241921,2024-04-11,SUP-05,Falcon Fasteners Corp,Tier 2,WH-MUM-02,West Port (Mumbai),Express Air Freight,520.05,992.3,2024-04-14,2024-04-18,4,Delayed,0,0
SHP-20241922,2025-07-08,SUP-07,Hind Cargo Aggregates,Tier 3,WH-BLR-03,South Central (Bengaluru),Regional Truckload,691.99,519.05,2025-07-12,2025-07-14,2,Delayed,0,0
SHP-20241923,2025-04-03,SUP-07,Hind Cargo Aggregates,Tier 3,WH-MUM-02,West Port (Mumbai),Express Air Freight,481.0,968.59,2025-04-07,2025-04-12,5,Delayed,0,0
SHP-20241924,2025-06-11,SUP-01,Apex Precision Components,Tier 1,WH-KOL-04,East Gateway (Kolkata),Regional Truckload,80.28,119.11,2025-06-15,2025-06-19,4,Delayed,0,0
SHP-20241925,2024-05-02,SUP-03,Delta Electronics Hub,Tier 1,WH-KOL-04,East Gateway (Kolkata),Standard Rail Transport,397.43,320.89,2024-05-07,2024-05-09,2,delayed  ,0,0
SHP-20241926,2025-08-21,SUP-07,Hind Cargo Aggregates,Tier 3,WH-KOL-04,East Gateway (Kolkata),Regional Truckload,626.76,485.79,2025-08-27,2025-08-30,3,Delayed,0,0
SHP-20241927,2024-01-06,SUP-05,Falcon Fasteners Corp,Tier 2,WH-KOL-04,East Gateway (Kolkata),Standard Rail Transport,845.83,594.37,2024-01-10,2024-01-10,0,On-Time,1,0
SHP-20241928,2025-08-11,SUP-08,Indus Logistics Fab,Tier 3,WH-DEL-01,North Hub (Delhi-NCR),Regional Truckload,133.57,113.25,2025-08-17,2025-08-17,0,On-Time,1,0
SHP-20241929,2024-05-17,SUP-04,Evergreen Raw Materials,Tier 2,WH-MUM-02,West Port (Mumbai),Express Air Freight,203.25,416.0,2024-05-19,2024-05-19,0,On-Time,1,0
SHP-20241930,2024-12-19,SUP-04,Evergreen Raw Materials,Tier 2,WH-DEL-01,North Hub (Delhi-NCR),Standard Rail Transport,708.84,519.25,2024-12-25,2024-12-25,0,On-Time,1,0
SHP-20241931,2025-11-25,SUP-06,Global Polymer Solutions,Tier 2,WH-BLR-03,South Central (Bengaluru),Express Air Freight,232.17,473.16,2025-11-27,2025-12-03,6,Delayed,0,0
SHP-20241932,2025-06-17,SUP-08,Indus Logistics Fab,Tier 3,WH-BLR-03,South Central (Bengaluru),Priority Surface Cargo,642.35,777.12,2025-06-21,2025-06-21,0,On-Time,1,0
SHP-20241933,2025-06-29,SUP-01,Apex Precision Components,Tier 1,WH-MUM-02,West Port (Mumbai),Regional Truckload,724.96,527.3,2025-07-01,2025-07-02,1,Delayed,0,0
SHP-20241934,2024-06-25,SUP-02,Bharat Heavy Forgings,Tier 1,WH-MUM-02,West Port (Mumbai),Standard Rail Transport,406.74,353.26,2024-06-28,2024-06-28,0,On-Time,1,0
SHP-20241935,2024-02-13,SUP-03,Delta Electronics Hub,Tier 1,WH-DEL-01,North Hub (Delhi-NCR),Standard Rail Transport,622.75,469.61,2024-02-15,2024-02-16,1,Delayed,0,0
SHP-20241936,2025-07-08,SUP-03,Delta Electronics Hub,Tier 1,WH-DEL-01,North Hub (Delhi-NCR),Express Air Freight,134.45,323.71,2025-07-10,2025-07-13,3,Delayed,0,0
SHP-20241937,2024-03-14,SUP-04,Evergreen Raw Materials,Tier 2,WH-BLR-03,South Central (Bengaluru),Regional Truckload,762.47,565.59,2024-03-17,2024-03-17,0,On-Time,1,0
SHP-20241938,2024-01-31,SUP-08,Indus Logistics Fab,Tier 3,WH-DEL-01,North Hub (Delhi-NCR),Regional Truckload,614.86,471.1,2024-02-02,2024-02-04,2,Delayed,0,0
SHP-20241939,2025-01-03,SUP-02,Bharat Heavy Forgings,Tier 1,WH-KOL-04,East Gateway (Kolkata),Regional Truckload,512.02,368.86,2025-01-06,2025-01-07,1,Delayed,0,0
SHP-20241940,2025-01-28,SUP-04,Evergreen Raw Materials,Tier 2,WH-DEL-01,North Hub (Delhi-NCR),Priority Surface Cargo,250.86,331.27,2025-01-31,2025-01-31,0,On-Time,1,0
SHP-20241941,2025-12-19,SUP-07,Hind Cargo Aggregates,Tier 3,WH-DEL-01,North Hub (Delhi-NCR),Regional Truckload,151.38,150.6,2025-12-24,2025-12-24,0,On-Time,1,0
SHP-20241942,2025-07-30,SUP-08,Indus Logistics Fab,Tier 3,WH-DEL-01,North Hub (Delhi-NCR),Express Air Freight,467.84,920.32,2025-08-05,2025-08-05,0,On-Time,1,0
SHP-20241943,2024-07-05,SUP-02,Bharat Heavy Forgings,Tier 1,WH-BLR-03,South Central (Bengaluru),Regional Truckload,586.49,421.89,2024-07-09,2024-07-10,1,Delayed,0,0
SHP-20241944,2025-03-21,SUP-07,Hind Cargo Aggregates,Tier 3,WH-MUM-02,West Port (Mumbai),Standard Rail Transport,202.37,214.52,2025-03-24,2025-03-24,0,On-Time,1,0
SHP-20241945,2025-08-23,SUP-05,Falcon Fasteners Corp,Tier 2,WH-DEL-01,North Hub (Delhi-NCR),Priority Surface Cargo,642.07,758.35,2025-08-26,2025-08-26,0,On-Time,1,0
SHP-20241946,2025-12-15,SUP-06,Global Polymer Solutions,Tier 2,WH-MUM-02,West Port (Mumbai),Regional Truckload,541.76,399.15,2025-12-21,2025-12-22,1,Delayed,0,0
SHP-20241947,2024-05-27,SUP-01,Apex Precision Components,Tier 1,WH-KOL-04,East Gateway (Kolkata),Express Air Freight,116.96,292.38,2024-05-30,2024-06-03,4,Delayed,0,0
SHP-20241948,2025-06-10,SUP-02,Bharat Heavy Forgings,Tier 1,WH-DEL-01,North Hub (Delhi-NCR),Express Air Freight,79.89,204.11,2025-06-15,2025-06-15,0,On-Time,1,0
SHP-20241949,2025-06-30,SUP-04,Evergreen Raw Materials,Tier 2,WH-KOL-04,East Gateway (Kolkata),Priority Surface Cargo,286.59,405.31,2025-07-06,2025-07-12,6,Delayed,0,0
SHP-20241950,2024-06-07,SUP-03,Delta Electronics Hub,Tier 1,WH-DEL-01,North Hub (Delhi-NCR),Express Air Freight,793.72,1538.0,2024-06-09,2024-06-12,3,Delayed,0,0
SHP-20241951,2024-09-13,SUP-08,Indus Logistics Fab,Tier 3,WH-DEL-01,North Hub (Delhi-NCR),Standard Rail Transport,17.23,85.77,2024-09-17,2024-09-18,1,Delayed,0,0
SHP-20241952,2025-03-05,SUP-02,Bharat Heavy Forgings,Tier 1,WH-KOL-04,East Gateway (Kolkata),Standard Rail Transport,688.86,507.13,2025-03-07,2025-03-07,0,On-Time,1,0
SHP-20241953,2025-02-16,SUP-05,Falcon Fasteners Corp,Tier 2,WH-DEL-01,North Hub (Delhi-NCR),Express Air Freight,181.96,415.92,2025-02-21,2025-02-23,2,Delayed,0,0
SHP-20241954,2024-03-07,SUP-03,Delta Electronics Hub,Tier 1,WH-BLR-03,South Central (Bengaluru),Express Air Freight,657.89,1279.5,2024-03-12,2024-03-15,3,Delayed,0,0
SHP-20241955,2025-08-11,SUP-01,Apex Precision Components,Tier 1,WH-KOL-04,East Gateway (Kolkata),Regional Truckload,484.51,390.39,2025-08-16,2025-08-18,2,Delayed,0,0
SHP-20241956,2024-01-15,SUP-06,Global Polymer Solutions,Tier 2,WH-KOL-04,East Gateway (Kolkata),Regional Truckload,586.47,423.83,2024-01-21,2024-01-25,4,Delayed,0,0
SHP-20241957,2025-10-17,SUP-08,Indus Logistics Fab,Tier 3,WH-BLR-03,South Central (Bengaluru),Standard Rail Transport,805.92,569.27,2025-10-20,2025-10-20,0,On-Time,1,0
SHP-20241958,2024-05-19,SUP-07,Hind Cargo Aggregates,Tier 3,WH-KOL-04,East Gateway (Kolkata),Regional Truckload,705.08,501.63,2024-05-22,2024-05-24,2,Delayed,0,0
SHP-20241959,2024-07-19,SUP-07,Hind Cargo Aggregates,Tier 3,WH-KOL-04,East Gateway (Kolkata),Priority Surface Cargo,347.91,435.17,2024-07-24,2024-07-30,6,Delayed,0,0
SHP-20241960,2024-05-05,SUP-02,Bharat Heavy Forgings,Tier 1,WH-BLR-03,South Central (Bengaluru),Regional Truckload,653.82,464.81,2024-05-10,2024-05-10,0,On-Time,1,0
SHP-20241961,2025-02-07,SUP-07,Hind Cargo Aggregates,Tier 3,WH-MUM-02,West Port (Mumbai),Express Air Freight,816.87,1573.92,2025-02-11,2025-02-15,4,Delayed,0,0
SHP-20241962,2025-11-30,SUP-08,Indus Logistics Fab,Tier 3,WH-KOL-04,East Gateway (Kolkata),Standard Rail Transport,795.45,544.86,2025-12-04,2025-12-07,3,Delayed,0,1
SHP-20241963,2024-06-03,SUP-04,Evergreen Raw Materials,Tier 2,WH-BLR-03,South Central (Bengaluru),Standard Rail Transport,-530.54,433.07,2024-06-08,2024-06-13,5,Delayed,0,0
SHP-20241964,2025-11-02,SUP-01,Apex Precision Components,Tier 1,WH-MUM-02,West Port (Mumbai),Regional Truckload,251.84,251.5,2025-11-07,2025-11-08,1,Delayed,0,0
SHP-20241965,2024-05-21,SUP-02,Bharat Heavy Forgings,Tier 1,WH-BLR-03,South Central (Bengaluru),Priority Surface Cargo,818.93,927.31,2024-05-26,2024-05-26,0,On-Time,1,0
SHP-20241966,2025-09-29,SUP-05,Falcon Fasteners Corp,Tier 2,WH-BLR-03,South Central (Bengaluru),Regional Truckload,387.25,296.76,2025-10-02,2025-10-02,0,On-Time,1,0
SHP-20241967,2024-12-31,SUP-07,Hind Cargo Aggregates,Tier 3,WH-KOL-04,East Gateway (Kolkata),Priority Surface Cargo,304.03,402.63,2025-01-05,2025-01-07,2,Delayed,0,0
SHP-20241968,2025-07-06,SUP-03,Delta Electronics Hub,Tier 1,WH-BLR-03,South Central (Bengaluru),Standard Rail Transport,769.92,572.61,2025-07-08,2025-07-08,0,On-Time,1,0
SHP-20241969,2025-11-24,SUP-08,Indus Logistics Fab,Tier 3,WH-BLR-03,South Central (Bengaluru),Regional Truckload,385.2,307.69,2025-11-29,2025-11-29,0,On-Time,1,0
SHP-20241970,2024-01-26,SUP-01,Apex Precision Components,Tier 1,WH-BLR-03,South Central (Bengaluru),Standard Rail Transport,264.95,210.32,2024-01-28,2024-01-28,0,On-Time,1,0
SHP-20241971,2025-03-09,SUP-01,Apex Precision Components,Tier 1,WH-KOL-04,East Gateway (Kolkata),Express Air Freight,483.09,940.67,2025-03-13,2025-03-14,1,Delayed,0,0
SHP-20241972,2025-09-22,SUP-05,Falcon Fasteners Corp,Tier 2,WH-MUM-02,West Port (Mumbai),Standard Rail Transport,733.57,532.44,2025-09-27,2025-09-27,0,On-Time,1,0
SHP-20241973,2025-03-06,SUP-08,Indus Logistics Fab,Tier 3,WH-BLR-03,South Central (Bengaluru),Priority Surface Cargo,837.58,977.41,2025-03-11,2025-03-14,3,Delayed,0,0
SHP-20241974,2024-07-31,SUP-08,Indus Logistics Fab,Tier 3,WH-BLR-03,South Central (Bengaluru),Express Air Freight,222.96,495.07,2024-08-06,2024-08-06,0,On-Time,1,0
SHP-20241975,2024-03-07,SUP-05,Falcon Fasteners Corp,Tier 2,WH-KOL-04,East Gateway (Kolkata),Priority Surface Cargo,770.84,931.14,2024-03-09,2024-03-13,4,Delayed,0,0
SHP-20241976,2025-06-18,SUP-02,Bharat Heavy Forgings,Tier 1,WH-MUM-02,West Port (Mumbai),Standard Rail Transport,480.8,393.75,2025-06-22,2025-06-22,0,On-Time,1,0
SHP-20241977,2025-09-04,SUP-07,Hind Cargo Aggregates,Tier 3,WH-BLR-03,South Central (Bengaluru),Priority Surface Cargo,483.38,562.44,2025-09-08,2025-09-10,2,Delayed,0,0
SHP-20241978,2024-11-09,SUP-08,Indus Logistics Fab,Tier 3,WH-MUM-02,West Port (Mumbai),Express Air Freight,573.0,1117.53,2024-11-12,2024-11-12,0,On-Time,1,0
SHP-20241979,2024-05-25,SUP-01,Apex Precision Components,Tier 1,WH-DEL-01,North Hub (Delhi-NCR),Express Air Freight,620.94,1232.03,2024-05-28,2024-05-30,2,delayed  ,0,0
SHP-20241980,2024-08-09,SUP-02,Bharat Heavy Forgings,Tier 1,WH-DEL-01,North Hub (Delhi-NCR),Priority Surface Cargo,97.46,171.84,2024-08-13,2024-08-13,0,On-Time,1,0
SHP-20241981,2025-07-19,SUP-08,Indus Logistics Fab,Tier 3,WH-MUM-02,West Port (Mumbai),Regional Truckload,588.21,466.26,2025-07-24,2025-07-29,5,Delayed,0,0
SHP-20241982,2024-02-05,SUP-08,Indus Logistics Fab,Tier 3,WH-MUM-02,West Port (Mumbai),Express Air Freight,648.14,1267.47,2024-02-07,2024-02-13,6,Delayed,0,0
SHP-20241983,2025-10-15,SUP-07,Hind Cargo Aggregates,Tier 3,WH-BLR-03,South Central (Bengaluru),Express Air Freight,102.09,220.87,2025-10-17,2025-10-17,0,On-Time,1,0
SHP-20241984,2025-12-04,SUP-06,Global Polymer Solutions,Tier 2,WH-BLR-03,South Central (Bengaluru),Standard Rail Transport,421.19,353.87,2025-12-10,2025-12-10,0,On-Time,1,0
SHP-20241985,2024-05-28,SUP-06,Global Polymer Solutions,Tier 2,WH-DEL-01,North Hub (Delhi-NCR),Priority Surface Cargo,29.26,116.06,2024-06-02,2024-06-04,2,Delayed,0,1
SHP-20241986,2024-12-09,SUP-07,Hind Cargo Aggregates,Tier 3,WH-DEL-01,North Hub (Delhi-NCR),Standard Rail Transport,281.91,227.04,2024-12-13,2024-12-13,0,On-Time,1,0
SHP-20241987,2025-09-05,SUP-03,Delta Electronics Hub,Tier 1,WH-KOL-04,East Gateway (Kolkata),Express Air Freight,756.62,1474.19,2025-09-10,2025-09-19,9,Delayed,0,0
SHP-20241988,2024-02-28,SUP-04,Evergreen Raw Materials,Tier 2,WH-MUM-02,West Port (Mumbai),Regional Truckload,-560.24,413.07,2024-03-05,2024-03-05,0,On-Time,1,0
SHP-20241989,2025-01-02,SUP-06,Global Polymer Solutions,Tier 2,WH-BLR-03,South Central (Bengaluru),Priority Surface Cargo,772.92,930.89,2025-01-05,2025-01-07,2,Delayed,0,0
SHP-20241990,2024-03-07,SUP-06,Global Polymer Solutions,Tier 2,WH-MUM-02,West Port (Mumbai),Priority Surface Cargo,341.35,420.3,2024-03-13,2024-03-13,0,On-Time,1,0
SHP-20241991,2025-10-28,SUP-08,Indus Logistics Fab,Tier 3,WH-KOL-04,East Gateway (Kolkata),Standard Rail Transport,390.88,326.57,2025-11-01,2025-11-02,1,Delayed,0,1
SHP-20241992,2025-04-11,SUP-08,Indus Logistics Fab,Tier 3,WH-MUM-02,West Port (Mumbai),Priority Surface Cargo,680.0,787.49,2025-04-16,2025-04-17,1,Delayed,0,0
SHP-20241993,2025-01-28,SUP-04,Evergreen Raw Materials,Tier 2,WH-BLR-03,South Central (Bengaluru),Regional Truckload,683.27,505.6,2025-01-31,2025-02-03,3,Delayed,0,0
SHP-20241994,2025-05-28,SUP-07,Hind Cargo Aggregates,Tier 3,WH-KOL-04,East Gateway (Kolkata),Express Air Freight,755.15,1427.47,2025-06-01,2025-06-07,6,Delayed,0,0
SHP-20241995,2025-07-25,SUP-03,Delta Electronics Hub,Tier 1,WH-KOL-04,East Gateway (Kolkata),Priority Surface Cargo,118.86,178.57,2025-07-31,2025-08-05,5,Delayed,0,0
SHP-20241996,2025-03-08,SUP-07,Hind Cargo Aggregates,Tier 3,WH-BLR-03,South Central (Bengaluru),Express Air Freight,735.93,1439.6,2025-03-13,2025-03-13,0,On-Time,1,0
SHP-20241997,2025-10-08,SUP-04,Evergreen Raw Materials,Tier 2,WH-KOL-04,East Gateway (Kolkata),Regional Truckload,278.82,214.88,2025-10-12,2025-10-13,1,Delayed,0,0
SHP-20241998,2025-08-06,SUP-04,Evergreen Raw Materials,Tier 2,WH-DEL-01,North Hub (Delhi-NCR),Standard Rail Transport,473.51,389.7,2025-08-09,2025-08-11,2,Delayed,0,0
SHP-20241999,2024-02-16,SUP-04,Evergreen Raw Materials,Tier 2,WH-KOL-04,East Gateway (Kolkata),Express Air Freight,501.72,956.54,2024-02-20,2024-02-22,2,delayed  ,0,0
SHP-20242000,2024-08-22,SUP-04,Evergreen Raw Materials,Tier 2,WH-BLR-03,South Central (Bengaluru),Priority Surface Cargo,513.96,601.74,2024-08-26,2024-08-29,3,Delayed,0,0
SHP-20242001,2025-06-04,SUP-04,Evergreen Raw Materials,Tier 2,WH-KOL-04,East Gateway (Kolkata),Express Air Freight,188.21,420.16,2025-06-06,2025-06-06,0,On-Time,1,0
SHP-20242002,2024-04-03,SUP-06,Global Polymer Solutions,Tier 2,WH-KOL-04,East Gateway (Kolkata),Express Air Freight,246.65,525.29,2024-04-09,2024-04-09,0,On-Time,1,0
SHP-20242003,2024-11-28,SUP-04,Evergreen Raw Materials,Tier 2,WH-DEL-01,North Hub (Delhi-NCR),Regional Truckload,31.48,112.21,2024-12-03,2024-12-03,0,On-Time,1,0
SHP-20242004,2024-11-10,SUP-03,Delta Electronics Hub,Tier 1,WH-MUM-02,West Port (Mumbai),Standard Rail Transport,427.56,315.02,2024-11-13,2024-11-13,0,On-Time,1,0
SHP-20242005,2024-04-28,SUP-05,Falcon Fasteners Corp,Tier 2,WH-KOL-04,East Gateway (Kolkata),Standard Rail Transport,256.45,223.66,2024-05-02,2024-05-03,1,Delayed,0,1
SHP-20242006,2024-05-10,SUP-03,Delta Electronics Hub,Tier 1,WH-DEL-01,North Hub (Delhi-NCR),Standard Rail Transport,577.66,413.57,2024-05-14,2024-05-14,0,On-Time,1,0
SHP-20242007,2025-11-29,SUP-01,Apex Precision Components,Tier 1,WH-BLR-03,South Central (Bengaluru),Regional Truckload,726.94,515.6,2025-12-03,2025-12-05,2,Delayed,0,0
SHP-20242008,2025-05-01,SUP-08,Indus Logistics Fab,Tier 3,WH-DEL-01,North Hub (Delhi-NCR),Regional Truckload,76.98,129.48,2025-05-05,2025-05-05,0,On-Time,1,0
SHP-20242009,2025-11-06,SUP-05,Falcon Fasteners Corp,Tier 2,WH-DEL-01,North Hub (Delhi-NCR),Standard Rail Transport,489.2,399.42,2025-11-09,2025-11-10,1,Delayed,0,0
SHP-20242010,2025-08-18,SUP-08,Indus Logistics Fab,Tier 3,WH-BLR-03,South Central (Bengaluru),Regional Truckload,728.03,562.36,2025-08-24,2025-08-27,3,Delayed,0,0
SHP-20242011,2025-03-05,SUP-05,Falcon Fasteners Corp,Tier 2,WH-BLR-03,South Central (Bengaluru),Priority Surface Cargo,684.55,804.61,2025-03-08,2025-03-09,1,Delayed,0,0
SHP-20242012,2025-02-06,SUP-04,Evergreen Raw Materials,Tier 2,WH-BLR-03,South Central (Bengaluru),Express Air Freight,361.41,752.86,2025-02-10,2025-02-10,0,On-Time,1,0
SHP-20242013,2024-05-13,SUP-05,Falcon Fasteners Corp,Tier 2,WH-BLR-03,South Central (Bengaluru),Express Air Freight,677.52,1303.46,2024-05-19,2024-05-19,0,On-Time,1,0
SHP-20242014,2024-09-29,SUP-01,Apex Precision Components,Tier 1,WH-DEL-01,North Hub (Delhi-NCR),Priority Surface Cargo,131.61,209.33,2024-10-01,2024-10-02,1,Delayed,0,0
SHP-20242015,2025-10-08,SUP-04,Evergreen Raw Materials,Tier 2,WH-KOL-04,East Gateway (Kolkata),Regional Truckload,331.97,298.8,2025-10-14,2025-10-16,2,Delayed,0,0
SHP-20242016,2024-07-04,SUP-03,Delta Electronics Hub,Tier 1,WH-MUM-02,West Port (Mumbai),Express Air Freight,127.88,265.89,2024-07-10,2024-07-10,0,On-Time,1,0
SHP-20242017,2024-01-25,SUP-06,Global Polymer Solutions,Tier 2,WH-MUM-02,West Port (Mumbai),Regional Truckload,694.62,513.81,2024-01-29,2024-01-30,1,Delayed,0,0
SHP-20242018,2025-09-22,SUP-07,Hind Cargo Aggregates,Tier 3,WH-DEL-01,North Hub (Delhi-NCR),Express Air Freight,229.28,510.94,2025-09-24,2025-09-24,0,On-Time,1,0
SHP-20242019,2024-12-25,SUP-03,Delta Electronics Hub,Tier 1,WH-KOL-04,East Gateway (Kolkata),Express Air Freight,149.25,312.24,2024-12-29,2024-12-29,0,On-Time,1,0
SHP-20242020,2025-12-20,SUP-08,Indus Logistics Fab,Tier 3,WH-MUM-02,West Port (Mumbai),Standard Rail Transport,496.01,369.67,2025-12-25,2025-12-25,0,On-Time,1,0
SHP-20242021,2025-08-05,SUP-07,Hind Cargo Aggregates,Tier 3,WH-MUM-02,West Port (Mumbai),Standard Rail Transport,199.62,173.7,2025-08-08,2025-08-08,0,On-Time,1,1
SHP-20242022,2024-07-27,SUP-08,Indus Logistics Fab,Tier 3,WH-BLR-03,South Central (Bengaluru),Priority Surface Cargo,599.99,714.4,2024-07-29,2024-07-30,1,Delayed,0,0
SHP-20242023,2024-02-29,SUP-01,Apex Precision Components,Tier 1,WH-BLR-03,South Central (Bengaluru),Regional Truckload,283.49,248.87,2024-03-05,2024-03-07,2,Delayed,0,0
SHP-20242024,2025-05-09,SUP-03,Delta Electronics Hub,Tier 1,WH-KOL-04,East Gateway (Kolkata),Regional Truckload,805.59,583.97,2025-05-12,2025-05-14,2,Delayed,0,0
SHP-20242025,2024-02-22,SUP-06,Global Polymer Solutions,Tier 2,WH-BLR-03,South Central (Bengaluru),Express Air Freight,186.49,434.13,2024-02-26,2024-02-29,3,Delayed,0,0
SHP-20242026,2024-08-17,SUP-01,Apex Precision Components,Tier 1,WH-DEL-01,North Hub (Delhi-NCR),Express Air Freight,640.37,1214.55,2024-08-20,2024-08-21,1,delayed  ,0,0
SHP-20242027,2024-10-13,SUP-01,Apex Precision Components,Tier 1,WH-BLR-03,South Central (Bengaluru),Priority Surface Cargo,276.47,339.81,2024-10-18,2024-10-18,0,On-Time,1,0
SHP-20242028,2025-04-09,SUP-01,Apex Precision Components,Tier 1,WH-DEL-01,North Hub (Delhi-NCR),Express Air Freight,643.61,1283.29,2025-04-11,2025-04-11,0,On-Time,1,0
SHP-20242029,2024-05-17,SUP-02,Bharat Heavy Forgings,Tier 1,WH-MUM-02,West Port (Mumbai),Express Air Freight,313.94,607.84,2024-05-22,2024-05-23,1,Delayed,0,0
SHP-20242030,2024-03-24,SUP-08,Indus Logistics Fab,Tier 3,WH-MUM-02,West Port (Mumbai),Standard Rail Transport,239.06,217.91,2024-03-27,2024-03-27,0,On-Time,1,0
SHP-20242031,2024-11-16,SUP-01,Apex Precision Components,Tier 1,WH-MUM-02,West Port (Mumbai),Priority Surface Cargo,645.81,759.18,2024-11-18,2024-11-19,1,Delayed,0,0
SHP-20242032,2025-07-15,SUP-05,Falcon Fasteners Corp,Tier 2,WH-DEL-01,North Hub (Delhi-NCR),Regional Truckload,548.28,444.3,2025-07-18,2025-07-19,1,Delayed,0,0
SHP-20242033,2025-01-06,SUP-05,Falcon Fasteners Corp,Tier 2,WH-DEL-01,North Hub (Delhi-NCR),Express Air Freight,503.04,1019.87,2025-01-10,2025-01-11,1,Delayed,0,0
SHP-20242034,2025-04-07,SUP-02,Bharat Heavy Forgings,Tier 1,WH-BLR-03,South Central (Bengaluru),Express Air Freight,144.6,354.71,2025-04-09,2025-04-10,1,Delayed,0,0
SHP-20242035,2025-05-20,SUP-04,Evergreen Raw Materials,Tier 2,WH-KOL-04,East Gateway (Kolkata),Express Air Freight,15.05,71.61,2025-05-25,2025-05-30,5,Delayed,0,0
SHP-20242036,2024-05-09,SUP-05,Falcon Fasteners Corp,Tier 2,WH-BLR-03,South Central (Bengaluru),Standard Rail Transport,472.28,375.12,2024-05-13,2024-05-16,3,Delayed,0,0
SHP-20242037,2025-07-16,SUP-01,Apex Precision Components,Tier 1,WH-KOL-04,East Gateway (Kolkata),Standard Rail Transport,-555.21,422.75,2025-07-22,2025-07-23,1,Delayed,0,0
SHP-20242038,2024-10-22,SUP-03,Delta Electronics Hub,Tier 1,WH-BLR-03,South Central (Bengaluru),Standard Rail Transport,273.73,249.77,2024-10-26,2024-10-26,0,On-Time,1,0
SHP-20242039,2025-09-25,SUP-08,Indus Logistics Fab,Tier 3,WH-BLR-03,South Central (Bengaluru),Priority Surface Cargo,428.45,496.54,2025-09-27,2025-09-28,1,Delayed,0,0
SHP-20242040,2025-07-02,SUP-04,Evergreen Raw Materials,Tier 2,WH-KOL-04,East Gateway (Kolkata),Priority Surface Cargo,458.57,553.54,2025-07-04,2025-07-05,1,Delayed,0,1
SHP-20242041,2025-11-21,SUP-03,Delta Electronics Hub,Tier 1,WH-KOL-04,East Gateway (Kolkata),Priority Surface Cargo,602.2,720.61,2025-11-27,2025-11-27,0,on-time  ,1,0
SHP-20242042,2025-08-08,SUP-01,Apex Precision Components,Tier 1,WH-KOL-04,East Gateway (Kolkata),Express Air Freight,780.68,1509.64,2025-08-13,2025-08-13,0,On-Time,1,0
SHP-20242043,2024-01-17,SUP-02,Bharat Heavy Forgings,Tier 1,WH-BLR-03,South Central (Bengaluru),Express Air Freight,432.35,871.76,2024-01-20,2024-01-20,0,On-Time,1,0
SHP-20242044,2025-12-14,SUP-08,Indus Logistics Fab,Tier 3,WH-DEL-01,North Hub (Delhi-NCR),Express Air Freight,791.37,1524.48,2025-12-18,2025-12-19,1,Delayed,0,0
SHP-20242045,2024-07-27,SUP-08,Indus Logistics Fab,Tier 3,WH-MUM-02,West Port (Mumbai),Regional Truckload,612.6,433.14,2024-07-31,2024-07-31,0,On-Time,1,0
SHP-20242046,2025-09-06,SUP-08,Indus Logistics Fab,Tier 3,WH-MUM-02,West Port (Mumbai),Priority Surface Cargo,813.1,985.38,2025-09-10,2025-09-13,3,Delayed,0,0
SHP-20242047,2024-11-18,SUP-05,Falcon Fasteners Corp,Tier 2,WH-DEL-01,North Hub (Delhi-NCR),Priority Surface Cargo,17.32,72.48,2024-11-21,2024-11-22,1,Delayed,0,0
SHP-20242048,2025-08-10,SUP-05,Falcon Fasteners Corp,Tier 2,WH-DEL-01,North Hub (Delhi-NCR),Priority Surface Cargo,845.14,956.83,2025-08-12,2025-08-12,0,On-Time,1,0
SHP-20242049,2025-07-18,SUP-05,Falcon Fasteners Corp,Tier 2,WH-KOL-04,East Gateway (Kolkata),Standard Rail Transport,839.1,579.52,2025-07-22,2025-07-22,0,On-Time,1,0
SHP-20242050,2024-11-24,SUP-06,Global Polymer Solutions,Tier 2,WH-KOL-04,East Gateway (Kolkata),Priority Surface Cargo,734.84,841.39,2024-11-30,2024-12-06,6,Delayed,0,0
SHP-20242051,2025-06-07,SUP-08,Indus Logistics Fab,Tier 3,WH-KOL-04,East Gateway (Kolkata),Regional Truckload,703.99,503.04,2025-06-09,2025-06-11,2,Delayed,0,0
SHP-20242052,2024-07-20,SUP-08,Indus Logistics Fab,Tier 3,WH-BLR-03,South Central (Bengaluru),Express Air Freight,454.27,925.78,2024-07-25,2024-07-25,0,On-Time,1,0
SHP-20242053,2025-11-26,SUP-07,Hind Cargo Aggregates,Tier 3,WH-MUM-02,West Port (Mumbai),Regional Truckload,738.48,533.99,2025-12-01,2025-12-06,5,Delayed,0,0
SHP-20242054,2025-06-29,SUP-05,Falcon Fasteners Corp,Tier 2,WH-MUM-02,West Port (Mumbai),Express Air Freight,333.95,650.64,2025-07-05,2025-07-08,3,Delayed,0,0
SHP-20242055,2024-07-18,SUP-06,Global Polymer Solutions,Tier 2,WH-BLR-03,South Central (Bengaluru),Priority Surface Cargo,266.53,376.16,2024-07-23,2024-07-23,0,On-Time,1,0
SHP-20242056,2025-11-25,SUP-08,Indus Logistics Fab,Tier 3,WH-BLR-03,South Central (Bengaluru),Express Air Freight,512.24,1026.54,2025-11-28,2025-12-04,6,Delayed,0,0
SHP-20242057,2025-02-01,SUP-03,Delta Electronics Hub,Tier 1,WH-MUM-02,West Port (Mumbai),Express Air Freight,327.53,663.95,2025-02-06,2025-02-06,0,On-Time,1,0
SHP-20242058,2024-06-14,SUP-01,Apex Precision Components,Tier 1,WH-KOL-04,East Gateway (Kolkata),Priority Surface Cargo,321.79,435.19,2024-06-16,2024-06-19,3,Delayed,0,0
SHP-20242059,2024-03-16,SUP-01,Apex Precision Components,Tier 1,WH-KOL-04,East Gateway (Kolkata),Priority Surface Cargo,539.46,680.88,2024-03-22,2024-03-25,3,Delayed,0,0
SHP-20242060,2024-10-13,SUP-02,Bharat Heavy Forgings,Tier 1,WH-MUM-02,West Port (Mumbai),Regional Truckload,74.88,102.04,2024-10-16,2024-10-16,0,On-Time,1,0
SHP-20242061,2024-04-27,SUP-07,Hind Cargo Aggregates,Tier 3,WH-DEL-01,North Hub (Delhi-NCR),Priority Surface Cargo,243.1,345.14,2024-05-02,2024-05-05,3,Delayed,0,0
SHP-20242062,2024-08-26,SUP-03,Delta Electronics Hub,Tier 1,WH-DEL-01,North Hub (Delhi-NCR),Regional Truckload,612.72,445.6,2024-08-29,2024-08-30,1,Delayed,0,0
SHP-20242063,2024-07-01,SUP-03,Delta Electronics Hub,Tier 1,WH-DEL-01,North Hub (Delhi-NCR),Standard Rail Transport,166.83,177.54,2024-07-03,2024-07-03,0,On-Time,1,0
SHP-20242064,2025-06-05,SUP-08,Indus Logistics Fab,Tier 3,WH-MUM-02,West Port (Mumbai),Standard Rail Transport,587.73,443.07,2025-06-11,2025-06-12,1,Delayed,0,0
SHP-20242065,2024-06-16,SUP-03,Delta Electronics Hub,Tier 1,WH-DEL-01,North Hub (Delhi-NCR),Standard Rail Transport,113.46,167.66,2024-06-20,2024-06-20,0,On-Time,1,0
SHP-20242066,2025-05-25,SUP-05,Falcon Fasteners Corp,Tier 2,WH-BLR-03,South Central (Bengaluru),Standard Rail Transport,713.88,499.77,2025-05-29,2025-05-31,2,Delayed,0,0
SHP-20242067,2024-10-13,SUP-02,Bharat Heavy Forgings,Tier 1,WH-KOL-04,East Gateway (Kolkata),Priority Surface Cargo,710.77,864.17,2024-10-15,2024-10-17,2,Delayed,0,0
SHP-20242068,2025-10-05,SUP-02,Bharat Heavy Forgings,Tier 1,WH-BLR-03,South Central (Bengaluru),Priority Surface Cargo,703.95,823.13,2025-10-07,2025-10-07,0,On-Time,1,0
SHP-20242069,2024-03-28,SUP-08,Indus Logistics Fab,Tier 3,WH-KOL-04,East Gateway (Kolkata),Priority Surface Cargo,621.26,777.36,2024-04-03,2024-04-08,5,Delayed,0,0
SHP-20242070,2025-09-11,SUP-01,Apex Precision Components,Tier 1,WH-MUM-02,West Port (Mumbai),Regional Truckload,381.24,304.53,2025-09-17,2025-09-17,0,On-Time,1,0
SHP-20242071,2024-09-07,SUP-03,Delta Electronics Hub,Tier 1,WH-KOL-04,East Gateway (Kolkata),Standard Rail Transport,554.42,406.11,2024-09-13,2024-09-16,3,Delayed,0,0
SHP-20242072,2024-11-30,SUP-06,Global Polymer Solutions,Tier 2,WH-KOL-04,East Gateway (Kolkata),Regional Truckload,542.59,428.52,2024-12-06,2024-12-06,0,On-Time,1,0
SHP-20242073,2025-08-28,SUP-02,Bharat Heavy Forgings,Tier 1,WH-BLR-03,South Central (Bengaluru),Express Air Freight,61.03,160.32,2025-09-03,2025-09-05,2,Delayed,0,0
SHP-20242074,2025-03-20,SUP-04,Evergreen Raw Materials,Tier 2,WH-MUM-02,West Port (Mumbai),Regional Truckload,831.56,570.42,2025-03-24,2025-03-24,0,On-Time,1,0
SHP-20242075,2024-05-03,SUP-01,Apex Precision Components,Tier 1,WH-BLR-03,South Central (Bengaluru),Priority Surface Cargo,97.01,141.28,2024-05-06,2024-05-09,3,Delayed,0,0
SHP-20242076,2024-03-03,SUP-03,Delta Electronics Hub,Tier 1,WH-MUM-02,West Port (Mumbai),Express Air Freight,576.55,1093.57,2024-03-09,2024-03-09,0,On-Time,1,0
SHP-20242077,2025-01-05,SUP-07,Hind Cargo Aggregates,Tier 3,WH-DEL-01,North Hub (Delhi-NCR),Express Air Freight,407.85,784.07,2025-01-09,2025-01-10,1,Delayed,0,0
SHP-20242078,2024-01-20,SUP-08,Indus Logistics Fab,Tier 3,WH-BLR-03,South Central (Bengaluru),Regional Truckload,561.93,449.82,2024-01-25,2024-01-26,1,Delayed,0,0
SHP-20242079,2024-11-08,SUP-01,Apex Precision Components,Tier 1,WH-KOL-04,East Gateway (Kolkata),Regional Truckload,398.92,339.44,2024-11-14,2024-11-15,1,Delayed,0,0
SHP-20242080,2025-09-22,SUP-08,Indus Logistics Fab,Tier 3,WH-MUM-02,West Port (Mumbai),Priority Surface Cargo,623.54,776.77,2025-09-28,2025-09-28,0,On-Time,1,0
SHP-20242081,2025-07-27,SUP-01,Apex Precision Components,Tier 1,WH-DEL-01,North Hub (Delhi-NCR),Express Air Freight,540.31,1086.77,2025-08-02,2025-08-02,0,On-Time,1,0
SHP-20242082,2025-11-08,SUP-04,Evergreen Raw Materials,Tier 2,WH-MUM-02,West Port (Mumbai),Regional Truckload,336.51,277.46,2025-11-13,2025-11-13,0,on-time  ,1,0
SHP-20242083,2025-07-04,SUP-08,Indus Logistics Fab,Tier 3,WH-KOL-04,East Gateway (Kolkata),Priority Surface Cargo,665.48,821.71,2025-07-06,2025-07-07,1,Delayed,0,0
SHP-20242084,2024-06-16,SUP-01,Apex Precision Components,Tier 1,WH-BLR-03,South Central (Bengaluru),Standard Rail Transport,667.69,466.64,2024-06-22,2024-06-22,0,On-Time,1,0
SHP-20242085,2024-12-01,SUP-05,Falcon Fasteners Corp,Tier 2,WH-BLR-03,South Central (Bengaluru),Regional Truckload,200.86,176.5,2024-12-07,2024-12-12,5,Delayed,0,0
SHP-20242086,2025-11-04,SUP-06,Global Polymer Solutions,Tier 2,WH-MUM-02,West Port (Mumbai),Standard Rail Transport,547.07,450.23,2025-11-09,2025-11-09,0,On-Time,1,0
SHP-20242087,2025-07-12,SUP-08,Indus Logistics Fab,Tier 3,WH-BLR-03,South Central (Bengaluru),Regional Truckload,103.49,109.1,2025-07-16,2025-07-17,1,Delayed,0,0
SHP-20242088,2024-08-28,SUP-07,Hind Cargo Aggregates,Tier 3,WH-DEL-01,North Hub (Delhi-NCR),Priority Surface Cargo,193.04,286.55,2024-09-03,2024-09-09,6,Delayed,0,0
SHP-20242089,2024-04-26,SUP-06,Global Polymer Solutions,Tier 2,WH-MUM-02,West Port (Mumbai),Express Air Freight,733.36,1427.39,2024-05-01,2024-05-01,0,On-Time,1,0
SHP-20242090,2024-01-04,SUP-04,Evergreen Raw Materials,Tier 2,WH-KOL-04,East Gateway (Kolkata),Express Air Freight,538.66,1025.13,2024-01-09,2024-01-09,0,On-Time,1,0
SHP-20242091,2024-09-20,SUP-02,Bharat Heavy Forgings,Tier 1,WH-KOL-04,East Gateway (Kolkata),Standard Rail Transport,61.5,121.63,2024-09-24,2024-09-29,5,Delayed,0,0
SHP-20242092,2024-07-02,SUP-08,Indus Logistics Fab,Tier 3,WH-KOL-04,East Gateway (Kolkata),Regional Truckload,185.27,165.76,2024-07-04,2024-07-11,7,Delayed,0,0
SHP-20242093,2024-01-30,SUP-03,Delta Electronics Hub,Tier 1,WH-DEL-01,North Hub (Delhi-NCR),Priority Surface Cargo,226.13,287.68,2024-02-02,2024-02-02,0,On-Time,1,0
SHP-20242094,2024-04-25,SUP-08,Indus Logistics Fab,Tier 3,WH-MUM-02,West Port (Mumbai),Standard Rail Transport,356.93,305.92,2024-05-01,2024-05-01,0,On-Time,1,0
SHP-20242095,2024-12-03,SUP-06,Global Polymer Solutions,Tier 2,WH-DEL-01,North Hub (Delhi-NCR),Priority Surface Cargo,656.19,790.67,2024-12-08,2024-12-08,0,On-Time,1,0
SHP-20242096,2024-05-30,SUP-06,Global Polymer Solutions,Tier 2,WH-DEL-01,North Hub (Delhi-NCR),Regional Truckload,570.52,417.52,2024-06-01,2024-06-02,1,Delayed,0,0
SHP-20242097,2025-02-12,SUP-02,Bharat Heavy Forgings,Tier 1,WH-MUM-02,West Port (Mumbai),Priority Surface Cargo,136.4,183.4,2025-02-16,2025-02-18,2,Delayed,0,0
SHP-20242098,2025-07-26,SUP-07,Hind Cargo Aggregates,Tier 3,WH-BLR-03,South Central (Bengaluru),Express Air Freight,393.46,805.47,2025-07-30,2025-08-04,5,Delayed,0,0
SHP-20242099,2025-07-20,SUP-06,Global Polymer Solutions,Tier 2,WH-KOL-04,East Gateway (Kolkata),Priority Surface Cargo,526.7,645.58,2025-07-22,2025-07-28,6,Delayed,0,0
SHP-20242100,2024-10-31,SUP-02,Bharat Heavy Forgings,Tier 1,WH-DEL-01,North Hub (Delhi-NCR),Priority Surface Cargo,637.09,765.58,2024-11-02,2024-11-06,4,Delayed,0,0
SHP-20242101,2024-10-04,SUP-02,Bharat Heavy Forgings,Tier 1,WH-MUM-02,West Port (Mumbai),Regional Truckload,348.8,284.83,2024-10-06,2024-10-07,1,Delayed,0,0
SHP-20242102,2025-01-02,SUP-06,Global Polymer Solutions,Tier 2,WH-KOL-04,East Gateway (Kolkata),Regional Truckload,530.61,386.64,2025-01-04,2025-01-08,4,Delayed,0,0
SHP-20242103,2024-12-20,SUP-01,Apex Precision Components,Tier 1,WH-BLR-03,South Central (Bengaluru),Regional Truckload,606.72,474.02,2024-12-24,2024-12-24,0,On-Time,1,0
SHP-20242104,2024-11-19,SUP-03,Delta Electronics Hub,Tier 1,WH-KOL-04,East Gateway (Kolkata),Standard Rail Transport,245.77,224.86,2024-11-23,2024-11-25,2,Delayed,0,0
SHP-20242105,2024-11-01,SUP-01,Apex Precision Components,Tier 1,WH-BLR-03,South Central (Bengaluru),Express Air Freight,51.34,163.47,2024-11-05,2024-11-05,0,On-Time,1,0
SHP-20242106,2025-01-09,SUP-04,Evergreen Raw Materials,Tier 2,WH-BLR-03,South Central (Bengaluru),Priority Surface Cargo,432.02,561.4,2025-01-14,2025-01-17,3,Delayed,0,0
SHP-20242107,2024-08-13,SUP-01,Apex Precision Components,Tier 1,WH-KOL-04,East Gateway (Kolkata),Priority Surface Cargo,-666.86,814.52,2024-08-15,2024-08-16,1,Delayed,0,0
SHP-20242108,2024-01-27,SUP-07,Hind Cargo Aggregates,Tier 3,WH-BLR-03,South Central (Bengaluru),Express Air Freight,671.07,1327.34,2024-01-29,2024-02-01,3,Delayed,0,0
SHP-20242109,2024-11-16,SUP-08,Indus Logistics Fab,Tier 3,WH-MUM-02,West Port (Mumbai),Standard Rail Transport,370.83,335.26,2024-11-22,2024-11-22,0,On-Time,1,0
SHP-20242110,2025-10-18,SUP-02,Bharat Heavy Forgings,Tier 1,WH-KOL-04,East Gateway (Kolkata),Express Air Freight,682.24,1350.5,2025-10-23,2025-10-24,1,Delayed,0,0
SHP-20242111,2025-09-15,SUP-01,Apex Precision Components,Tier 1,WH-MUM-02,West Port (Mumbai),Regional Truckload,529.15,416.23,2025-09-19,2025-09-19,0,On-Time,1,0
SHP-20242112,2024-10-25,SUP-02,Bharat Heavy Forgings,Tier 1,WH-MUM-02,West Port (Mumbai),Standard Rail Transport,577.67,432.31,2024-10-28,2024-10-30,2,Delayed,0,0
SHP-20242113,2025-11-27,SUP-02,Bharat Heavy Forgings,Tier 1,WH-BLR-03,South Central (Bengaluru),Express Air Freight,824.89,1552.39,2025-11-30,2025-12-07,7,Delayed,0,0
SHP-20242114,2025-07-02,SUP-04,Evergreen Raw Materials,Tier 2,WH-KOL-04,East Gateway (Kolkata),Priority Surface Cargo,518.42,622.46,2025-07-06,2025-07-06,0,On-Time,1,0
SHP-20242115,2024-03-09,SUP-06,Global Polymer Solutions,Tier 2,WH-DEL-01,North Hub (Delhi-NCR),Regional Truckload,392.74,298.95,2024-03-13,2024-03-16,3,Delayed,0,0
SHP-20242116,2025-09-18,SUP-06,Global Polymer Solutions,Tier 2,WH-MUM-02,West Port (Mumbai),Regional Truckload,466.99,333.01,2025-09-22,2025-09-22,0,On-Time,1,0
SHP-20242117,2025-03-01,SUP-01,Apex Precision Components,Tier 1,WH-KOL-04,East Gateway (Kolkata),Express Air Freight,71.7,201.43,2025-03-04,2025-03-08,4,Delayed,0,0
SHP-20242118,2025-05-03,SUP-01,Apex Precision Components,Tier 1,WH-MUM-02,West Port (Mumbai),Standard Rail Transport,487.79,353.21,2025-05-08,2025-05-08,0,On-Time,1,0
SHP-20242119,2025-02-17,SUP-05,Falcon Fasteners Corp,Tier 2,WH-MUM-02,West Port (Mumbai),Standard Rail Transport,320.84,263.96,2025-02-23,2025-02-24,1,Delayed,0,0
SHP-20242120,2025-08-23,SUP-06,Global Polymer Solutions,Tier 2,WH-MUM-02,West Port (Mumbai),Priority Surface Cargo,410.24,538.44,2025-08-27,2025-08-27,0,On-Time,1,0
SHP-20242121,2025-07-28,SUP-05,Falcon Fasteners Corp,Tier 2,WH-MUM-02,West Port (Mumbai),Regional Truckload,121.69,120.35,2025-07-30,2025-08-01,2,Delayed,0,0
SHP-20242122,2024-01-13,SUP-02,Bharat Heavy Forgings,Tier 1,WH-DEL-01,North Hub (Delhi-NCR),Standard Rail Transport,411.01,346.45,2024-01-16,2024-01-16,0,On-Time,1,0
SHP-20242123,2025-08-28,SUP-05,Falcon Fasteners Corp,Tier 2,WH-KOL-04,East Gateway (Kolkata),Express Air Freight,135.62,321.81,2025-08-30,2025-08-30,0,On-Time,1,0
SHP-20242124,2025-08-10,SUP-07,Hind Cargo Aggregates,Tier 3,WH-BLR-03,South Central (Bengaluru),Priority Surface Cargo,343.66,465.54,2025-08-14,2025-08-18,4,Delayed,0,0
SHP-20242125,2025-04-27,SUP-02,Bharat Heavy Forgings,Tier 1,WH-DEL-01,North Hub (Delhi-NCR),Priority Surface Cargo,194.06,283.47,2025-04-30,2025-04-30,0,On-Time,1,1
SHP-20242126,2024-05-10,SUP-07,Hind Cargo Aggregates,Tier 3,WH-KOL-04,East Gateway (Kolkata),Standard Rail Transport,310.97,239.68,2024-05-13,2024-05-17,4,Delayed,0,0
SHP-20242127,2025-10-08,SUP-06,Global Polymer Solutions,Tier 2,WH-BLR-03,South Central (Bengaluru),Priority Surface Cargo,469.5,583.78,2025-10-13,2025-10-13,0,On-Time,1,0
SHP-20242128,2025-02-22,SUP-05,Falcon Fasteners Corp,Tier 2,WH-KOL-04,East Gateway (Kolkata),Regional Truckload,-348.21,300.11,2025-02-24,2025-02-26,2,Delayed,0,0
SHP-20242129,2025-10-06,SUP-04,Evergreen Raw Materials,Tier 2,WH-MUM-02,West Port (Mumbai),Priority Surface Cargo,805.77,949.81,2025-10-12,2025-10-17,5,Delayed,0,0
SHP-20242130,2025-04-16,SUP-07,Hind Cargo Aggregates,Tier 3,WH-MUM-02,West Port (Mumbai),Priority Surface Cargo,808.33,952.92,2025-04-19,2025-04-24,5,Delayed,0,0
SHP-20242131,2025-08-17,SUP-07,Hind Cargo Aggregates,Tier 3,WH-BLR-03,South Central (Bengaluru),Priority Surface Cargo,299.25,360.99,2025-08-20,2025-08-22,2,Delayed,0,0
SHP-20242132,2024-03-02,SUP-07,Hind Cargo Aggregates,Tier 3,WH-DEL-01,North Hub (Delhi-NCR),Express Air Freight,342.16,690.77,2024-03-06,2024-03-10,4,Delayed,0,0
SHP-20242133,2024-04-19,SUP-08,Indus Logistics Fab,Tier 3,WH-DEL-01,North Hub (Delhi-NCR),Priority Surface Cargo,699.89,844.52,2024-04-23,2024-04-23,0,On-Time,1,0
SHP-20242134,2025-05-01,SUP-06,Global Polymer Solutions,Tier 2,WH-BLR-03,South Central (Bengaluru),Express Air Freight,756.15,1446.28,2025-05-05,2025-05-08,3,Delayed,0,0
SHP-20242135,2024-03-20,SUP-01,Apex Precision Components,Tier 1,WH-MUM-02,West Port (Mumbai),Regional Truckload,653.65,492.06,2024-03-23,2024-03-23,0,On-Time,1,0
SHP-20242136,2024-11-08,SUP-07,Hind Cargo Aggregates,Tier 3,WH-DEL-01,North Hub (Delhi-NCR),Express Air Freight,32.02,85.21,2024-11-13,2024-11-14,1,Delayed,0,0
SHP-20242137,2025-11-13,SUP-01,Apex Precision Components,Tier 1,WH-BLR-03,South Central (Bengaluru),Priority Surface Cargo,429.92,519.83,2025-11-15,2025-11-15,0,On-Time,1,0
SHP-20242138,2024-09-28,SUP-08,Indus Logistics Fab,Tier 3,WH-KOL-04,East Gateway (Kolkata),Priority Surface Cargo,578.64,698.37,2024-10-03,2024-10-09,6,Delayed,0,0
SHP-20242139,2024-12-28,SUP-03,Delta Electronics Hub,Tier 1,WH-DEL-01,North Hub (Delhi-NCR),Regional Truckload,350.29,314.5,2025-01-02,2025-01-03,1,Delayed,0,0
SHP-20242140,2025-08-15,SUP-05,Falcon Fasteners Corp,Tier 2,WH-MUM-02,West Port (Mumbai),Express Air Freight,99.98,225.37,2025-08-20,2025-08-20,0,On-Time,1,0
SHP-20242141,2025-08-30,SUP-07,Hind Cargo Aggregates,Tier 3,WH-DEL-01,North Hub (Delhi-NCR),Regional Truckload,792.79,581.98,2025-09-05,2025-09-05,0,On-Time,1,0
SHP-20242142,2024-10-19,SUP-04,Evergreen Raw Materials,Tier 2,WH-BLR-03,South Central (Bengaluru),Regional Truckload,336.96,263.22,2024-10-24,2024-10-24,0,On-Time,1,0
SHP-20242143,2024-07-15,SUP-01,Apex Precision Components,Tier 1,WH-DEL-01,North Hub (Delhi-NCR),Standard Rail Transport,839.89,618.85,2024-07-19,2024-07-19,0,On-Time,1,0
SHP-20242144,2025-07-19,SUP-08,Indus Logistics Fab,Tier 3,WH-MUM-02,West Port (Mumbai),Standard Rail Transport,-625.0,483.56,2025-07-23,2025-07-23,0,On-Time,1,0
SHP-20242145,2025-05-15,SUP-06,Global Polymer Solutions,Tier 2,WH-MUM-02,West Port (Mumbai),Express Air Freight,83.85,206.32,2025-05-20,2025-05-20,0,On-Time,1,0
SHP-20242146,2024-05-03,SUP-03,Delta Electronics Hub,Tier 1,WH-KOL-04,East Gateway (Kolkata),Express Air Freight,301.56,642.63,2024-05-05,2024-05-05,0,on-time  ,1,0
SHP-20242147,2024-11-10,SUP-04,Evergreen Raw Materials,Tier 2,WH-DEL-01,North Hub (Delhi-NCR),Priority Surface Cargo,658.08,785.38,2024-11-13,2024-11-13,0,On-Time,1,0
SHP-20242148,2024-12-12,SUP-04,Evergreen Raw Materials,Tier 2,WH-MUM-02,West Port (Mumbai),Express Air Freight,755.23,1456.92,2024-12-14,2024-12-14,0,On-Time,1,0
SHP-20242149,2024-05-27,SUP-06,Global Polymer Solutions,Tier 2,WH-BLR-03,South Central (Bengaluru),Express Air Freight,198.78,446.61,2024-05-30,2024-05-30,0,On-Time,1,0
SHP-20242150,2024-06-01,SUP-07,Hind Cargo Aggregates,Tier 3,WH-BLR-03,South Central (Bengaluru),Regional Truckload,540.68,402.36,2024-06-04,2024-06-04,0,On-Time,1,0
SHP-20242151,2024-09-29,SUP-06,Global Polymer Solutions,Tier 2,WH-DEL-01,North Hub (Delhi-NCR),Regional Truckload,579.56,406.06,2024-10-04,2024-10-04,0,On-Time,1,1
SHP-20242152,2025-10-09,SUP-04,Evergreen Raw Materials,Tier 2,WH-MUM-02,West Port (Mumbai),Regional Truckload,292.03,263.8,2025-10-12,2025-10-15,3,Delayed,0,0
SHP-20242153,2025-07-28,SUP-02,Bharat Heavy Forgings,Tier 1,WH-BLR-03,South Central (Bengaluru),Priority Surface Cargo,774.95,931.39,2025-08-03,2025-08-04,1,Delayed,0,0
SHP-20242154,2024-12-21,SUP-07,Hind Cargo Aggregates,Tier 3,WH-BLR-03,South Central (Bengaluru),Priority Surface Cargo,727.91,842.31,2024-12-26,2024-12-29,3,Delayed,0,0
SHP-20242155,2025-02-26,SUP-08,Indus Logistics Fab,Tier 3,WH-KOL-04,East Gateway (Kolkata),Express Air Freight,497.07,1000.24,2025-03-02,2025-03-11,9,Delayed,0,0
SHP-20242156,2025-09-29,SUP-04,Evergreen Raw Materials,Tier 2,WH-DEL-01,North Hub (Delhi-NCR),Standard Rail Transport,824.35,570.12,2025-10-01,2025-10-03,2,Delayed,0,0
SHP-20242157,2024-05-29,SUP-02,Bharat Heavy Forgings,Tier 1,WH-BLR-03,South Central (Bengaluru),Standard Rail Transport,762.13,547.05,2024-06-01,2024-06-01,0,On-Time,1,0
SHP-20242158,2024-07-04,SUP-03,Delta Electronics Hub,Tier 1,WH-BLR-03,South Central (Bengaluru),Priority Surface Cargo,276.66,380.19,2024-07-09,2024-07-09,0,On-Time,1,0
SHP-20242159,2025-03-06,SUP-05,Falcon Fasteners Corp,Tier 2,WH-KOL-04,East Gateway (Kolkata),Regional Truckload,359.21,266.13,2025-03-10,2025-03-16,6,Delayed,0,0
SHP-20242160,2025-10-18,SUP-07,Hind Cargo Aggregates,Tier 3,WH-BLR-03,South Central (Bengaluru),Standard Rail Transport,351.95,286.93,2025-10-24,2025-10-25,1,Delayed,0,0
SHP-20242161,2024-10-25,SUP-01,Apex Precision Components,Tier 1,WH-BLR-03,South Central (Bengaluru),Standard Rail Transport,334.51,260.24,2024-10-27,2024-11-02,6,Delayed,0,0
SHP-20242162,2024-05-24,SUP-01,Apex Precision Components,Tier 1,WH-DEL-01,North Hub (Delhi-NCR),Regional Truckload,815.95,574.63,2024-05-29,2024-05-29,0,On-Time,1,0
SHP-20242163,2024-04-12,SUP-03,Delta Electronics Hub,Tier 1,WH-BLR-03,South Central (Bengaluru),Regional Truckload,365.8,273.22,2024-04-18,2024-04-18,0,On-Time,1,0
SHP-20242164,2024-01-27,SUP-02,Bharat Heavy Forgings,Tier 1,WH-BLR-03,South Central (Bengaluru),Express Air Freight,37.7,149.32,2024-02-01,2024-02-01,0,On-Time,1,0
SHP-20242165,2025-10-03,SUP-03,Delta Electronics Hub,Tier 1,WH-KOL-04,East Gateway (Kolkata),Standard Rail Transport,111.8,122.08,2025-10-07,2025-10-12,5,Delayed,0,0
SHP-20242166,2024-12-22,SUP-05,Falcon Fasteners Corp,Tier 2,WH-DEL-01,North Hub (Delhi-NCR),Standard Rail Transport,625.99,472.4,2024-12-27,2025-01-02,6,Delayed,0,0
SHP-20242167,2025-07-23,SUP-05,Falcon Fasteners Corp,Tier 2,WH-MUM-02,West Port (Mumbai),Priority Surface Cargo,200.29,266.72,2025-07-26,2025-07-26,0,On-Time,1,0
SHP-20242168,2025-08-13,SUP-06,Global Polymer Solutions,Tier 2,WH-KOL-04,East Gateway (Kolkata),Regional Truckload,692.79,503.73,2025-08-18,2025-08-23,5,Delayed,0,0
SHP-20242169,2024-04-16,SUP-04,Evergreen Raw Materials,Tier 2,WH-DEL-01,North Hub (Delhi-NCR),Priority Surface Cargo,444.23,554.14,2024-04-20,2024-04-26,6,Delayed,0,0
SHP-20242170,2025-03-25,SUP-08,Indus Logistics Fab,Tier 3,WH-DEL-01,North Hub (Delhi-NCR),Priority Surface Cargo,306.08,369.8,2025-03-30,2025-04-02,3,Delayed,0,0
SHP-20242171,2024-10-23,SUP-03,Delta Electronics Hub,Tier 1,WH-KOL-04,East Gateway (Kolkata),Priority Surface Cargo,775.25,936.08,2024-10-29,2024-10-31,2,Delayed,0,0
SHP-20242172,2025-09-25,SUP-01,Apex Precision Components,Tier 1,WH-KOL-04,East Gateway (Kolkata),Standard Rail Transport,656.63,501.08,2025-10-01,2025-10-04,3,Delayed,0,0
SHP-20242173,2024-03-18,SUP-04,Evergreen Raw Materials,Tier 2,WH-BLR-03,South Central (Bengaluru),Priority Surface Cargo,93.52,160.8,2024-03-22,2024-03-23,1,Delayed,0,0
SHP-20242174,2025-05-07,SUP-07,Hind Cargo Aggregates,Tier 3,WH-KOL-04,East Gateway (Kolkata),Standard Rail Transport,587.34,459.1,2025-05-11,2025-05-15,4,Delayed,0,0
SHP-20242175,2024-07-21,SUP-01,Apex Precision Components,Tier 1,WH-KOL-04,East Gateway (Kolkata),Express Air Freight,691.51,1324.35,2024-07-25,2024-08-04,10,Delayed,0,0
SHP-20242176,2024-03-12,SUP-07,Hind Cargo Aggregates,Tier 3,WH-KOL-04,East Gateway (Kolkata),Regional Truckload,150.92,185.97,2024-03-16,2024-03-19,3,Delayed,0,0
SHP-20242177,2025-08-30,SUP-06,Global Polymer Solutions,Tier 2,WH-MUM-02,West Port (Mumbai),Regional Truckload,636.05,496.01,2025-09-04,2025-09-04,0,On-Time,1,0
SHP-20242178,2025-11-06,SUP-05,Falcon Fasteners Corp,Tier 2,WH-KOL-04,East Gateway (Kolkata),Priority Surface Cargo,844.86,1000.85,2025-11-09,2025-11-09,0,On-Time,1,0
SHP-20242179,2025-06-20,SUP-02,Bharat Heavy Forgings,Tier 1,WH-KOL-04,East Gateway (Kolkata),Regional Truckload,-729.25,540.98,2025-06-23,2025-06-29,6,Delayed,0,0
SHP-20242180,2024-08-01,SUP-04,Evergreen Raw Materials,Tier 2,WH-KOL-04,East Gateway (Kolkata),Standard Rail Transport,756.65,570.33,2024-08-05,2024-08-07,2,Delayed,0,0
SHP-20242181,2025-11-08,SUP-05,Falcon Fasteners Corp,Tier 2,WH-KOL-04,East Gateway (Kolkata),Express Air Freight,475.88,956.93,2025-11-10,2025-11-10,0,On-Time,1,0
SHP-20242182,2024-03-05,SUP-08,Indus Logistics Fab,Tier 3,WH-MUM-02,West Port (Mumbai),Regional Truckload,452.48,388.42,2024-03-09,2024-03-14,5,Delayed,0,0
SHP-20242183,2025-07-02,SUP-08,Indus Logistics Fab,Tier 3,WH-KOL-04,East Gateway (Kolkata),Standard Rail Transport,309.08,242.69,2025-07-05,2025-07-06,1,Delayed,0,0
SHP-20242184,2025-08-25,SUP-01,Apex Precision Components,Tier 1,WH-BLR-03,South Central (Bengaluru),Standard Rail Transport,659.18,493.62,2025-08-30,2025-08-31,1,Delayed,0,0
SHP-20242185,2025-02-28,SUP-08,Indus Logistics Fab,Tier 3,WH-DEL-01,North Hub (Delhi-NCR),Express Air Freight,454.66,908.86,2025-03-05,2025-03-05,0,On-Time,1,0
SHP-20242186,2025-12-15,SUP-04,Evergreen Raw Materials,Tier 2,WH-MUM-02,West Port (Mumbai),Regional Truckload,202.72,196.89,2025-12-19,2025-12-20,1,Delayed,0,0
SHP-20242187,2025-11-03,SUP-04,Evergreen Raw Materials,Tier 2,WH-DEL-01,North Hub (Delhi-NCR),Regional Truckload,191.5,207.79,2025-11-08,2025-11-08,0,On-Time,1,0
SHP-20242188,2025-04-03,SUP-08,Indus Logistics Fab,Tier 3,WH-MUM-02,West Port (Mumbai),Standard Rail Transport,795.04,562.54,2025-04-07,2025-04-12,5,Delayed,0,0
SHP-20242189,2024-06-09,SUP-08,Indus Logistics Fab,Tier 3,WH-BLR-03,South Central (Bengaluru),Regional Truckload,841.14,581.56,2024-06-15,2024-06-20,5,Delayed,0,0
SHP-20242190,2024-12-02,SUP-01,Apex Precision Components,Tier 1,WH-BLR-03,South Central (Bengaluru),Priority Surface Cargo,-169.58,241.26,2024-12-08,2024-12-08,0,On-Time,1,0
SHP-20242191,2024-03-16,SUP-06,Global Polymer Solutions,Tier 2,WH-MUM-02,West Port (Mumbai),Priority Surface Cargo,827.77,969.95,2024-03-19,2024-03-19,0,On-Time,1,0
SHP-20242192,2025-08-26,SUP-02,Bharat Heavy Forgings,Tier 1,WH-KOL-04,East Gateway (Kolkata),Express Air Freight,552.17,1086.48,2025-08-28,2025-08-30,2,Delayed,0,0
SHP-20242193,2024-03-09,SUP-01,Apex Precision Components,Tier 1,WH-BLR-03,South Central (Bengaluru),Priority Surface Cargo,547.1,689.28,2024-03-15,2024-03-18,3,Delayed,0,0
SHP-20242194,2024-09-10,SUP-03,Delta Electronics Hub,Tier 1,WH-MUM-02,West Port (Mumbai),Priority Surface Cargo,190.67,259.97,2024-09-12,2024-09-12,0,On-Time,1,0
SHP-20242195,2025-12-11,SUP-01,Apex Precision Components,Tier 1,WH-KOL-04,East Gateway (Kolkata),Standard Rail Transport,721.58,523.8,17/12/2025,2025-12-19,2,Delayed,0,0
SHP-20242196,2025-08-22,SUP-07,Hind Cargo Aggregates,Tier 3,WH-DEL-01,North Hub (Delhi-NCR),Standard Rail Transport,671.69,490.28,2025-08-27,2025-08-29,2,Delayed,0,0
SHP-20242197,2024-04-14,SUP-06,Global Polymer Solutions,Tier 2,WH-KOL-04,East Gateway (Kolkata),Priority Surface Cargo,641.96,752.93,2024-04-19,2024-04-24,5,Delayed,0,0
SHP-20242198,2024-10-04,SUP-05,Falcon Fasteners Corp,Tier 2,WH-BLR-03,South Central (Bengaluru),Regional Truckload,551.49,385.85,2024-10-10,2024-10-10,0,On-Time,1,0
SHP-20242199,2024-07-14,SUP-02,Bharat Heavy Forgings,Tier 1,WH-DEL-01,North Hub (Delhi-NCR),Express Air Freight,468.44,961.31,2024-07-17,2024-07-17,0,On-Time,1,0
SHP-20242200,2025-08-03,SUP-04,Evergreen Raw Materials,Tier 2,WH-BLR-03,South Central (Bengaluru),Standard Rail Transport,715.78,506.08,2025-08-07,2025-08-07,0,On-Time,1,0
SHP-20242201,2025-03-28,SUP-03,Delta Electronics Hub,Tier 1,WH-KOL-04,East Gateway (Kolkata),Standard Rail Transport,134.05,122.06,2025-04-03,2025-04-06,3,Delayed,0,0
SHP-20242202,2024-06-25,SUP-03,Delta Electronics Hub,Tier 1,WH-DEL-01,North Hub (Delhi-NCR),Standard Rail Transport,795.32,549.88,2024-06-29,2024-06-29,0,On-Time,1,0
SHP-20242203,2024-10-06,SUP-08,Indus Logistics Fab,Tier 3,WH-DEL-01,North Hub (Delhi-NCR),Standard Rail Transport,370.2,313.61,2024-10-08,2024-10-10,2,Delayed,0,0
SHP-20242204,2025-06-09,SUP-02,Bharat Heavy Forgings,Tier 1,WH-BLR-03,South Central (Bengaluru),Standard Rail Transport,134.81,125.49,2025-06-15,2025-06-18,3,Delayed,0,0
SHP-20242205,2025-04-08,SUP-08,Indus Logistics Fab,Tier 3,WH-DEL-01,North Hub (Delhi-NCR),Regional Truckload,233.85,196.99,2025-04-13,2025-04-14,1,Delayed,0,0
SHP-20242206,2025-08-10,SUP-04,Evergreen Raw Materials,Tier 2,WH-BLR-03,South Central (Bengaluru),Standard Rail Transport,581.17,407.42,2025-08-13,2025-08-14,1,Delayed,0,0
SHP-20242207,2025-07-02,SUP-06,Global Polymer Solutions,Tier 2,WH-BLR-03,South Central (Bengaluru),Express Air Freight,180.65,370.42,2025-07-04,2025-07-04,0,On-Time,1,0
SHP-20242208,2024-05-16,SUP-03,Delta Electronics Hub,Tier 1,WH-BLR-03,South Central (Bengaluru),Express Air Freight,61.0,195.12,2024-05-19,2024-05-22,3,Delayed,0,0
SHP-20242209,2024-03-11,SUP-07,Hind Cargo Aggregates,Tier 3,WH-KOL-04,East Gateway (Kolkata),Express Air Freight,-465.92,925.89,2024-03-15,2024-03-17,2,Delayed,0,0
SHP-20242210,2024-06-21,SUP-05,Falcon Fasteners Corp,Tier 2,WH-DEL-01,North Hub (Delhi-NCR),Express Air Freight,135.05,299.98,2024-06-25,2024-06-27,2,Delayed,0,0
SHP-20242211,2025-09-30,SUP-02,Bharat Heavy Forgings,Tier 1,WH-MUM-02,West Port (Mumbai),Express Air Freight,302.92,604.33,2025-10-03,2025-10-03,0,On-Time,1,0
SHP-20242212,2024-04-02,SUP-03,Delta Electronics Hub,Tier 1,WH-KOL-04,East Gateway (Kolkata),Regional Truckload,689.34,481.14,2024-04-05,2024-04-05,0,On-Time,1,0
SHP-20242213,2025-03-04,SUP-08,Indus Logistics Fab,Tier 3,WH-KOL-04,East Gateway (Kolkata),Express Air Freight,423.74,847.04,2025-03-06,2025-03-10,4,Delayed,0,0
SHP-20242214,2025-06-28,SUP-07,Hind Cargo Aggregates,Tier 3,WH-BLR-03,South Central (Bengaluru),Standard Rail Transport,221.92,199.74,2025-07-04,2025-07-05,1,Delayed,0,0
SHP-20242215,2025-01-07,SUP-07,Hind Cargo Aggregates,Tier 3,WH-KOL-04,East Gateway (Kolkata),Express Air Freight,840.53,1593.22,2025-01-13,2025-01-18,5,Delayed,0,0
SHP-20242216,2024-11-07,SUP-02,Bharat Heavy Forgings,Tier 1,WH-KOL-04,East Gateway (Kolkata),Regional Truckload,787.41,538.99,2024-11-11,2024-11-20,9,Delayed,0,0
SHP-20242217,2025-04-03,SUP-02,Bharat Heavy Forgings,Tier 1,WH-MUM-02,West Port (Mumbai),Express Air Freight,508.01,983.28,2025-04-05,2025-04-05,0,On-Time,1,0
SHP-20242218,2025-10-10,SUP-01,Apex Precision Components,Tier 1,WH-KOL-04,East Gateway (Kolkata),Priority Surface Cargo,584.59,711.37,2025-10-14,2025-10-14,0,On-Time,1,0
SHP-20242219,2025-04-17,SUP-06,Global Polymer Solutions,Tier 2,WH-KOL-04,East Gateway (Kolkata),Standard Rail Transport,514.76,428.65,2025-04-21,2025-04-21,0,On-Time,1,0
SHP-20242220,2024-10-18,SUP-03,Delta Electronics Hub,Tier 1,WH-MUM-02,West Port (Mumbai),Standard Rail Transport,816.73,575.97,2024-10-24,2024-10-24,0,On-Time,1,0
SHP-20242221,2025-05-05,SUP-04,Evergreen Raw Materials,Tier 2,WH-BLR-03,South Central (Bengaluru),Priority Surface Cargo,99.73,203.17,2025-05-11,2025-05-13,2,Delayed,0,0
SHP-20242222,2024-11-12,SUP-08,Indus Logistics Fab,Tier 3,WH-DEL-01,North Hub (Delhi-NCR),Express Air Freight,765.64,1471.29,2024-11-15,2024-11-21,6,Delayed,0,0
SHP-20242223,2025-03-17,SUP-01,Apex Precision Components,Tier 1,WH-MUM-02,West Port (Mumbai),Express Air Freight,483.06,938.99,2025-03-21,2025-03-22,1,Delayed,0,0
SHP-20242224,2024-01-04,SUP-04,Evergreen Raw Materials,Tier 2,WH-MUM-02,West Port (Mumbai),Priority Surface Cargo,59.48,120.37,2024-01-07,2024-01-07,0,On-Time,1,0
SHP-20242225,2025-09-08,SUP-06,Global Polymer Solutions,Tier 2,WH-MUM-02,West Port (Mumbai),Regional Truckload,564.33,413.89,2025-09-11,2025-09-11,0,On-Time,1,0
SHP-20242226,2024-01-16,SUP-05,Falcon Fasteners Corp,Tier 2,WH-BLR-03,South Central (Bengaluru),Express Air Freight,512.1,1002.72,2024-01-19,2024-01-23,4,Delayed,0,0
SHP-20242227,2024-08-02,SUP-05,Falcon Fasteners Corp,Tier 2,WH-KOL-04,East Gateway (Kolkata),Regional Truckload,154.75,182.84,2024-08-05,2024-08-09,4,Delayed,0,1
SHP-20242228,2024-04-27,SUP-07,Hind Cargo Aggregates,Tier 3,WH-DEL-01,North Hub (Delhi-NCR),Priority Surface Cargo,779.23,943.46,2024-04-30,2024-05-02,2,Delayed,0,0
SHP-20242229,2024-06-01,SUP-04,Evergreen Raw Materials,Tier 2,WH-BLR-03,South Central (Bengaluru),Priority Surface Cargo,73.33,132.73,2024-06-06,2024-06-06,0,On-Time,1,0
SHP-20242230,2024-04-27,SUP-07,Hind Cargo Aggregates,Tier 3,WH-KOL-04,East Gateway (Kolkata),Standard Rail Transport,714.88,535.56,2024-05-01,2024-05-05,4,Delayed,0,0
SHP-20242231,2025-01-20,SUP-04,Evergreen Raw Materials,Tier 2,WH-BLR-03,South Central (Bengaluru),Regional Truckload,199.1,163.65,2025-01-23,2025-01-24,1,Delayed,0,1
SHP-20242232,2025-03-07,SUP-01,Apex Precision Components,Tier 1,WH-MUM-02,West Port (Mumbai),Express Air Freight,197.53,441.59,2025-03-09,2025-03-09,0,On-Time,1,0
SHP-20242233,2025-03-18,SUP-07,Hind Cargo Aggregates,Tier 3,WH-DEL-01,North Hub (Delhi-NCR),Priority Surface Cargo,796.78,955.21,2025-03-23,2025-03-24,1,Delayed,0,1
SHP-20242234,2025-02-03,SUP-05,Falcon Fasteners Corp,Tier 2,WH-DEL-01,North Hub (Delhi-NCR),Standard Rail Transport,396.45,306.07,2025-02-06,2025-02-06,0,On-Time,1,0
SHP-20242235,2025-05-04,SUP-03,Delta Electronics Hub,Tier 1,WH-BLR-03,South Central (Bengaluru),Regional Truckload,472.52,361.64,2025-05-10,2025-05-10,0,On-Time,1,0
SHP-20242236,2025-09-10,SUP-06,Global Polymer Solutions,Tier 2,WH-DEL-01,North Hub (Delhi-NCR),Express Air Freight,587.05,1149.29,2025-09-15,2025-09-15,0,On-Time,1,0
SHP-20242237,2025-05-09,SUP-01,Apex Precision Components,Tier 1,WH-KOL-04,East Gateway (Kolkata),Express Air Freight,175.38,363.5,2025-05-13,2025-05-21,8,Delayed,0,0
SHP-20242238,2024-03-12,SUP-02,Bharat Heavy Forgings,Tier 1,WH-KOL-04,East Gateway (Kolkata),Priority Surface Cargo,536.21,684.07,2024-03-17,2024-03-17,0,On-Time,1,0
SHP-20242239,2025-06-09,SUP-02,Bharat Heavy Forgings,Tier 1,WH-BLR-03,South Central (Bengaluru),Standard Rail Transport,823.52,613.72,2025-06-11,2025-06-11,0,On-Time,1,0
SHP-20242240,2024-07-23,SUP-06,Global Polymer Solutions,Tier 2,WH-MUM-02,West Port (Mumbai),Standard Rail Transport,84.69,133.41,2024-07-29,2024-07-30,1,Delayed,0,0
SHP-20242241,2025-01-05,SUP-02,Bharat Heavy Forgings,Tier 1,WH-KOL-04,East Gateway (Kolkata),Standard Rail Transport,76.86,102.43,2025-01-07,2025-01-14,7,Delayed,0,0
SHP-20242242,2025-10-15,SUP-07,Hind Cargo Aggregates,Tier 3,WH-KOL-04,East Gateway (Kolkata),Regional Truckload,173.1,142.22,2025-10-19,2025-10-21,2,Delayed,0,0
SHP-20242243,2024-04-14,SUP-01,Apex Precision Components,Tier 1,WH-KOL-04,East Gateway (Kolkata),Express Air Freight,432.88,832.54,2024-04-17,2024-04-23,6,Delayed,0,0
SHP-20242244,2025-11-10,SUP-06,Global Polymer Solutions,Tier 2,WH-DEL-01,North Hub (Delhi-NCR),Regional Truckload,673.13,513.4,2025-11-12,2025-11-19,7,Delayed,0,0
SHP-20242245,2025-03-05,SUP-07,Hind Cargo Aggregates,Tier 3,WH-BLR-03,South Central (Bengaluru),Priority Surface Cargo,415.2,529.59,2025-03-10,2025-03-10,0,On-Time,1,0
SHP-20242246,2024-08-08,SUP-05,Falcon Fasteners Corp,Tier 2,WH-MUM-02,West Port (Mumbai),Express Air Freight,275.98,570.35,2024-08-10,2024-08-10,0,On-Time,1,0
SHP-20242247,2024-08-15,SUP-05,Falcon Fasteners Corp,Tier 2,WH-KOL-04,East Gateway (Kolkata),Express Air Freight,679.41,1307.9,2024-08-20,2024-08-20,0,On-Time,1,0
SHP-20242248,2024-04-30,SUP-07,Hind Cargo Aggregates,Tier 3,WH-DEL-01,North Hub (Delhi-NCR),Standard Rail Transport,616.39,461.41,2024-05-03,2024-05-03,0,On-Time,1,0
SHP-20242249,2024-10-22,SUP-01,Apex Precision Components,Tier 1,WH-KOL-04,East Gateway (Kolkata),Express Air Freight,647.13,1283.48,2024-10-26,2024-10-28,2,Delayed,0,0
SHP-20242250,2024-10-24,SUP-08,Indus Logistics Fab,Tier 3,WH-MUM-02,West Port (Mumbai),Standard Rail Transport,685.41,533.36,2024-10-30,2024-10-30,0,On-Time,1,0
SHP-20242251,2025-04-22,SUP-03,Delta Electronics Hub,Tier 1,WH-KOL-04,East Gateway (Kolkata),Regional Truckload,574.5,467.24,2025-04-28,2025-04-29,1,Delayed,0,0
SHP-20242252,2024-12-10,SUP-03,Delta Electronics Hub,Tier 1,WH-KOL-04,East Gateway (Kolkata),Regional Truckload,465.46,392.52,2024-12-14,2024-12-20,6,Delayed,0,0
SHP-20242253,2024-12-30,SUP-02,Bharat Heavy Forgings,Tier 1,WH-BLR-03,South Central (Bengaluru),Priority Surface Cargo,708.22,858.02,2025-01-03,2025-01-03,0,On-Time,1,0
SHP-20242254,2025-06-02,SUP-05,Falcon Fasteners Corp,Tier 2,WH-MUM-02,West Port (Mumbai),Regional Truckload,104.69,140.13,2025-06-08,2025-06-12,4,Delayed,0,1
SHP-20242255,2024-10-20,SUP-03,Delta Electronics Hub,Tier 1,WH-MUM-02,West Port (Mumbai),Standard Rail Transport,844.98,595.2,2024-10-25,2024-10-27,2,Delayed,0,0
SHP-20242256,2024-08-18,SUP-07,Hind Cargo Aggregates,Tier 3,WH-KOL-04,East Gateway (Kolkata),Regional Truckload,633.79,480.77,2024-08-23,2024-08-25,2,Delayed,0,0
SHP-20242257,2025-08-23,SUP-06,Global Polymer Solutions,Tier 2,WH-DEL-01,North Hub (Delhi-NCR),Express Air Freight,62.86,180.86,2025-08-25,2025-08-25,0,On-Time,1,0
SHP-20242258,2024-09-27,SUP-01,Apex Precision Components,Tier 1,WH-KOL-04,East Gateway (Kolkata),Priority Surface Cargo,627.87,721.84,2024-10-02,2024-10-06,4,Delayed,0,0
SHP-20242259,2024-04-17,SUP-04,Evergreen Raw Materials,Tier 2,WH-DEL-01,North Hub (Delhi-NCR),Priority Surface Cargo,297.36,377.83,2024-04-19,2024-04-19,0,On-Time,1,0
SHP-20242260,2025-09-13,SUP-04,Evergreen Raw Materials,Tier 2,WH-DEL-01,North Hub (Delhi-NCR),Regional Truckload,98.43,96.17,2025-09-18,2025-09-18,0,On-Time,1,0
SHP-20242261,2025-02-21,SUP-03,Delta Electronics Hub,Tier 1,WH-MUM-02,West Port (Mumbai),Standard Rail Transport,172.32,173.71,2025-02-27,2025-02-27,0,On-Time,1,0
SHP-20242262,2024-12-25,SUP-02,Bharat Heavy Forgings,Tier 1,WH-MUM-02,West Port (Mumbai),Standard Rail Transport,242.95,202.12,2024-12-29,2024-12-29,0,On-Time,1,0
SHP-20242263,2024-04-15,SUP-04,Evergreen Raw Materials,Tier 2,WH-MUM-02,West Port (Mumbai),Standard Rail Transport,706.8,504.28,2024-04-19,2024-04-19,0,On-Time,1,0
SHP-20242264,2024-02-16,SUP-05,Falcon Fasteners Corp,Tier 2,WH-DEL-01,North Hub (Delhi-NCR),Regional Truckload,47.31,101.94,2024-02-18,2024-02-20,2,Delayed,0,0
SHP-20242265,2024-08-12,SUP-04,Evergreen Raw Materials,Tier 2,WH-KOL-04,East Gateway (Kolkata),Regional Truckload,372.03,301.32,2024-08-17,2024-08-18,1,Delayed,0,0
SHP-20242266,2024-09-27,SUP-04,Evergreen Raw Materials,Tier 2,WH-KOL-04,East Gateway (Kolkata),Standard Rail Transport,31.23,97.76,2024-10-02,2024-10-02,0,On-Time,1,0
SHP-20242267,2024-02-14,SUP-07,Hind Cargo Aggregates,Tier 3,WH-BLR-03,South Central (Bengaluru),Standard Rail Transport,477.08,373.15,2024-02-17,2024-02-18,1,Delayed,0,0
SHP-20242268,2024-01-17,SUP-03,Delta Electronics Hub,Tier 1,WH-BLR-03,South Central (Bengaluru),Express Air Freight,775.92,1511.95,2024-01-22,2024-01-22,0,On-Time,1,0
SHP-20242269,2025-06-28,SUP-07,Hind Cargo Aggregates,Tier 3,WH-BLR-03,South Central (Bengaluru),Regional Truckload,230.14,188.72,2025-07-02,2025-07-05,3,Delayed,0,0
SHP-20242270,2024-10-10,SUP-05,Falcon Fasteners Corp,Tier 2,WH-MUM-02,West Port (Mumbai),Priority Surface Cargo,522.19,646.48,2024-10-12,2024-10-17,5,Delayed,0,0
SHP-20242271,2024-09-04,SUP-06,Global Polymer Solutions,Tier 2,WH-DEL-01,North Hub (Delhi-NCR),Standard Rail Transport,816.8,563.38,2024-09-06,2024-09-06,0,On-Time,1,0
SHP-20242272,2024-01-23,SUP-07,Hind Cargo Aggregates,Tier 3,WH-KOL-04,East Gateway (Kolkata),Express Air Freight,739.42,1431.59,2024-01-28,2024-01-31,3,Delayed,0,0
SHP-20242273,2025-07-21,SUP-06,Global Polymer Solutions,Tier 2,WH-MUM-02,West Port (Mumbai),Express Air Freight,136.12,296.19,2025-07-26,2025-07-26,0,On-Time,1,0
SHP-20242274,2024-01-01,SUP-04,Evergreen Raw Materials,Tier 2,WH-MUM-02,West Port (Mumbai),Standard Rail Transport,445.89,370.55,2024-01-03,2024-01-04,1,Delayed,0,0
SHP-20242275,2024-06-26,SUP-01,Apex Precision Components,Tier 1,WH-KOL-04,East Gateway (Kolkata),Express Air Freight,386.93,798.62,2024-07-01,2024-07-08,7,delayed  ,0,0
SHP-20242276,2025-11-29,SUP-04,Evergreen Raw Materials,Tier 2,WH-DEL-01,North Hub (Delhi-NCR),Standard Rail Transport,518.57,396.68,2025-12-03,2025-12-04,1,Delayed,0,0
SHP-20242277,2024-06-30,SUP-01,Apex Precision Components,Tier 1,WH-KOL-04,East Gateway (Kolkata),Priority Surface Cargo,360.2,485.07,2024-07-03,2024-07-03,0,On-Time,1,0
SHP-20242278,2025-06-23,SUP-08,Indus Logistics Fab,Tier 3,WH-MUM-02,West Port (Mumbai),Express Air Freight,269.77,581.2,2025-06-28,2025-06-28,0,On-Time,1,0
SHP-20242279,2025-05-22,SUP-08,Indus Logistics Fab,Tier 3,WH-MUM-02,West Port (Mumbai),Express Air Freight,769.44,1461.27,2025-05-28,2025-05-28,0,On-Time,1,0
SHP-20242280,2024-08-16,SUP-05,Falcon Fasteners Corp,Tier 2,WH-KOL-04,East Gateway (Kolkata),Priority Surface Cargo,337.42,457.92,2024-08-21,2024-08-23,2,Delayed,0,0
SHP-20242281,2025-05-11,SUP-08,Indus Logistics Fab,Tier 3,WH-DEL-01,North Hub (Delhi-NCR),Regional Truckload,83.21,83.24,2025-05-14,2025-05-20,6,Delayed,0,0
SHP-20242282,2024-09-05,SUP-04,Evergreen Raw Materials,Tier 2,WH-KOL-04,East Gateway (Kolkata),Standard Rail Transport,836.63,590.14,2024-09-07,2024-09-11,4,Delayed,0,0
SHP-20242283,2024-03-01,SUP-07,Hind Cargo Aggregates,Tier 3,WH-KOL-04,East Gateway (Kolkata),Priority Surface Cargo,534.76,631.65,2024-03-03,2024-03-05,2,Delayed,0,0
SHP-20242284,2024-02-14,SUP-01,Apex Precision Components,Tier 1,WH-MUM-02,West Port (Mumbai),Priority Surface Cargo,331.88,396.77,18/02/2024,2024-02-18,0,On-Time,1,0
SHP-20242285,2025-01-19,SUP-04,Evergreen Raw Materials,Tier 2,WH-DEL-01,North Hub (Delhi-NCR),Express Air Freight,81.21,210.83,2025-01-24,2025-01-26,2,Delayed,0,0
SHP-20242286,2024-08-28,SUP-07,Hind Cargo Aggregates,Tier 3,WH-BLR-03,South Central (Bengaluru),Standard Rail Transport,715.99,523.3,2024-09-01,2024-09-02,1,Delayed,0,0
SHP-20242287,2024-07-04,SUP-08,Indus Logistics Fab,Tier 3,WH-KOL-04,East Gateway (Kolkata),Priority Surface Cargo,836.27,985.22,2024-07-09,2024-07-11,2,Delayed,0,0
SHP-20242288,2025-07-07,SUP-02,Bharat Heavy Forgings,Tier 1,WH-DEL-01,North Hub (Delhi-NCR),Regional Truckload,-168.93,159.81,2025-07-10,2025-07-10,0,On-Time,1,0
SHP-20242289,2025-07-28,SUP-05,Falcon Fasteners Corp,Tier 2,WH-BLR-03,South Central (Bengaluru),Regional Truckload,787.94,602.09,2025-08-01,2025-08-02,1,Delayed,0,0
SHP-20242290,2024-02-01,SUP-03,Delta Electronics Hub,Tier 1,WH-BLR-03,South Central (Bengaluru),Standard Rail Transport,554.61,445.96,2024-02-06,2024-02-06,0,On-Time,1,0
SHP-20242291,2024-09-25,SUP-03,Delta Electronics Hub,Tier 1,WH-BLR-03,South Central (Bengaluru),Priority Surface Cargo,76.77,146.18,2024-09-28,2024-10-01,3,Delayed,0,0
SHP-20242292,2025-07-02,SUP-08,Indus Logistics Fab,Tier 3,WH-BLR-03,South Central (Bengaluru),Regional Truckload,834.69,570.75,2025-07-04,2025-07-04,0,On-Time,1,0
SHP-20242293,2025-02-07,SUP-07,Hind Cargo Aggregates,Tier 3,WH-DEL-01,North Hub (Delhi-NCR),Regional Truckload,136.35,153.77,2025-02-12,2025-02-17,5,Delayed,0,0
SHP-20242294,2025-04-11,SUP-04,Evergreen Raw Materials,Tier 2,WH-KOL-04,East Gateway (Kolkata),Regional Truckload,85.19,138.32,2025-04-14,2025-04-18,4,Delayed,0,0
SHP-20242295,2024-09-06,SUP-01,Apex Precision Components,Tier 1,WH-BLR-03,South Central (Bengaluru),Express Air Freight,123.11,306.75,2024-09-12,2024-09-17,5,Delayed,0,0
SHP-20242296,2025-10-11,SUP-06,Global Polymer Solutions,Tier 2,WH-BLR-03,South Central (Bengaluru),Regional Truckload,611.4,454.75,2025-10-16,2025-10-16,0,On-Time,1,0
SHP-20242297,2025-07-24,SUP-06,Global Polymer Solutions,Tier 2,WH-KOL-04,East Gateway (Kolkata),Priority Surface Cargo,567.47,714.04,2025-07-30,2025-07-30,0,On-Time,1,0
SHP-20242298,2024-02-18,SUP-06,Global Polymer Solutions,Tier 2,WH-KOL-04,East Gateway (Kolkata),Priority Surface Cargo,215.35,283.72,2024-02-21,2024-02-21,0,On-Time,1,0
SHP-20242299,2024-08-13,SUP-07,Hind Cargo Aggregates,Tier 3,WH-BLR-03,South Central (Bengaluru),Priority Surface Cargo,150.23,231.64,2024-08-19,2024-08-19,0,On-Time,1,0
SHP-20242300,2025-12-21,SUP-02,Bharat Heavy Forgings,Tier 1,WH-MUM-02,West Port (Mumbai),Regional Truckload,740.85,575.36,2025-12-26,2025-12-26,0,On-Time,1,0
SHP-20242301,2025-08-08,SUP-05,Falcon Fasteners Corp,Tier 2,WH-BLR-03,South Central (Bengaluru),Regional Truckload,196.87,182.39,2025-08-10,2025-08-10,0,On-Time,1,0
SHP-20242302,2024-04-22,SUP-08,Indus Logistics Fab,Tier 3,WH-BLR-03,South Central (Bengaluru),Priority Surface Cargo,110.01,181.6,2024-04-25,2024-04-29,4,Delayed,0,0
SHP-20242303,2025-10-25,SUP-05,Falcon Fasteners Corp,Tier 2,WH-BLR-03,South Central (Bengaluru),Express Air Freight,209.26,440.46,2025-10-30,2025-11-04,5,Delayed,0,0
SHP-20242304,2024-10-30,SUP-04,Evergreen Raw Materials,Tier 2,WH-DEL-01,North Hub (Delhi-NCR),Regional Truckload,197.87,169.37,2024-11-03,2024-11-03,0,On-Time,1,0
SHP-20242305,2025-04-27,SUP-05,Falcon Fasteners Corp,Tier 2,WH-BLR-03,South Central (Bengaluru),Standard Rail Transport,200.67,172.04,2025-05-02,2025-05-06,4,Delayed,0,0
SHP-20242306,2024-03-31,SUP-06,Global Polymer Solutions,Tier 2,WH-MUM-02,West Port (Mumbai),Standard Rail Transport,390.52,296.9,2024-04-04,2024-04-04,0,On-Time,1,0
SHP-20242307,2025-07-23,SUP-03,Delta Electronics Hub,Tier 1,WH-KOL-04,East Gateway (Kolkata),Priority Surface Cargo,443.57,521.42,2025-07-29,2025-08-02,4,Delayed,0,0
SHP-20242308,2025-11-25,SUP-08,Indus Logistics Fab,Tier 3,WH-MUM-02,West Port (Mumbai),Regional Truckload,640.54,491.11,2025-11-27,2025-11-27,0,On-Time,1,0
SHP-20242309,2025-04-06,SUP-04,Evergreen Raw Materials,Tier 2,WH-DEL-01,North Hub (Delhi-NCR),Express Air Freight,248.66,548.78,2025-04-10,2025-04-13,3,Delayed,0,0
SHP-20242310,2025-05-25,SUP-01,Apex Precision Components,Tier 1,WH-KOL-04,East Gateway (Kolkata),Regional Truckload,339.94,286.08,2025-05-29,2025-06-02,4,Delayed,0,0
SHP-20242311,2024-10-17,SUP-04,Evergreen Raw Materials,Tier 2,WH-KOL-04,East Gateway (Kolkata),Regional Truckload,510.91,370.03,2024-10-23,2024-10-26,3,Delayed,0,0
SHP-20242312,2025-07-13,SUP-01,Apex Precision Components,Tier 1,WH-KOL-04,East Gateway (Kolkata),Standard Rail Transport,723.63,555.12,2025-07-16,2025-07-17,1,Delayed,0,0
SHP-20242313,2025-06-23,SUP-06,Global Polymer Solutions,Tier 2,WH-DEL-01,North Hub (Delhi-NCR),Standard Rail Transport,502.21,418.72,2025-06-28,2025-06-29,1,delayed  ,0,0
SHP-20242314,2025-08-28,SUP-04,Evergreen Raw Materials,Tier 2,WH-DEL-01,North Hub (Delhi-NCR),Priority Surface Cargo,440.81,562.7,2025-09-01,2025-09-02,1,Delayed,0,0
SHP-20242315,2024-08-12,SUP-03,Delta Electronics Hub,Tier 1,WH-MUM-02,West Port (Mumbai),Standard Rail Transport,173.3,154.68,2024-08-14,2024-08-15,1,Delayed,0,0
SHP-20242316,2024-04-13,SUP-03,Delta Electronics Hub,Tier 1,WH-DEL-01,North Hub (Delhi-NCR),Priority Surface Cargo,469.39,593.53,2024-04-17,2024-04-19,2,Delayed,0,0
SHP-20242317,2024-05-24,SUP-03,Delta Electronics Hub,Tier 1,WH-BLR-03,South Central (Bengaluru),Regional Truckload,240.56,191.57,2024-05-28,2024-05-31,3,Delayed,0,0
SHP-20242318,2024-05-31,SUP-07,Hind Cargo Aggregates,Tier 3,WH-BLR-03,South Central (Bengaluru),Regional Truckload,105.19,103.38,2024-06-03,2024-06-04,1,Delayed,0,0
SHP-20242319,2025-09-22,SUP-07,Hind Cargo Aggregates,Tier 3,WH-MUM-02,West Port (Mumbai),Standard Rail Transport,450.02,369.85,2025-09-26,2025-09-26,0,On-Time,1,0
SHP-20242320,2025-02-28,SUP-04,Evergreen Raw Materials,Tier 2,WH-KOL-04,East Gateway (Kolkata),Express Air Freight,300.86,623.5,2025-03-04,2025-03-07,3,Delayed,0,0
SHP-20242321,2025-10-06,SUP-06,Global Polymer Solutions,Tier 2,WH-MUM-02,West Port (Mumbai),Regional Truckload,573.23,425.05,2025-10-12,2025-10-12,0,On-Time,1,0
SHP-20242322,2025-01-17,SUP-07,Hind Cargo Aggregates,Tier 3,WH-MUM-02,West Port (Mumbai),Priority Surface Cargo,430.73,510.69,2025-01-20,2025-01-26,6,Delayed,0,0
SHP-20242323,2025-06-24,SUP-01,Apex Precision Components,Tier 1,WH-KOL-04,East Gateway (Kolkata),Regional Truckload,240.52,242.81,2025-06-27,2025-06-30,3,Delayed,0,0
SHP-20242324,2025-05-04,SUP-02,Bharat Heavy Forgings,Tier 1,WH-KOL-04,East Gateway (Kolkata),Express Air Freight,69.57,209.92,2025-05-07,2025-05-11,4,Delayed,0,0
SHP-20242325,2025-08-01,SUP-07,Hind Cargo Aggregates,Tier 3,WH-DEL-01,North Hub (Delhi-NCR),Regional Truckload,162.65,177.95,2025-08-06,2025-08-06,0,On-Time,1,1
SHP-20242326,2025-10-19,SUP-03,Delta Electronics Hub,Tier 1,WH-BLR-03,South Central (Bengaluru),Express Air Freight,540.45,1079.66,2025-10-21,2025-10-21,0,On-Time,1,0
SHP-20242327,2024-07-26,SUP-04,Evergreen Raw Materials,Tier 2,WH-MUM-02,West Port (Mumbai),Standard Rail Transport,816.02,612.76,2024-07-31,2024-07-31,0,On-Time,1,0
SHP-20242328,2024-02-15,SUP-06,Global Polymer Solutions,Tier 2,WH-BLR-03,South Central (Bengaluru),Priority Surface Cargo,730.19,894.13,2024-02-17,2024-02-20,3,Delayed,0,0
SHP-20242329,2024-03-20,SUP-06,Global Polymer Solutions,Tier 2,WH-DEL-01,North Hub (Delhi-NCR),Priority Surface Cargo,440.9,542.42,2024-03-25,2024-03-25,0,On-Time,1,0
SHP-20242330,2025-10-05,SUP-05,Falcon Fasteners Corp,Tier 2,WH-BLR-03,South Central (Bengaluru),Regional Truckload,469.91,396.79,2025-10-11,2025-10-13,2,Delayed,0,0
SHP-20242331,2025-01-26,SUP-05,Falcon Fasteners Corp,Tier 2,WH-BLR-03,South Central (Bengaluru),Priority Surface Cargo,695.38,796.19,2025-01-30,2025-01-30,0,On-Time,1,0
SHP-20242332,2025-03-20,SUP-06,Global Polymer Solutions,Tier 2,WH-DEL-01,North Hub (Delhi-NCR),Regional Truckload,465.53,344.29,2025-03-23,2025-03-24,1,Delayed,0,0
SHP-20242333,2025-09-18,SUP-07,Hind Cargo Aggregates,Tier 3,WH-DEL-01,North Hub (Delhi-NCR),Standard Rail Transport,769.06,527.42,2025-09-21,2025-09-22,1,Delayed,0,0
SHP-20242334,2024-12-17,SUP-05,Falcon Fasteners Corp,Tier 2,WH-MUM-02,West Port (Mumbai),Priority Surface Cargo,782.97,922.3,2024-12-23,2024-12-23,0,On-Time,1,0
SHP-20242335,2025-10-25,SUP-06,Global Polymer Solutions,Tier 2,WH-BLR-03,South Central (Bengaluru),Standard Rail Transport,215.72,207.46,2025-10-31,2025-10-31,0,On-Time,1,0
SHP-20242336,2025-07-11,SUP-06,Global Polymer Solutions,Tier 2,WH-MUM-02,West Port (Mumbai),Express Air Freight,83.28,193.82,2025-07-14,2025-07-15,1,Delayed,0,0
SHP-20242337,2025-04-06,SUP-08,Indus Logistics Fab,Tier 3,WH-KOL-04,East Gateway (Kolkata),Regional Truckload,370.01,284.35,2025-04-12,2025-04-16,4,Delayed,0,0
SHP-20242338,2025-09-04,SUP-01,Apex Precision Components,Tier 1,WH-DEL-01,North Hub (Delhi-NCR),Priority Surface Cargo,160.85,217.09,2025-09-10,2025-09-11,1,Delayed,0,0
SHP-20242339,2025-06-03,SUP-03,Delta Electronics Hub,Tier 1,WH-KOL-04,East Gateway (Kolkata),Standard Rail Transport,630.67,468.73,2025-06-08,2025-06-12,4,Delayed,0,0
SHP-20242340,2025-06-04,SUP-08,Indus Logistics Fab,Tier 3,WH-MUM-02,West Port (Mumbai),Priority Surface Cargo,539.58,621.27,2025-06-10,2025-06-10,0,On-Time,1,0
SHP-20242341,2025-10-09,SUP-02,Bharat Heavy Forgings,Tier 1,WH-BLR-03,South Central (Bengaluru),Express Air Freight,243.96,517.05,2025-10-11,2025-10-12,1,Delayed,0,0
SHP-20242342,2025-11-02,SUP-04,Evergreen Raw Materials,Tier 2,WH-BLR-03,South Central (Bengaluru),Regional Truckload,834.7,569.07,2025-11-08,2025-11-12,4,Delayed,0,0
SHP-20242343,2024-02-03,SUP-01,Apex Precision Components,Tier 1,WH-KOL-04,East Gateway (Kolkata),Express Air Freight,38.6,146.38,2024-02-07,2024-02-07,0,On-Time,1,0
SHP-20242344,2024-10-20,SUP-03,Delta Electronics Hub,Tier 1,WH-BLR-03,South Central (Bengaluru),Priority Surface Cargo,700.64,800.13,2024-10-25,2024-10-28,3,Delayed,0,0
SHP-20242345,2024-10-24,SUP-01,Apex Precision Components,Tier 1,WH-KOL-04,East Gateway (Kolkata),Priority Surface Cargo,656.0,770.39,2024-10-27,2024-10-31,4,Delayed,0,0
SHP-20242346,2025-11-20,SUP-04,Evergreen Raw Materials,Tier 2,WH-MUM-02,West Port (Mumbai),Express Air Freight,32.34,100.51,23/11/2025,2025-11-23,0,On-Time,1,0
SHP-20242347,2025-04-16,SUP-03,Delta Electronics Hub,Tier 1,WH-DEL-01,North Hub (Delhi-NCR),Standard Rail Transport,177.73,176.03,2025-04-22,2025-04-23,1,Delayed,0,0
SHP-20242348,2025-04-07,SUP-04,Evergreen Raw Materials,Tier 2,WH-DEL-01,North Hub (Delhi-NCR),Priority Surface Cargo,190.07,297.01,2025-04-12,2025-04-12,0,On-Time,1,0
SHP-20242349,2024-07-27,SUP-02,Bharat Heavy Forgings,Tier 1,WH-BLR-03,South Central (Bengaluru),Priority Surface Cargo,754.45,880.94,2024-07-31,2024-08-01,1,Delayed,0,0
SHP-20242350,2025-05-09,SUP-07,Hind Cargo Aggregates,Tier 3,WH-DEL-01,North Hub (Delhi-NCR),Regional Truckload,799.64,563.96,2025-05-13,2025-05-14,1,Delayed,0,0
SHP-20242351,2025-07-20,SUP-02,Bharat Heavy Forgings,Tier 1,WH-KOL-04,East Gateway (Kolkata),Regional Truckload,140.85,173.05,2025-07-24,2025-07-26,2,Delayed,0,0
SHP-20242352,2025-07-14,SUP-05,Falcon Fasteners Corp,Tier 2,WH-DEL-01,North Hub (Delhi-NCR),Priority Surface Cargo,636.69,758.52,2025-07-18,2025-07-18,0,on-time  ,1,0
SHP-20242353,2024-12-02,SUP-08,Indus Logistics Fab,Tier 3,WH-MUM-02,West Port (Mumbai),Express Air Freight,406.12,799.01,2024-12-04,2024-12-05,1,Delayed,0,0
SHP-20242354,2024-06-28,SUP-03,Delta Electronics Hub,Tier 1,WH-MUM-02,West Port (Mumbai),Regional Truckload,468.01,397.47,2024-06-30,2024-06-30,0,On-Time,1,0
SHP-20242355,2024-08-26,SUP-05,Falcon Fasteners Corp,Tier 2,WH-BLR-03,South Central (Bengaluru),Express Air Freight,844.3,1615.3,2024-09-01,2024-09-02,1,Delayed,0,0
SHP-20242356,2024-03-30,SUP-01,Apex Precision Components,Tier 1,WH-KOL-04,East Gateway (Kolkata),Priority Surface Cargo,66.33,108.92,2024-04-05,2024-04-07,2,Delayed,0,0
SHP-20242357,2025-01-23,SUP-02,Bharat Heavy Forgings,Tier 1,WH-BLR-03,South Central (Bengaluru),Priority Surface Cargo,150.0,253.34,2025-01-25,2025-01-28,3,Delayed,0,0
SHP-20242358,2024-08-30,SUP-02,Bharat Heavy Forgings,Tier 1,WH-KOL-04,East Gateway (Kolkata),Regional Truckload,827.51,574.91,2024-09-01,2024-09-03,2,Delayed,0,0
SHP-20242359,2025-09-07,SUP-05,Falcon Fasteners Corp,Tier 2,WH-DEL-01,North Hub (Delhi-NCR),Regional Truckload,603.95,472.47,2025-09-10,2025-09-12,2,Delayed,0,0
SHP-20242360,2025-12-06,SUP-03,Delta Electronics Hub,Tier 1,WH-DEL-01,North Hub (Delhi-NCR),Priority Surface Cargo,26.11,83.11,2025-12-11,2025-12-12,1,Delayed,0,0
SHP-20242361,2024-10-25,SUP-05,Falcon Fasteners Corp,Tier 2,WH-KOL-04,East Gateway (Kolkata),Express Air Freight,585.03,1139.18,2024-10-29,2024-11-02,4,Delayed,0,0
SHP-20242362,2025-02-21,SUP-02,Bharat Heavy Forgings,Tier 1,WH-DEL-01,North Hub (Delhi-NCR),Priority Surface Cargo,547.17,648.74,2025-02-23,2025-02-23,0,On-Time,1,0
SHP-20242363,2024-07-15,SUP-04,Evergreen Raw Materials,Tier 2,WH-BLR-03,South Central (Bengaluru),Express Air Freight,625.03,1246.49,2024-07-17,2024-07-19,2,Delayed,0,0
SHP-20242364,2025-09-28,SUP-02,Bharat Heavy Forgings,Tier 1,WH-BLR-03,South Central (Bengaluru),Regional Truckload,462.5,347.94,2025-09-30,2025-09-30,0,On-Time,1,0
SHP-20242365,2025-05-04,SUP-02,Bharat Heavy Forgings,Tier 1,WH-DEL-01,North Hub (Delhi-NCR),Express Air Freight,421.73,870.55,2025-05-10,2025-05-11,1,Delayed,0,0
SHP-20242366,2025-07-23,SUP-07,Hind Cargo Aggregates,Tier 3,WH-BLR-03,South Central (Bengaluru),Regional Truckload,439.98,371.27,2025-07-27,2025-07-27,0,On-Time,1,0
SHP-20242367,2024-10-01,SUP-08,Indus Logistics Fab,Tier 3,WH-DEL-01,North Hub (Delhi-NCR),Express Air Freight,190.07,405.78,2024-10-06,2024-10-09,3,Delayed,0,0
SHP-20242368,2024-07-02,SUP-01,Apex Precision Components,Tier 1,WH-MUM-02,West Port (Mumbai),Express Air Freight,471.2,935.67,2024-07-06,2024-07-06,0,On-Time,1,0
SHP-20242369,2024-04-28,SUP-02,Bharat Heavy Forgings,Tier 1,WH-KOL-04,East Gateway (Kolkata),Priority Surface Cargo,326.91,435.47,2024-04-30,2024-05-02,2,Delayed,0,1
SHP-20242370,2025-11-07,SUP-03,Delta Electronics Hub,Tier 1,WH-MUM-02,West Port (Mumbai),Standard Rail Transport,534.31,392.96,2025-11-13,2025-11-13,0,On-Time,1,0
SHP-20242371,2024-09-12,SUP-05,Falcon Fasteners Corp,Tier 2,WH-MUM-02,West Port (Mumbai),Standard Rail Transport,368.37,320.41,2024-09-16,2024-09-16,0,On-Time,1,0
SHP-20242372,2024-05-12,SUP-01,Apex Precision Components,Tier 1,WH-MUM-02,West Port (Mumbai),Express Air Freight,242.68,494.41,2024-05-14,2024-05-14,0,On-Time,1,0
SHP-20242373,2025-09-18,SUP-02,Bharat Heavy Forgings,Tier 1,WH-BLR-03,South Central (Bengaluru),Standard Rail Transport,321.03,259.59,2025-09-21,2025-09-21,0,On-Time,1,0
SHP-20242374,2025-08-30,SUP-06,Global Polymer Solutions,Tier 2,WH-MUM-02,West Port (Mumbai),Express Air Freight,413.72,829.56,2025-09-05,2025-09-06,1,Delayed,0,0
SHP-20242375,2024-07-25,SUP-02,Bharat Heavy Forgings,Tier 1,WH-BLR-03,South Central (Bengaluru),Standard Rail Transport,627.65,442.81,2024-07-28,2024-07-31,3,Delayed,0,0
SHP-20242376,2025-01-31,SUP-01,Apex Precision Components,Tier 1,WH-DEL-01,North Hub (Delhi-NCR),Priority Surface Cargo,836.41,990.62,2025-02-03,2025-02-03,0,On-Time,1,0
SHP-20242377,2025-06-24,SUP-08,Indus Logistics Fab,Tier 3,WH-DEL-01,North Hub (Delhi-NCR),Regional Truckload,812.04,559.2,2025-06-30,2025-07-01,1,Delayed,0,0
SHP-20242378,2025-07-18,SUP-08,Indus Logistics Fab,Tier 3,WH-BLR-03,South Central (Bengaluru),Regional Truckload,713.06,548.26,2025-07-22,2025-07-22,0,On-Time,1,0
SHP-20242379,2025-11-30,SUP-06,Global Polymer Solutions,Tier 2,WH-MUM-02,West Port (Mumbai),Standard Rail Transport,826.85,564.75,2025-12-05,2025-12-05,0,On-Time,1,0
SHP-20242380,2025-07-30,SUP-07,Hind Cargo Aggregates,Tier 3,WH-BLR-03,South Central (Bengaluru),Standard Rail Transport,448.68,369.62,2025-08-05,2025-08-05,0,On-Time,1,1
SHP-20242381,2025-03-21,SUP-01,Apex Precision Components,Tier 1,WH-DEL-01,North Hub (Delhi-NCR),Standard Rail Transport,227.58,238.9,2025-03-27,2025-03-28,1,Delayed,0,0
SHP-20242382,2025-05-10,SUP-07,Hind Cargo Aggregates,Tier 3,WH-MUM-02,West Port (Mumbai),Priority Surface Cargo,425.27,528.62,2025-05-14,2025-05-19,5,Delayed,0,0
SHP-20242383,2025-08-13,SUP-07,Hind Cargo Aggregates,Tier 3,WH-BLR-03,South Central (Bengaluru),Express Air Freight,644.83,1287.56,2025-08-17,2025-08-18,1,Delayed,0,0
SHP-20242384,2025-11-13,SUP-01,Apex Precision Components,Tier 1,WH-MUM-02,West Port (Mumbai),Express Air Freight,520.32,1017.16,2025-11-19,2025-11-21,2,Delayed,0,0
SHP-20242385,2025-04-09,SUP-03,Delta Electronics Hub,Tier 1,WH-KOL-04,East Gateway (Kolkata),Express Air Freight,154.36,360.01,2025-04-15,2025-04-15,0,On-Time,1,0
SHP-20242386,2024-12-16,SUP-04,Evergreen Raw Materials,Tier 2,WH-DEL-01,North Hub (Delhi-NCR),Standard Rail Transport,702.21,498.33,2024-12-20,2024-12-20,0,On-Time,1,0
SHP-20242387,2025-07-14,SUP-06,Global Polymer Solutions,Tier 2,WH-BLR-03,South Central (Bengaluru),Express Air Freight,312.1,653.72,2025-07-16,2025-07-19,3,Delayed,0,0
SHP-20242388,2025-09-30,SUP-06,Global Polymer Solutions,Tier 2,WH-MUM-02,West Port (Mumbai),Priority Surface Cargo,113.92,183.19,2025-10-03,2025-10-03,0,On-Time,1,0
SHP-20242389,2025-07-02,SUP-05,Falcon Fasteners Corp,Tier 2,WH-BLR-03,South Central (Bengaluru),Standard Rail Transport,357.82,294.14,2025-07-06,2025-07-06,0,On-Time,1,0
SHP-20242390,2025-11-19,SUP-04,Evergreen Raw Materials,Tier 2,WH-KOL-04,East Gateway (Kolkata),Regional Truckload,594.1,415.29,2025-11-22,2025-12-01,9,Delayed,0,0
SHP-20242391,2025-07-06,SUP-08,Indus Logistics Fab,Tier 3,WH-DEL-01,North Hub (Delhi-NCR),Express Air Freight,546.57,1069.08,2025-07-11,2025-07-12,1,Delayed,0,0
SHP-20242392,2024-10-13,SUP-05,Falcon Fasteners Corp,Tier 2,WH-MUM-02,West Port (Mumbai),Standard Rail Transport,796.64,549.5,2024-10-15,2024-10-15,0,On-Time,1,0
SHP-20242393,2024-01-04,SUP-02,Bharat Heavy Forgings,Tier 1,WH-MUM-02,West Port (Mumbai),Standard Rail Transport,96.47,105.77,2024-01-06,2024-01-10,4,Delayed,0,0
SHP-20242394,2025-08-25,SUP-06,Global Polymer Solutions,Tier 2,WH-BLR-03,South Central (Bengaluru),Priority Surface Cargo,543.45,641.61,2025-08-27,2025-09-01,5,Delayed,0,0
SHP-20242395,2025-09-28,SUP-08,Indus Logistics Fab,Tier 3,WH-BLR-03,South Central (Bengaluru),Standard Rail Transport,511.03,410.17,2025-09-30,2025-10-03,3,Delayed,0,0
SHP-20242396,2024-09-09,SUP-03,Delta Electronics Hub,Tier 1,WH-KOL-04,East Gateway (Kolkata),Standard Rail Transport,646.96,479.36,2024-09-13,2024-09-14,1,Delayed,0,0
SHP-20242397,2025-06-20,SUP-05,Falcon Fasteners Corp,Tier 2,WH-DEL-01,North Hub (Delhi-NCR),Standard Rail Transport,374.7,276.41,2025-06-23,2025-06-23,0,On-Time,1,0
SHP-20242398,2025-01-03,SUP-01,Apex Precision Components,Tier 1,WH-BLR-03,South Central (Bengaluru),Priority Surface Cargo,300.13,403.13,2025-01-08,2025-01-09,1,Delayed,0,0
SHP-20242399,2024-12-18,SUP-01,Apex Precision Components,Tier 1,WH-KOL-04,East Gateway (Kolkata),Standard Rail Transport,525.8,389.65,2024-12-22,2024-12-22,0,On-Time,1,0
SHP-20242400,2025-01-18,SUP-08,Indus Logistics Fab,Tier 3,WH-BLR-03,South Central (Bengaluru),Priority Surface Cargo,497.71,636.62,2025-01-21,2025-01-21,0,On-Time,1,0
SHP-20242401,2024-12-09,SUP-08,Indus Logistics Fab,Tier 3,WH-MUM-02,West Port (Mumbai),Regional Truckload,184.36,151.49,2024-12-12,2024-12-17,5,Delayed,0,1
SHP-20242402,2025-02-26,SUP-07,Hind Cargo Aggregates,Tier 3,WH-MUM-02,West Port (Mumbai),Priority Surface Cargo,281.04,365.47,2025-03-02,2025-03-02,0,On-Time,1,0
SHP-20242403,2024-01-16,SUP-02,Bharat Heavy Forgings,Tier 1,WH-KOL-04,East Gateway (Kolkata),Standard Rail Transport,813.32,572.84,2024-01-21,2024-01-23,2,Delayed,0,0
SHP-20242404,2025-11-02,SUP-06,Global Polymer Solutions,Tier 2,WH-BLR-03,South Central (Bengaluru),Regional Truckload,242.25,233.55,2025-11-04,2025-11-04,0,On-Time,1,0
SHP-20242405,2024-08-05,SUP-07,Hind Cargo Aggregates,Tier 3,WH-KOL-04,East Gateway (Kolkata),Regional Truckload,111.92,100.84,2024-08-07,2024-08-12,5,Delayed,0,0
SHP-20242406,2025-03-21,SUP-04,Evergreen Raw Materials,Tier 2,WH-KOL-04,East Gateway (Kolkata),Express Air Freight,297.57,610.03,2025-03-26,2025-03-26,0,On-Time,1,0
SHP-20242407,2025-10-07,SUP-03,Delta Electronics Hub,Tier 1,WH-DEL-01,North Hub (Delhi-NCR),Express Air Freight,809.28,1575.8,2025-10-12,2025-10-12,0,On-Time,1,0
SHP-20242408,2024-04-07,SUP-07,Hind Cargo Aggregates,Tier 3,WH-KOL-04,East Gateway (Kolkata),Standard Rail Transport,831.44,629.61,2024-04-10,2024-04-10,0,On-Time,1,0
SHP-20242409,2024-06-03,SUP-03,Delta Electronics Hub,Tier 1,WH-BLR-03,South Central (Bengaluru),Regional Truckload,389.48,312.14,2024-06-07,2024-06-08,1,Delayed,0,0
SHP-20242410,2025-04-09,SUP-06,Global Polymer Solutions,Tier 2,WH-BLR-03,South Central (Bengaluru),Regional Truckload,380.59,315.64,2025-04-15,2025-04-15,0,on-time  ,1,0
SHP-20242411,2024-01-10,SUP-01,Apex Precision Components,Tier 1,WH-MUM-02,West Port (Mumbai),Regional Truckload,-75.97,142.44,2024-01-14,2024-01-17,3,Delayed,0,0
SHP-20242412,2024-06-29,SUP-05,Falcon Fasteners Corp,Tier 2,WH-MUM-02,West Port (Mumbai),Priority Surface Cargo,174.11,281.71,2024-07-03,2024-07-04,1,Delayed,0,0
SHP-20242413,2025-01-23,SUP-02,Bharat Heavy Forgings,Tier 1,WH-KOL-04,East Gateway (Kolkata),Regional Truckload,807.43,589.75,2025-01-25,2025-01-26,1,Delayed,0,0
SHP-20242414,2025-04-02,SUP-08,Indus Logistics Fab,Tier 3,WH-BLR-03,South Central (Bengaluru),Standard Rail Transport,351.85,291.03,2025-04-08,2025-04-08,0,On-Time,1,0
SHP-20242415,2025-09-06,SUP-06,Global Polymer Solutions,Tier 2,WH-MUM-02,West Port (Mumbai),Standard Rail Transport,649.24,488.16,2025-09-10,2025-09-10,0,On-Time,1,0
SHP-20242416,2025-12-19,SUP-04,Evergreen Raw Materials,Tier 2,WH-BLR-03,South Central (Bengaluru),Priority Surface Cargo,311.45,433.81,2025-12-24,2025-12-24,0,On-Time,1,0
SHP-20242417,2024-12-14,SUP-06,Global Polymer Solutions,Tier 2,WH-MUM-02,West Port (Mumbai),Standard Rail Transport,726.31,535.84,2024-12-20,2024-12-20,0,On-Time,1,0
SHP-20242418,2024-03-17,SUP-02,Bharat Heavy Forgings,Tier 1,WH-DEL-01,North Hub (Delhi-NCR),Regional Truckload,649.52,509.13,2024-03-22,2024-03-22,0,On-Time,1,0
SHP-20242419,2025-09-18,SUP-02,Bharat Heavy Forgings,Tier 1,WH-BLR-03,South Central (Bengaluru),Standard Rail Transport,347.08,317.86,2025-09-23,2025-09-27,4,Delayed,0,0
SHP-20242420,2025-03-16,SUP-01,Apex Precision Components,Tier 1,WH-MUM-02,West Port (Mumbai),Regional Truckload,73.83,91.24,2025-03-20,2025-03-21,1,Delayed,0,0
SHP-20242421,2024-09-20,SUP-06,Global Polymer Solutions,Tier 2,WH-KOL-04,East Gateway (Kolkata),Regional Truckload,315.84,287.2,2024-09-22,2024-09-23,1,Delayed,0,0
SHP-20242422,2024-03-28,SUP-05,Falcon Fasteners Corp,Tier 2,WH-KOL-04,East Gateway (Kolkata),Regional Truckload,477.4,404.04,2024-03-31,2024-04-08,8,Delayed,0,0
SHP-20242423,2025-03-28,SUP-04,Evergreen Raw Materials,Tier 2,WH-KOL-04,East Gateway (Kolkata),Regional Truckload,518.67,424.59,2025-03-31,2025-04-02,2,Delayed,0,0
SHP-20242424,2025-11-02,SUP-01,Apex Precision Components,Tier 1,WH-BLR-03,South Central (Bengaluru),Priority Surface Cargo,114.1,184.29,2025-11-07,2025-11-07,0,On-Time,1,0
SHP-20242425,2024-10-31,SUP-01,Apex Precision Components,Tier 1,WH-BLR-03,South Central (Bengaluru),Regional Truckload,513.67,423.42,2024-11-05,2024-11-05,0,On-Time,1,0
SHP-20242426,2024-10-31,SUP-04,Evergreen Raw Materials,Tier 2,WH-BLR-03,South Central (Bengaluru),Express Air Freight,30.57,119.71,2024-11-02,2024-11-03,1,Delayed,0,0
SHP-20242427,2025-07-03,SUP-05,Falcon Fasteners Corp,Tier 2,WH-DEL-01,North Hub (Delhi-NCR),Priority Surface Cargo,675.67,788.86,2025-07-06,2025-07-08,2,Delayed,0,0
SHP-20242428,2025-07-26,SUP-05,Falcon Fasteners Corp,Tier 2,WH-BLR-03,South Central (Bengaluru),Standard Rail Transport,72.16,124.46,2025-08-01,2025-08-03,2,Delayed,0,0
SHP-20242429,2025-04-10,SUP-07,Hind Cargo Aggregates,Tier 3,WH-KOL-04,East Gateway (Kolkata),Priority Surface Cargo,305.44,428.01,2025-04-13,2025-04-17,4,Delayed,0,0
SHP-20242430,2025-11-10,SUP-01,Apex Precision Components,Tier 1,WH-BLR-03,South Central (Bengaluru),Standard Rail Transport,704.46,484.73,2025-11-12,2025-11-13,1,Delayed,0,0
SHP-20242431,2024-06-08,SUP-05,Falcon Fasteners Corp,Tier 2,WH-DEL-01,North Hub (Delhi-NCR),Standard Rail Transport,697.09,512.05,2024-06-14,2024-06-14,0,On-Time,1,0
SHP-20242432,2025-11-19,SUP-02,Bharat Heavy Forgings,Tier 1,WH-DEL-01,North Hub (Delhi-NCR),Standard Rail Transport,479.28,378.22,2025-11-22,2025-11-22,0,On-Time,1,0
SHP-20242433,2024-08-27,SUP-02,Bharat Heavy Forgings,Tier 1,WH-MUM-02,West Port (Mumbai),Express Air Freight,542.04,1074.42,2024-08-31,2024-08-31,0,On-Time,1,0
SHP-20242434,2024-02-23,SUP-08,Indus Logistics Fab,Tier 3,WH-DEL-01,North Hub (Delhi-NCR),Standard Rail Transport,532.95,375.24,2024-02-25,2024-02-25,0,On-Time,1,0
SHP-20242435,2025-03-01,SUP-05,Falcon Fasteners Corp,Tier 2,WH-BLR-03,South Central (Bengaluru),Regional Truckload,174.05,174.55,2025-03-06,2025-03-06,0,On-Time,1,0
SHP-20242436,2025-09-11,SUP-05,Falcon Fasteners Corp,Tier 2,WH-BLR-03,South Central (Bengaluru),Express Air Freight,481.79,926.72,2025-09-17,2025-09-18,1,Delayed,0,0
SHP-20242437,2025-01-17,SUP-02,Bharat Heavy Forgings,Tier 1,WH-BLR-03,South Central (Bengaluru),Priority Surface Cargo,281.15,381.87,2025-01-20,2025-01-22,2,Delayed,0,0
SHP-20242438,2025-03-29,SUP-03,Delta Electronics Hub,Tier 1,WH-BLR-03,South Central (Bengaluru),Standard Rail Transport,427.68,324.47,2025-04-02,2025-04-02,0,On-Time,1,0
SHP-20242439,2024-08-10,SUP-08,Indus Logistics Fab,Tier 3,WH-KOL-04,East Gateway (Kolkata),Express Air Freight,485.67,957.01,2024-08-14,2024-08-16,2,Delayed,0,0
SHP-20242440,2025-07-19,SUP-08,Indus Logistics Fab,Tier 3,WH-BLR-03,South Central (Bengaluru),Express Air Freight,576.22,1151.38,2025-07-25,2025-07-26,1,Delayed,0,0
SHP-20242441,2024-02-23,SUP-06,Global Polymer Solutions,Tier 2,WH-DEL-01,North Hub (Delhi-NCR),Priority Surface Cargo,642.84,801.13,2024-02-29,2024-03-02,2,Delayed,0,0
SHP-20242442,2024-05-02,SUP-03,Delta Electronics Hub,Tier 1,WH-MUM-02,West Port (Mumbai),Priority Surface Cargo,686.67,795.03,2024-05-08,2024-05-08,0,On-Time,1,0
SHP-20242443,2024-06-22,SUP-02,Bharat Heavy Forgings,Tier 1,WH-BLR-03,South Central (Bengaluru),Express Air Freight,481.02,951.55,2024-06-28,2024-06-28,0,On-Time,1,0
SHP-20242444,2025-08-26,SUP-01,Apex Precision Components,Tier 1,WH-BLR-03,South Central (Bengaluru),Priority Surface Cargo,707.97,850.31,2025-08-31,2025-09-03,3,Delayed,0,0
SHP-20242445,2025-05-24,SUP-01,Apex Precision Components,Tier 1,WH-MUM-02,West Port (Mumbai),Standard Rail Transport,686.63,535.32,2025-05-28,2025-05-28,0,On-Time,1,0
SHP-20242446,2024-01-13,SUP-02,Bharat Heavy Forgings,Tier 1,WH-MUM-02,West Port (Mumbai),Express Air Freight,774.59,1522.71,2024-01-17,2024-01-18,1,Delayed,0,0
SHP-20242447,2024-04-27,SUP-08,Indus Logistics Fab,Tier 3,WH-BLR-03,South Central (Bengaluru),Standard Rail Transport,550.19,427.97,2024-05-03,2024-05-06,3,Delayed,0,0
SHP-20242448,2024-02-25,SUP-08,Indus Logistics Fab,Tier 3,WH-MUM-02,West Port (Mumbai),Standard Rail Transport,402.36,342.64,2024-03-02,2024-03-04,2,Delayed,0,0
SHP-20242449,2025-06-16,SUP-05,Falcon Fasteners Corp,Tier 2,WH-MUM-02,West Port (Mumbai),Priority Surface Cargo,597.23,717.34,2025-06-22,2025-06-23,1,Delayed,0,0
SHP-20242450,2025-09-29,SUP-06,Global Polymer Solutions,Tier 2,WH-MUM-02,West Port (Mumbai),Regional Truckload,459.11,367.44,2025-10-04,2025-10-08,4,Delayed,0,0
SHP-20242451,2025-02-28,SUP-02,Bharat Heavy Forgings,Tier 1,WH-BLR-03,South Central (Bengaluru),Regional Truckload,469.7,371.23,2025-03-05,2025-03-05,0,On-Time,1,0
SHP-20242452,2024-12-30,SUP-07,Hind Cargo Aggregates,Tier 3,WH-DEL-01,North Hub (Delhi-NCR),Standard Rail Transport,713.88,540.91,2025-01-05,2025-01-05,0,On-Time,1,0
SHP-20242453,2025-01-30,SUP-05,Falcon Fasteners Corp,Tier 2,WH-MUM-02,West Port (Mumbai),Regional Truckload,382.39,332.94,2025-02-02,2025-02-03,1,Delayed,0,0
SHP-20242454,2025-03-15,SUP-04,Evergreen Raw Materials,Tier 2,WH-BLR-03,South Central (Bengaluru),Express Air Freight,120.9,256.31,2025-03-17,2025-03-18,1,Delayed,0,0
SHP-20242455,2024-02-29,SUP-02,Bharat Heavy Forgings,Tier 1,WH-BLR-03,South Central (Bengaluru),Regional Truckload,238.99,211.82,2024-03-04,2024-03-04,0,On-Time,1,0
SHP-20242456,2024-12-09,SUP-06,Global Polymer Solutions,Tier 2,WH-KOL-04,East Gateway (Kolkata),Standard Rail Transport,662.57,516.08,2024-12-11,2024-12-14,3,Delayed,0,0
SHP-20242457,2024-10-19,SUP-05,Falcon Fasteners Corp,Tier 2,WH-KOL-04,East Gateway (Kolkata),Express Air Freight,237.4,494.44,2024-10-22,2024-10-25,3,Delayed,0,0
SHP-20242458,2025-06-09,SUP-01,Apex Precision Components,Tier 1,WH-KOL-04,East Gateway (Kolkata),Regional Truckload,123.38,126.9,2025-06-13,2025-06-18,5,Delayed,0,0
SHP-20242459,2025-08-03,SUP-07,Hind Cargo Aggregates,Tier 3,WH-MUM-02,West Port (Mumbai),Priority Surface Cargo,374.81,494.54,2025-08-08,2025-08-08,0,On-Time,1,0
SHP-20242460,2024-01-16,SUP-04,Evergreen Raw Materials,Tier 2,WH-MUM-02,West Port (Mumbai),Priority Surface Cargo,809.94,926.2,2024-01-18,2024-01-19,1,Delayed,0,0
SHP-20242461,2024-01-20,SUP-08,Indus Logistics Fab,Tier 3,WH-KOL-04,East Gateway (Kolkata),Standard Rail Transport,269.93,253.04,2024-01-24,2024-01-29,5,Delayed,0,0
SHP-20242462,2025-06-15,SUP-08,Indus Logistics Fab,Tier 3,WH-KOL-04,East Gateway (Kolkata),Express Air Freight,337.23,651.89,2025-06-19,2025-06-21,2,Delayed,0,0
SHP-20242463,2024-12-24,SUP-05,Falcon Fasteners Corp,Tier 2,WH-BLR-03,South Central (Bengaluru),Standard Rail Transport,687.96,494.6,2024-12-27,2024-12-27,0,On-Time,1,0
SHP-20242464,2025-04-08,SUP-05,Falcon Fasteners Corp,Tier 2,WH-DEL-01,North Hub (Delhi-NCR),Standard Rail Transport,541.03,403.97,2025-04-12,2025-04-12,0,On-Time,1,0
SHP-20242465,2024-05-06,SUP-07,Hind Cargo Aggregates,Tier 3,WH-KOL-04,East Gateway (Kolkata),Regional Truckload,254.17,220.34,2024-05-08,2024-05-08,0,On-Time,1,0
SHP-20242466,2024-03-17,SUP-03,Delta Electronics Hub,Tier 1,WH-KOL-04,East Gateway (Kolkata),Standard Rail Transport,589.38,460.23,2024-03-22,2024-03-22,0,On-Time,1,0
SHP-20242467,2024-04-21,SUP-01,Apex Precision Components,Tier 1,WH-KOL-04,East Gateway (Kolkata),Regional Truckload,581.93,413.9,2024-04-27,2024-04-28,1,Delayed,0,0
SHP-20242468,2024-04-25,SUP-07,Hind Cargo Aggregates,Tier 3,WH-MUM-02,West Port (Mumbai),Priority Surface Cargo,147.62,229.41,2024-04-29,2024-04-29,0,On-Time,1,0
SHP-20242469,2025-01-15,SUP-05,Falcon Fasteners Corp,Tier 2,WH-MUM-02,West Port (Mumbai),Priority Surface Cargo,679.64,790.32,2025-01-17,2025-01-17,0,On-Time,1,0
SHP-20242470,2024-04-03,SUP-05,Falcon Fasteners Corp,Tier 2,WH-KOL-04,East Gateway (Kolkata),Express Air Freight,96.91,214.52,2024-04-05,2024-04-05,0,On-Time,1,0
SHP-20242471,2024-07-09,SUP-06,Global Polymer Solutions,Tier 2,WH-BLR-03,South Central (Bengaluru),Regional Truckload,795.79,575.07,2024-07-14,2024-07-15,1,Delayed,0,0
SHP-20242472,2025-01-14,SUP-01,Apex Precision Components,Tier 1,WH-BLR-03,South Central (Bengaluru),Regional Truckload,691.39,497.53,2025-01-16,2025-01-16,0,On-Time,1,0
SHP-20242473,2025-07-06,SUP-02,Bharat Heavy Forgings,Tier 1,WH-BLR-03,South Central (Bengaluru),Regional Truckload,273.94,211.47,2025-07-10,2025-07-10,0,On-Time,1,0
SHP-20242474,2025-12-21,SUP-07,Hind Cargo Aggregates,Tier 3,WH-MUM-02,West Port (Mumbai),Express Air Freight,200.62,458.04,2025-12-25,2025-12-25,0,On-Time,1,0
SHP-20242475,2024-02-10,SUP-02,Bharat Heavy Forgings,Tier 1,WH-DEL-01,North Hub (Delhi-NCR),Regional Truckload,55.78,65.15,2024-02-15,2024-02-16,1,delayed  ,0,0
SHP-20242476,2024-02-19,SUP-05,Falcon Fasteners Corp,Tier 2,WH-KOL-04,East Gateway (Kolkata),Regional Truckload,200.23,196.75,2024-02-24,2024-02-25,1,Delayed,0,0
SHP-20242477,2025-02-27,SUP-06,Global Polymer Solutions,Tier 2,WH-DEL-01,North Hub (Delhi-NCR),Regional Truckload,28.49,96.27,2025-03-01,2025-03-02,1,Delayed,0,0
SHP-20242478,2025-05-28,SUP-06,Global Polymer Solutions,Tier 2,WH-MUM-02,West Port (Mumbai),Standard Rail Transport,-628.23,497.25,2025-06-03,2025-06-04,1,Delayed,0,0
SHP-20242479,2025-10-03,SUP-02,Bharat Heavy Forgings,Tier 1,WH-MUM-02,West Port (Mumbai),Regional Truckload,776.42,568.6,2025-10-07,2025-10-07,0,On-Time,1,0
SHP-20242480,2025-02-21,SUP-07,Hind Cargo Aggregates,Tier 3,WH-MUM-02,West Port (Mumbai),Priority Surface Cargo,560.26,709.12,2025-02-25,2025-02-27,2,Delayed,0,0
SHP-20242481,2025-04-26,SUP-05,Falcon Fasteners Corp,Tier 2,WH-BLR-03,South Central (Bengaluru),Regional Truckload,135.0,150.17,2025-05-01,2025-05-03,2,Delayed,0,0
SHP-20242482,2025-03-14,SUP-04,Evergreen Raw Materials,Tier 2,WH-BLR-03,South Central (Bengaluru),Priority Surface Cargo,706.74,820.91,2025-03-20,2025-03-20,0,On-Time,1,0
SHP-20242483,2024-07-27,SUP-03,Delta Electronics Hub,Tier 1,WH-MUM-02,West Port (Mumbai),Regional Truckload,408.57,345.17,2024-07-29,2024-07-29,0,On-Time,1,0
SHP-20242484,2025-03-09,SUP-07,Hind Cargo Aggregates,Tier 3,WH-DEL-01,North Hub (Delhi-NCR),Regional Truckload,459.83,360.28,2025-03-12,2025-03-14,2,Delayed,0,0
SHP-20242485,2024-07-21,SUP-08,Indus Logistics Fab,Tier 3,WH-KOL-04,East Gateway (Kolkata),Regional Truckload,91.73,151.61,2024-07-23,2024-08-02,10,Delayed,0,0
SHP-20242486,2025-02-15,SUP-08,Indus Logistics Fab,Tier 3,WH-BLR-03,South Central (Bengaluru),Priority Surface Cargo,378.6,486.0,2025-02-17,2025-02-18,1,Delayed,0,0
SHP-20242487,2024-04-01,SUP-05,Falcon Fasteners Corp,Tier 2,WH-DEL-01,North Hub (Delhi-NCR),Regional Truckload,585.43,409.29,2024-04-07,2024-04-07,0,On-Time,1,0
SHP-20242488,2025-04-04,SUP-01,Apex Precision Components,Tier 1,WH-MUM-02,West Port (Mumbai),Regional Truckload,109.38,158.58,2025-04-10,2025-04-10,0,On-Time,1,0
SHP-20242489,2024-04-24,SUP-07,Hind Cargo Aggregates,Tier 3,WH-DEL-01,North Hub (Delhi-NCR),Priority Surface Cargo,608.97,701.08,2024-04-26,2024-04-26,0,On-Time,1,0
SHP-20242490,2025-08-23,SUP-04,Evergreen Raw Materials,Tier 2,WH-BLR-03,South Central (Bengaluru),Standard Rail Transport,277.06,231.96,2025-08-27,2025-08-28,1,Delayed,0,0
SHP-20242491,2024-10-15,SUP-07,Hind Cargo Aggregates,Tier 3,WH-MUM-02,West Port (Mumbai),Express Air Freight,497.33,951.8,2024-10-20,2024-10-21,1,Delayed,0,0
SHP-20242492,2025-02-08,SUP-06,Global Polymer Solutions,Tier 2,WH-MUM-02,West Port (Mumbai),Standard Rail Transport,522.95,386.38,2025-02-14,2025-02-14,0,On-Time,1,0
SHP-20242493,2024-06-06,SUP-04,Evergreen Raw Materials,Tier 2,WH-BLR-03,South Central (Bengaluru),Express Air Freight,425.09,844.23,2024-06-09,2024-06-09,0,On-Time,1,0
SHP-20242494,2025-12-07,SUP-04,Evergreen Raw Materials,Tier 2,WH-MUM-02,West Port (Mumbai),Express Air Freight,123.37,287.97,2025-12-10,2025-12-11,1,Delayed,0,0
SHP-20242495,2024-10-27,SUP-03,Delta Electronics Hub,Tier 1,WH-MUM-02,West Port (Mumbai),Express Air Freight,469.2,958.15,2024-10-29,2024-10-29,0,On-Time,1,0
SHP-20242496,2024-03-24,SUP-07,Hind Cargo Aggregates,Tier 3,WH-KOL-04,East Gateway (Kolkata),Express Air Freight,74.69,169.21,2024-03-26,2024-03-31,5,Delayed,0,0
SHP-20242497,2024-02-04,SUP-04,Evergreen Raw Materials,Tier 2,WH-BLR-03,South Central (Bengaluru),Regional Truckload,837.27,617.35,2024-02-10,2024-02-11,1,Delayed,0,0
SHP-20242498,2025-11-28,SUP-01,Apex Precision Components,Tier 1,WH-DEL-01,North Hub (Delhi-NCR),Regional Truckload,268.21,218.93,2025-12-03,2025-12-04,1,Delayed,0,0
SHP-20242499,2025-07-06,SUP-03,Delta Electronics Hub,Tier 1,WH-BLR-03,South Central (Bengaluru),Priority Surface Cargo,524.04,643.65,2025-07-11,2025-07-13,2,Delayed,0,0
SHP-20242500,2025-09-18,SUP-04,Evergreen Raw Materials,Tier 2,WH-BLR-03,South Central (Bengaluru),Standard Rail Transport,608.61,458.83,2025-09-23,2025-09-23,0,On-Time,1,0
SHP-20242501,2025-08-25,SUP-04,Evergreen Raw Materials,Tier 2,WH-MUM-02,West Port (Mumbai),Express Air Freight,539.46,1058.54,2025-08-31,2025-08-31,0,On-Time,1,0
SHP-20242502,2024-11-25,SUP-01,Apex Precision Components,Tier 1,WH-MUM-02,West Port (Mumbai),Standard Rail Transport,548.77,429.39,2024-11-27,2024-11-27,0,On-Time,1,0
SHP-20242503,2025-05-19,SUP-08,Indus Logistics Fab,Tier 3,WH-MUM-02,West Port (Mumbai),Express Air Freight,359.12,721.79,2025-05-22,2025-05-22,0,On-Time,1,0
SHP-20242504,2024-04-26,SUP-07,Hind Cargo Aggregates,Tier 3,WH-KOL-04,East Gateway (Kolkata),Priority Surface Cargo,89.18,185.74,2024-04-29,2024-04-30,1,Delayed,0,0
SHP-20242505,2025-12-01,SUP-08,Indus Logistics Fab,Tier 3,WH-MUM-02,West Port (Mumbai),Standard Rail Transport,634.06,450.4,2025-12-05,2025-12-05,0,On-Time,1,0
SHP-20242506,2024-01-17,SUP-06,Global Polymer Solutions,Tier 2,WH-DEL-01,North Hub (Delhi-NCR),Regional Truckload,772.19,550.39,2024-01-23,2024-01-27,4,Delayed,0,0
SHP-20242507,2025-06-20,SUP-06,Global Polymer Solutions,Tier 2,WH-BLR-03,South Central (Bengaluru),Standard Rail Transport,391.75,328.2,2025-06-25,2025-06-25,0,On-Time,1,0
SHP-20242508,2024-10-14,SUP-02,Bharat Heavy Forgings,Tier 1,WH-BLR-03,South Central (Bengaluru),Express Air Freight,61.32,197.88,2024-10-20,2024-10-21,1,Delayed,0,0
SHP-20242509,2024-11-05,SUP-04,Evergreen Raw Materials,Tier 2,WH-KOL-04,East Gateway (Kolkata),Priority Surface Cargo,61.21,128.13,2024-11-07,2024-11-16,9,Delayed,0,0
SHP-20242510,2024-04-01,SUP-07,Hind Cargo Aggregates,Tier 3,WH-KOL-04,East Gateway (Kolkata),Priority Surface Cargo,733.79,877.04,2024-04-04,2024-04-09,5,Delayed,0,0
SHP-20242511,2025-01-29,SUP-02,Bharat Heavy Forgings,Tier 1,WH-DEL-01,North Hub (Delhi-NCR),Priority Surface Cargo,234.48,340.99,2025-01-31,2025-02-01,1,Delayed,0,0
SHP-20242512,2024-12-01,SUP-04,Evergreen Raw Materials,Tier 2,WH-BLR-03,South Central (Bengaluru),Express Air Freight,833.44,1632.36,2024-12-07,2024-12-07,0,On-Time,1,0
SHP-20242513,2024-07-27,SUP-02,Bharat Heavy Forgings,Tier 1,WH-DEL-01,North Hub (Delhi-NCR),Regional Truckload,825.29,604.38,2024-07-31,2024-08-03,3,Delayed,0,0
SHP-20242514,2024-08-15,SUP-02,Bharat Heavy Forgings,Tier 1,WH-MUM-02,West Port (Mumbai),Regional Truckload,649.09,513.29,2024-08-19,2024-08-23,4,Delayed,0,0
SHP-20242515,2025-01-18,SUP-08,Indus Logistics Fab,Tier 3,WH-BLR-03,South Central (Bengaluru),Standard Rail Transport,348.42,265.61,2025-01-22,2025-01-22,0,On-Time,1,0
SHP-20242516,2024-06-22,SUP-05,Falcon Fasteners Corp,Tier 2,WH-DEL-01,North Hub (Delhi-NCR),Priority Surface Cargo,-148.82,217.97,2024-06-25,2024-06-25,0,On-Time,1,0
SHP-20242517,2025-04-19,SUP-03,Delta Electronics Hub,Tier 1,WH-MUM-02,West Port (Mumbai),Standard Rail Transport,513.65,414.35,2025-04-25,2025-04-25,0,On-Time,1,0
SHP-20242518,2025-11-08,SUP-03,Delta Electronics Hub,Tier 1,WH-BLR-03,South Central (Bengaluru),Regional Truckload,651.43,516.32,10/11/2025,2025-11-10,0,On-Time,1,0
SHP-20242519,2025-03-27,SUP-07,Hind Cargo Aggregates,Tier 3,WH-DEL-01,North Hub (Delhi-NCR),Priority Surface Cargo,361.34,485.91,2025-03-31,2025-03-31,0,On-Time,1,0
SHP-20242520,2024-02-20,SUP-08,Indus Logistics Fab,Tier 3,WH-MUM-02,West Port (Mumbai),Regional Truckload,732.01,565.83,2024-02-25,2024-03-02,6,Delayed,0,1
SHP-20242521,2024-01-21,SUP-08,Indus Logistics Fab,Tier 3,WH-MUM-02,West Port (Mumbai),Standard Rail Transport,225.13,186.18,2024-01-23,2024-01-24,1,Delayed,0,0
SHP-20242522,2025-09-29,SUP-07,Hind Cargo Aggregates,Tier 3,WH-DEL-01,North Hub (Delhi-NCR),Priority Surface Cargo,811.53,933.89,2025-10-03,2025-10-03,0,On-Time,1,0
SHP-20242523,2024-07-09,SUP-01,Apex Precision Components,Tier 1,WH-MUM-02,West Port (Mumbai),Standard Rail Transport,707.34,552.82,2024-07-12,2024-07-12,0,On-Time,1,0
SHP-20242524,2025-06-20,SUP-03,Delta Electronics Hub,Tier 1,WH-KOL-04,East Gateway (Kolkata),Standard Rail Transport,326.44,306.95,2025-06-22,2025-06-27,5,Delayed,0,0
SHP-20242525,2025-07-11,SUP-05,Falcon Fasteners Corp,Tier 2,WH-MUM-02,West Port (Mumbai),Priority Surface Cargo,401.83,536.2,2025-07-14,2025-07-16,2,Delayed,0,0
SHP-20242526,2025-09-08,SUP-06,Global Polymer Solutions,Tier 2,WH-MUM-02,West Port (Mumbai),Regional Truckload,810.19,617.65,2025-09-10,2025-09-11,1,Delayed,0,0
SHP-20242527,2024-09-23,SUP-06,Global Polymer Solutions,Tier 2,WH-BLR-03,South Central (Bengaluru),Express Air Freight,115.67,297.51,2024-09-25,2024-09-25,0,On-Time,1,0
SHP-20242528,2024-01-19,SUP-05,Falcon Fasteners Corp,Tier 2,WH-MUM-02,West Port (Mumbai),Priority Surface Cargo,197.06,299.2,2024-01-22,2024-01-22,0,On-Time,1,0
SHP-20242529,2025-06-24,SUP-01,Apex Precision Components,Tier 1,WH-DEL-01,North Hub (Delhi-NCR),Priority Surface Cargo,86.23,179.3,2025-06-27,2025-06-28,1,Delayed,0,0
SHP-20242530,2024-12-21,SUP-04,Evergreen Raw Materials,Tier 2,WH-MUM-02,West Port (Mumbai),Priority Surface Cargo,565.43,672.07,2024-12-24,2024-12-28,4,Delayed,0,0
SHP-20242531,2025-10-25,SUP-08,Indus Logistics Fab,Tier 3,WH-KOL-04,East Gateway (Kolkata),Priority Surface Cargo,704.12,822.19,2025-10-28,2025-11-01,4,Delayed,0,0
SHP-20242532,2024-03-05,SUP-08,Indus Logistics Fab,Tier 3,WH-MUM-02,West Port (Mumbai),Standard Rail Transport,393.36,282.21,2024-03-08,2024-03-10,2,Delayed,0,0
SHP-20242533,2025-12-16,SUP-07,Hind Cargo Aggregates,Tier 3,WH-MUM-02,West Port (Mumbai),Priority Surface Cargo,-301.66,367.21,2025-12-22,2025-12-23,1,Delayed,0,0
SHP-20242534,2025-08-06,SUP-05,Falcon Fasteners Corp,Tier 2,WH-MUM-02,West Port (Mumbai),Priority Surface Cargo,-418.23,513.08,2025-08-09,2025-08-09,0,On-Time,1,0
SHP-20242535,2025-06-07,SUP-01,Apex Precision Components,Tier 1,WH-BLR-03,South Central (Bengaluru),Standard Rail Transport,206.65,191.72,2025-06-12,2025-06-12,0,On-Time,1,0
SHP-20242536,2025-12-01,SUP-03,Delta Electronics Hub,Tier 1,WH-DEL-01,North Hub (Delhi-NCR),Priority Surface Cargo,347.05,423.87,2025-12-03,2025-12-03,0,On-Time,1,0
SHP-20242537,2024-08-06,SUP-07,Hind Cargo Aggregates,Tier 3,WH-BLR-03,South Central (Bengaluru),Priority Surface Cargo,163.58,252.5,2024-08-11,2024-08-12,1,Delayed,0,0
SHP-20242538,2024-06-09,SUP-03,Delta Electronics Hub,Tier 1,WH-KOL-04,East Gateway (Kolkata),Priority Surface Cargo,310.29,389.07,2024-06-11,2024-06-17,6,Delayed,0,0
SHP-20242539,2024-02-08,SUP-08,Indus Logistics Fab,Tier 3,WH-KOL-04,East Gateway (Kolkata),Standard Rail Transport,291.31,238.99,2024-02-14,2024-02-20,6,Delayed,0,0
SHP-20242540,2025-12-13,SUP-01,Apex Precision Components,Tier 1,WH-DEL-01,North Hub (Delhi-NCR),Standard Rail Transport,696.7,526.86,2025-12-17,2025-12-17,0,On-Time,1,0
SHP-20242541,2025-03-13,SUP-02,Bharat Heavy Forgings,Tier 1,WH-MUM-02,West Port (Mumbai),Standard Rail Transport,118.56,160.9,2025-03-18,2025-03-19,1,Delayed,0,0
SHP-20242542,2025-07-31,SUP-01,Apex Precision Components,Tier 1,WH-MUM-02,West Port (Mumbai),Regional Truckload,719.16,510.59,2025-08-06,2025-08-06,0,On-Time,1,0
SHP-20242543,2025-09-05,SUP-01,Apex Precision Components,Tier 1,WH-DEL-01,North Hub (Delhi-NCR),Priority Surface Cargo,145.38,191.8,2025-09-07,2025-09-07,0,On-Time,1,0
SHP-20242544,2025-07-11,SUP-06,Global Polymer Solutions,Tier 2,WH-MUM-02,West Port (Mumbai),Express Air Freight,24.17,135.67,2025-07-14,2025-07-14,0,On-Time,1,0
SHP-20242545,2024-05-12,SUP-02,Bharat Heavy Forgings,Tier 1,WH-BLR-03,South Central (Bengaluru),Standard Rail Transport,589.92,439.37,2024-05-14,2024-05-14,0,On-Time,1,0
SHP-20242546,2025-02-24,SUP-02,Bharat Heavy Forgings,Tier 1,WH-MUM-02,West Port (Mumbai),Standard Rail Transport,794.71,545.49,2025-02-26,2025-02-27,1,Delayed,0,0
SHP-20242547,2024-07-25,SUP-08,Indus Logistics Fab,Tier 3,WH-BLR-03,South Central (Bengaluru),Regional Truckload,366.26,298.12,2024-07-30,2024-07-31,1,Delayed,0,1
SHP-20242548,2025-03-01,SUP-06,Global Polymer Solutions,Tier 2,WH-DEL-01,North Hub (Delhi-NCR),Express Air Freight,67.2,177.03,2025-03-05,2025-03-07,2,Delayed,0,0
SHP-20242549,2024-06-06,SUP-06,Global Polymer Solutions,Tier 2,WH-DEL-01,North Hub (Delhi-NCR),Regional Truckload,545.85,435.39,2024-06-09,2024-06-09,0,On-Time,1,0
SHP-20242550,2025-11-30,SUP-01,Apex Precision Components,Tier 1,WH-MUM-02,West Port (Mumbai),Express Air Freight,773.69,1482.93,2025-12-05,2025-12-05,0,On-Time,1,0
SHP-20242551,2025-03-29,SUP-02,Bharat Heavy Forgings,Tier 1,WH-DEL-01,North Hub (Delhi-NCR),Standard Rail Transport,680.47,468.04,2025-04-03,2025-04-04,1,Delayed,0,0
SHP-20242552,2025-06-27,SUP-05,Falcon Fasteners Corp,Tier 2,WH-DEL-01,North Hub (Delhi-NCR),Express Air Freight,845.43,1623.9,2025-07-01,2025-07-01,0,On-Time,1,0
SHP-20242553,2025-03-22,SUP-08,Indus Logistics Fab,Tier 3,WH-KOL-04,East Gateway (Kolkata),Standard Rail Transport,332.72,274.13,2025-03-28,2025-03-31,3,Delayed,0,0
SHP-20242554,2025-12-15,SUP-07,Hind Cargo Aggregates,Tier 3,WH-DEL-01,North Hub (Delhi-NCR),Regional Truckload,113.61,136.62,2025-12-20,2025-12-20,0,On-Time,1,0
SHP-20242555,2025-05-16,SUP-08,Indus Logistics Fab,Tier 3,WH-DEL-01,North Hub (Delhi-NCR),Regional Truckload,674.44,464.47,2025-05-21,2025-05-23,2,Delayed,0,0
SHP-20242556,2025-01-27,SUP-08,Indus Logistics Fab,Tier 3,WH-MUM-02,West Port (Mumbai),Express Air Freight,441.62,901.85,2025-01-29,2025-02-01,3,Delayed,0,0
SHP-20242557,2025-10-16,SUP-01,Apex Precision Components,Tier 1,WH-BLR-03,South Central (Bengaluru),Standard Rail Transport,837.21,632.94,2025-10-21,2025-10-21,0,On-Time,1,0
SHP-20242558,2025-09-03,SUP-08,Indus Logistics Fab,Tier 3,WH-MUM-02,West Port (Mumbai),Express Air Freight,785.09,1534.71,2025-09-07,2025-09-08,1,Delayed,0,0
SHP-20242559,2025-01-12,SUP-04,Evergreen Raw Materials,Tier 2,WH-KOL-04,East Gateway (Kolkata),Priority Surface Cargo,195.6,309.67,2025-01-14,2025-01-14,0,on-time  ,1,1
SHP-20242560,2024-09-04,SUP-05,Falcon Fasteners Corp,Tier 2,WH-KOL-04,East Gateway (Kolkata),Express Air Freight,783.53,1517.26,2024-09-10,2024-09-16,6,Delayed,0,0
SHP-20242561,2024-10-28,SUP-08,Indus Logistics Fab,Tier 3,WH-MUM-02,West Port (Mumbai),Priority Surface Cargo,210.44,274.66,2024-11-03,2024-11-03,0,On-Time,1,0
SHP-20242562,2024-10-01,SUP-03,Delta Electronics Hub,Tier 1,WH-MUM-02,West Port (Mumbai),Priority Surface Cargo,433.65,525.22,2024-10-05,2024-10-05,0,on-time  ,1,0
SHP-20242563,2024-11-21,SUP-01,Apex Precision Components,Tier 1,WH-KOL-04,East Gateway (Kolkata),Priority Surface Cargo,615.67,759.92,2024-11-26,2024-12-02,6,Delayed,0,1
SHP-20242564,2024-12-01,SUP-02,Bharat Heavy Forgings,Tier 1,WH-BLR-03,South Central (Bengaluru),Regional Truckload,105.74,154.35,2024-12-05,2024-12-05,0,On-Time,1,0
SHP-20242565,2024-02-07,SUP-07,Hind Cargo Aggregates,Tier 3,WH-DEL-01,North Hub (Delhi-NCR),Priority Surface Cargo,582.42,701.77,2024-02-09,2024-02-09,0,On-Time,1,0
SHP-20242566,2024-05-20,SUP-06,Global Polymer Solutions,Tier 2,WH-BLR-03,South Central (Bengaluru),Regional Truckload,195.39,161.81,2024-05-22,2024-05-22,0,On-Time,1,0
SHP-20242567,2025-08-16,SUP-05,Falcon Fasteners Corp,Tier 2,WH-BLR-03,South Central (Bengaluru),Standard Rail Transport,753.99,527.05,2025-08-20,2025-08-20,0,On-Time,1,0
SHP-20242568,2024-06-28,SUP-08,Indus Logistics Fab,Tier 3,WH-MUM-02,West Port (Mumbai),Standard Rail Transport,114.33,156.05,2024-06-30,2024-06-30,0,On-Time,1,0
SHP-20242569,2025-02-18,SUP-05,Falcon Fasteners Corp,Tier 2,WH-MUM-02,West Port (Mumbai),Standard Rail Transport,570.41,428.57,2025-02-23,2025-02-23,0,On-Time,1,0
SHP-20242570,2025-03-22,SUP-03,Delta Electronics Hub,Tier 1,WH-BLR-03,South Central (Bengaluru),Standard Rail Transport,628.88,449.07,2025-03-24,2025-03-27,3,Delayed,0,1
SHP-20242571,2024-02-23,SUP-07,Hind Cargo Aggregates,Tier 3,WH-BLR-03,South Central (Bengaluru),Standard Rail Transport,438.38,361.25,2024-02-27,2024-02-27,0,On-Time,1,0
SHP-20242572,2025-04-23,SUP-06,Global Polymer Solutions,Tier 2,WH-KOL-04,East Gateway (Kolkata),Priority Surface Cargo,837.9,962.42,2025-04-25,2025-04-25,0,On-Time,1,0
SHP-20242573,2025-05-31,SUP-06,Global Polymer Solutions,Tier 2,WH-MUM-02,West Port (Mumbai),Regional Truckload,773.46,566.05,2025-06-02,2025-06-02,0,On-Time,1,0
SHP-20242574,2025-11-21,SUP-03,Delta Electronics Hub,Tier 1,WH-BLR-03,South Central (Bengaluru),Priority Surface Cargo,796.84,945.03,2025-11-25,2025-11-25,0,On-Time,1,0
SHP-20242575,2024-03-29,SUP-01,Apex Precision Components,Tier 1,WH-DEL-01,North Hub (Delhi-NCR),Express Air Freight,523.13,1009.01,2024-04-04,2024-04-06,2,Delayed,0,0
SHP-20242576,2024-10-08,SUP-07,Hind Cargo Aggregates,Tier 3,WH-DEL-01,North Hub (Delhi-NCR),Regional Truckload,431.3,337.4,2024-10-11,2024-10-12,1,Delayed,0,0
SHP-20242577,2025-08-29,SUP-08,Indus Logistics Fab,Tier 3,WH-KOL-04,East Gateway (Kolkata),Regional Truckload,97.95,134.78,2025-09-01,2025-09-05,4,Delayed,0,0
SHP-20242578,2024-04-01,SUP-06,Global Polymer Solutions,Tier 2,WH-DEL-01,North Hub (Delhi-NCR),Express Air Freight,401.18,816.79,2024-04-04,2024-04-04,0,On-Time,1,0
SHP-20242579,2025-10-15,SUP-02,Bharat Heavy Forgings,Tier 1,WH-KOL-04,East Gateway (Kolkata),Standard Rail Transport,814.52,587.05,2025-10-18,2025-10-19,1,Delayed,0,0
SHP-20242580,2024-04-21,SUP-04,Evergreen Raw Materials,Tier 2,WH-BLR-03,South Central (Bengaluru),Express Air Freight,15.89,102.76,2024-04-25,2024-04-26,1,Delayed,0,0
SHP-20242581,2024-11-09,SUP-08,Indus Logistics Fab,Tier 3,WH-MUM-02,West Port (Mumbai),Express Air Freight,284.56,619.64,2024-11-11,2024-11-16,5,Delayed,0,0
SHP-20242582,2025-06-09,SUP-01,Apex Precision Components,Tier 1,WH-DEL-01,North Hub (Delhi-NCR),Express Air Freight,194.35,414.65,2025-06-12,2025-06-17,5,Delayed,0,0
SHP-20242583,2025-11-04,SUP-01,Apex Precision Components,Tier 1,WH-KOL-04,East Gateway (Kolkata),Express Air Freight,619.67,1227.64,2025-11-06,2025-11-06,0,on-time  ,1,0
SHP-20242584,2025-12-21,SUP-04,Evergreen Raw Materials,Tier 2,WH-DEL-01,North Hub (Delhi-NCR),Priority Surface Cargo,789.76,959.77,2025-12-26,2025-12-26,0,On-Time,1,1
SHP-20242585,2024-04-26,SUP-04,Evergreen Raw Materials,Tier 2,WH-KOL-04,East Gateway (Kolkata),Standard Rail Transport,564.03,457.54,2024-04-30,2024-05-05,5,Delayed,0,0
SHP-20242586,2025-01-01,SUP-05,Falcon Fasteners Corp,Tier 2,WH-KOL-04,East Gateway (Kolkata),Express Air Freight,118.12,244.9,2025-01-03,2025-01-05,2,Delayed,0,0
SHP-20242587,2024-01-16,SUP-05,Falcon Fasteners Corp,Tier 2,WH-MUM-02,West Port (Mumbai),Regional Truckload,823.81,569.4,2024-01-18,2024-01-19,1,Delayed,0,0
SHP-20242588,2025-10-11,SUP-07,Hind Cargo Aggregates,Tier 3,WH-DEL-01,North Hub (Delhi-NCR),Regional Truckload,354.67,318.69,2025-10-13,2025-10-17,4,Delayed,0,0
SHP-20242589,2025-05-03,SUP-06,Global Polymer Solutions,Tier 2,WH-BLR-03,South Central (Bengaluru),Express Air Freight,744.45,1419.92,2025-05-06,2025-05-10,4,Delayed,0,0
SHP-20242590,2024-04-28,SUP-05,Falcon Fasteners Corp,Tier 2,WH-KOL-04,East Gateway (Kolkata),Express Air Freight,464.88,889.67,2024-05-02,2024-05-03,1,Delayed,0,0
SHP-20242591,2024-02-20,SUP-01,Apex Precision Components,Tier 1,WH-BLR-03,South Central (Bengaluru),Express Air Freight,439.67,841.27,2024-02-24,2024-02-27,3,Delayed,0,0
SHP-20242592,2024-04-19,SUP-05,Falcon Fasteners Corp,Tier 2,WH-DEL-01,North Hub (Delhi-NCR),Standard Rail Transport,803.75,611.62,2024-04-23,2024-04-24,1,Delayed,0,0
SHP-20242593,2025-06-07,SUP-01,Apex Precision Components,Tier 1,WH-BLR-03,South Central (Bengaluru),Priority Surface Cargo,115.03,157.18,2025-06-11,2025-06-12,1,Delayed,0,0
SHP-20242594,2025-05-28,SUP-05,Falcon Fasteners Corp,Tier 2,WH-KOL-04,East Gateway (Kolkata),Standard Rail Transport,22.25,39.71,2025-06-03,2025-06-04,1,Delayed,0,0
SHP-20242595,2024-08-19,SUP-03,Delta Electronics Hub,Tier 1,WH-MUM-02,West Port (Mumbai),Standard Rail Transport,349.57,304.47,2024-08-21,2024-08-22,1,Delayed,0,1
SHP-20242596,2024-01-21,SUP-04,Evergreen Raw Materials,Tier 2,WH-DEL-01,North Hub (Delhi-NCR),Priority Surface Cargo,604.86,746.41,2024-01-23,2024-01-23,0,On-Time,1,0
SHP-20242597,2024-10-08,SUP-03,Delta Electronics Hub,Tier 1,WH-BLR-03,South Central (Bengaluru),Priority Surface Cargo,452.87,589.72,2024-10-14,2024-10-15,1,Delayed,0,0
SHP-20242598,2024-08-22,SUP-06,Global Polymer Solutions,Tier 2,WH-KOL-04,East Gateway (Kolkata),Express Air Freight,245.49,543.85,2024-08-25,2024-08-30,5,Delayed,0,0
SHP-20242599,2025-10-18,SUP-05,Falcon Fasteners Corp,Tier 2,WH-MUM-02,West Port (Mumbai),Express Air Freight,709.97,1393.28,2025-10-24,2025-10-27,3,Delayed,0,0
SHP-20242600,2025-08-15,SUP-07,Hind Cargo Aggregates,Tier 3,WH-BLR-03,South Central (Bengaluru),Priority Surface Cargo,676.68,796.81,2025-08-19,2025-08-20,1,Delayed,0,0
SHP-20242601,2025-08-07,SUP-07,Hind Cargo Aggregates,Tier 3,WH-MUM-02,West Port (Mumbai),Express Air Freight,479.67,926.68,2025-08-11,2025-08-11,0,On-Time,1,0
SHP-20242602,2025-05-13,SUP-08,Indus Logistics Fab,Tier 3,WH-DEL-01,North Hub (Delhi-NCR),Priority Surface Cargo,465.46,571.67,2025-05-18,2025-05-18,0,On-Time,1,0
SHP-20242603,2025-12-06,SUP-04,Evergreen Raw Materials,Tier 2,WH-KOL-04,East Gateway (Kolkata),Regional Truckload,211.52,207.41,2025-12-10,2025-12-11,1,Delayed,0,0
SHP-20242604,2024-11-15,SUP-04,Evergreen Raw Materials,Tier 2,WH-KOL-04,East Gateway (Kolkata),Regional Truckload,396.11,343.41,2024-11-21,2024-11-25,4,Delayed,0,0
SHP-20242605,2025-05-13,SUP-08,Indus Logistics Fab,Tier 3,WH-KOL-04,East Gateway (Kolkata),Standard Rail Transport,486.08,387.82,2025-05-15,2025-05-21,6,Delayed,0,0
SHP-20242606,2025-09-17,SUP-05,Falcon Fasteners Corp,Tier 2,WH-BLR-03,South Central (Bengaluru),Standard Rail Transport,623.56,470.84,2025-09-20,2025-09-20,0,On-Time,1,0
SHP-20242607,2024-11-24,SUP-01,Apex Precision Components,Tier 1,WH-DEL-01,North Hub (Delhi-NCR),Regional Truckload,611.37,451.08,2024-11-29,2024-11-30,1,Delayed,0,0
SHP-20242608,2024-10-12,SUP-04,Evergreen Raw Materials,Tier 2,WH-BLR-03,South Central (Bengaluru),Priority Surface Cargo,254.21,311.91,2024-10-17,2024-10-17,0,On-Time,1,0
SHP-20242609,2025-03-06,SUP-03,Delta Electronics Hub,Tier 1,WH-DEL-01,North Hub (Delhi-NCR),Standard Rail Transport,470.09,390.6,2025-03-08,2025-03-08,0,On-Time,1,0
SHP-20242610,2024-12-23,SUP-05,Falcon Fasteners Corp,Tier 2,WH-MUM-02,West Port (Mumbai),Standard Rail Transport,273.32,232.09,2024-12-26,2024-12-26,0,On-Time,1,0
SHP-20242611,2024-12-01,SUP-03,Delta Electronics Hub,Tier 1,WH-BLR-03,South Central (Bengaluru),Regional Truckload,364.58,268.08,2024-12-06,2024-12-06,0,On-Time,1,0
SHP-20242612,2024-09-15,SUP-04,Evergreen Raw Materials,Tier 2,WH-KOL-04,East Gateway (Kolkata),Standard Rail Transport,609.8,464.64,2024-09-18,2024-09-26,8,Delayed,0,0
SHP-20242613,2025-08-20,SUP-01,Apex Precision Components,Tier 1,WH-DEL-01,North Hub (Delhi-NCR),Standard Rail Transport,380.9,274.0,2025-08-25,2025-08-29,4,Delayed,0,0
SHP-20242614,2025-10-16,SUP-06,Global Polymer Solutions,Tier 2,WH-DEL-01,North Hub (Delhi-NCR),Express Air Freight,160.38,362.24,2025-10-21,2025-10-24,3,Delayed,0,0
SHP-20242615,2024-06-13,SUP-03,Delta Electronics Hub,Tier 1,WH-DEL-01,North Hub (Delhi-NCR),Priority Surface Cargo,297.84,398.9,2024-06-16,2024-06-16,0,On-Time,1,0
SHP-20242616,2025-04-10,SUP-05,Falcon Fasteners Corp,Tier 2,WH-DEL-01,North Hub (Delhi-NCR),Priority Surface Cargo,239.93,350.4,2025-04-13,2025-04-19,6,Delayed,0,0
SHP-20242617,2025-10-24,SUP-01,Apex Precision Components,Tier 1,WH-DEL-01,North Hub (Delhi-NCR),Express Air Freight,728.16,1417.7,2025-10-30,2025-11-01,2,Delayed,0,0
SHP-20242618,2024-09-19,SUP-04,Evergreen Raw Materials,Tier 2,WH-KOL-04,East Gateway (Kolkata),Express Air Freight,634.44,1237.08,2024-09-21,2024-09-25,4,Delayed,0,0
SHP-20242619,2024-06-11,SUP-03,Delta Electronics Hub,Tier 1,WH-MUM-02,West Port (Mumbai),Priority Surface Cargo,830.1,1007.79,2024-06-17,2024-06-18,1,Delayed,0,0
SHP-20242620,2024-04-18,SUP-07,Hind Cargo Aggregates,Tier 3,WH-BLR-03,South Central (Bengaluru),Regional Truckload,181.05,173.64,2024-04-22,2024-04-23,1,Delayed,0,0
SHP-20242621,2025-01-31,SUP-02,Bharat Heavy Forgings,Tier 1,WH-MUM-02,West Port (Mumbai),Regional Truckload,666.69,524.46,2025-02-06,2025-02-06,0,On-Time,1,0
SHP-20242622,2025-03-31,SUP-03,Delta Electronics Hub,Tier 1,WH-BLR-03,South Central (Bengaluru),Express Air Freight,718.44,1406.81,2025-04-04,2025-04-05,1,Delayed,0,0
SHP-20242623,2024-09-19,SUP-03,Delta Electronics Hub,Tier 1,WH-KOL-04,East Gateway (Kolkata),Regional Truckload,527.44,431.03,2024-09-21,2024-09-26,5,Delayed,0,0
SHP-20242624,2025-10-17,SUP-08,Indus Logistics Fab,Tier 3,WH-BLR-03,South Central (Bengaluru),Standard Rail Transport,82.71,99.61,2025-10-20,2025-10-24,4,Delayed,0,0
SHP-20242625,2025-12-08,SUP-05,Falcon Fasteners Corp,Tier 2,WH-KOL-04,East Gateway (Kolkata),Priority Surface Cargo,458.86,596.46,2025-12-12,2025-12-15,3,Delayed,0,0
SHP-20242626,2024-03-19,SUP-02,Bharat Heavy Forgings,Tier 1,WH-KOL-04,East Gateway (Kolkata),Regional Truckload,778.97,586.75,2024-03-25,2024-03-26,1,Delayed,0,0
SHP-20242627,2025-02-06,SUP-07,Hind Cargo Aggregates,Tier 3,WH-KOL-04,East Gateway (Kolkata),Priority Surface Cargo,603.39,691.41,2025-02-11,2025-02-15,4,Delayed,0,0
SHP-20242628,2024-12-21,SUP-02,Bharat Heavy Forgings,Tier 1,WH-KOL-04,East Gateway (Kolkata),Standard Rail Transport,122.36,168.33,2024-12-24,2024-12-29,5,Delayed,0,0
SHP-20242629,2025-03-21,SUP-04,Evergreen Raw Materials,Tier 2,WH-BLR-03,South Central (Bengaluru),Regional Truckload,294.97,266.6,2025-03-23,2025-03-23,0,On-Time,1,0
SHP-20242630,2025-08-26,SUP-02,Bharat Heavy Forgings,Tier 1,WH-KOL-04,East Gateway (Kolkata),Standard Rail Transport,573.23,422.27,2025-09-01,2025-09-07,6,Delayed,0,0
SHP-20242631,2025-05-03,SUP-04,Evergreen Raw Materials,Tier 2,WH-KOL-04,East Gateway (Kolkata),Standard Rail Transport,364.44,284.12,2025-05-08,2025-05-10,2,Delayed,0,0
SHP-20242632,2025-08-28,SUP-04,Evergreen Raw Materials,Tier 2,WH-DEL-01,North Hub (Delhi-NCR),Standard Rail Transport,391.04,284.85,02/09/2025,2025-09-02,0,On-Time,1,0
SHP-20242633,2024-04-30,SUP-05,Falcon Fasteners Corp,Tier 2,WH-DEL-01,North Hub (Delhi-NCR),Priority Surface Cargo,583.82,728.12,2024-05-05,2024-05-06,1,Delayed,0,0
SHP-20242634,2025-03-28,SUP-04,Evergreen Raw Materials,Tier 2,WH-BLR-03,South Central (Bengaluru),Regional Truckload,540.01,417.74,2025-04-03,2025-04-03,0,On-Time,1,0
SHP-20242635,2024-03-02,SUP-07,Hind Cargo Aggregates,Tier 3,WH-BLR-03,South Central (Bengaluru),Express Air Freight,273.56,570.23,2024-03-06,2024-03-07,1,Delayed,0,0
SHP-20242636,2025-01-08,SUP-01,Apex Precision Components,Tier 1,WH-DEL-01,North Hub (Delhi-NCR),Priority Surface Cargo,68.95,141.95,2025-01-14,2025-01-15,1,Delayed,0,0
SHP-20242637,2024-12-12,SUP-06,Global Polymer Solutions,Tier 2,WH-BLR-03,South Central (Bengaluru),Priority Surface Cargo,265.11,326.11,2024-12-15,2024-12-15,0,On-Time,1,0
SHP-20242638,2025-11-16,SUP-05,Falcon Fasteners Corp,Tier 2,WH-MUM-02,West Port (Mumbai),Priority Surface Cargo,684.28,810.6,21/11/2025,2025-11-21,0,On-Time,1,0
SHP-20242639,2024-06-21,SUP-01,Apex Precision Components,Tier 1,WH-BLR-03,South Central (Bengaluru),Express Air Freight,654.17,1303.48,2024-06-25,2024-06-28,3,Delayed,0,0
SHP-20242640,2025-08-08,SUP-03,Delta Electronics Hub,Tier 1,WH-DEL-01,North Hub (Delhi-NCR),Standard Rail Transport,229.21,176.04,2025-08-14,2025-08-15,1,Delayed,0,0
SHP-20242641,2024-12-11,SUP-07,Hind Cargo Aggregates,Tier 3,WH-DEL-01,North Hub (Delhi-NCR),Standard Rail Transport,130.59,146.76,2024-12-14,2024-12-16,2,Delayed,0,0
SHP-20242642,2025-10-29,SUP-05,Falcon Fasteners Corp,Tier 2,WH-DEL-01,North Hub (Delhi-NCR),Priority Surface Cargo,463.79,540.66,2025-11-04,2025-11-05,1,Delayed,0,0
SHP-20242643,2025-03-11,SUP-02,Bharat Heavy Forgings,Tier 1,WH-MUM-02,West Port (Mumbai),Priority Surface Cargo,198.42,281.09,2025-03-15,2025-03-17,2,Delayed,0,0
SHP-20242644,2025-05-22,SUP-07,Hind Cargo Aggregates,Tier 3,WH-BLR-03,South Central (Bengaluru),Priority Surface Cargo,260.34,356.39,2025-05-25,2025-05-26,1,Delayed,0,0
SHP-20242645,2024-08-10,SUP-06,Global Polymer Solutions,Tier 2,WH-DEL-01,North Hub (Delhi-NCR),Regional Truckload,92.87,115.99,2024-08-16,2024-08-18,2,Delayed,0,0
SHP-20242646,2025-09-17,SUP-06,Global Polymer Solutions,Tier 2,WH-MUM-02,West Port (Mumbai),Priority Surface Cargo,649.19,764.63,2025-09-21,2025-09-21,0,On-Time,1,0
SHP-20242647,2024-09-18,SUP-08,Indus Logistics Fab,Tier 3,WH-DEL-01,North Hub (Delhi-NCR),Priority Surface Cargo,539.14,651.71,2024-09-24,2024-09-29,5,Delayed,0,0
SHP-20242648,2025-10-14,SUP-06,Global Polymer Solutions,Tier 2,WH-KOL-04,East Gateway (Kolkata),Express Air Freight,539.76,1027.67,2025-10-20,2025-10-23,3,Delayed,0,0
SHP-20242649,2024-05-03,SUP-02,Bharat Heavy Forgings,Tier 1,WH-KOL-04,East Gateway (Kolkata),Express Air Freight,518.82,998.13,2024-05-07,2024-05-08,1,Delayed,0,0
SHP-20242650,2025-04-23,SUP-01,Apex Precision Components,Tier 1,WH-MUM-02,West Port (Mumbai),Standard Rail Transport,59.45,71.13,2025-04-28,2025-04-28,0,On-Time,1,0
SHP-20242651,2024-01-25,SUP-03,Delta Electronics Hub,Tier 1,WH-MUM-02,West Port (Mumbai),Express Air Freight,777.63,1491.32,2024-01-30,2024-01-30,0,On-Time,1,0
SHP-20242652,2025-01-22,SUP-08,Indus Logistics Fab,Tier 3,WH-MUM-02,West Port (Mumbai),Regional Truckload,105.29,105.04,2025-01-26,2025-01-27,1,Delayed,0,0
SHP-20242653,2024-12-09,SUP-06,Global Polymer Solutions,Tier 2,WH-KOL-04,East Gateway (Kolkata),Regional Truckload,474.7,339.63,2024-12-13,2024-12-20,7,Delayed,0,0
SHP-20242654,2025-07-07,SUP-08,Indus Logistics Fab,Tier 3,WH-MUM-02,West Port (Mumbai),Regional Truckload,547.82,385.48,2025-07-09,2025-07-09,0,On-Time,1,0
SHP-20242655,2025-09-15,SUP-01,Apex Precision Components,Tier 1,WH-BLR-03,South Central (Bengaluru),Express Air Freight,551.65,1048.22,2025-09-19,2025-09-19,0,on-time  ,1,0
SHP-20242656,2024-02-29,SUP-08,Indus Logistics Fab,Tier 3,WH-BLR-03,South Central (Bengaluru),Priority Surface Cargo,572.86,666.25,2024-03-04,2024-03-04,0,On-Time,1,0
SHP-20242657,2024-08-03,SUP-03,Delta Electronics Hub,Tier 1,WH-DEL-01,North Hub (Delhi-NCR),Standard Rail Transport,306.09,253.84,2024-08-09,2024-08-09,0,On-Time,1,0
SHP-20242658,2025-03-04,SUP-06,Global Polymer Solutions,Tier 2,WH-DEL-01,North Hub (Delhi-NCR),Regional Truckload,677.96,510.45,2025-03-09,2025-03-10,1,Delayed,0,0
SHP-20242659,2025-10-13,SUP-05,Falcon Fasteners Corp,Tier 2,WH-MUM-02,West Port (Mumbai),Priority Surface Cargo,484.76,562.8,2025-10-17,2025-10-17,0,On-Time,1,0
SHP-20242660,2024-02-02,SUP-04,Evergreen Raw Materials,Tier 2,WH-KOL-04,East Gateway (Kolkata),Regional Truckload,291.02,247.12,2024-02-05,2024-02-05,0,On-Time,1,0
SHP-20242661,2024-04-15,SUP-05,Falcon Fasteners Corp,Tier 2,WH-KOL-04,East Gateway (Kolkata),Express Air Freight,244.09,502.96,2024-04-17,2024-04-17,0,On-Time,1,0
SHP-20242662,2025-07-26,SUP-01,Apex Precision Components,Tier 1,WH-BLR-03,South Central (Bengaluru),Express Air Freight,247.23,505.87,2025-07-29,2025-07-29,0,On-Time,1,0
SHP-20242663,2024-11-13,SUP-05,Falcon Fasteners Corp,Tier 2,WH-MUM-02,West Port (Mumbai),Standard Rail Transport,272.87,242.6,2024-11-16,2024-11-20,4,Delayed,0,0
SHP-20242664,2024-10-26,SUP-05,Falcon Fasteners Corp,Tier 2,WH-MUM-02,West Port (Mumbai),Standard Rail Transport,545.62,439.67,2024-10-31,2024-11-01,1,Delayed,0,0
SHP-20242665,2025-02-01,SUP-06,Global Polymer Solutions,Tier 2,WH-MUM-02,West Port (Mumbai),Express Air Freight,648.12,1253.43,2025-02-06,2025-02-08,2,Delayed,0,0
SHP-20242666,2024-07-30,SUP-03,Delta Electronics Hub,Tier 1,WH-KOL-04,East Gateway (Kolkata),Regional Truckload,152.57,145.42,2024-08-04,2024-08-10,6,Delayed,0,0
SHP-20242667,2025-11-29,SUP-02,Bharat Heavy Forgings,Tier 1,WH-KOL-04,East Gateway (Kolkata),Express Air Freight,479.54,948.14,2025-12-04,2025-12-06,2,Delayed,0,0
SHP-20242668,2025-12-06,SUP-07,Hind Cargo Aggregates,Tier 3,WH-MUM-02,West Port (Mumbai),Express Air Freight,460.62,903.65,09/12/2025,2025-12-10,1,Delayed,0,0
SHP-20242669,2025-12-03,SUP-04,Evergreen Raw Materials,Tier 2,WH-KOL-04,East Gateway (Kolkata),Priority Surface Cargo,-74.64,147.14,2025-12-09,2025-12-09,0,On-Time,1,0
SHP-20242670,2024-05-24,SUP-07,Hind Cargo Aggregates,Tier 3,WH-MUM-02,West Port (Mumbai),Regional Truckload,506.45,388.51,2024-05-26,2024-06-01,6,Delayed,0,0
SHP-20242671,2025-10-07,SUP-06,Global Polymer Solutions,Tier 2,WH-BLR-03,South Central (Bengaluru),Standard Rail Transport,207.87,165.47,2025-10-13,2025-10-13,0,On-Time,1,1
SHP-20242672,2025-10-28,SUP-04,Evergreen Raw Materials,Tier 2,WH-BLR-03,South Central (Bengaluru),Priority Surface Cargo,707.49,831.85,2025-10-30,2025-10-30,0,On-Time,1,0
SHP-20242673,2024-11-12,SUP-01,Apex Precision Components,Tier 1,WH-BLR-03,South Central (Bengaluru),Express Air Freight,775.5,1523.33,2024-11-16,2024-11-17,1,Delayed,0,0
SHP-20242674,2025-07-23,SUP-05,Falcon Fasteners Corp,Tier 2,WH-KOL-04,East Gateway (Kolkata),Regional Truckload,218.94,172.31,2025-07-29,2025-07-30,1,Delayed,0,0
SHP-20242675,2024-03-12,SUP-03,Delta Electronics Hub,Tier 1,WH-MUM-02,West Port (Mumbai),Standard Rail Transport,793.01,594.8,2024-03-14,2024-03-14,0,On-Time,1,0
SHP-20242676,2024-10-22,SUP-01,Apex Precision Components,Tier 1,WH-MUM-02,West Port (Mumbai),Regional Truckload,619.05,438.57,2024-10-24,2024-10-25,1,Delayed,0,0
SHP-20242677,2025-11-14,SUP-03,Delta Electronics Hub,Tier 1,WH-DEL-01,North Hub (Delhi-NCR),Express Air Freight,745.06,1452.65,2025-11-16,2025-11-16,0,On-Time,1,0
SHP-20242678,2025-02-02,SUP-07,Hind Cargo Aggregates,Tier 3,WH-KOL-04,East Gateway (Kolkata),Priority Surface Cargo,718.63,880.57,2025-02-05,2025-02-05,0,On-Time,1,0
SHP-20242679,2024-12-25,SUP-02,Bharat Heavy Forgings,Tier 1,WH-BLR-03,South Central (Bengaluru),Priority Surface Cargo,16.56,52.9,2024-12-31,2024-12-31,0,On-Time,1,0
SHP-20242680,2025-04-12,SUP-05,Falcon Fasteners Corp,Tier 2,WH-DEL-01,North Hub (Delhi-NCR),Standard Rail Transport,595.32,419.14,2025-04-17,2025-04-17,0,On-Time,1,0
SHP-20242681,2024-01-31,SUP-05,Falcon Fasteners Corp,Tier 2,WH-BLR-03,South Central (Bengaluru),Regional Truckload,404.55,304.94,2024-02-03,2024-02-03,0,On-Time,1,0
SHP-20242682,2025-04-28,SUP-04,Evergreen Raw Materials,Tier 2,WH-KOL-04,East Gateway (Kolkata),Regional Truckload,332.83,286.69,2025-05-03,2025-05-03,0,On-Time,1,0
SHP-20242683,2024-08-13,SUP-05,Falcon Fasteners Corp,Tier 2,WH-KOL-04,East Gateway (Kolkata),Priority Surface Cargo,221.37,279.43,2024-08-19,2024-08-20,1,Delayed,0,0
SHP-20242684,2024-04-23,SUP-01,Apex Precision Components,Tier 1,WH-DEL-01,North Hub (Delhi-NCR),Regional Truckload,417.31,300.07,2024-04-26,2024-04-27,1,Delayed,0,0
SHP-20242685,2024-11-13,SUP-01,Apex Precision Components,Tier 1,WH-BLR-03,South Central (Bengaluru),Priority Surface Cargo,-134.18,193.68,2024-11-15,2024-11-15,0,On-Time,1,0
SHP-20242686,2024-10-26,SUP-02,Bharat Heavy Forgings,Tier 1,WH-BLR-03,South Central (Bengaluru),Priority Surface Cargo,445.39,541.97,2024-10-31,2024-11-01,1,Delayed,0,0
SHP-20242687,2025-01-07,SUP-07,Hind Cargo Aggregates,Tier 3,WH-DEL-01,North Hub (Delhi-NCR),Express Air Freight,680.75,1305.85,2025-01-10,2025-01-13,3,Delayed,0,0
SHP-20242688,2024-05-23,SUP-03,Delta Electronics Hub,Tier 1,WH-DEL-01,North Hub (Delhi-NCR),Express Air Freight,44.72,115.79,2024-05-26,2024-05-29,3,Delayed,0,0
SHP-20242689,2025-12-09,SUP-02,Bharat Heavy Forgings,Tier 1,WH-BLR-03,South Central (Bengaluru),Standard Rail Transport,255.11,219.62,2025-12-13,2025-12-13,0,On-Time,1,0
SHP-20242690,2024-07-04,SUP-03,Delta Electronics Hub,Tier 1,WH-KOL-04,East Gateway (Kolkata),Regional Truckload,628.52,458.74,2024-07-08,2024-07-10,2,Delayed,0,0
SHP-20242691,2024-06-25,SUP-05,Falcon Fasteners Corp,Tier 2,WH-BLR-03,South Central (Bengaluru),Standard Rail Transport,209.69,219.42,2024-06-28,2024-06-29,1,Delayed,0,0
SHP-20242692,2024-03-06,SUP-07,Hind Cargo Aggregates,Tier 3,WH-KOL-04,East Gateway (Kolkata),Priority Surface Cargo,617.43,756.0,2024-03-09,2024-03-11,2,Delayed,0,0
SHP-20242693,2025-08-16,SUP-02,Bharat Heavy Forgings,Tier 1,WH-DEL-01,North Hub (Delhi-NCR),Express Air Freight,-410.62,823.95,2025-08-19,2025-08-24,5,Delayed,0,0
SHP-20242694,2024-07-04,SUP-08,Indus Logistics Fab,Tier 3,WH-MUM-02,West Port (Mumbai),Express Air Freight,372.87,716.23,2024-07-07,2024-07-07,0,On-Time,1,0
SHP-20242695,2025-01-27,SUP-02,Bharat Heavy Forgings,Tier 1,WH-MUM-02,West Port (Mumbai),Priority Surface Cargo,73.52,151.29,2025-01-29,2025-01-29,0,On-Time,1,0
SHP-20242696,2024-03-08,SUP-05,Falcon Fasteners Corp,Tier 2,WH-BLR-03,South Central (Bengaluru),Standard Rail Transport,469.31,398.57,2024-03-14,2024-03-14,0,On-Time,1,0
SHP-20242697,2024-07-05,SUP-01,Apex Precision Components,Tier 1,WH-MUM-02,West Port (Mumbai),Express Air Freight,795.32,1520.73,2024-07-07,2024-07-08,1,Delayed,0,0
SHP-20242698,2025-08-08,SUP-05,Falcon Fasteners Corp,Tier 2,WH-DEL-01,North Hub (Delhi-NCR),Standard Rail Transport,684.9,500.82,2025-08-12,2025-08-17,5,Delayed,0,0
SHP-20242699,2024-01-10,SUP-01,Apex Precision Components,Tier 1,WH-KOL-04,East Gateway (Kolkata),Regional Truckload,802.11,588.65,2024-01-15,2024-01-17,2,Delayed,0,0
SHP-20242700,2025-09-03,SUP-05,Falcon Fasteners Corp,Tier 2,WH-DEL-01,North Hub (Delhi-NCR),Priority Surface Cargo,557.69,640.4,2025-09-06,2025-09-07,1,Delayed,0,0
SHP-20242701,2025-05-08,SUP-08,Indus Logistics Fab,Tier 3,WH-BLR-03,South Central (Bengaluru),Express Air Freight,167.47,399.3,2025-05-14,2025-05-22,8,Delayed,0,0
SHP-20242702,2024-05-31,SUP-04,Evergreen Raw Materials,Tier 2,WH-MUM-02,West Port (Mumbai),Priority Surface Cargo,328.13,394.45,2024-06-04,2024-06-10,6,Delayed,0,0
SHP-20242703,2024-12-03,SUP-05,Falcon Fasteners Corp,Tier 2,WH-MUM-02,West Port (Mumbai),Priority Surface Cargo,655.39,806.69,2024-12-05,2024-12-06,1,Delayed,0,1
SHP-20242704,2024-07-07,SUP-05,Falcon Fasteners Corp,Tier 2,WH-BLR-03,South Central (Bengaluru),Priority Surface Cargo,454.34,533.7,2024-07-09,2024-07-10,1,Delayed,0,0
SHP-20242705,2024-03-27,SUP-06,Global Polymer Solutions,Tier 2,WH-KOL-04,East Gateway (Kolkata),Standard Rail Transport,650.95,496.13,2024-03-29,2024-04-03,5,Delayed,0,0
SHP-20242706,2025-05-15,SUP-07,Hind Cargo Aggregates,Tier 3,WH-MUM-02,West Port (Mumbai),Priority Surface Cargo,307.37,427.4,2025-05-18,2025-05-19,1,Delayed,0,0
SHP-20242707,2025-07-29,SUP-01,Apex Precision Components,Tier 1,WH-BLR-03,South Central (Bengaluru),Express Air Freight,658.64,1304.54,2025-08-04,2025-08-04,0,On-Time,1,0
SHP-20242708,2025-06-10,SUP-08,Indus Logistics Fab,Tier 3,WH-MUM-02,West Port (Mumbai),Regional Truckload,21.76,95.75,2025-06-12,2025-06-15,3,Delayed,0,0
SHP-20242709,2024-05-08,SUP-06,Global Polymer Solutions,Tier 2,WH-KOL-04,East Gateway (Kolkata),Standard Rail Transport,743.75,543.47,2024-05-10,2024-05-11,1,delayed  ,0,0
SHP-20242710,2024-12-03,SUP-08,Indus Logistics Fab,Tier 3,WH-BLR-03,South Central (Bengaluru),Express Air Freight,841.96,1593.32,2024-12-08,2024-12-11,3,Delayed,0,0
SHP-20242711,2025-09-19,SUP-08,Indus Logistics Fab,Tier 3,WH-DEL-01,North Hub (Delhi-NCR),Express Air Freight,347.4,706.61,2025-09-24,2025-09-24,0,On-Time,1,0
SHP-20242712,2024-08-13,SUP-05,Falcon Fasteners Corp,Tier 2,WH-DEL-01,North Hub (Delhi-NCR),Express Air Freight,486.28,980.44,2024-08-19,2024-08-20,1,Delayed,0,0
SHP-20242713,2024-02-19,SUP-01,Apex Precision Components,Tier 1,WH-BLR-03,South Central (Bengaluru),Priority Surface Cargo,802.68,965.33,2024-02-24,2024-02-25,1,Delayed,0,0
SHP-20242714,2024-10-14,SUP-03,Delta Electronics Hub,Tier 1,WH-DEL-01,North Hub (Delhi-NCR),Priority Surface Cargo,581.02,695.0,2024-10-16,2024-10-16,0,On-Time,1,0
SHP-20242715,2025-04-06,SUP-05,Falcon Fasteners Corp,Tier 2,WH-BLR-03,South Central (Bengaluru),Priority Surface Cargo,257.25,375.76,2025-04-08,2025-04-09,1,Delayed,0,0
SHP-20242716,2024-11-04,SUP-08,Indus Logistics Fab,Tier 3,WH-KOL-04,East Gateway (Kolkata),Standard Rail Transport,372.47,269.01,2024-11-06,2024-11-11,5,Delayed,0,0
SHP-20242717,2024-08-13,SUP-04,Evergreen Raw Materials,Tier 2,WH-BLR-03,South Central (Bengaluru),Standard Rail Transport,440.25,334.05,2024-08-17,2024-08-18,1,Delayed,0,0
SHP-20242718,2024-11-02,SUP-06,Global Polymer Solutions,Tier 2,WH-BLR-03,South Central (Bengaluru),Priority Surface Cargo,404.46,501.94,2024-11-07,2024-11-07,0,On-Time,1,0
SHP-20242719,2024-07-18,SUP-02,Bharat Heavy Forgings,Tier 1,WH-KOL-04,East Gateway (Kolkata),Express Air Freight,343.94,702.94,2024-07-20,2024-07-20,0,On-Time,1,0
SHP-20242720,2024-07-06,SUP-01,Apex Precision Components,Tier 1,WH-BLR-03,South Central (Bengaluru),Express Air Freight,371.01,746.81,2024-07-11,2024-07-12,1,Delayed,0,0
SHP-20242721,2025-09-03,SUP-06,Global Polymer Solutions,Tier 2,WH-BLR-03,South Central (Bengaluru),Express Air Freight,173.3,404.9,2025-09-05,2025-09-08,3,Delayed,0,0
SHP-20242722,2025-12-21,SUP-03,Delta Electronics Hub,Tier 1,WH-MUM-02,West Port (Mumbai),Express Air Freight,453.29,883.91,2025-12-23,2025-12-23,0,On-Time,1,0
SHP-20242723,2024-07-01,SUP-06,Global Polymer Solutions,Tier 2,WH-DEL-01,North Hub (Delhi-NCR),Standard Rail Transport,761.9,526.54,2024-07-06,2024-07-09,3,Delayed,0,0
SHP-20242724,2025-10-20,SUP-02,Bharat Heavy Forgings,Tier 1,WH-DEL-01,North Hub (Delhi-NCR),Standard Rail Transport,711.34,526.09,2025-10-25,2025-10-25,0,On-Time,1,0
SHP-20242725,2024-10-28,SUP-08,Indus Logistics Fab,Tier 3,WH-MUM-02,West Port (Mumbai),Express Air Freight,400.51,813.41,2024-11-01,2024-11-04,3,Delayed,0,0
SHP-20242726,2024-04-21,SUP-05,Falcon Fasteners Corp,Tier 2,WH-MUM-02,West Port (Mumbai),Priority Surface Cargo,241.15,338.35,2024-04-25,2024-04-25,0,On-Time,1,0
SHP-20242727,2024-10-16,SUP-01,Apex Precision Components,Tier 1,WH-MUM-02,West Port (Mumbai),Express Air Freight,394.58,817.1,2024-10-18,2024-10-21,3,Delayed,0,0
SHP-20242728,2025-11-04,SUP-03,Delta Electronics Hub,Tier 1,WH-MUM-02,West Port (Mumbai),Express Air Freight,705.39,1382.43,2025-11-10,2025-11-10,0,On-Time,1,0
SHP-20242729,2024-01-25,SUP-02,Bharat Heavy Forgings,Tier 1,WH-DEL-01,North Hub (Delhi-NCR),Express Air Freight,766.42,1476.9,31/01/2024,2024-01-31,0,On-Time,1,0
SHP-20242730,2024-05-21,SUP-04,Evergreen Raw Materials,Tier 2,WH-BLR-03,South Central (Bengaluru),Express Air Freight,607.64,1156.38,2024-05-24,2024-05-27,3,delayed  ,0,1
SHP-20242731,2024-08-31,SUP-04,Evergreen Raw Materials,Tier 2,WH-BLR-03,South Central (Bengaluru),Standard Rail Transport,473.28,370.89,2024-09-05,2024-09-05,0,On-Time,1,0
SHP-20242732,2025-10-30,SUP-04,Evergreen Raw Materials,Tier 2,WH-KOL-04,East Gateway (Kolkata),Express Air Freight,197.89,457.86,2025-11-01,2025-11-08,7,Delayed,0,0
SHP-20242733,2025-03-30,SUP-04,Evergreen Raw Materials,Tier 2,WH-DEL-01,North Hub (Delhi-NCR),Standard Rail Transport,476.64,349.44,2025-04-03,2025-04-03,0,On-Time,1,0
SHP-20242734,2024-10-14,SUP-08,Indus Logistics Fab,Tier 3,WH-KOL-04,East Gateway (Kolkata),Priority Surface Cargo,282.32,360.85,2024-10-20,2024-10-24,4,Delayed,0,0
SHP-20242735,2025-10-05,SUP-03,Delta Electronics Hub,Tier 1,WH-KOL-04,East Gateway (Kolkata),Regional Truckload,190.65,182.52,2025-10-10,2025-10-11,1,Delayed,0,0
SHP-20242736,2024-12-30,SUP-01,Apex Precision Components,Tier 1,WH-DEL-01,North Hub (Delhi-NCR),Regional Truckload,282.03,270.31,2025-01-05,2025-01-05,0,On-Time,1,0
SHP-20242737,2025-08-05,SUP-05,Falcon Fasteners Corp,Tier 2,WH-BLR-03,South Central (Bengaluru),Priority Surface Cargo,244.77,349.81,2025-08-11,2025-08-11,0,On-Time,1,0
SHP-20242738,2024-08-02,SUP-01,Apex Precision Components,Tier 1,WH-BLR-03,South Central (Bengaluru),Express Air Freight,378.48,763.71,2024-08-04,2024-08-08,4,Delayed,0,0
SHP-20242739,2024-05-12,SUP-07,Hind Cargo Aggregates,Tier 3,WH-BLR-03,South Central (Bengaluru),Regional Truckload,394.37,320.41,2024-05-18,2024-05-18,0,On-Time,1,0
SHP-20242740,2024-08-08,SUP-08,Indus Logistics Fab,Tier 3,WH-MUM-02,West Port (Mumbai),Priority Surface Cargo,727.97,865.12,2024-08-13,2024-08-13,0,On-Time,1,0
SHP-20242741,2024-02-20,SUP-01,Apex Precision Components,Tier 1,WH-KOL-04,East Gateway (Kolkata),Standard Rail Transport,83.88,139.97,2024-02-26,2024-02-26,0,On-Time,1,0
SHP-20242742,2024-01-20,SUP-05,Falcon Fasteners Corp,Tier 2,WH-MUM-02,West Port (Mumbai),Express Air Freight,801.26,1509.95,2024-01-26,2024-01-27,1,Delayed,0,0
SHP-20242743,2025-10-02,SUP-05,Falcon Fasteners Corp,Tier 2,WH-MUM-02,West Port (Mumbai),Priority Surface Cargo,191.02,299.23,2025-10-07,2025-10-07,0,On-Time,1,0
SHP-20242744,2025-10-12,SUP-05,Falcon Fasteners Corp,Tier 2,WH-KOL-04,East Gateway (Kolkata),Standard Rail Transport,330.99,294.81,2025-10-17,2025-10-18,1,Delayed,0,0
SHP-20242745,2025-11-26,SUP-02,Bharat Heavy Forgings,Tier 1,WH-BLR-03,South Central (Bengaluru),Regional Truckload,365.59,267.25,2025-11-29,2025-11-29,0,On-Time,1,0
SHP-20242746,2024-04-02,SUP-03,Delta Electronics Hub,Tier 1,WH-MUM-02,West Port (Mumbai),Standard Rail Transport,405.21,295.7,2024-04-08,2024-04-09,1,Delayed,0,0
SHP-20242747,2025-06-25,SUP-07,Hind Cargo Aggregates,Tier 3,WH-DEL-01,North Hub (Delhi-NCR),Priority Surface Cargo,491.74,631.5,2025-06-29,2025-06-29,0,On-Time,1,0
SHP-20242748,2025-03-21,SUP-07,Hind Cargo Aggregates,Tier 3,WH-KOL-04,East Gateway (Kolkata),Regional Truckload,250.19,216.53,2025-03-23,2025-03-23,0,On-Time,1,0
SHP-20242749,2025-09-13,SUP-02,Bharat Heavy Forgings,Tier 1,WH-MUM-02,West Port (Mumbai),Express Air Freight,504.4,972.94,2025-09-17,2025-09-17,0,On-Time,1,0
SHP-20242750,2024-11-28,SUP-06,Global Polymer Solutions,Tier 2,WH-DEL-01,North Hub (Delhi-NCR),Priority Surface Cargo,536.96,669.06,2024-12-02,2024-12-02,0,On-Time,1,0
SHP-20242751,2024-10-28,SUP-03,Delta Electronics Hub,Tier 1,WH-KOL-04,East Gateway (Kolkata),Express Air Freight,828.24,1625.14,2024-11-03,2024-11-04,1,Delayed,0,0
SHP-20242752,2024-03-27,SUP-04,Evergreen Raw Materials,Tier 2,WH-MUM-02,West Port (Mumbai),Standard Rail Transport,582.04,450.23,2024-04-02,2024-04-03,1,Delayed,0,0
SHP-20242753,2025-03-07,SUP-06,Global Polymer Solutions,Tier 2,WH-DEL-01,North Hub (Delhi-NCR),Standard Rail Transport,699.01,521.53,2025-03-11,2025-03-11,0,On-Time,1,0
SHP-20242754,2025-11-29,SUP-02,Bharat Heavy Forgings,Tier 1,WH-MUM-02,West Port (Mumbai),Regional Truckload,226.2,198.04,2025-12-04,2025-12-05,1,Delayed,0,0
SHP-20242755,2024-01-13,SUP-06,Global Polymer Solutions,Tier 2,WH-MUM-02,West Port (Mumbai),Regional Truckload,527.6,423.41,2024-01-15,2024-01-17,2,Delayed,0,0
SHP-20242756,2025-05-26,SUP-07,Hind Cargo Aggregates,Tier 3,WH-BLR-03,South Central (Bengaluru),Express Air Freight,48.06,163.73,2025-05-28,2025-05-28,0,On-Time,1,0
SHP-20242757,2025-10-19,SUP-02,Bharat Heavy Forgings,Tier 1,WH-DEL-01,North Hub (Delhi-NCR),Regional Truckload,739.21,520.3,2025-10-21,2025-10-22,1,Delayed,0,0
SHP-20242758,2024-03-20,SUP-07,Hind Cargo Aggregates,Tier 3,WH-MUM-02,West Port (Mumbai),Express Air Freight,434.63,879.55,2024-03-26,2024-03-26,0,On-Time,1,0
SHP-20242759,2024-06-21,SUP-05,Falcon Fasteners Corp,Tier 2,WH-KOL-04,East Gateway (Kolkata),Regional Truckload,205.68,193.41,2024-06-24,2024-06-25,1,Delayed,0,0
SHP-20242760,2024-12-18,SUP-03,Delta Electronics Hub,Tier 1,WH-KOL-04,East Gateway (Kolkata),Regional Truckload,348.03,289.91,2024-12-23,2024-12-24,1,Delayed,0,1
SHP-20242761,2025-01-11,SUP-07,Hind Cargo Aggregates,Tier 3,WH-MUM-02,West Port (Mumbai),Regional Truckload,303.71,244.08,2025-01-13,2025-01-13,0,On-Time,1,0
SHP-20242762,2024-07-15,SUP-04,Evergreen Raw Materials,Tier 2,WH-DEL-01,North Hub (Delhi-NCR),Priority Surface Cargo,275.95,341.43,2024-07-19,2024-07-19,0,On-Time,1,0
SHP-20242763,2025-10-26,SUP-08,Indus Logistics Fab,Tier 3,WH-KOL-04,East Gateway (Kolkata),Priority Surface Cargo,467.29,573.06,2025-11-01,2025-11-10,9,Delayed,0,0
SHP-20242764,2025-02-11,SUP-01,Apex Precision Components,Tier 1,WH-KOL-04,East Gateway (Kolkata),Express Air Freight,271.59,581.75,2025-02-16,2025-02-18,2,Delayed,0,0
SHP-20242765,2024-03-06,SUP-07,Hind Cargo Aggregates,Tier 3,WH-KOL-04,East Gateway (Kolkata),Standard Rail Transport,45.55,109.6,2024-03-10,2024-03-20,10,Delayed,0,0
SHP-20242766,2024-07-13,SUP-06,Global Polymer Solutions,Tier 2,WH-DEL-01,North Hub (Delhi-NCR),Priority Surface Cargo,249.84,349.55,2024-07-16,2024-07-17,1,Delayed,0,0
SHP-20242767,2025-11-08,SUP-04,Evergreen Raw Materials,Tier 2,WH-BLR-03,South Central (Bengaluru),Standard Rail Transport,494.89,360.3,2025-11-13,2025-11-13,0,On-Time,1,0
SHP-20242768,2024-09-26,SUP-02,Bharat Heavy Forgings,Tier 1,WH-MUM-02,West Port (Mumbai),Standard Rail Transport,272.89,221.15,2024-09-30,2024-10-01,1,Delayed,0,0
SHP-20242769,2025-03-17,SUP-08,Indus Logistics Fab,Tier 3,WH-BLR-03,South Central (Bengaluru),Express Air Freight,221.67,491.37,2025-03-21,2025-03-23,2,Delayed,0,0
SHP-20242770,2024-10-05,SUP-01,Apex Precision Components,Tier 1,WH-MUM-02,West Port (Mumbai),Standard Rail Transport,491.98,410.91,2024-10-08,2024-10-08,0,On-Time,1,0
SHP-20242771,2025-04-21,SUP-06,Global Polymer Solutions,Tier 2,WH-BLR-03,South Central (Bengaluru),Priority Surface Cargo,566.03,668.39,2025-04-23,2025-04-23,0,On-Time,1,0
SHP-20242772,2024-06-28,SUP-07,Hind Cargo Aggregates,Tier 3,WH-KOL-04,East Gateway (Kolkata),Standard Rail Transport,420.62,303.37,2024-06-30,2024-07-03,3,Delayed,0,0
SHP-20242773,2025-05-09,SUP-05,Falcon Fasteners Corp,Tier 2,WH-MUM-02,West Port (Mumbai),Priority Surface Cargo,238.12,337.2,2025-05-11,2025-05-11,0,On-Time,1,0
SHP-20242774,2025-02-27,SUP-06,Global Polymer Solutions,Tier 2,WH-MUM-02,West Port (Mumbai),Standard Rail Transport,522.03,373.53,2025-03-04,2025-03-04,0,On-Time,1,0
SHP-20242775,2024-04-08,SUP-03,Delta Electronics Hub,Tier 1,WH-BLR-03,South Central (Bengaluru),Express Air Freight,247.72,521.23,2024-04-14,2024-04-15,1,Delayed,0,0
SHP-20242776,2025-01-05,SUP-06,Global Polymer Solutions,Tier 2,WH-MUM-02,West Port (Mumbai),Regional Truckload,705.93,523.65,2025-01-10,2025-01-15,5,Delayed,0,0
SHP-20242777,2025-08-30,SUP-05,Falcon Fasteners Corp,Tier 2,WH-MUM-02,West Port (Mumbai),Standard Rail Transport,115.56,146.57,2025-09-01,2025-09-04,3,Delayed,0,0
SHP-20242778,2024-04-03,SUP-03,Delta Electronics Hub,Tier 1,WH-DEL-01,North Hub (Delhi-NCR),Regional Truckload,693.8,524.78,2024-04-06,2024-04-06,0,On-Time,1,0
SHP-20242779,2024-04-24,SUP-02,Bharat Heavy Forgings,Tier 1,WH-KOL-04,East Gateway (Kolkata),Regional Truckload,632.06,489.57,2024-04-30,2024-05-05,5,Delayed,0,0
SHP-20242780,2024-04-16,SUP-08,Indus Logistics Fab,Tier 3,WH-KOL-04,East Gateway (Kolkata),Standard Rail Transport,620.56,469.35,2024-04-22,2024-04-26,4,Delayed,0,0
SHP-20242781,2025-02-25,SUP-02,Bharat Heavy Forgings,Tier 1,WH-DEL-01,North Hub (Delhi-NCR),Regional Truckload,407.31,341.34,2025-02-28,2025-02-28,0,On-Time,1,0
SHP-20242782,2024-05-08,SUP-07,Hind Cargo Aggregates,Tier 3,WH-BLR-03,South Central (Bengaluru),Priority Surface Cargo,765.11,874.36,2024-05-12,2024-05-13,1,Delayed,0,0
SHP-20242783,2024-05-07,SUP-08,Indus Logistics Fab,Tier 3,WH-KOL-04,East Gateway (Kolkata),Priority Surface Cargo,582.19,701.09,2024-05-10,2024-05-20,10,Delayed,0,0
SHP-20242784,2024-05-30,SUP-07,Hind Cargo Aggregates,Tier 3,WH-KOL-04,East Gateway (Kolkata),Standard Rail Transport,708.13,504.24,2024-06-03,2024-06-07,4,Delayed,0,0
SHP-20242785,2025-05-23,SUP-01,Apex Precision Components,Tier 1,WH-MUM-02,West Port (Mumbai),Regional Truckload,394.15,314.75,2025-05-28,2025-05-28,0,On-Time,1,0
SHP-20242786,2025-12-11,SUP-06,Global Polymer Solutions,Tier 2,WH-MUM-02,West Port (Mumbai),Regional Truckload,256.92,234.93,2025-12-15,2025-12-15,0,On-Time,1,0
SHP-20242787,2024-06-21,SUP-04,Evergreen Raw Materials,Tier 2,WH-DEL-01,North Hub (Delhi-NCR),Regional Truckload,156.87,154.53,2024-06-23,2024-06-23,0,On-Time,1,0
SHP-20242788,2024-01-22,SUP-01,Apex Precision Components,Tier 1,WH-BLR-03,South Central (Bengaluru),Priority Surface Cargo,463.43,587.08,2024-01-28,2024-01-28,0,On-Time,1,0
SHP-20242789,2025-11-07,SUP-03,Delta Electronics Hub,Tier 1,WH-DEL-01,North Hub (Delhi-NCR),Priority Surface Cargo,415.65,484.1,2025-11-11,2025-11-11,0,On-Time,1,0
SHP-20242790,2025-09-03,SUP-05,Falcon Fasteners Corp,Tier 2,WH-DEL-01,North Hub (Delhi-NCR),Priority Surface Cargo,836.49,1009.35,2025-09-09,2025-09-09,0,On-Time,1,0
SHP-20242791,2024-06-15,SUP-08,Indus Logistics Fab,Tier 3,WH-MUM-02,West Port (Mumbai),Standard Rail Transport,622.6,463.51,2024-06-18,2024-06-18,0,On-Time,1,0
SHP-20242792,2024-07-26,SUP-01,Apex Precision Components,Tier 1,WH-MUM-02,West Port (Mumbai),Standard Rail Transport,649.52,500.71,2024-08-01,2024-08-01,0,On-Time,1,0
SHP-20242793,2025-06-12,SUP-01,Apex Precision Components,Tier 1,WH-MUM-02,West Port (Mumbai),Standard Rail Transport,776.25,592.53,2025-06-17,2025-06-18,1,Delayed,0,0
SHP-20242794,2025-09-13,SUP-04,Evergreen Raw Materials,Tier 2,WH-MUM-02,West Port (Mumbai),Express Air Freight,274.22,601.72,2025-09-18,2025-09-20,2,Delayed,0,0
SHP-20242795,2024-07-14,SUP-07,Hind Cargo Aggregates,Tier 3,WH-KOL-04,East Gateway (Kolkata),Express Air Freight,404.6,804.48,2024-07-16,2024-07-20,4,Delayed,0,0
SHP-20242796,2025-11-04,SUP-01,Apex Precision Components,Tier 1,WH-BLR-03,South Central (Bengaluru),Express Air Freight,828.53,1607.73,2025-11-06,2025-11-10,4,Delayed,0,0
SHP-20242797,2025-07-13,SUP-03,Delta Electronics Hub,Tier 1,WH-BLR-03,South Central (Bengaluru),Express Air Freight,545.74,1056.41,2025-07-19,2025-07-23,4,Delayed,0,0
SHP-20242798,2025-10-01,SUP-03,Delta Electronics Hub,Tier 1,WH-MUM-02,West Port (Mumbai),Priority Surface Cargo,227.13,332.82,2025-10-03,2025-10-03,0,On-Time,1,0
SHP-20242799,2024-11-15,SUP-05,Falcon Fasteners Corp,Tier 2,WH-KOL-04,East Gateway (Kolkata),Priority Surface Cargo,307.81,385.47,2024-11-21,2024-11-24,3,Delayed,0,0
SHP-20242800,2024-05-26,SUP-04,Evergreen Raw Materials,Tier 2,WH-KOL-04,East Gateway (Kolkata),Regional Truckload,843.13,617.59,2024-05-30,2024-05-31,1,Delayed,0,0
SHP-20242801,2024-09-20,SUP-07,Hind Cargo Aggregates,Tier 3,WH-DEL-01,North Hub (Delhi-NCR),Regional Truckload,509.88,380.38,2024-09-23,2024-09-25,2,Delayed,0,0
SHP-20242802,2025-08-02,SUP-07,Hind Cargo Aggregates,Tier 3,WH-MUM-02,West Port (Mumbai),Priority Surface Cargo,507.9,615.45,2025-08-05,2025-08-05,0,On-Time,1,0
SHP-20242803,2025-07-30,SUP-05,Falcon Fasteners Corp,Tier 2,WH-DEL-01,North Hub (Delhi-NCR),Regional Truckload,662.95,511.81,2025-08-05,2025-08-09,4,Delayed,0,0
SHP-20242804,2024-06-09,SUP-01,Apex Precision Components,Tier 1,WH-KOL-04,East Gateway (Kolkata),Priority Surface Cargo,379.81,443.75,2024-06-12,2024-06-23,11,Delayed,0,0
SHP-20242805,2024-12-29,SUP-04,Evergreen Raw Materials,Tier 2,WH-BLR-03,South Central (Bengaluru),Priority Surface Cargo,517.08,641.93,2025-01-04,2025-01-04,0,On-Time,1,0
SHP-20242806,2025-10-29,SUP-04,Evergreen Raw Materials,Tier 2,WH-KOL-04,East Gateway (Kolkata),Express Air Freight,574.13,1111.15,2025-10-31,2025-11-01,1,Delayed,0,0
SHP-20242807,2024-05-04,SUP-08,Indus Logistics Fab,Tier 3,WH-MUM-02,West Port (Mumbai),Standard Rail Transport,202.72,211.11,2024-05-08,2024-05-09,1,Delayed,0,0
SHP-20242808,2025-09-04,SUP-04,Evergreen Raw Materials,Tier 2,WH-DEL-01,North Hub (Delhi-NCR),Express Air Freight,585.83,1123.41,2025-09-06,2025-09-10,4,Delayed,0,0
SHP-20242809,2025-12-17,SUP-06,Global Polymer Solutions,Tier 2,WH-BLR-03,South Central (Bengaluru),Regional Truckload,368.58,329.88,2025-12-22,2025-12-23,1,Delayed,0,0
SHP-20242810,2024-11-05,SUP-03,Delta Electronics Hub,Tier 1,WH-DEL-01,North Hub (Delhi-NCR),Standard Rail Transport,269.95,270.07,2024-11-07,2024-11-07,0,On-Time,1,0
SHP-20242811,2025-04-21,SUP-08,Indus Logistics Fab,Tier 3,WH-MUM-02,West Port (Mumbai),Standard Rail Transport,616.59,490.91,2025-04-25,2025-04-26,1,Delayed,0,0
SHP-20242812,2025-03-20,SUP-02,Bharat Heavy Forgings,Tier 1,WH-DEL-01,North Hub (Delhi-NCR),Priority Surface Cargo,430.4,512.79,2025-03-24,2025-03-24,0,On-Time,1,0
SHP-20242813,2024-05-11,SUP-03,Delta Electronics Hub,Tier 1,WH-KOL-04,East Gateway (Kolkata),Regional Truckload,189.01,194.58,2024-05-16,2024-05-17,1,Delayed,0,0
SHP-20242814,2024-06-12,SUP-01,Apex Precision Components,Tier 1,WH-DEL-01,North Hub (Delhi-NCR),Standard Rail Transport,-569.77,396.43,2024-06-15,2024-06-15,0,On-Time,1,0
SHP-20242815,2024-04-04,SUP-07,Hind Cargo Aggregates,Tier 3,WH-DEL-01,North Hub (Delhi-NCR),Regional Truckload,528.17,414.82,2024-04-09,2024-04-09,0,On-Time,1,0
SHP-20242816,2025-10-29,SUP-01,Apex Precision Components,Tier 1,WH-BLR-03,South Central (Bengaluru),Regional Truckload,245.61,192.57,2025-11-04,2025-11-06,2,Delayed,0,0
SHP-20242817,2025-10-11,SUP-07,Hind Cargo Aggregates,Tier 3,WH-KOL-04,East Gateway (Kolkata),Regional Truckload,752.2,556.16,2025-10-17,2025-10-17,0,On-Time,1,0
SHP-20242818,2025-01-30,SUP-04,Evergreen Raw Materials,Tier 2,WH-MUM-02,West Port (Mumbai),Priority Surface Cargo,375.29,441.98,2025-02-02,2025-02-04,2,Delayed,0,0
SHP-20242819,2024-02-06,SUP-02,Bharat Heavy Forgings,Tier 1,WH-DEL-01,North Hub (Delhi-NCR),Regional Truckload,526.75,426.66,2024-02-08,2024-02-08,0,On-Time,1,0
SHP-20242820,2024-03-02,SUP-03,Delta Electronics Hub,Tier 1,WH-DEL-01,North Hub (Delhi-NCR),Priority Surface Cargo,687.11,844.92,2024-03-07,2024-03-07,0,On-Time,1,0
SHP-20242821,2024-04-05,SUP-03,Delta Electronics Hub,Tier 1,WH-BLR-03,South Central (Bengaluru),Priority Surface Cargo,191.07,278.72,2024-04-08,2024-04-11,3,Delayed,0,0
SHP-20242822,2025-05-28,SUP-08,Indus Logistics Fab,Tier 3,WH-BLR-03,South Central (Bengaluru),Regional Truckload,705.3,534.43,2025-06-03,2025-06-03,0,On-Time,1,0
SHP-20242823,2025-02-10,SUP-06,Global Polymer Solutions,Tier 2,WH-KOL-04,East Gateway (Kolkata),Regional Truckload,223.14,172.07,2025-02-12,2025-02-12,0,On-Time,1,0
SHP-20242824,2025-05-30,SUP-07,Hind Cargo Aggregates,Tier 3,WH-KOL-04,East Gateway (Kolkata),Regional Truckload,646.84,507.93,2025-06-02,2025-06-05,3,Delayed,0,0
SHP-20242825,2025-03-16,SUP-06,Global Polymer Solutions,Tier 2,WH-KOL-04,East Gateway (Kolkata),Priority Surface Cargo,295.65,412.87,2025-03-18,2025-03-21,3,Delayed,0,0
SHP-20242826,2025-10-07,SUP-05,Falcon Fasteners Corp,Tier 2,WH-DEL-01,North Hub (Delhi-NCR),Priority Surface Cargo,326.51,416.58,2025-10-12,2025-10-12,0,On-Time,1,0
SHP-20242827,2024-03-22,SUP-08,Indus Logistics Fab,Tier 3,WH-MUM-02,West Port (Mumbai),Regional Truckload,629.11,441.81,2024-03-26,2024-03-28,2,Delayed,0,0
SHP-20242828,2024-09-24,SUP-08,Indus Logistics Fab,Tier 3,WH-MUM-02,West Port (Mumbai),Priority Surface Cargo,60.02,136.01,2024-09-27,2024-09-30,3,Delayed,0,0
SHP-20242829,2024-08-26,SUP-05,Falcon Fasteners Corp,Tier 2,WH-BLR-03,South Central (Bengaluru),Priority Surface Cargo,493.83,621.35,2024-08-29,2024-08-30,1,Delayed,0,0
SHP-20242830,2024-11-26,SUP-01,Apex Precision Components,Tier 1,WH-MUM-02,West Port (Mumbai),Priority Surface Cargo,776.13,920.35,2024-11-28,2024-11-28,0,On-Time,1,0
SHP-20242831,2025-06-14,SUP-05,Falcon Fasteners Corp,Tier 2,WH-MUM-02,West Port (Mumbai),Express Air Freight,279.16,546.81,2025-06-19,2025-06-19,0,On-Time,1,0
SHP-20242832,2024-06-13,SUP-08,Indus Logistics Fab,Tier 3,WH-DEL-01,North Hub (Delhi-NCR),Express Air Freight,448.99,879.04,2024-06-16,2024-06-16,0,On-Time,1,0
SHP-20242833,2024-12-25,SUP-01,Apex Precision Components,Tier 1,WH-MUM-02,West Port (Mumbai),Regional Truckload,215.91,179.1,2024-12-30,2024-12-30,0,On-Time,1,0
SHP-20242834,2024-10-27,SUP-01,Apex Precision Components,Tier 1,WH-KOL-04,East Gateway (Kolkata),Standard Rail Transport,561.28,447.47,2024-11-01,2024-11-02,1,Delayed,0,0
SHP-20242835,2025-02-25,SUP-07,Hind Cargo Aggregates,Tier 3,WH-BLR-03,South Central (Bengaluru),Priority Surface Cargo,79.65,159.72,2025-03-01,2025-03-01,0,On-Time,1,0
SHP-20242836,2024-06-21,SUP-01,Apex Precision Components,Tier 1,WH-BLR-03,South Central (Bengaluru),Express Air Freight,115.78,279.06,2024-06-25,2024-06-28,3,Delayed,0,0
SHP-20242837,2025-06-24,SUP-02,Bharat Heavy Forgings,Tier 1,WH-KOL-04,East Gateway (Kolkata),Priority Surface Cargo,130.32,176.61,2025-06-30,2025-06-30,0,On-Time,1,0
SHP-20242838,2024-02-16,SUP-02,Bharat Heavy Forgings,Tier 1,WH-KOL-04,East Gateway (Kolkata),Express Air Freight,706.48,1379.28,2024-02-22,2024-02-25,3,Delayed,0,0
SHP-20242839,2025-07-17,SUP-02,Bharat Heavy Forgings,Tier 1,WH-MUM-02,West Port (Mumbai),Priority Surface Cargo,777.32,934.48,2025-07-23,2025-07-25,2,Delayed,0,0
SHP-20242840,2025-01-09,SUP-08,Indus Logistics Fab,Tier 3,WH-BLR-03,South Central (Bengaluru),Priority Surface Cargo,331.31,394.4,2025-01-15,2025-01-15,0,On-Time,1,0
SHP-20242841,2024-06-24,SUP-07,Hind Cargo Aggregates,Tier 3,WH-DEL-01,North Hub (Delhi-NCR),Regional Truckload,474.65,394.32,2024-06-26,2024-06-29,3,Delayed,0,0
SHP-20242842,2024-10-07,SUP-06,Global Polymer Solutions,Tier 2,WH-DEL-01,North Hub (Delhi-NCR),Standard Rail Transport,599.07,418.99,2024-10-10,2024-10-10,0,On-Time,1,0
SHP-20242843,2024-06-28,SUP-03,Delta Electronics Hub,Tier 1,WH-MUM-02,West Port (Mumbai),Standard Rail Transport,228.51,173.88,2024-07-04,2024-07-04,0,On-Time,1,0
SHP-20242844,2025-08-03,SUP-03,Delta Electronics Hub,Tier 1,WH-BLR-03,South Central (Bengaluru),Express Air Freight,229.5,507.54,2025-08-07,2025-08-11,4,Delayed,0,0
SHP-20242845,2024-05-13,SUP-03,Delta Electronics Hub,Tier 1,WH-MUM-02,West Port (Mumbai),Standard Rail Transport,-713.1,507.08,2024-05-16,2024-05-16,0,On-Time,1,0
SHP-20242846,2024-01-07,SUP-05,Falcon Fasteners Corp,Tier 2,WH-MUM-02,West Port (Mumbai),Priority Surface Cargo,530.82,615.78,2024-01-10,2024-01-15,5,Delayed,0,0
SHP-20242847,2025-10-30,SUP-05,Falcon Fasteners Corp,Tier 2,WH-BLR-03,South Central (Bengaluru),Express Air Freight,633.84,1220.84,2025-11-01,2025-11-06,5,Delayed,0,0
SHP-20242848,2024-12-14,SUP-08,Indus Logistics Fab,Tier 3,WH-BLR-03,South Central (Bengaluru),Priority Surface Cargo,129.85,214.54,2024-12-17,2024-12-24,7,Delayed,0,0
SHP-20242849,2024-10-30,SUP-01,Apex Precision Components,Tier 1,WH-MUM-02,West Port (Mumbai),Express Air Freight,204.12,422.69,2024-11-05,2024-11-10,5,Delayed,0,0
SHP-20242850,2025-02-03,SUP-08,Indus Logistics Fab,Tier 3,WH-KOL-04,East Gateway (Kolkata),Priority Surface Cargo,623.7,760.01,2025-02-07,2025-02-08,1,Delayed,0,0
SHP-20242851,2024-04-17,SUP-02,Bharat Heavy Forgings,Tier 1,WH-MUM-02,West Port (Mumbai),Priority Surface Cargo,262.19,325.9,2024-04-23,2024-04-23,0,On-Time,1,0
SHP-20242852,2025-10-28,SUP-07,Hind Cargo Aggregates,Tier 3,WH-KOL-04,East Gateway (Kolkata),Standard Rail Transport,818.61,562.45,2025-11-02,2025-11-04,2,Delayed,0,0
SHP-20242853,2025-10-17,SUP-01,Apex Precision Components,Tier 1,WH-MUM-02,West Port (Mumbai),Priority Surface Cargo,294.11,417.9,2025-10-23,2025-10-23,0,On-Time,1,0
SHP-20242854,2025-12-03,SUP-03,Delta Electronics Hub,Tier 1,WH-MUM-02,West Port (Mumbai),Express Air Freight,602.51,1157.54,2025-12-06,2025-12-06,0,On-Time,1,0
SHP-20242855,2024-05-04,SUP-03,Delta Electronics Hub,Tier 1,WH-BLR-03,South Central (Bengaluru),Priority Surface Cargo,554.0,697.18,2024-05-10,2024-05-10,0,On-Time,1,0
SHP-20242856,2024-01-15,SUP-01,Apex Precision Components,Tier 1,WH-KOL-04,East Gateway (Kolkata),Priority Surface Cargo,759.38,900.42,2024-01-17,2024-01-17,0,On-Time,1,0
SHP-20242857,2025-10-15,SUP-03,Delta Electronics Hub,Tier 1,WH-MUM-02,West Port (Mumbai),Priority Surface Cargo,318.0,389.26,2025-10-21,2025-10-21,0,On-Time,1,0
SHP-20242858,2024-05-07,SUP-04,Evergreen Raw Materials,Tier 2,WH-MUM-02,West Port (Mumbai),Express Air Freight,178.09,395.27,2024-05-12,2024-05-14,2,Delayed,0,0
SHP-20242859,2024-10-23,SUP-07,Hind Cargo Aggregates,Tier 3,WH-BLR-03,South Central (Bengaluru),Regional Truckload,591.9,415.52,2024-10-25,2024-10-27,2,Delayed,0,0
SHP-20242860,2024-04-15,SUP-01,Apex Precision Components,Tier 1,WH-BLR-03,South Central (Bengaluru),Priority Surface Cargo,607.07,754.53,2024-04-18,2024-04-19,1,Delayed,0,0
SHP-20242861,2025-07-07,SUP-03,Delta Electronics Hub,Tier 1,WH-MUM-02,West Port (Mumbai),Express Air Freight,673.53,1295.74,2025-07-10,2025-07-10,0,On-Time,1,0
SHP-20242862,2024-10-09,SUP-03,Delta Electronics Hub,Tier 1,WH-DEL-01,North Hub (Delhi-NCR),Express Air Freight,281.79,556.02,2024-10-12,2024-10-12,0,On-Time,1,0
SHP-20242863,2025-06-07,SUP-06,Global Polymer Solutions,Tier 2,WH-BLR-03,South Central (Bengaluru),Regional Truckload,503.76,396.57,2025-06-13,2025-06-17,4,Delayed,0,0
SHP-20242864,2025-04-17,SUP-05,Falcon Fasteners Corp,Tier 2,WH-MUM-02,West Port (Mumbai),Regional Truckload,554.35,439.47,2025-04-23,2025-04-23,0,On-Time,1,0
SHP-20242865,2024-05-20,SUP-02,Bharat Heavy Forgings,Tier 1,WH-DEL-01,North Hub (Delhi-NCR),Standard Rail Transport,-259.78,257.24,2024-05-26,2024-05-26,0,On-Time,1,0
SHP-20242866,2024-06-04,SUP-07,Hind Cargo Aggregates,Tier 3,WH-BLR-03,South Central (Bengaluru),Express Air Freight,822.54,1554.47,2024-06-10,2024-06-10,0,On-Time,1,0
SHP-20242867,2025-03-09,SUP-07,Hind Cargo Aggregates,Tier 3,WH-BLR-03,South Central (Bengaluru),Express Air Freight,355.7,746.76,2025-03-12,2025-03-12,0,On-Time,1,0
SHP-20242868,2025-06-24,SUP-06,Global Polymer Solutions,Tier 2,WH-KOL-04,East Gateway (Kolkata),Standard Rail Transport,516.29,400.31,2025-06-28,2025-06-28,0,On-Time,1,0
SHP-20242869,2024-07-11,SUP-08,Indus Logistics Fab,Tier 3,WH-MUM-02,West Port (Mumbai),Standard Rail Transport,553.97,402.12,2024-07-17,2024-07-17,0,On-Time,1,0
SHP-20242870,2024-10-25,SUP-05,Falcon Fasteners Corp,Tier 2,WH-KOL-04,East Gateway (Kolkata),Priority Surface Cargo,482.68,614.07,2024-10-31,2024-11-07,7,Delayed,0,0
SHP-20242871,2024-08-07,SUP-06,Global Polymer Solutions,Tier 2,WH-BLR-03,South Central (Bengaluru),Regional Truckload,443.01,348.04,2024-08-11,2024-08-12,1,Delayed,0,0
SHP-20242872,2025-03-30,SUP-03,Delta Electronics Hub,Tier 1,WH-MUM-02,West Port (Mumbai),Priority Surface Cargo,808.74,978.91,2025-04-02,2025-04-03,1,Delayed,0,0
SHP-20242873,2024-02-10,SUP-06,Global Polymer Solutions,Tier 2,WH-BLR-03,South Central (Bengaluru),Priority Surface Cargo,848.63,1000.48,2024-02-13,2024-02-13,0,On-Time,1,0
SHP-20242874,2025-04-17,SUP-02,Bharat Heavy Forgings,Tier 1,WH-MUM-02,West Port (Mumbai),Standard Rail Transport,667.8,495.09,2025-04-23,2025-04-23,0,On-Time,1,0
SHP-20242875,2024-02-06,SUP-05,Falcon Fasteners Corp,Tier 2,WH-KOL-04,East Gateway (Kolkata),Express Air Freight,543.77,1090.8,2024-02-12,2024-02-16,4,delayed  ,0,0
SHP-20242876,2024-08-19,SUP-04,Evergreen Raw Materials,Tier 2,WH-KOL-04,East Gateway (Kolkata),Priority Surface Cargo,223.05,298.76,2024-08-22,2024-08-25,3,Delayed,0,0
SHP-20242877,2025-07-03,SUP-03,Delta Electronics Hub,Tier 1,WH-MUM-02,West Port (Mumbai),Standard Rail Transport,783.69,593.91,2025-07-09,2025-07-09,0,On-Time,1,0
SHP-20242878,2025-11-10,SUP-07,Hind Cargo Aggregates,Tier 3,WH-BLR-03,South Central (Bengaluru),Express Air Freight,321.53,628.69,2025-11-15,2025-11-19,4,Delayed,0,0
SHP-20242879,2024-03-03,SUP-08,Indus Logistics Fab,Tier 3,WH-KOL-04,East Gateway (Kolkata),Standard Rail Transport,417.72,298.94,2024-03-05,2024-03-09,4,Delayed,0,0
SHP-20242880,2024-03-07,SUP-05,Falcon Fasteners Corp,Tier 2,WH-KOL-04,East Gateway (Kolkata),Express Air Freight,437.37,885.12,2024-03-11,2024-03-13,2,Delayed,0,0
SHP-20242881,2024-03-03,SUP-06,Global Polymer Solutions,Tier 2,WH-BLR-03,South Central (Bengaluru),Standard Rail Transport,625.06,453.31,2024-03-06,2024-03-06,0,On-Time,1,0
SHP-20242882,2024-04-19,SUP-04,Evergreen Raw Materials,Tier 2,WH-BLR-03,South Central (Bengaluru),Regional Truckload,271.78,204.85,2024-04-22,2024-04-23,1,Delayed,0,0
SHP-20242883,2025-01-14,SUP-07,Hind Cargo Aggregates,Tier 3,WH-DEL-01,North Hub (Delhi-NCR),Standard Rail Transport,692.48,478.88,2025-01-20,2025-01-24,4,Delayed,0,0
SHP-20242884,2024-05-21,SUP-08,Indus Logistics Fab,Tier 3,WH-MUM-02,West Port (Mumbai),Regional Truckload,264.18,201.7,2024-05-26,2024-05-31,5,Delayed,0,0
SHP-20242885,2024-06-08,SUP-02,Bharat Heavy Forgings,Tier 1,WH-DEL-01,North Hub (Delhi-NCR),Express Air Freight,247.2,521.47,2024-06-14,2024-06-15,1,Delayed,0,0
SHP-20242886,2025-01-31,SUP-01,Apex Precision Components,Tier 1,WH-DEL-01,North Hub (Delhi-NCR),Priority Surface Cargo,732.72,899.46,2025-02-04,2025-02-05,1,Delayed,0,0
SHP-20242887,2025-08-24,SUP-02,Bharat Heavy Forgings,Tier 1,WH-BLR-03,South Central (Bengaluru),Priority Surface Cargo,42.23,81.6,2025-08-27,2025-08-28,1,Delayed,0,0
SHP-20242888,2025-03-01,SUP-07,Hind Cargo Aggregates,Tier 3,WH-MUM-02,West Port (Mumbai),Standard Rail Transport,74.34,103.3,2025-03-04,2025-03-05,1,Delayed,0,0
SHP-20242889,2025-04-07,SUP-05,Falcon Fasteners Corp,Tier 2,WH-KOL-04,East Gateway (Kolkata),Express Air Freight,528.27,1066.17,2025-04-12,2025-04-13,1,Delayed,0,0
SHP-20242890,2024-08-22,SUP-08,Indus Logistics Fab,Tier 3,WH-MUM-02,West Port (Mumbai),Regional Truckload,650.77,482.98,2024-08-28,2024-08-28,0,On-Time,1,0
SHP-20242891,2025-11-23,SUP-08,Indus Logistics Fab,Tier 3,WH-KOL-04,East Gateway (Kolkata),Standard Rail Transport,306.19,283.39,2025-11-27,2025-11-27,0,On-Time,1,1
SHP-20242892,2024-03-01,SUP-05,Falcon Fasteners Corp,Tier 2,WH-BLR-03,South Central (Bengaluru),Express Air Freight,664.89,1276.85,2024-03-07,2024-03-13,6,Delayed,0,0
SHP-20242893,2025-01-28,SUP-01,Apex Precision Components,Tier 1,WH-BLR-03,South Central (Bengaluru),Standard Rail Transport,86.2,110.26,2025-02-03,2025-02-04,1,Delayed,0,0
SHP-20242894,2025-12-16,SUP-06,Global Polymer Solutions,Tier 2,WH-KOL-04,East Gateway (Kolkata),Regional Truckload,806.33,564.64,2025-12-22,2026-01-03,12,Delayed,0,0
SHP-20242895,2024-03-25,SUP-08,Indus Logistics Fab,Tier 3,WH-MUM-02,West Port (Mumbai),Regional Truckload,595.58,431.61,2024-03-30,2024-04-02,3,Delayed,0,0
SHP-20242896,2025-12-01,SUP-08,Indus Logistics Fab,Tier 3,WH-KOL-04,East Gateway (Kolkata),Regional Truckload,432.74,308.49,2025-12-06,2025-12-06,0,On-Time,1,0
SHP-20242897,2025-09-11,SUP-08,Indus Logistics Fab,Tier 3,WH-KOL-04,East Gateway (Kolkata),Express Air Freight,712.95,1380.32,2025-09-13,2025-09-16,3,Delayed,0,0
SHP-20242898,2024-04-27,SUP-03,Delta Electronics Hub,Tier 1,WH-BLR-03,South Central (Bengaluru),Express Air Freight,94.93,269.58,2024-04-29,2024-05-01,2,Delayed,0,0
SHP-20242899,2024-12-23,SUP-05,Falcon Fasteners Corp,Tier 2,WH-KOL-04,East Gateway (Kolkata),Standard Rail Transport,372.82,327.55,2024-12-27,2024-12-28,1,Delayed,0,0
SHP-20242900,2024-04-04,SUP-07,Hind Cargo Aggregates,Tier 3,WH-BLR-03,South Central (Bengaluru),Standard Rail Transport,73.3,132.21,2024-04-09,2024-04-13,4,Delayed,0,0
SHP-20242901,2025-03-21,SUP-05,Falcon Fasteners Corp,Tier 2,WH-BLR-03,South Central (Bengaluru),Express Air Freight,252.83,535.48,2025-03-24,2025-03-26,2,Delayed,0,0
SHP-20242902,2024-11-17,SUP-08,Indus Logistics Fab,Tier 3,WH-BLR-03,South Central (Bengaluru),Regional Truckload,610.13,463.85,2024-11-21,2024-11-25,4,Delayed,0,0
SHP-20242903,2024-03-14,SUP-05,Falcon Fasteners Corp,Tier 2,WH-BLR-03,South Central (Bengaluru),Standard Rail Transport,397.0,304.17,2024-03-17,2024-03-22,5,Delayed,0,0
SHP-20242904,2025-10-02,SUP-03,Delta Electronics Hub,Tier 1,WH-MUM-02,West Port (Mumbai),Standard Rail Transport,188.03,207.15,2025-10-04,2025-10-09,5,Delayed,0,0
SHP-20242905,2025-10-29,SUP-03,Delta Electronics Hub,Tier 1,WH-DEL-01,North Hub (Delhi-NCR),Standard Rail Transport,247.82,212.57,2025-10-31,2025-11-03,3,Delayed,0,0
SHP-20242906,2025-11-28,SUP-03,Delta Electronics Hub,Tier 1,WH-DEL-01,North Hub (Delhi-NCR),Regional Truckload,326.05,304.04,2025-12-03,2025-12-05,2,Delayed,0,0
SHP-20242907,2024-05-25,SUP-06,Global Polymer Solutions,Tier 2,WH-BLR-03,South Central (Bengaluru),Standard Rail Transport,350.39,287.81,2024-05-28,2024-05-28,0,On-Time,1,0
SHP-20242908,2024-05-14,SUP-08,Indus Logistics Fab,Tier 3,WH-DEL-01,North Hub (Delhi-NCR),Priority Surface Cargo,773.14,921.82,2024-05-17,2024-05-19,2,Delayed,0,0
SHP-20242909,2025-02-12,SUP-06,Global Polymer Solutions,Tier 2,WH-KOL-04,East Gateway (Kolkata),Priority Surface Cargo,777.0,942.24,2025-02-16,2025-02-22,6,delayed  ,0,0
SHP-20242910,2024-01-02,SUP-02,Bharat Heavy Forgings,Tier 1,WH-DEL-01,North Hub (Delhi-NCR),Standard Rail Transport,505.12,368.37,2024-01-04,2024-01-05,1,Delayed,0,0
SHP-20242911,2025-04-23,SUP-03,Delta Electronics Hub,Tier 1,WH-MUM-02,West Port (Mumbai),Standard Rail Transport,53.17,118.67,2025-04-28,2025-04-28,0,On-Time,1,0
SHP-20242912,2024-08-06,SUP-05,Falcon Fasteners Corp,Tier 2,WH-DEL-01,North Hub (Delhi-NCR),Regional Truckload,702.23,546.36,2024-08-11,2024-08-11,0,On-Time,1,0
SHP-20242913,2024-04-09,SUP-06,Global Polymer Solutions,Tier 2,WH-BLR-03,South Central (Bengaluru),Priority Surface Cargo,331.52,436.34,2024-04-12,2024-04-14,2,Delayed,0,0
SHP-20242914,2025-02-11,SUP-04,Evergreen Raw Materials,Tier 2,WH-KOL-04,East Gateway (Kolkata),Express Air Freight,150.43,332.08,2025-02-14,2025-02-20,6,Delayed,0,0
SHP-20242915,2025-09-07,SUP-04,Evergreen Raw Materials,Tier 2,WH-MUM-02,West Port (Mumbai),Express Air Freight,153.7,374.18,2025-09-11,2025-09-11,0,On-Time,1,0
SHP-20242916,2025-06-02,SUP-03,Delta Electronics Hub,Tier 1,WH-DEL-01,North Hub (Delhi-NCR),Priority Surface Cargo,321.13,423.19,2025-06-08,2025-06-12,4,Delayed,0,0
SHP-20242917,2025-10-20,SUP-04,Evergreen Raw Materials,Tier 2,WH-MUM-02,West Port (Mumbai),Regional Truckload,609.31,455.87,2025-10-24,2025-10-28,4,Delayed,0,0
SHP-20242918,2024-10-05,SUP-06,Global Polymer Solutions,Tier 2,WH-KOL-04,East Gateway (Kolkata),Priority Surface Cargo,425.19,558.23,10/10/2024,2024-10-13,3,Delayed,0,0
SHP-20242919,2025-04-29,SUP-04,Evergreen Raw Materials,Tier 2,WH-BLR-03,South Central (Bengaluru),Standard Rail Transport,267.99,259.73,2025-05-01,2025-05-01,0,On-Time,1,0
SHP-20242920,2025-03-04,SUP-07,Hind Cargo Aggregates,Tier 3,WH-KOL-04,East Gateway (Kolkata),Regional Truckload,231.15,207.59,2025-03-07,2025-03-09,2,Delayed,0,0
SHP-20242921,2025-08-19,SUP-07,Hind Cargo Aggregates,Tier 3,WH-KOL-04,East Gateway (Kolkata),Priority Surface Cargo,586.74,704.85,2025-08-21,2025-08-24,3,Delayed,0,0
SHP-20242922,2024-03-16,SUP-06,Global Polymer Solutions,Tier 2,WH-BLR-03,South Central (Bengaluru),Express Air Freight,420.55,839.94,2024-03-22,2024-03-22,0,On-Time,1,0
SHP-20242923,2024-05-14,SUP-07,Hind Cargo Aggregates,Tier 3,WH-DEL-01,North Hub (Delhi-NCR),Express Air Freight,175.4,413.65,2024-05-20,2024-05-20,0,On-Time,1,0
SHP-20242924,2025-12-11,SUP-07,Hind Cargo Aggregates,Tier 3,WH-BLR-03,South Central (Bengaluru),Priority Surface Cargo,698.2,849.05,2025-12-14,2025-12-17,3,Delayed,0,0
SHP-20242925,2024-04-13,SUP-04,Evergreen Raw Materials,Tier 2,WH-KOL-04,East Gateway (Kolkata),Express Air Freight,176.61,402.66,2024-04-15,2024-04-21,6,Delayed,0,0
SHP-20242926,2024-02-14,SUP-04,Evergreen Raw Materials,Tier 2,WH-KOL-04,East Gateway (Kolkata),Express Air Freight,818.23,1580.23,2024-02-20,2024-02-22,2,Delayed,0,0
SHP-20242927,2025-05-17,SUP-08,Indus Logistics Fab,Tier 3,WH-MUM-02,West Port (Mumbai),Priority Surface Cargo,686.32,785.75,2025-05-22,2025-05-22,0,On-Time,1,0
SHP-20242928,2024-07-23,SUP-06,Global Polymer Solutions,Tier 2,WH-MUM-02,West Port (Mumbai),Regional Truckload,600.59,425.76,2024-07-27,2024-07-27,0,On-Time,1,0
SHP-20242929,2025-05-20,SUP-08,Indus Logistics Fab,Tier 3,WH-KOL-04,East Gateway (Kolkata),Express Air Freight,623.88,1191.19,2025-05-26,2025-05-31,5,Delayed,0,0
SHP-20242930,2024-08-15,SUP-06,Global Polymer Solutions,Tier 2,WH-MUM-02,West Port (Mumbai),Regional Truckload,330.5,303.03,2024-08-18,2024-08-19,1,Delayed,0,0
SHP-20242931,2024-06-13,SUP-08,Indus Logistics Fab,Tier 3,WH-DEL-01,North Hub (Delhi-NCR),Regional Truckload,320.34,251.87,2024-06-19,2024-06-19,0,On-Time,1,0
SHP-20242932,2025-05-09,SUP-08,Indus Logistics Fab,Tier 3,WH-KOL-04,East Gateway (Kolkata),Express Air Freight,339.72,715.16,2025-05-13,2025-05-18,5,Delayed,0,0
SHP-20242933,2025-11-12,SUP-01,Apex Precision Components,Tier 1,WH-KOL-04,East Gateway (Kolkata),Priority Surface Cargo,804.65,976.4,2025-11-14,2025-11-28,14,Delayed,0,0
SHP-20242934,2024-08-31,SUP-02,Bharat Heavy Forgings,Tier 1,WH-KOL-04,East Gateway (Kolkata),Standard Rail Transport,665.94,465.72,2024-09-04,2024-09-05,1,Delayed,0,0
SHP-20242935,2025-08-24,SUP-01,Apex Precision Components,Tier 1,WH-BLR-03,South Central (Bengaluru),Standard Rail Transport,430.13,348.99,2025-08-30,2025-09-01,2,Delayed,0,0
SHP-20242936,2025-06-15,SUP-01,Apex Precision Components,Tier 1,WH-KOL-04,East Gateway (Kolkata),Priority Surface Cargo,22.31,63.79,2025-06-20,2025-07-06,16,Delayed,0,0
SHP-20242937,2025-06-17,SUP-07,Hind Cargo Aggregates,Tier 3,WH-DEL-01,North Hub (Delhi-NCR),Express Air Freight,766.56,1495.39,2025-06-23,2025-06-23,0,On-Time,1,0
SHP-20242938,2025-07-26,SUP-08,Indus Logistics Fab,Tier 3,WH-MUM-02,West Port (Mumbai),Regional Truckload,759.93,562.62,2025-08-01,2025-08-06,5,Delayed,0,0
SHP-20242939,2024-08-24,SUP-03,Delta Electronics Hub,Tier 1,WH-KOL-04,East Gateway (Kolkata),Express Air Freight,817.82,1555.81,2024-08-26,2024-08-29,3,Delayed,0,0
SHP-20242940,2024-04-04,SUP-08,Indus Logistics Fab,Tier 3,WH-DEL-01,North Hub (Delhi-NCR),Priority Surface Cargo,466.35,561.24,2024-04-07,2024-04-07,0,On-Time,1,0
SHP-20242941,2024-01-04,SUP-07,Hind Cargo Aggregates,Tier 3,WH-DEL-01,North Hub (Delhi-NCR),Regional Truckload,422.37,316.22,2024-01-07,2024-01-07,0,On-Time,1,0
SHP-20242942,2025-06-10,SUP-06,Global Polymer Solutions,Tier 2,WH-DEL-01,North Hub (Delhi-NCR),Express Air Freight,57.46,191.23,2025-06-15,2025-06-18,3,Delayed,0,0
SHP-20242943,2025-06-05,SUP-04,Evergreen Raw Materials,Tier 2,WH-MUM-02,West Port (Mumbai),Priority Surface Cargo,691.65,809.82,2025-06-11,2025-06-12,1,Delayed,0,0
SHP-20242944,2025-12-01,SUP-04,Evergreen Raw Materials,Tier 2,WH-MUM-02,West Port (Mumbai),Priority Surface Cargo,444.68,543.46,2025-12-07,2025-12-07,0,On-Time,1,0
SHP-20242945,2024-11-24,SUP-02,Bharat Heavy Forgings,Tier 1,WH-DEL-01,North Hub (Delhi-NCR),Standard Rail Transport,103.93,95.78,2024-11-30,2024-11-30,0,On-Time,1,0
SHP-20242946,2025-10-26,SUP-05,Falcon Fasteners Corp,Tier 2,WH-BLR-03,South Central (Bengaluru),Priority Surface Cargo,434.1,513.87,2025-11-01,2025-11-01,0,on-time  ,1,0
SHP-20242947,2024-12-13,SUP-07,Hind Cargo Aggregates,Tier 3,WH-BLR-03,South Central (Bengaluru),Express Air Freight,59.33,138.7,19/12/2024,2024-12-19,0,On-Time,1,0
SHP-20242948,2024-12-03,SUP-04,Evergreen Raw Materials,Tier 2,WH-DEL-01,North Hub (Delhi-NCR),Regional Truckload,50.7,72.26,2024-12-08,2024-12-08,0,On-Time,1,0
SHP-20242949,2025-04-16,SUP-04,Evergreen Raw Materials,Tier 2,WH-DEL-01,North Hub (Delhi-NCR),Express Air Freight,624.42,1214.98,2025-04-21,2025-04-21,0,On-Time,1,1
SHP-20242950,2025-06-08,SUP-05,Falcon Fasteners Corp,Tier 2,WH-DEL-01,North Hub (Delhi-NCR),Standard Rail Transport,640.47,443.76,2025-06-13,2025-06-13,0,On-Time,1,0
SHP-20242951,2025-10-11,SUP-05,Falcon Fasteners Corp,Tier 2,WH-DEL-01,North Hub (Delhi-NCR),Standard Rail Transport,30.71,112.4,2025-10-16,2025-10-17,1,Delayed,0,0
SHP-20242952,2025-10-20,SUP-03,Delta Electronics Hub,Tier 1,WH-KOL-04,East Gateway (Kolkata),Regional Truckload,613.2,449.49,2025-10-24,2025-10-31,7,Delayed,0,0
SHP-20242953,2025-11-30,SUP-05,Falcon Fasteners Corp,Tier 2,WH-BLR-03,South Central (Bengaluru),Priority Surface Cargo,473.87,558.48,2025-12-05,2025-12-05,0,On-Time,1,0
SHP-20242954,2025-05-04,SUP-05,Falcon Fasteners Corp,Tier 2,WH-BLR-03,South Central (Bengaluru),Regional Truckload,806.85,600.7,2025-05-10,2025-05-10,0,On-Time,1,0
SHP-20242955,2024-01-06,SUP-02,Bharat Heavy Forgings,Tier 1,WH-DEL-01,North Hub (Delhi-NCR),Standard Rail Transport,22.75,105.61,2024-01-12,2024-01-12,0,On-Time,1,0
SHP-20242956,2024-09-19,SUP-02,Bharat Heavy Forgings,Tier 1,WH-KOL-04,East Gateway (Kolkata),Express Air Freight,373.0,727.1,2024-09-21,2024-09-26,5,Delayed,0,0
SHP-20242957,2025-01-03,SUP-05,Falcon Fasteners Corp,Tier 2,WH-BLR-03,South Central (Bengaluru),Express Air Freight,769.6,1468.07,2025-01-08,2025-01-08,0,On-Time,1,0
SHP-20242958,2025-10-30,SUP-05,Falcon Fasteners Corp,Tier 2,WH-KOL-04,East Gateway (Kolkata),Express Air Freight,688.83,1319.85,2025-11-03,2025-11-07,4,Delayed,0,0
SHP-20242959,2025-01-18,SUP-01,Apex Precision Components,Tier 1,WH-MUM-02,West Port (Mumbai),Express Air Freight,693.91,1324.58,2025-01-23,2025-01-23,0,On-Time,1,0
SHP-20242960,2024-05-08,SUP-04,Evergreen Raw Materials,Tier 2,WH-BLR-03,South Central (Bengaluru),Regional Truckload,55.67,97.14,2024-05-13,2024-05-13,0,On-Time,1,0
SHP-20242961,2025-05-01,SUP-05,Falcon Fasteners Corp,Tier 2,WH-BLR-03,South Central (Bengaluru),Standard Rail Transport,578.51,419.93,2025-05-03,2025-05-03,0,On-Time,1,0
SHP-20242962,2024-10-22,SUP-06,Global Polymer Solutions,Tier 2,WH-KOL-04,East Gateway (Kolkata),Express Air Freight,318.21,644.9,2024-10-26,2024-10-28,2,Delayed,0,0
SHP-20242963,2025-07-15,SUP-08,Indus Logistics Fab,Tier 3,WH-BLR-03,South Central (Bengaluru),Standard Rail Transport,425.15,355.04,2025-07-20,2025-07-22,2,Delayed,0,0
SHP-20242964,2025-02-10,SUP-02,Bharat Heavy Forgings,Tier 1,WH-KOL-04,East Gateway (Kolkata),Regional Truckload,579.8,448.28,2025-02-12,2025-02-15,3,Delayed,0,0
SHP-20242965,2025-05-23,SUP-01,Apex Precision Components,Tier 1,WH-BLR-03,South Central (Bengaluru),Regional Truckload,-315.98,273.62,2025-05-26,2025-05-26,0,On-Time,1,0
SHP-20242966,2024-10-31,SUP-03,Delta Electronics Hub,Tier 1,WH-BLR-03,South Central (Bengaluru),Express Air Freight,443.41,856.98,2024-11-02,2024-11-03,1,Delayed,0,0
SHP-20242967,2024-12-03,SUP-06,Global Polymer Solutions,Tier 2,WH-BLR-03,South Central (Bengaluru),Express Air Freight,794.4,1504.74,2024-12-09,2024-12-11,2,Delayed,0,0
SHP-20242968,2025-08-23,SUP-05,Falcon Fasteners Corp,Tier 2,WH-BLR-03,South Central (Bengaluru),Priority Surface Cargo,184.63,242.02,2025-08-28,2025-08-30,2,Delayed,0,0
SHP-20242969,2024-05-20,SUP-03,Delta Electronics Hub,Tier 1,WH-DEL-01,North Hub (Delhi-NCR),Priority Surface Cargo,720.96,819.08,2024-05-23,2024-05-23,0,On-Time,1,0
SHP-20242970,2024-01-09,SUP-07,Hind Cargo Aggregates,Tier 3,WH-KOL-04,East Gateway (Kolkata),Standard Rail Transport,219.66,229.66,2024-01-11,2024-01-12,1,Delayed,0,0
SHP-20242971,2024-11-02,SUP-06,Global Polymer Solutions,Tier 2,WH-KOL-04,East Gateway (Kolkata),Standard Rail Transport,40.54,64.54,2024-11-07,2024-11-08,1,Delayed,0,0
SHP-20242972,2025-10-22,SUP-08,Indus Logistics Fab,Tier 3,WH-BLR-03,South Central (Bengaluru),Express Air Freight,310.32,605.45,2025-10-27,2025-10-27,0,On-Time,1,0
SHP-20242973,2024-04-27,SUP-03,Delta Electronics Hub,Tier 1,WH-KOL-04,East Gateway (Kolkata),Regional Truckload,583.69,474.36,2024-04-30,2024-05-02,2,Delayed,0,0
SHP-20242974,2024-10-28,SUP-01,Apex Precision Components,Tier 1,WH-BLR-03,South Central (Bengaluru),Express Air Freight,31.9,136.65,2024-10-31,2024-11-01,1,Delayed,0,0
SHP-20242975,2024-10-23,SUP-03,Delta Electronics Hub,Tier 1,WH-DEL-01,North Hub (Delhi-NCR),Regional Truckload,716.85,560.62,2024-10-27,2024-10-27,0,On-Time,1,0
SHP-20242976,2024-07-04,SUP-02,Bharat Heavy Forgings,Tier 1,WH-DEL-01,North Hub (Delhi-NCR),Regional Truckload,301.1,221.27,2024-07-08,2024-07-09,1,Delayed,0,0
SHP-20242977,2025-08-25,SUP-07,Hind Cargo Aggregates,Tier 3,WH-DEL-01,North Hub (Delhi-NCR),Priority Surface Cargo,370.19,484.66,2025-08-31,2025-09-01,1,Delayed,0,0
SHP-20242978,2025-07-26,SUP-01,Apex Precision Components,Tier 1,WH-KOL-04,East Gateway (Kolkata),Express Air Freight,27.01,82.72,2025-07-30,2025-07-31,1,Delayed,0,0
SHP-20242979,2024-10-30,SUP-05,Falcon Fasteners Corp,Tier 2,WH-KOL-04,East Gateway (Kolkata),Standard Rail Transport,773.46,550.77,2024-11-04,2024-11-04,0,On-Time,1,0
SHP-20242980,2024-04-17,SUP-06,Global Polymer Solutions,Tier 2,WH-KOL-04,East Gateway (Kolkata),Priority Surface Cargo,92.01,164.51,2024-04-21,2024-04-23,2,Delayed,0,0
SHP-20242981,2025-11-06,SUP-08,Indus Logistics Fab,Tier 3,WH-KOL-04,East Gateway (Kolkata),Express Air Freight,92.06,234.95,2025-11-12,2025-11-15,3,Delayed,0,0
SHP-20242982,2025-09-27,SUP-06,Global Polymer Solutions,Tier 2,WH-DEL-01,North Hub (Delhi-NCR),Regional Truckload,355.32,267.28,2025-10-02,2025-10-02,0,On-Time,1,0
SHP-20242983,2025-05-20,SUP-05,Falcon Fasteners Corp,Tier 2,WH-MUM-02,West Port (Mumbai),Standard Rail Transport,686.04,474.31,2025-05-25,2025-05-26,1,Delayed,0,0
SHP-20242984,2024-12-19,SUP-01,Apex Precision Components,Tier 1,WH-BLR-03,South Central (Bengaluru),Express Air Freight,673.14,1338.95,2024-12-24,2024-12-26,2,Delayed,0,0
SHP-20242985,2024-02-25,SUP-06,Global Polymer Solutions,Tier 2,WH-BLR-03,South Central (Bengaluru),Regional Truckload,290.12,266.09,2024-02-28,2024-02-28,0,On-Time,1,0
SHP-20242986,2024-10-25,SUP-07,Hind Cargo Aggregates,Tier 3,WH-KOL-04,East Gateway (Kolkata),Regional Truckload,392.88,302.79,2024-10-28,2024-11-03,6,Delayed,0,0
SHP-20242987,2024-08-25,SUP-01,Apex Precision Components,Tier 1,WH-BLR-03,South Central (Bengaluru),Standard Rail Transport,508.64,372.92,2024-08-28,2024-08-31,3,Delayed,0,0
SHP-20242988,2024-10-30,SUP-08,Indus Logistics Fab,Tier 3,WH-MUM-02,West Port (Mumbai),Standard Rail Transport,644.47,465.95,2024-11-02,2024-11-02,0,On-Time,1,0
SHP-20242989,2024-03-26,SUP-02,Bharat Heavy Forgings,Tier 1,WH-KOL-04,East Gateway (Kolkata),Standard Rail Transport,697.42,546.09,2024-03-31,2024-03-31,0,On-Time,1,0
SHP-20242990,2024-03-11,SUP-08,Indus Logistics Fab,Tier 3,WH-KOL-04,East Gateway (Kolkata),Priority Surface Cargo,278.93,392.27,2024-03-14,2024-03-16,2,Delayed,0,0
SHP-20242991,2025-03-10,SUP-03,Delta Electronics Hub,Tier 1,WH-BLR-03,South Central (Bengaluru),Express Air Freight,625.34,1203.39,2025-03-14,2025-03-15,1,Delayed,0,0
SHP-20242992,2024-11-06,SUP-03,Delta Electronics Hub,Tier 1,WH-DEL-01,North Hub (Delhi-NCR),Express Air Freight,307.76,658.2,2024-11-11,2024-11-11,0,On-Time,1,0
SHP-20242993,2024-06-27,SUP-07,Hind Cargo Aggregates,Tier 3,WH-KOL-04,East Gateway (Kolkata),Express Air Freight,178.81,377.04,2024-07-02,2024-07-02,0,On-Time,1,0
SHP-20242994,2025-10-20,SUP-08,Indus Logistics Fab,Tier 3,WH-KOL-04,East Gateway (Kolkata),Priority Surface Cargo,-101.19,188.98,2025-10-22,2025-11-04,13,Delayed,0,0
SHP-20242995,2025-05-01,SUP-02,Bharat Heavy Forgings,Tier 1,WH-MUM-02,West Port (Mumbai),Express Air Freight,767.92,1485.27,2025-05-04,2025-05-04,0,On-Time,1,0
SHP-20242996,2025-04-08,SUP-01,Apex Precision Components,Tier 1,WH-BLR-03,South Central (Bengaluru),Regional Truckload,365.89,305.04,2025-04-10,2025-04-10,0,On-Time,1,0
SHP-20242997,2025-07-03,SUP-06,Global Polymer Solutions,Tier 2,WH-DEL-01,North Hub (Delhi-NCR),Express Air Freight,711.46,1401.03,2025-07-06,2025-07-10,4,Delayed,0,0
SHP-20242998,2025-12-21,SUP-05,Falcon Fasteners Corp,Tier 2,WH-KOL-04,East Gateway (Kolkata),Priority Surface Cargo,201.21,279.01,2025-12-24,2025-12-26,2,Delayed,0,0
SHP-20242999,2025-07-27,SUP-06,Global Polymer Solutions,Tier 2,WH-KOL-04,East Gateway (Kolkata),Priority Surface Cargo,89.34,129.62,2025-07-31,2025-08-01,1,Delayed,0,0
SHP-20243000,2024-10-26,SUP-05,Falcon Fasteners Corp,Tier 2,WH-DEL-01,North Hub (Delhi-NCR),Regional Truckload,548.8,423.99,2024-11-01,2024-11-01,0,On-Time,1,0
SHP-20243001,2025-09-26,SUP-07,Hind Cargo Aggregates,Tier 3,WH-KOL-04,East Gateway (Kolkata),Express Air Freight,74.85,187.06,2025-10-01,2025-10-01,0,On-Time,1,0
SHP-20243002,2025-11-24,SUP-05,Falcon Fasteners Corp,Tier 2,WH-MUM-02,West Port (Mumbai),Standard Rail Transport,112.29,139.62,2025-11-27,2025-11-28,1,Delayed,0,0
SHP-20243003,2024-09-15,SUP-07,Hind Cargo Aggregates,Tier 3,WH-BLR-03,South Central (Bengaluru),Standard Rail Transport,728.56,527.3,2024-09-17,2024-09-20,3,Delayed,0,0
SHP-20243004,2024-03-15,SUP-04,Evergreen Raw Materials,Tier 2,WH-MUM-02,West Port (Mumbai),Express Air Freight,222.45,503.11,2024-03-19,2024-03-24,5,Delayed,0,0
SHP-20243005,2024-10-08,SUP-03,Delta Electronics Hub,Tier 1,WH-KOL-04,East Gateway (Kolkata),Regional Truckload,179.38,193.66,2024-10-10,2024-10-10,0,On-Time,1,0
SHP-20243006,2024-08-25,SUP-01,Apex Precision Components,Tier 1,WH-BLR-03,South Central (Bengaluru),Standard Rail Transport,-573.95,430.64,2024-08-30,2024-08-30,0,On-Time,1,0
SHP-20243007,2024-05-18,SUP-07,Hind Cargo Aggregates,Tier 3,WH-KOL-04,East Gateway (Kolkata),Regional Truckload,731.3,559.81,2024-05-21,2024-05-21,0,On-Time,1,0
SHP-20243008,2025-04-22,SUP-08,Indus Logistics Fab,Tier 3,WH-MUM-02,West Port (Mumbai),Express Air Freight,608.28,1189.06,2025-04-28,2025-05-02,4,Delayed,0,0
SHP-20243009,2025-08-14,SUP-03,Delta Electronics Hub,Tier 1,WH-MUM-02,West Port (Mumbai),Priority Surface Cargo,675.07,792.94,2025-08-16,2025-08-18,2,Delayed,0,0
SHP-20243010,2024-04-23,SUP-02,Bharat Heavy Forgings,Tier 1,WH-BLR-03,South Central (Bengaluru),Regional Truckload,196.91,155.44,2024-04-28,2024-05-01,3,Delayed,0,0
SHP-20243011,2025-07-13,SUP-06,Global Polymer Solutions,Tier 2,WH-BLR-03,South Central (Bengaluru),Priority Surface Cargo,771.04,896.63,2025-07-16,2025-07-18,2,Delayed,0,0
SHP-20243012,2024-06-20,SUP-01,Apex Precision Components,Tier 1,WH-BLR-03,South Central (Bengaluru),Priority Surface Cargo,154.37,219.75,2024-06-23,2024-06-24,1,Delayed,0,0
SHP-20243013,2024-05-17,SUP-04,Evergreen Raw Materials,Tier 2,WH-BLR-03,South Central (Bengaluru),Priority Surface Cargo,243.11,302.72,2024-05-19,2024-05-24,5,Delayed,0,0
SHP-20243014,2025-04-05,SUP-04,Evergreen Raw Materials,Tier 2,WH-DEL-01,North Hub (Delhi-NCR),Express Air Freight,548.4,1088.72,2025-04-09,2025-04-10,1,Delayed,0,0
SHP-20243015,2024-07-09,SUP-08,Indus Logistics Fab,Tier 3,WH-BLR-03,South Central (Bengaluru),Regional Truckload,61.77,110.56,2024-07-14,2024-07-15,1,Delayed,0,0
SHP-20243016,2025-09-29,SUP-05,Falcon Fasteners Corp,Tier 2,WH-MUM-02,West Port (Mumbai),Standard Rail Transport,368.53,327.35,2025-10-01,2025-10-01,0,On-Time,1,0
SHP-20243017,2025-06-15,SUP-04,Evergreen Raw Materials,Tier 2,WH-BLR-03,South Central (Bengaluru),Regional Truckload,726.31,528.67,2025-06-20,2025-06-20,0,On-Time,1,0
SHP-20243018,2025-05-10,SUP-06,Global Polymer Solutions,Tier 2,WH-BLR-03,South Central (Bengaluru),Standard Rail Transport,59.93,78.79,2025-05-14,2025-05-14,0,On-Time,1,0
SHP-20243019,2025-07-15,SUP-08,Indus Logistics Fab,Tier 3,WH-BLR-03,South Central (Bengaluru),Priority Surface Cargo,-513.41,654.74,17/07/2025,2025-07-17,0,On-Time,1,0
SHP-20243020,2025-06-02,SUP-03,Delta Electronics Hub,Tier 1,WH-DEL-01,North Hub (Delhi-NCR),Regional Truckload,360.6,261.98,05/06/2025,2025-06-05,0,On-Time,1,0
SHP-20243021,2024-11-27,SUP-02,Bharat Heavy Forgings,Tier 1,WH-BLR-03,South Central (Bengaluru),Regional Truckload,589.96,468.68,2024-12-03,2024-12-03,0,On-Time,1,0
SHP-20243022,2025-01-04,SUP-03,Delta Electronics Hub,Tier 1,WH-MUM-02,West Port (Mumbai),Regional Truckload,678.93,498.4,2025-01-10,2025-01-11,1,Delayed,0,1
SHP-20243023,2025-04-02,SUP-02,Bharat Heavy Forgings,Tier 1,WH-KOL-04,East Gateway (Kolkata),Regional Truckload,692.61,508.13,2025-04-06,2025-04-06,0,On-Time,1,0
SHP-20243024,2025-05-16,SUP-04,Evergreen Raw Materials,Tier 2,WH-BLR-03,South Central (Bengaluru),Regional Truckload,214.97,183.3,2025-05-20,2025-05-22,2,Delayed,0,0
SHP-20243025,2025-03-17,SUP-02,Bharat Heavy Forgings,Tier 1,WH-MUM-02,West Port (Mumbai),Regional Truckload,746.89,519.95,2025-03-23,2025-03-23,0,On-Time,1,0
SHP-20243026,2024-10-03,SUP-04,Evergreen Raw Materials,Tier 2,WH-KOL-04,East Gateway (Kolkata),Express Air Freight,418.85,810.37,2024-10-06,2024-10-06,0,On-Time,1,0
SHP-20243027,2024-05-13,SUP-02,Bharat Heavy Forgings,Tier 1,WH-MUM-02,West Port (Mumbai),Standard Rail Transport,342.58,285.81,2024-05-19,2024-05-24,5,Delayed,0,0
SHP-20243028,2024-12-11,SUP-06,Global Polymer Solutions,Tier 2,WH-MUM-02,West Port (Mumbai),Standard Rail Transport,275.62,209.85,2024-12-14,2024-12-14,0,On-Time,1,0
SHP-20243029,2025-12-08,SUP-08,Indus Logistics Fab,Tier 3,WH-DEL-01,North Hub (Delhi-NCR),Express Air Freight,577.43,1096.72,2025-12-10,2025-12-10,0,On-Time,1,0
SHP-20243030,2025-06-08,SUP-05,Falcon Fasteners Corp,Tier 2,WH-KOL-04,East Gateway (Kolkata),Express Air Freight,581.52,1165.23,2025-06-10,2025-06-13,3,Delayed,0,0
SHP-20243031,2025-03-04,SUP-05,Falcon Fasteners Corp,Tier 2,WH-BLR-03,South Central (Bengaluru),Regional Truckload,809.87,614.35,2025-03-10,2025-03-13,3,Delayed,0,0
SHP-20243032,2024-04-19,SUP-02,Bharat Heavy Forgings,Tier 1,WH-KOL-04,East Gateway (Kolkata),Priority Surface Cargo,579.87,705.28,2024-04-23,2024-04-23,0,On-Time,1,0
SHP-20243033,2025-07-08,SUP-08,Indus Logistics Fab,Tier 3,WH-BLR-03,South Central (Bengaluru),Express Air Freight,60.18,151.98,2025-07-12,2025-07-12,0,On-Time,1,0
SHP-20243034,2025-02-07,SUP-06,Global Polymer Solutions,Tier 2,WH-BLR-03,South Central (Bengaluru),Priority Surface Cargo,590.61,693.38,2025-02-10,2025-02-11,1,Delayed,0,0
SHP-20243035,2025-11-25,SUP-03,Delta Electronics Hub,Tier 1,WH-BLR-03,South Central (Bengaluru),Standard Rail Transport,537.58,421.3,2025-11-30,2025-11-30,0,On-Time,1,0
SHP-20243036,2024-09-16,SUP-04,Evergreen Raw Materials,Tier 2,WH-KOL-04,East Gateway (Kolkata),Express Air Freight,382.78,779.21,2024-09-21,2024-09-27,6,Delayed,0,0
SHP-20243037,2025-06-07,SUP-07,Hind Cargo Aggregates,Tier 3,WH-MUM-02,West Port (Mumbai),Regional Truckload,326.67,247.46,2025-06-11,2025-06-11,0,On-Time,1,0
SHP-20243038,2024-06-14,SUP-02,Bharat Heavy Forgings,Tier 1,WH-MUM-02,West Port (Mumbai),Express Air Freight,526.09,1039.7,2024-06-20,2024-06-20,0,On-Time,1,0
SHP-20243039,2024-03-19,SUP-05,Falcon Fasteners Corp,Tier 2,WH-BLR-03,South Central (Bengaluru),Standard Rail Transport,250.13,225.71,2024-03-24,2024-03-31,7,Delayed,0,0
SHP-20243040,2024-07-22,SUP-07,Hind Cargo Aggregates,Tier 3,WH-KOL-04,East Gateway (Kolkata),Express Air Freight,175.87,412.89,2024-07-28,2024-08-04,7,Delayed,0,0
SHP-20243041,2025-01-28,SUP-04,Evergreen Raw Materials,Tier 2,WH-KOL-04,East Gateway (Kolkata),Priority Surface Cargo,646.35,744.14,2025-02-02,2025-02-05,3,Delayed,0,0
SHP-20243042,2024-11-22,SUP-04,Evergreen Raw Materials,Tier 2,WH-MUM-02,West Port (Mumbai),Standard Rail Transport,663.83,457.81,2024-11-28,2024-11-28,0,On-Time,1,0
SHP-20243043,2025-08-01,SUP-01,Apex Precision Components,Tier 1,WH-DEL-01,North Hub (Delhi-NCR),Regional Truckload,696.68,509.5,2025-08-06,2025-08-09,3,Delayed,0,0
SHP-20243044,2024-08-25,SUP-04,Evergreen Raw Materials,Tier 2,WH-BLR-03,South Central (Bengaluru),Priority Surface Cargo,673.84,828.33,2024-08-29,2024-08-31,2,Delayed,0,0
SHP-20243045,2024-12-14,SUP-05,Falcon Fasteners Corp,Tier 2,WH-MUM-02,West Port (Mumbai),Standard Rail Transport,158.63,192.59,2024-12-18,2024-12-18,0,On-Time,1,0
SHP-20243046,2024-10-15,SUP-02,Bharat Heavy Forgings,Tier 1,WH-KOL-04,East Gateway (Kolkata),Standard Rail Transport,744.3,511.24,2024-10-18,2024-10-23,5,Delayed,0,0
SHP-20243047,2024-04-18,SUP-02,Bharat Heavy Forgings,Tier 1,WH-DEL-01,North Hub (Delhi-NCR),Regional Truckload,284.28,260.26,2024-04-20,2024-04-20,0,On-Time,1,0
SHP-20243048,2025-10-06,SUP-06,Global Polymer Solutions,Tier 2,WH-DEL-01,North Hub (Delhi-NCR),Regional Truckload,615.88,447.59,2025-10-09,2025-10-09,0,On-Time,1,0
SHP-20243049,2024-03-19,SUP-02,Bharat Heavy Forgings,Tier 1,WH-DEL-01,North Hub (Delhi-NCR),Express Air Freight,743.19,1401.51,2024-03-21,2024-03-22,1,Delayed,0,0
SHP-20243050,2024-08-29,SUP-05,Falcon Fasteners Corp,Tier 2,WH-DEL-01,North Hub (Delhi-NCR),Express Air Freight,841.67,1588.37,2024-09-02,2024-09-04,2,Delayed,0,0
SHP-20243051,2025-01-24,SUP-08,Indus Logistics Fab,Tier 3,WH-DEL-01,North Hub (Delhi-NCR),Standard Rail Transport,493.58,388.42,2025-01-27,2025-01-30,3,Delayed,0,0
SHP-20243052,2025-01-01,SUP-05,Falcon Fasteners Corp,Tier 2,WH-BLR-03,South Central (Bengaluru),Priority Surface Cargo,40.9,115.74,2025-01-05,2025-01-06,1,Delayed,0,0
SHP-20243053,2025-04-21,SUP-05,Falcon Fasteners Corp,Tier 2,WH-MUM-02,West Port (Mumbai),Regional Truckload,616.52,433.0,2025-04-26,2025-05-02,6,Delayed,0,0
SHP-20243054,2025-01-30,SUP-02,Bharat Heavy Forgings,Tier 1,WH-MUM-02,West Port (Mumbai),Priority Surface Cargo,382.32,512.95,2025-02-02,2025-02-02,0,On-Time,1,0
SHP-20243055,2025-09-28,SUP-07,Hind Cargo Aggregates,Tier 3,WH-BLR-03,South Central (Bengaluru),Standard Rail Transport,115.84,116.28,2025-10-04,2025-10-10,6,Delayed,0,0
SHP-20243056,2024-03-29,SUP-08,Indus Logistics Fab,Tier 3,WH-BLR-03,South Central (Bengaluru),Regional Truckload,533.17,436.17,2024-03-31,2024-04-04,4,Delayed,0,0
SHP-20243057,2025-11-14,SUP-07,Hind Cargo Aggregates,Tier 3,WH-KOL-04,East Gateway (Kolkata),Priority Surface Cargo,281.9,352.3,2025-11-20,2025-12-02,12,Delayed,0,0
SHP-20243058,2024-07-05,SUP-08,Indus Logistics Fab,Tier 3,WH-MUM-02,West Port (Mumbai),Priority Surface Cargo,303.83,424.66,2024-07-08,2024-07-08,0,on-time  ,1,0
SHP-20243059,2024-11-26,SUP-04,Evergreen Raw Materials,Tier 2,WH-KOL-04,East Gateway (Kolkata),Standard Rail Transport,567.96,397.81,2024-11-30,2024-12-02,2,Delayed,0,0
SHP-20243060,2024-12-29,SUP-07,Hind Cargo Aggregates,Tier 3,WH-DEL-01,North Hub (Delhi-NCR),Priority Surface Cargo,529.84,616.65,2025-01-02,2025-01-02,0,On-Time,1,0
SHP-20243061,2025-05-13,SUP-04,Evergreen Raw Materials,Tier 2,WH-KOL-04,East Gateway (Kolkata),Express Air Freight,16.95,120.17,2025-05-18,2025-05-18,0,On-Time,1,1
SHP-20243062,2024-04-19,SUP-02,Bharat Heavy Forgings,Tier 1,WH-KOL-04,East Gateway (Kolkata),Regional Truckload,606.93,438.23,2024-04-24,2024-04-29,5,Delayed,0,0
SHP-20243063,2024-07-04,SUP-02,Bharat Heavy Forgings,Tier 1,WH-BLR-03,South Central (Bengaluru),Priority Surface Cargo,240.06,338.94,2024-07-10,2024-07-12,2,Delayed,0,0
SHP-20243064,2024-01-31,SUP-03,Delta Electronics Hub,Tier 1,WH-DEL-01,North Hub (Delhi-NCR),Express Air Freight,43.08,173.46,2024-02-06,2024-02-11,5,Delayed,0,0
SHP-20243065,2025-11-21,SUP-08,Indus Logistics Fab,Tier 3,WH-DEL-01,North Hub (Delhi-NCR),Regional Truckload,163.94,198.83,2025-11-27,2025-11-29,2,Delayed,0,0
SHP-20243066,2025-03-23,SUP-05,Falcon Fasteners Corp,Tier 2,WH-BLR-03,South Central (Bengaluru),Standard Rail Transport,21.5,71.86,2025-03-25,2025-03-28,3,Delayed,0,0
SHP-20243067,2025-01-24,SUP-07,Hind Cargo Aggregates,Tier 3,WH-DEL-01,North Hub (Delhi-NCR),Express Air Freight,364.86,739.59,2025-01-26,2025-01-26,0,On-Time,1,0
SHP-20243068,2024-04-20,SUP-04,Evergreen Raw Materials,Tier 2,WH-BLR-03,South Central (Bengaluru),Express Air Freight,279.12,609.01,2024-04-25,2024-04-25,0,On-Time,1,0
SHP-20243069,2025-10-19,SUP-05,Falcon Fasteners Corp,Tier 2,WH-BLR-03,South Central (Bengaluru),Express Air Freight,38.98,147.67,2025-10-23,2025-10-27,4,delayed  ,0,0
SHP-20243070,2025-04-16,SUP-04,Evergreen Raw Materials,Tier 2,WH-KOL-04,East Gateway (Kolkata),Express Air Freight,778.51,1502.92,2025-04-19,2025-04-19,0,On-Time,1,0
SHP-20243071,2024-12-05,SUP-08,Indus Logistics Fab,Tier 3,WH-DEL-01,North Hub (Delhi-NCR),Regional Truckload,781.69,597.24,2024-12-07,2024-12-07,0,On-Time,1,0
SHP-20243072,2024-09-23,SUP-02,Bharat Heavy Forgings,Tier 1,WH-MUM-02,West Port (Mumbai),Express Air Freight,564.47,1108.87,2024-09-25,2024-09-25,0,On-Time,1,0
SHP-20243073,2025-06-30,SUP-07,Hind Cargo Aggregates,Tier 3,WH-DEL-01,North Hub (Delhi-NCR),Priority Surface Cargo,549.4,639.5,2025-07-04,2025-07-04,0,On-Time,1,1
SHP-20243074,2024-01-11,SUP-06,Global Polymer Solutions,Tier 2,WH-BLR-03,South Central (Bengaluru),Express Air Freight,623.24,1190.13,2024-01-14,2024-01-14,0,On-Time,1,0
SHP-20243075,2024-11-24,SUP-07,Hind Cargo Aggregates,Tier 3,WH-BLR-03,South Central (Bengaluru),Priority Surface Cargo,412.3,485.62,2024-11-30,2024-12-01,1,Delayed,0,0
SHP-20243076,2025-12-18,SUP-05,Falcon Fasteners Corp,Tier 2,WH-KOL-04,East Gateway (Kolkata),Regional Truckload,456.01,329.13,2025-12-23,2025-12-27,4,Delayed,0,0
SHP-20243077,2024-08-02,SUP-04,Evergreen Raw Materials,Tier 2,WH-MUM-02,West Port (Mumbai),Express Air Freight,650.37,1282.18,2024-08-08,2024-08-08,0,On-Time,1,0
SHP-20243078,2025-07-21,SUP-07,Hind Cargo Aggregates,Tier 3,WH-DEL-01,North Hub (Delhi-NCR),Regional Truckload,274.75,211.93,2025-07-25,2025-07-25,0,On-Time,1,0
SHP-20243079,2024-08-11,SUP-05,Falcon Fasteners Corp,Tier 2,WH-KOL-04,East Gateway (Kolkata),Regional Truckload,562.6,443.87,2024-08-14,2024-08-16,2,Delayed,0,0
SHP-20243080,2024-06-05,SUP-01,Apex Precision Components,Tier 1,WH-DEL-01,North Hub (Delhi-NCR),Priority Surface Cargo,460.87,589.14,2024-06-09,2024-06-10,1,Delayed,0,0
SHP-20243081,2025-10-17,SUP-02,Bharat Heavy Forgings,Tier 1,WH-KOL-04,East Gateway (Kolkata),Regional Truckload,258.34,260.19,2025-10-20,2025-10-23,3,Delayed,0,0
SHP-20243082,2024-03-23,SUP-01,Apex Precision Components,Tier 1,WH-KOL-04,East Gateway (Kolkata),Regional Truckload,196.61,209.75,2024-03-27,2024-03-28,1,Delayed,0,0
SHP-20243083,2025-12-17,SUP-06,Global Polymer Solutions,Tier 2,WH-KOL-04,East Gateway (Kolkata),Express Air Freight,224.67,490.9,2025-12-22,2025-12-23,1,Delayed,0,0
SHP-20243084,2024-08-01,SUP-06,Global Polymer Solutions,Tier 2,WH-KOL-04,East Gateway (Kolkata),Standard Rail Transport,197.2,161.67,2024-08-06,2024-08-10,4,Delayed,0,0
SHP-20243085,2024-10-25,SUP-07,Hind Cargo Aggregates,Tier 3,WH-BLR-03,South Central (Bengaluru),Express Air Freight,180.59,399.36,2024-10-29,2024-10-29,0,On-Time,1,0
SHP-20243086,2024-08-07,SUP-04,Evergreen Raw Materials,Tier 2,WH-BLR-03,South Central (Bengaluru),Standard Rail Transport,359.09,302.08,2024-08-11,2024-08-16,5,Delayed,0,0
SHP-20243087,2025-10-19,SUP-02,Bharat Heavy Forgings,Tier 1,WH-BLR-03,South Central (Bengaluru),Standard Rail Transport,-559.61,409.99,22/10/2025,2025-10-23,1,Delayed,0,0
SHP-20243088,2024-02-14,SUP-02,Bharat Heavy Forgings,Tier 1,WH-MUM-02,West Port (Mumbai),Standard Rail Transport,467.62,353.31,2024-02-17,2024-02-20,3,Delayed,0,0
SHP-20243089,2024-04-20,SUP-03,Delta Electronics Hub,Tier 1,WH-KOL-04,East Gateway (Kolkata),Express Air Freight,469.61,904.07,2024-04-26,2024-04-27,1,Delayed,0,0
SHP-20243090,2024-01-30,SUP-05,Falcon Fasteners Corp,Tier 2,WH-KOL-04,East Gateway (Kolkata),Standard Rail Transport,740.23,558.59,2024-02-05,2024-02-06,1,Delayed,0,0
SHP-20243091,2024-09-25,SUP-06,Global Polymer Solutions,Tier 2,WH-BLR-03,South Central (Bengaluru),Regional Truckload,371.77,303.13,2024-09-27,2024-09-27,0,On-Time,1,0
SHP-20243092,2024-05-15,SUP-01,Apex Precision Components,Tier 1,WH-DEL-01,North Hub (Delhi-NCR),Standard Rail Transport,41.44,53.38,2024-05-18,2024-05-21,3,Delayed,0,0
SHP-20243093,2024-03-18,SUP-04,Evergreen Raw Materials,Tier 2,WH-KOL-04,East Gateway (Kolkata),Standard Rail Transport,837.36,584.76,2024-03-24,2024-03-29,5,Delayed,0,0
SHP-20243094,2025-01-08,SUP-06,Global Polymer Solutions,Tier 2,WH-MUM-02,West Port (Mumbai),Priority Surface Cargo,25.9,103.22,2025-01-13,2025-01-16,3,Delayed,0,0
SHP-20243095,2024-02-17,SUP-01,Apex Precision Components,Tier 1,WH-BLR-03,South Central (Bengaluru),Priority Surface Cargo,388.55,471.74,2024-02-22,2024-02-22,0,On-Time,1,0
SHP-20243096,2025-10-03,SUP-01,Apex Precision Components,Tier 1,WH-KOL-04,East Gateway (Kolkata),Express Air Freight,175.97,368.23,2025-10-05,2025-10-07,2,Delayed,0,0
SHP-20243097,2025-02-11,SUP-07,Hind Cargo Aggregates,Tier 3,WH-DEL-01,North Hub (Delhi-NCR),Priority Surface Cargo,158.37,217.98,2025-02-14,2025-02-18,4,Delayed,0,0
SHP-20243098,2024-08-09,SUP-04,Evergreen Raw Materials,Tier 2,WH-MUM-02,West Port (Mumbai),Express Air Freight,429.72,832.26,2024-08-14,2024-08-18,4,Delayed,0,0
SHP-20243099,2024-06-13,SUP-03,Delta Electronics Hub,Tier 1,WH-DEL-01,North Hub (Delhi-NCR),Regional Truckload,184.24,155.62,2024-06-17,2024-06-18,1,Delayed,0,0
SHP-20243100,2025-10-02,SUP-08,Indus Logistics Fab,Tier 3,WH-KOL-04,East Gateway (Kolkata),Express Air Freight,303.95,607.26,2025-10-05,2025-10-06,1,Delayed,0,0
SHP-20243101,2025-08-19,SUP-06,Global Polymer Solutions,Tier 2,WH-DEL-01,North Hub (Delhi-NCR),Regional Truckload,591.47,476.89,2025-08-23,2025-08-23,0,On-Time,1,0
SHP-20243102,2025-04-16,SUP-01,Apex Precision Components,Tier 1,WH-DEL-01,North Hub (Delhi-NCR),Priority Surface Cargo,719.66,878.81,2025-04-19,2025-04-23,4,Delayed,0,0
SHP-20243103,2025-12-05,SUP-05,Falcon Fasteners Corp,Tier 2,WH-MUM-02,West Port (Mumbai),Express Air Freight,457.65,919.26,2025-12-11,2025-12-11,0,On-Time,1,0
SHP-20243104,2025-05-01,SUP-02,Bharat Heavy Forgings,Tier 1,WH-BLR-03,South Central (Bengaluru),Standard Rail Transport,739.91,547.85,2025-05-06,2025-05-07,1,Delayed,0,0
SHP-20243105,2024-12-29,SUP-02,Bharat Heavy Forgings,Tier 1,WH-DEL-01,North Hub (Delhi-NCR),Priority Surface Cargo,-489.14,565.1,2025-01-01,2025-01-01,0,On-Time,1,0
SHP-20243106,2024-05-14,SUP-06,Global Polymer Solutions,Tier 2,WH-KOL-04,East Gateway (Kolkata),Standard Rail Transport,577.35,425.04,2024-05-18,2024-05-22,4,Delayed,0,0
SHP-20243107,2025-05-11,SUP-07,Hind Cargo Aggregates,Tier 3,WH-KOL-04,East Gateway (Kolkata),Express Air Freight,786.55,1528.8,2025-05-13,2025-05-17,4,Delayed,0,0
SHP-20243108,2025-12-18,SUP-06,Global Polymer Solutions,Tier 2,WH-DEL-01,North Hub (Delhi-NCR),Express Air Freight,434.4,884.06,2025-12-20,2025-12-21,1,Delayed,0,0
SHP-20243109,2024-11-28,SUP-02,Bharat Heavy Forgings,Tier 1,WH-KOL-04,East Gateway (Kolkata),Priority Surface Cargo,657.13,805.72,2024-11-30,2024-12-04,4,Delayed,0,0
SHP-20243110,2025-10-26,SUP-06,Global Polymer Solutions,Tier 2,WH-BLR-03,South Central (Bengaluru),Regional Truckload,616.12,443.76,2025-10-29,2025-10-29,0,On-Time,1,0
SHP-20243111,2024-09-13,SUP-08,Indus Logistics Fab,Tier 3,WH-DEL-01,North Hub (Delhi-NCR),Priority Surface Cargo,139.5,209.34,2024-09-18,2024-09-18,0,On-Time,1,1
SHP-20243112,2025-08-04,SUP-05,Falcon Fasteners Corp,Tier 2,WH-BLR-03,South Central (Bengaluru),Regional Truckload,397.52,300.41,2025-08-10,2025-08-10,0,On-Time,1,0
SHP-20243113,2024-10-02,SUP-06,Global Polymer Solutions,Tier 2,WH-DEL-01,North Hub (Delhi-NCR),Regional Truckload,673.77,491.66,2024-10-08,2024-10-10,2,Delayed,0,0
SHP-20243114,2025-03-14,SUP-02,Bharat Heavy Forgings,Tier 1,WH-BLR-03,South Central (Bengaluru),Priority Surface Cargo,453.5,546.53,2025-03-19,2025-03-19,0,On-Time,1,0
SHP-20243115,2025-10-20,SUP-03,Delta Electronics Hub,Tier 1,WH-DEL-01,North Hub (Delhi-NCR),Express Air Freight,687.53,1302.59,2025-10-24,2025-10-28,4,Delayed,0,0
SHP-20243116,2025-08-23,SUP-04,Evergreen Raw Materials,Tier 2,WH-DEL-01,North Hub (Delhi-NCR),Express Air Freight,365.06,742.29,2025-08-25,2025-08-25,0,On-Time,1,0
SHP-20243117,2024-01-04,SUP-06,Global Polymer Solutions,Tier 2,WH-KOL-04,East Gateway (Kolkata),Priority Surface Cargo,374.86,498.75,2024-01-07,2024-01-16,9,Delayed,0,0
SHP-20243118,2024-10-12,SUP-02,Bharat Heavy Forgings,Tier 1,WH-BLR-03,South Central (Bengaluru),Priority Surface Cargo,337.59,406.74,2024-10-16,2024-10-16,0,On-Time,1,0
SHP-20243119,2025-08-11,SUP-08,Indus Logistics Fab,Tier 3,WH-MUM-02,West Port (Mumbai),Express Air Freight,316.46,624.24,2025-08-13,2025-08-15,2,Delayed,0,0
SHP-20243120,2024-10-07,SUP-01,Apex Precision Components,Tier 1,WH-KOL-04,East Gateway (Kolkata),Regional Truckload,315.0,268.88,2024-10-13,2024-10-13,0,On-Time,1,0
SHP-20243121,2024-10-21,SUP-05,Falcon Fasteners Corp,Tier 2,WH-DEL-01,North Hub (Delhi-NCR),Standard Rail Transport,287.39,229.11,2024-10-26,2024-10-30,4,Delayed,0,0
SHP-20243122,2024-07-31,SUP-08,Indus Logistics Fab,Tier 3,WH-BLR-03,South Central (Bengaluru),Priority Surface Cargo,452.04,555.44,2024-08-02,2024-08-05,3,Delayed,0,0
SHP-20243123,2024-09-21,SUP-03,Delta Electronics Hub,Tier 1,WH-BLR-03,South Central (Bengaluru),Express Air Freight,390.02,756.5,2024-09-26,2024-09-26,0,On-Time,1,0
SHP-20243124,2025-06-13,SUP-02,Bharat Heavy Forgings,Tier 1,WH-DEL-01,North Hub (Delhi-NCR),Standard Rail Transport,586.28,452.26,2025-06-18,2025-06-19,1,Delayed,0,0
SHP-20243125,2024-04-12,SUP-02,Bharat Heavy Forgings,Tier 1,WH-MUM-02,West Port (Mumbai),Priority Surface Cargo,732.93,879.46,2024-04-16,2024-04-16,0,On-Time,1,0
SHP-20243126,2025-10-05,SUP-05,Falcon Fasteners Corp,Tier 2,WH-BLR-03,South Central (Bengaluru),Regional Truckload,579.28,463.25,2025-10-10,2025-10-15,5,Delayed,0,0
SHP-20243127,2025-06-21,SUP-02,Bharat Heavy Forgings,Tier 1,WH-DEL-01,North Hub (Delhi-NCR),Regional Truckload,476.11,367.5,2025-06-24,2025-06-24,0,On-Time,1,0
SHP-20243128,2024-12-03,SUP-03,Delta Electronics Hub,Tier 1,WH-KOL-04,East Gateway (Kolkata),Regional Truckload,591.22,448.44,2024-12-08,2024-12-08,0,On-Time,1,0
SHP-20243129,2024-01-08,SUP-05,Falcon Fasteners Corp,Tier 2,WH-DEL-01,North Hub (Delhi-NCR),Priority Surface Cargo,484.11,570.47,2024-01-13,2024-01-13,0,On-Time,1,0
SHP-20243130,2024-01-08,SUP-03,Delta Electronics Hub,Tier 1,WH-DEL-01,North Hub (Delhi-NCR),Express Air Freight,36.02,137.02,2024-01-10,2024-01-11,1,Delayed,0,0
SHP-20243131,2024-07-21,SUP-08,Indus Logistics Fab,Tier 3,WH-BLR-03,South Central (Bengaluru),Standard Rail Transport,818.55,579.75,2024-07-24,2024-07-24,0,On-Time,1,0
SHP-20243132,2024-12-07,SUP-04,Evergreen Raw Materials,Tier 2,WH-DEL-01,North Hub (Delhi-NCR),Regional Truckload,804.17,604.11,2024-12-11,2024-12-11,0,On-Time,1,0
SHP-20243133,2025-04-05,SUP-01,Apex Precision Components,Tier 1,WH-MUM-02,West Port (Mumbai),Priority Surface Cargo,683.9,836.17,2025-04-10,2025-04-10,0,On-Time,1,0
SHP-20243134,2024-02-05,SUP-06,Global Polymer Solutions,Tier 2,WH-MUM-02,West Port (Mumbai),Express Air Freight,376.29,768.61,2024-02-10,2024-02-10,0,On-Time,1,0
SHP-20243135,2024-01-05,SUP-01,Apex Precision Components,Tier 1,WH-MUM-02,West Port (Mumbai),Standard Rail Transport,803.95,599.33,2024-01-07,2024-01-08,1,Delayed,0,0
SHP-20243136,2024-10-29,SUP-04,Evergreen Raw Materials,Tier 2,WH-DEL-01,North Hub (Delhi-NCR),Express Air Freight,170.43,363.13,2024-11-03,2024-11-04,1,Delayed,0,0
SHP-20243137,2024-06-15,SUP-08,Indus Logistics Fab,Tier 3,WH-DEL-01,North Hub (Delhi-NCR),Standard Rail Transport,718.42,515.85,2024-06-21,2024-06-21,0,On-Time,1,0
SHP-20243138,2025-11-19,SUP-06,Global Polymer Solutions,Tier 2,WH-DEL-01,North Hub (Delhi-NCR),Priority Surface Cargo,800.42,919.65,2025-11-21,2025-11-24,3,Delayed,0,0
SHP-20243139,2025-06-10,SUP-06,Global Polymer Solutions,Tier 2,WH-DEL-01,North Hub (Delhi-NCR),Express Air Freight,612.33,1195.84,2025-06-14,2025-06-15,1,Delayed,0,0
SHP-20243140,2025-08-27,SUP-08,Indus Logistics Fab,Tier 3,WH-BLR-03,South Central (Bengaluru),Express Air Freight,484.92,964.46,2025-09-01,2025-09-01,0,On-Time,1,0
SHP-20243141,2025-07-18,SUP-03,Delta Electronics Hub,Tier 1,WH-MUM-02,West Port (Mumbai),Priority Surface Cargo,190.36,249.71,2025-07-20,2025-07-20,0,On-Time,1,0
SHP-20243142,2025-12-09,SUP-06,Global Polymer Solutions,Tier 2,WH-DEL-01,North Hub (Delhi-NCR),Regional Truckload,476.34,362.99,2025-12-13,2025-12-16,3,Delayed,0,0
SHP-20243143,2025-09-06,SUP-01,Apex Precision Components,Tier 1,WH-KOL-04,East Gateway (Kolkata),Priority Surface Cargo,255.55,333.46,2025-09-12,2025-09-16,4,Delayed,0,0
SHP-20243144,2025-03-17,SUP-01,Apex Precision Components,Tier 1,WH-MUM-02,West Port (Mumbai),Priority Surface Cargo,248.54,340.21,2025-03-20,2025-03-21,1,Delayed,0,0
SHP-20243145,2025-08-08,SUP-07,Hind Cargo Aggregates,Tier 3,WH-KOL-04,East Gateway (Kolkata),Regional Truckload,33.59,77.88,2025-08-13,2025-08-17,4,Delayed,0,0
SHP-20243146,2025-06-27,SUP-01,Apex Precision Components,Tier 1,WH-KOL-04,East Gateway (Kolkata),Priority Surface Cargo,502.59,602.51,2025-07-02,2025-07-15,13,Delayed,0,0
SHP-20243147,2025-10-28,SUP-01,Apex Precision Components,Tier 1,WH-BLR-03,South Central (Bengaluru),Express Air Freight,841.42,1638.01,2025-10-30,2025-10-30,0,On-Time,1,0
SHP-20243148,2025-06-19,SUP-03,Delta Electronics Hub,Tier 1,WH-BLR-03,South Central (Bengaluru),Regional Truckload,110.8,149.01,2025-06-21,2025-06-21,0,On-Time,1,0
SHP-20243149,2025-02-07,SUP-08,Indus Logistics Fab,Tier 3,WH-DEL-01,North Hub (Delhi-NCR),Priority Surface Cargo,-752.41,856.65,2025-02-12,2025-02-13,1,Delayed,0,0
SHP-20243150,2025-07-28,SUP-08,Indus Logistics Fab,Tier 3,WH-KOL-04,East Gateway (Kolkata),Regional Truckload,513.7,399.23,2025-07-30,2025-08-01,2,Delayed,0,0
SHP-20243151,2025-03-06,SUP-04,Evergreen Raw Materials,Tier 2,WH-BLR-03,South Central (Bengaluru),Express Air Freight,277.56,542.35,2025-03-11,2025-03-11,0,On-Time,1,0
SHP-20243152,2025-07-05,SUP-07,Hind Cargo Aggregates,Tier 3,WH-BLR-03,South Central (Bengaluru),Express Air Freight,323.82,633.47,2025-07-10,2025-07-11,1,Delayed,0,0
SHP-20243153,2025-09-15,SUP-02,Bharat Heavy Forgings,Tier 1,WH-DEL-01,North Hub (Delhi-NCR),Regional Truckload,329.99,277.75,2025-09-17,2025-09-17,0,On-Time,1,0
SHP-20243154,2024-12-27,SUP-04,Evergreen Raw Materials,Tier 2,WH-KOL-04,East Gateway (Kolkata),Regional Truckload,841.74,595.9,2024-12-31,2025-01-02,2,Delayed,0,0
SHP-20243155,2024-12-25,SUP-04,Evergreen Raw Materials,Tier 2,WH-BLR-03,South Central (Bengaluru),Express Air Freight,657.04,1305.97,2024-12-28,2024-12-29,1,Delayed,0,0
SHP-20243156,2025-09-21,SUP-08,Indus Logistics Fab,Tier 3,WH-DEL-01,North Hub (Delhi-NCR),Express Air Freight,217.17,480.27,2025-09-25,2025-09-27,2,Delayed,0,0
SHP-20243157,2024-03-12,SUP-04,Evergreen Raw Materials,Tier 2,WH-MUM-02,West Port (Mumbai),Regional Truckload,621.98,487.05,2024-03-14,2024-03-14,0,On-Time,1,0
SHP-20243158,2025-10-28,SUP-01,Apex Precision Components,Tier 1,WH-DEL-01,North Hub (Delhi-NCR),Standard Rail Transport,602.93,429.38,2025-11-03,2025-11-06,3,Delayed,0,0
SHP-20243159,2025-07-16,SUP-02,Bharat Heavy Forgings,Tier 1,WH-BLR-03,South Central (Bengaluru),Express Air Freight,662.79,1263.1,2025-07-20,2025-07-20,0,On-Time,1,0
SHP-20243160,2024-08-18,SUP-04,Evergreen Raw Materials,Tier 2,WH-MUM-02,West Port (Mumbai),Priority Surface Cargo,95.62,152.94,2024-08-20,2024-08-21,1,Delayed,0,0
SHP-20243161,2025-09-21,SUP-07,Hind Cargo Aggregates,Tier 3,WH-BLR-03,South Central (Bengaluru),Express Air Freight,182.38,431.36,2025-09-24,2025-09-28,4,Delayed,0,1
SHP-20243162,2024-10-01,SUP-07,Hind Cargo Aggregates,Tier 3,WH-BLR-03,South Central (Bengaluru),Regional Truckload,270.34,262.57,2024-10-03,2024-10-06,3,Delayed,0,0
SHP-20243163,2025-09-19,SUP-01,Apex Precision Components,Tier 1,WH-BLR-03,South Central (Bengaluru),Standard Rail Transport,704.77,530.22,2025-09-23,2025-09-23,0,On-Time,1,0
SHP-20243164,2024-10-07,SUP-07,Hind Cargo Aggregates,Tier 3,WH-DEL-01,North Hub (Delhi-NCR),Regional Truckload,725.22,531.47,2024-10-13,2024-10-14,1,Delayed,0,0
SHP-20243165,2025-05-24,SUP-07,Hind Cargo Aggregates,Tier 3,WH-DEL-01,North Hub (Delhi-NCR),Priority Surface Cargo,593.14,716.52,2025-05-29,2025-06-01,3,Delayed,0,0
SHP-20243166,2024-08-19,SUP-03,Delta Electronics Hub,Tier 1,WH-MUM-02,West Port (Mumbai),Express Air Freight,282.64,562.02,2024-08-23,2024-08-24,1,Delayed,0,0
SHP-20243167,2025-08-21,SUP-05,Falcon Fasteners Corp,Tier 2,WH-BLR-03,South Central (Bengaluru),Regional Truckload,443.37,368.9,2025-08-25,2025-08-27,2,Delayed,0,0
SHP-20243168,2024-12-03,SUP-03,Delta Electronics Hub,Tier 1,WH-BLR-03,South Central (Bengaluru),Priority Surface Cargo,379.12,464.65,2024-12-05,2024-12-09,4,Delayed,0,0
SHP-20243169,2024-08-29,SUP-06,Global Polymer Solutions,Tier 2,WH-DEL-01,North Hub (Delhi-NCR),Standard Rail Transport,704.13,529.34,2024-09-01,2024-09-02,1,Delayed,0,0
SHP-20243170,2024-05-15,SUP-02,Bharat Heavy Forgings,Tier 1,WH-DEL-01,North Hub (Delhi-NCR),Regional Truckload,845.68,594.24,2024-05-21,2024-05-21,0,On-Time,1,0
SHP-20243171,2024-03-16,SUP-06,Global Polymer Solutions,Tier 2,WH-KOL-04,East Gateway (Kolkata),Priority Surface Cargo,776.32,889.66,2024-03-19,2024-03-22,3,Delayed,0,0
SHP-20243172,2025-12-19,SUP-06,Global Polymer Solutions,Tier 2,WH-KOL-04,East Gateway (Kolkata),Regional Truckload,829.02,575.6,2025-12-23,2025-12-25,2,Delayed,0,0
SHP-20243173,2024-11-25,SUP-03,Delta Electronics Hub,Tier 1,WH-KOL-04,East Gateway (Kolkata),Regional Truckload,67.32,100.34,2024-11-29,2024-11-29,0,On-Time,1,0
SHP-20243174,2024-06-23,SUP-03,Delta Electronics Hub,Tier 1,WH-BLR-03,South Central (Bengaluru),Express Air Freight,21.25,133.56,2024-06-26,2024-06-26,0,On-Time,1,0
SHP-20243175,2024-01-10,SUP-01,Apex Precision Components,Tier 1,WH-KOL-04,East Gateway (Kolkata),Standard Rail Transport,722.93,497.42,2024-01-14,2024-01-22,8,Delayed,0,0
SHP-20243176,2024-09-03,SUP-01,Apex Precision Components,Tier 1,WH-BLR-03,South Central (Bengaluru),Regional Truckload,738.22,542.29,2024-09-06,2024-09-08,2,Delayed,0,0
SHP-20243177,2025-07-25,SUP-02,Bharat Heavy Forgings,Tier 1,WH-BLR-03,South Central (Bengaluru),Standard Rail Transport,663.66,472.6,2025-07-29,2025-07-31,2,Delayed,0,0
SHP-20243178,2024-03-20,SUP-02,Bharat Heavy Forgings,Tier 1,WH-DEL-01,North Hub (Delhi-NCR),Standard Rail Transport,215.46,194.25,2024-03-24,2024-03-26,2,Delayed,0,0
SHP-20243179,2025-03-05,SUP-08,Indus Logistics Fab,Tier 3,WH-DEL-01,North Hub (Delhi-NCR),Regional Truckload,188.0,189.24,2025-03-10,2025-03-10,0,On-Time,1,0
SHP-20243180,2024-11-17,SUP-07,Hind Cargo Aggregates,Tier 3,WH-MUM-02,West Port (Mumbai),Standard Rail Transport,410.05,335.82,2024-11-21,2024-11-26,5,Delayed,0,0
SHP-20243181,2025-04-22,SUP-01,Apex Precision Components,Tier 1,WH-MUM-02,West Port (Mumbai),Regional Truckload,61.45,126.15,2025-04-25,2025-04-26,1,Delayed,0,0
SHP-20243182,2025-06-12,SUP-03,Delta Electronics Hub,Tier 1,WH-KOL-04,East Gateway (Kolkata),Express Air Freight,93.17,257.31,2025-06-14,2025-06-21,7,Delayed,0,0
SHP-20243183,2025-09-16,SUP-08,Indus Logistics Fab,Tier 3,WH-DEL-01,North Hub (Delhi-NCR),Regional Truckload,752.57,525.67,2025-09-20,2025-09-21,1,Delayed,0,0
SHP-20243184,2024-12-01,SUP-08,Indus Logistics Fab,Tier 3,WH-DEL-01,North Hub (Delhi-NCR),Standard Rail Transport,171.33,158.87,2024-12-04,2024-12-06,2,Delayed,0,0
SHP-20243185,2025-06-19,SUP-06,Global Polymer Solutions,Tier 2,WH-BLR-03,South Central (Bengaluru),Standard Rail Transport,330.25,290.06,2025-06-23,2025-06-23,0,On-Time,1,0
SHP-20243186,2024-12-27,SUP-05,Falcon Fasteners Corp,Tier 2,WH-KOL-04,East Gateway (Kolkata),Regional Truckload,784.01,601.78,2024-12-29,2024-12-29,0,On-Time,1,0
SHP-20243187,2024-08-27,SUP-07,Hind Cargo Aggregates,Tier 3,WH-DEL-01,North Hub (Delhi-NCR),Express Air Freight,442.93,895.66,2024-09-01,2024-09-02,1,Delayed,0,0
SHP-20243188,2025-08-02,SUP-02,Bharat Heavy Forgings,Tier 1,WH-BLR-03,South Central (Bengaluru),Express Air Freight,720.47,1375.1,2025-08-07,2025-08-07,0,On-Time,1,0
SHP-20243189,2025-10-31,SUP-08,Indus Logistics Fab,Tier 3,WH-BLR-03,South Central (Bengaluru),Standard Rail Transport,185.43,214.43,2025-11-03,2025-11-05,2,Delayed,0,0
SHP-20243190,2024-04-09,SUP-01,Apex Precision Components,Tier 1,WH-DEL-01,North Hub (Delhi-NCR),Standard Rail Transport,199.15,221.87,2024-04-15,2024-04-15,0,On-Time,1,0
SHP-20243191,2024-08-16,SUP-03,Delta Electronics Hub,Tier 1,WH-BLR-03,South Central (Bengaluru),Standard Rail Transport,255.04,193.88,2024-08-21,2024-08-24,3,Delayed,0,0
SHP-20243192,2024-01-12,SUP-02,Bharat Heavy Forgings,Tier 1,WH-KOL-04,East Gateway (Kolkata),Regional Truckload,574.56,410.81,2024-01-16,2024-01-23,7,Delayed,0,0
SHP-20243193,2024-08-08,SUP-06,Global Polymer Solutions,Tier 2,WH-BLR-03,South Central (Bengaluru),Regional Truckload,766.06,570.44,2024-08-10,2024-08-11,1,Delayed,0,0
SHP-20243194,2025-01-12,SUP-03,Delta Electronics Hub,Tier 1,WH-KOL-04,East Gateway (Kolkata),Standard Rail Transport,489.67,345.43,2025-01-16,2025-01-18,2,Delayed,0,0
SHP-20243195,2024-06-09,SUP-07,Hind Cargo Aggregates,Tier 3,WH-KOL-04,East Gateway (Kolkata),Priority Surface Cargo,625.3,725.9,2024-06-12,2024-06-18,6,Delayed,0,0
SHP-20243196,2025-02-18,SUP-08,Indus Logistics Fab,Tier 3,WH-BLR-03,South Central (Bengaluru),Priority Surface Cargo,487.26,562.04,2025-02-21,2025-02-22,1,Delayed,0,0
SHP-20243197,2024-11-21,SUP-05,Falcon Fasteners Corp,Tier 2,WH-KOL-04,East Gateway (Kolkata),Standard Rail Transport,467.26,361.32,2024-11-23,2024-12-01,8,Delayed,0,0
SHP-20243198,2024-05-12,SUP-02,Bharat Heavy Forgings,Tier 1,WH-KOL-04,East Gateway (Kolkata),Express Air Freight,415.31,829.06,2024-05-17,2024-05-20,3,Delayed,0,0
SHP-20243199,2024-06-14,SUP-07,Hind Cargo Aggregates,Tier 3,WH-BLR-03,South Central (Bengaluru),Priority Surface Cargo,738.1,905.44,2024-06-20,2024-06-23,3,Delayed,0,0
SHP-20243200,2024-01-10,SUP-02,Bharat Heavy Forgings,Tier 1,WH-DEL-01,North Hub (Delhi-NCR),Standard Rail Transport,270.91,252.5,2024-01-14,2024-01-14,0,On-Time,1,0
SHP-20243201,2024-04-06,SUP-06,Global Polymer Solutions,Tier 2,WH-DEL-01,North Hub (Delhi-NCR),Regional Truckload,339.64,291.17,2024-04-11,2024-04-11,0,On-Time,1,0
SHP-20243202,2025-11-16,SUP-03,Delta Electronics Hub,Tier 1,WH-MUM-02,West Port (Mumbai),Priority Surface Cargo,118.45,200.48,2025-11-19,2025-11-19,0,On-Time,1,0
SHP-20243203,2025-06-06,SUP-07,Hind Cargo Aggregates,Tier 3,WH-DEL-01,North Hub (Delhi-NCR),Express Air Freight,158.0,384.84,2025-06-12,2025-06-13,1,Delayed,0,0
SHP-20243204,2025-03-07,SUP-07,Hind Cargo Aggregates,Tier 3,WH-KOL-04,East Gateway (Kolkata),Standard Rail Transport,102.22,134.16,2025-03-12,2025-03-19,7,Delayed,0,0
SHP-20243205,2025-03-08,SUP-06,Global Polymer Solutions,Tier 2,WH-MUM-02,West Port (Mumbai),Priority Surface Cargo,536.46,652.95,2025-03-13,2025-03-14,1,Delayed,0,0
SHP-20243206,2025-06-17,SUP-01,Apex Precision Components,Tier 1,WH-MUM-02,West Port (Mumbai),Priority Surface Cargo,275.22,329.69,2025-06-22,2025-06-22,0,On-Time,1,0
SHP-20243207,2025-01-02,SUP-04,Evergreen Raw Materials,Tier 2,WH-DEL-01,North Hub (Delhi-NCR),Standard Rail Transport,836.46,637.3,2025-01-07,2025-01-07,0,On-Time,1,0
SHP-20243208,2024-08-15,SUP-06,Global Polymer Solutions,Tier 2,WH-DEL-01,North Hub (Delhi-NCR),Priority Surface Cargo,183.75,274.02,2024-08-20,2024-08-22,2,Delayed,0,0
SHP-20243209,2025-08-25,SUP-08,Indus Logistics Fab,Tier 3,WH-BLR-03,South Central (Bengaluru),Priority Surface Cargo,777.14,903.94,2025-08-31,2025-08-31,0,On-Time,1,0
SHP-20243210,2024-11-08,SUP-06,Global Polymer Solutions,Tier 2,WH-MUM-02,West Port (Mumbai),Regional Truckload,487.61,411.06,2024-11-10,2024-11-10,0,On-Time,1,0
SHP-20243211,2025-01-18,SUP-07,Hind Cargo Aggregates,Tier 3,WH-DEL-01,North Hub (Delhi-NCR),Priority Surface Cargo,693.73,854.81,2025-01-24,2025-01-25,1,Delayed,0,0
SHP-20243212,2024-05-01,SUP-02,Bharat Heavy Forgings,Tier 1,WH-DEL-01,North Hub (Delhi-NCR),Regional Truckload,538.78,428.92,2024-05-06,2024-05-07,1,Delayed,0,0
SHP-20243213,2024-09-30,SUP-02,Bharat Heavy Forgings,Tier 1,WH-DEL-01,North Hub (Delhi-NCR),Priority Surface Cargo,376.54,468.71,2024-10-02,2024-10-02,0,On-Time,1,0
SHP-20243214,2025-07-06,SUP-03,Delta Electronics Hub,Tier 1,WH-BLR-03,South Central (Bengaluru),Priority Surface Cargo,64.53,126.91,2025-07-08,2025-07-09,1,Delayed,0,0
SHP-20243215,2025-11-09,SUP-07,Hind Cargo Aggregates,Tier 3,WH-MUM-02,West Port (Mumbai),Standard Rail Transport,301.98,281.0,2025-11-14,2025-11-17,3,Delayed,0,0
SHP-20243216,2024-06-17,SUP-06,Global Polymer Solutions,Tier 2,WH-KOL-04,East Gateway (Kolkata),Regional Truckload,662.47,490.49,2024-06-20,2024-06-25,5,Delayed,0,0
SHP-20243217,2025-05-10,SUP-07,Hind Cargo Aggregates,Tier 3,WH-KOL-04,East Gateway (Kolkata),Priority Surface Cargo,806.68,931.56,2025-05-15,2025-05-19,4,Delayed,0,0
SHP-20243218,2024-06-20,SUP-03,Delta Electronics Hub,Tier 1,WH-KOL-04,East Gateway (Kolkata),Priority Surface Cargo,199.08,296.35,2024-06-23,2024-06-24,1,Delayed,0,0
SHP-20243219,2025-10-02,SUP-08,Indus Logistics Fab,Tier 3,WH-BLR-03,South Central (Bengaluru),Express Air Freight,171.73,385.58,2025-10-06,2025-10-06,0,On-Time,1,0
SHP-20243220,2025-03-31,SUP-07,Hind Cargo Aggregates,Tier 3,WH-DEL-01,North Hub (Delhi-NCR),Priority Surface Cargo,333.6,455.38,2025-04-04,2025-04-04,0,On-Time,1,0
SHP-20243221,2025-09-12,SUP-07,Hind Cargo Aggregates,Tier 3,WH-MUM-02,West Port (Mumbai),Priority Surface Cargo,765.47,898.81,2025-09-16,2025-09-16,0,On-Time,1,0
SHP-20243222,2025-01-13,SUP-06,Global Polymer Solutions,Tier 2,WH-BLR-03,South Central (Bengaluru),Regional Truckload,380.87,311.35,2025-01-18,2025-01-24,6,Delayed,0,0
SHP-20243223,2024-08-08,SUP-08,Indus Logistics Fab,Tier 3,WH-DEL-01,North Hub (Delhi-NCR),Express Air Freight,511.25,1004.06,2024-08-10,2024-08-10,0,On-Time,1,0
SHP-20243224,2024-02-03,SUP-01,Apex Precision Components,Tier 1,WH-BLR-03,South Central (Bengaluru),Regional Truckload,170.11,170.34,2024-02-07,2024-02-08,1,Delayed,0,0
SHP-20243225,2025-06-10,SUP-08,Indus Logistics Fab,Tier 3,WH-KOL-04,East Gateway (Kolkata),Express Air Freight,237.38,517.58,2025-06-15,2025-06-20,5,Delayed,0,0
SHP-20243226,2025-04-03,SUP-07,Hind Cargo Aggregates,Tier 3,WH-MUM-02,West Port (Mumbai),Regional Truckload,722.78,505.34,2025-04-09,2025-04-09,0,On-Time,1,0
SHP-20243227,2024-05-17,SUP-06,Global Polymer Solutions,Tier 2,WH-DEL-01,North Hub (Delhi-NCR),Standard Rail Transport,822.64,581.93,2024-05-19,2024-05-19,0,On-Time,1,0
SHP-20243228,2024-09-30,SUP-08,Indus Logistics Fab,Tier 3,WH-KOL-04,East Gateway (Kolkata),Express Air Freight,108.75,232.68,2024-10-03,2024-10-09,6,Delayed,0,0
SHP-20243229,2024-11-30,SUP-03,Delta Electronics Hub,Tier 1,WH-BLR-03,South Central (Bengaluru),Express Air Freight,346.18,696.59,2024-12-06,2024-12-06,0,On-Time,1,0
SHP-20243230,2025-08-21,SUP-07,Hind Cargo Aggregates,Tier 3,WH-DEL-01,North Hub (Delhi-NCR),Standard Rail Transport,370.59,278.64,2025-08-23,2025-08-23,0,On-Time,1,0
SHP-20243231,2024-02-13,SUP-03,Delta Electronics Hub,Tier 1,WH-KOL-04,East Gateway (Kolkata),Regional Truckload,15.99,78.78,2024-02-18,2024-02-18,0,On-Time,1,0
SHP-20243232,2024-08-09,SUP-01,Apex Precision Components,Tier 1,WH-DEL-01,North Hub (Delhi-NCR),Standard Rail Transport,95.81,124.86,2024-08-14,2024-08-14,0,On-Time,1,0
SHP-20243233,2024-12-06,SUP-05,Falcon Fasteners Corp,Tier 2,WH-DEL-01,North Hub (Delhi-NCR),Regional Truckload,142.26,148.0,2024-12-10,2024-12-10,0,On-Time,1,0
SHP-20243234,2025-02-21,SUP-02,Bharat Heavy Forgings,Tier 1,WH-KOL-04,East Gateway (Kolkata),Priority Surface Cargo,120.31,181.72,2025-02-25,2025-02-25,0,On-Time,1,0
SHP-20243235,2024-02-14,SUP-07,Hind Cargo Aggregates,Tier 3,WH-MUM-02,West Port (Mumbai),Priority Surface Cargo,54.32,141.49,2024-02-18,2024-02-19,1,Delayed,0,0
SHP-20243236,2024-01-21,SUP-04,Evergreen Raw Materials,Tier 2,WH-MUM-02,West Port (Mumbai),Priority Surface Cargo,97.58,135.45,2024-01-24,2024-01-24,0,On-Time,1,0
SHP-20243237,2024-11-14,SUP-01,Apex Precision Components,Tier 1,WH-KOL-04,East Gateway (Kolkata),Express Air Freight,114.1,300.41,2024-11-20,2024-11-22,2,Delayed,0,0
SHP-20243238,2024-01-24,SUP-05,Falcon Fasteners Corp,Tier 2,WH-DEL-01,North Hub (Delhi-NCR),Priority Surface Cargo,576.16,673.38,2024-01-29,2024-01-30,1,Delayed,0,0
SHP-20243239,2025-03-23,SUP-03,Delta Electronics Hub,Tier 1,WH-BLR-03,South Central (Bengaluru),Express Air Freight,672.27,1287.84,2025-03-27,2025-03-27,0,On-Time,1,0
SHP-20243240,2024-12-14,SUP-02,Bharat Heavy Forgings,Tier 1,WH-DEL-01,North Hub (Delhi-NCR),Express Air Freight,589.98,1176.8,2024-12-17,2024-12-17,0,On-Time,1,0
SHP-20243241,2024-01-11,SUP-03,Delta Electronics Hub,Tier 1,WH-MUM-02,West Port (Mumbai),Standard Rail Transport,150.55,163.04,2024-01-14,2024-01-15,1,Delayed,0,0
SHP-20243242,2024-03-03,SUP-04,Evergreen Raw Materials,Tier 2,WH-BLR-03,South Central (Bengaluru),Priority Surface Cargo,22.03,79.8,2024-03-07,2024-03-07,0,On-Time,1,0
SHP-20243243,2024-07-29,SUP-06,Global Polymer Solutions,Tier 2,WH-DEL-01,North Hub (Delhi-NCR),Express Air Freight,351.25,712.61,2024-08-01,2024-08-01,0,On-Time,1,1
SHP-20243244,2024-09-08,SUP-06,Global Polymer Solutions,Tier 2,WH-MUM-02,West Port (Mumbai),Regional Truckload,797.14,563.58,2024-09-11,2024-09-14,3,Delayed,0,0
SHP-20243245,2024-02-17,SUP-07,Hind Cargo Aggregates,Tier 3,WH-MUM-02,West Port (Mumbai),Standard Rail Transport,753.45,572.15,2024-02-20,2024-02-21,1,Delayed,0,0
SHP-20243246,2025-10-24,SUP-05,Falcon Fasteners Corp,Tier 2,WH-MUM-02,West Port (Mumbai),Express Air Freight,485.51,933.1,2025-10-29,2025-10-30,1,Delayed,0,0
SHP-20243247,2024-09-24,SUP-01,Apex Precision Components,Tier 1,WH-DEL-01,North Hub (Delhi-NCR),Regional Truckload,801.45,560.41,2024-09-28,2024-09-28,0,On-Time,1,0
SHP-20243248,2024-05-24,SUP-06,Global Polymer Solutions,Tier 2,WH-MUM-02,West Port (Mumbai),Express Air Freight,535.44,1067.56,2024-05-27,2024-05-30,3,Delayed,0,0
SHP-20243249,2024-08-22,SUP-05,Falcon Fasteners Corp,Tier 2,WH-DEL-01,North Hub (Delhi-NCR),Regional Truckload,32.45,61.18,2024-08-28,2024-08-28,0,On-Time,1,0
SHP-20243250,2024-04-26,SUP-08,Indus Logistics Fab,Tier 3,WH-BLR-03,South Central (Bengaluru),Express Air Freight,153.17,370.45,2024-04-30,2024-05-01,1,Delayed,0,0
SHP-20243251,2025-06-25,SUP-05,Falcon Fasteners Corp,Tier 2,WH-KOL-04,East Gateway (Kolkata),Express Air Freight,517.9,987.65,2025-06-27,2025-07-04,7,Delayed,0,0
SHP-20243252,2025-09-13,SUP-05,Falcon Fasteners Corp,Tier 2,WH-KOL-04,East Gateway (Kolkata),Priority Surface Cargo,488.31,614.67,2025-09-19,2025-09-20,1,Delayed,0,0
SHP-20243253,2025-08-29,SUP-08,Indus Logistics Fab,Tier 3,WH-DEL-01,North Hub (Delhi-NCR),Standard Rail Transport,27.78,69.8,2025-08-31,2025-09-01,1,Delayed,0,0
SHP-20243254,2025-09-23,SUP-02,Bharat Heavy Forgings,Tier 1,WH-DEL-01,North Hub (Delhi-NCR),Regional Truckload,774.54,568.58,2025-09-27,2025-10-01,4,Delayed,0,0
SHP-20243255,2024-03-23,SUP-01,Apex Precision Components,Tier 1,WH-MUM-02,West Port (Mumbai),Regional Truckload,381.99,337.36,2024-03-26,2024-03-26,0,On-Time,1,0
SHP-20243256,2025-06-21,SUP-03,Delta Electronics Hub,Tier 1,WH-KOL-04,East Gateway (Kolkata),Express Air Freight,654.54,1256.26,2025-06-26,2025-07-02,6,Delayed,0,0
SHP-20243257,2025-06-17,SUP-06,Global Polymer Solutions,Tier 2,WH-BLR-03,South Central (Bengaluru),Standard Rail Transport,726.6,559.9,2025-06-22,2025-06-22,0,On-Time,1,0
SHP-20243258,2025-12-03,SUP-01,Apex Precision Components,Tier 1,WH-BLR-03,South Central (Bengaluru),Standard Rail Transport,300.33,224.63,2025-12-09,2025-12-10,1,Delayed,0,0
SHP-20243259,2025-07-08,SUP-07,Hind Cargo Aggregates,Tier 3,WH-MUM-02,West Port (Mumbai),Regional Truckload,392.18,296.11,2025-07-12,2025-07-13,1,Delayed,0,0
SHP-20243260,2025-03-14,SUP-01,Apex Precision Components,Tier 1,WH-KOL-04,East Gateway (Kolkata),Regional Truckload,665.79,487.18,2025-03-19,2025-03-27,8,Delayed,0,0
SHP-20243261,2025-01-19,SUP-02,Bharat Heavy Forgings,Tier 1,WH-KOL-04,East Gateway (Kolkata),Priority Surface Cargo,291.09,349.96,2025-01-25,2025-01-26,1,Delayed,0,0
SHP-20243262,2025-02-02,SUP-06,Global Polymer Solutions,Tier 2,WH-MUM-02,West Port (Mumbai),Express Air Freight,819.53,1575.74,2025-02-08,2025-02-09,1,Delayed,0,0
SHP-20243263,2024-12-05,SUP-08,Indus Logistics Fab,Tier 3,WH-BLR-03,South Central (Bengaluru),Regional Truckload,599.74,429.99,2024-12-11,2024-12-11,0,On-Time,1,0
SHP-20243264,2025-11-04,SUP-08,Indus Logistics Fab,Tier 3,WH-KOL-04,East Gateway (Kolkata),Priority Surface Cargo,570.69,657.07,2025-11-08,2025-11-15,7,Delayed,0,0
SHP-20243265,2025-01-23,SUP-02,Bharat Heavy Forgings,Tier 1,WH-DEL-01,North Hub (Delhi-NCR),Standard Rail Transport,446.44,373.91,2025-01-29,2025-01-30,1,Delayed,0,0
SHP-20243266,2024-11-03,SUP-04,Evergreen Raw Materials,Tier 2,WH-BLR-03,South Central (Bengaluru),Express Air Freight,127.76,264.86,2024-11-08,2024-11-11,3,Delayed,0,0
SHP-20243267,2024-10-07,SUP-05,Falcon Fasteners Corp,Tier 2,WH-DEL-01,North Hub (Delhi-NCR),Regional Truckload,97.14,125.52,2024-10-11,2024-10-13,2,Delayed,0,0
SHP-20243268,2025-06-19,SUP-02,Bharat Heavy Forgings,Tier 1,WH-DEL-01,North Hub (Delhi-NCR),Standard Rail Transport,753.32,527.27,2025-06-25,2025-06-25,0,On-Time,1,0
SHP-20243269,2025-06-27,SUP-03,Delta Electronics Hub,Tier 1,WH-BLR-03,South Central (Bengaluru),Express Air Freight,637.89,1254.3,2025-06-30,2025-07-04,4,Delayed,0,0
SHP-20243270,2024-03-23,SUP-08,Indus Logistics Fab,Tier 3,WH-BLR-03,South Central (Bengaluru),Regional Truckload,767.67,571.14,2024-03-27,2024-03-28,1,Delayed,0,0
SHP-20243271,2025-03-26,SUP-06,Global Polymer Solutions,Tier 2,WH-MUM-02,West Port (Mumbai),Regional Truckload,296.29,272.09,2025-03-28,2025-04-01,4,Delayed,0,0
SHP-20243272,2025-04-29,SUP-02,Bharat Heavy Forgings,Tier 1,WH-BLR-03,South Central (Bengaluru),Priority Surface Cargo,235.27,301.21,2025-05-02,2025-05-04,2,Delayed,0,0
SHP-20243273,2024-02-01,SUP-07,Hind Cargo Aggregates,Tier 3,WH-DEL-01,North Hub (Delhi-NCR),Regional Truckload,561.83,395.07,2024-02-05,2024-02-05,0,On-Time,1,0
SHP-20243274,2024-02-16,SUP-02,Bharat Heavy Forgings,Tier 1,WH-DEL-01,North Hub (Delhi-NCR),Priority Surface Cargo,763.6,887.68,2024-02-19,2024-02-19,0,On-Time,1,0
SHP-20243275,2025-08-21,SUP-03,Delta Electronics Hub,Tier 1,WH-MUM-02,West Port (Mumbai),Priority Surface Cargo,800.94,950.25,2025-08-27,2025-08-27,0,On-Time,1,0
SHP-20243276,2025-04-18,SUP-04,Evergreen Raw Materials,Tier 2,WH-KOL-04,East Gateway (Kolkata),Standard Rail Transport,48.31,65.29,2025-04-20,2025-04-25,5,Delayed,0,0
SHP-20243277,2024-10-28,SUP-03,Delta Electronics Hub,Tier 1,WH-DEL-01,North Hub (Delhi-NCR),Priority Surface Cargo,113.57,168.65,2024-10-30,2024-10-31,1,Delayed,0,0
SHP-20243278,2024-03-22,SUP-07,Hind Cargo Aggregates,Tier 3,WH-MUM-02,West Port (Mumbai),Priority Surface Cargo,557.8,638.93,2024-03-28,2024-03-29,1,Delayed,0,0
SHP-20243279,2025-10-09,SUP-01,Apex Precision Components,Tier 1,WH-DEL-01,North Hub (Delhi-NCR),Priority Surface Cargo,727.76,847.1,2025-10-15,2025-10-15,0,On-Time,1,0
SHP-20243280,2025-07-04,SUP-06,Global Polymer Solutions,Tier 2,WH-MUM-02,West Port (Mumbai),Regional Truckload,364.16,305.65,2025-07-10,2025-07-11,1,Delayed,0,0
SHP-20243281,2025-04-15,SUP-07,Hind Cargo Aggregates,Tier 3,WH-MUM-02,West Port (Mumbai),Regional Truckload,481.78,378.92,2025-04-18,2025-04-21,3,Delayed,0,0
SHP-20243282,2025-03-12,SUP-05,Falcon Fasteners Corp,Tier 2,WH-DEL-01,North Hub (Delhi-NCR),Standard Rail Transport,552.93,447.39,2025-03-15,2025-03-15,0,On-Time,1,0
SHP-20243283,2025-08-25,SUP-06,Global Polymer Solutions,Tier 2,WH-MUM-02,West Port (Mumbai),Express Air Freight,417.76,862.56,2025-08-29,2025-09-01,3,Delayed,0,0
SHP-20243284,2025-07-29,SUP-07,Hind Cargo Aggregates,Tier 3,WH-KOL-04,East Gateway (Kolkata),Priority Surface Cargo,400.71,499.81,2025-08-04,2025-08-06,2,Delayed,0,1
SHP-20243285,2024-02-21,SUP-08,Indus Logistics Fab,Tier 3,WH-BLR-03,South Central (Bengaluru),Standard Rail Transport,563.15,427.14,2024-02-23,2024-02-24,1,Delayed,0,0
SHP-20243286,2024-06-08,SUP-01,Apex Precision Components,Tier 1,WH-BLR-03,South Central (Bengaluru),Standard Rail Transport,19.84,101.54,2024-06-11,2024-06-11,0,On-Time,1,0
SHP-20243287,2025-06-09,SUP-05,Falcon Fasteners Corp,Tier 2,WH-DEL-01,North Hub (Delhi-NCR),Express Air Freight,67.71,166.7,2025-06-13,2025-06-13,0,On-Time,1,0
SHP-20243288,2025-11-20,SUP-07,Hind Cargo Aggregates,Tier 3,WH-DEL-01,North Hub (Delhi-NCR),Express Air Freight,340.7,673.1,2025-11-22,2025-11-22,0,On-Time,1,0
SHP-20243289,2025-12-11,SUP-03,Delta Electronics Hub,Tier 1,WH-DEL-01,North Hub (Delhi-NCR),Express Air Freight,414.52,823.01,2025-12-15,2025-12-19,4,Delayed,0,0
SHP-20243290,2025-06-18,SUP-05,Falcon Fasteners Corp,Tier 2,WH-MUM-02,West Port (Mumbai),Express Air Freight,73.79,220.33,2025-06-20,2025-06-20,0,On-Time,1,0
SHP-20243291,2025-02-17,SUP-03,Delta Electronics Hub,Tier 1,WH-BLR-03,South Central (Bengaluru),Regional Truckload,321.75,278.37,2025-02-22,2025-02-23,1,Delayed,0,0
SHP-20243292,2024-08-03,SUP-01,Apex Precision Components,Tier 1,WH-MUM-02,West Port (Mumbai),Priority Surface Cargo,154.88,227.93,2024-08-09,2024-08-11,2,Delayed,0,0
SHP-20243293,2025-05-30,SUP-05,Falcon Fasteners Corp,Tier 2,WH-KOL-04,East Gateway (Kolkata),Express Air Freight,317.85,664.47,2025-06-02,2025-06-02,0,On-Time,1,0
SHP-20243294,2024-01-04,SUP-04,Evergreen Raw Materials,Tier 2,WH-DEL-01,North Hub (Delhi-NCR),Standard Rail Transport,206.66,178.86,2024-01-06,2024-01-06,0,On-Time,1,0
SHP-20243295,2025-01-31,SUP-01,Apex Precision Components,Tier 1,WH-BLR-03,South Central (Bengaluru),Standard Rail Transport,411.29,314.59,2025-02-06,2025-02-07,1,Delayed,0,0
SHP-20243296,2025-02-16,SUP-04,Evergreen Raw Materials,Tier 2,WH-KOL-04,East Gateway (Kolkata),Standard Rail Transport,217.62,211.48,2025-02-20,2025-02-28,8,Delayed,0,0
SHP-20243297,2025-03-08,SUP-05,Falcon Fasteners Corp,Tier 2,WH-BLR-03,South Central (Bengaluru),Standard Rail Transport,44.11,87.69,2025-03-13,2025-03-13,0,On-Time,1,0
SHP-20243298,2024-06-28,SUP-01,Apex Precision Components,Tier 1,WH-MUM-02,West Port (Mumbai),Express Air Freight,183.0,414.68,2024-06-30,2024-07-01,1,Delayed,0,1
SHP-20243299,2024-04-12,SUP-05,Falcon Fasteners Corp,Tier 2,WH-DEL-01,North Hub (Delhi-NCR),Regional Truckload,779.6,563.91,2024-04-16,2024-04-16,0,On-Time,1,0
SHP-20243300,2024-04-07,SUP-01,Apex Precision Components,Tier 1,WH-KOL-04,East Gateway (Kolkata),Regional Truckload,642.66,504.77,2024-04-10,2024-04-12,2,Delayed,0,0
SHP-20243301,2024-07-10,SUP-03,Delta Electronics Hub,Tier 1,WH-BLR-03,South Central (Bengaluru),Priority Surface Cargo,406.86,526.77,2024-07-13,2024-07-13,0,On-Time,1,0
SHP-20243302,2024-06-16,SUP-04,Evergreen Raw Materials,Tier 2,WH-KOL-04,East Gateway (Kolkata),Priority Surface Cargo,819.49,970.09,2024-06-22,2024-06-22,0,On-Time,1,0
SHP-20243303,2025-03-22,SUP-04,Evergreen Raw Materials,Tier 2,WH-KOL-04,East Gateway (Kolkata),Priority Surface Cargo,295.35,394.05,2025-03-24,2025-03-25,1,Delayed,0,0
SHP-20243304,2025-11-20,SUP-07,Hind Cargo Aggregates,Tier 3,WH-BLR-03,South Central (Bengaluru),Regional Truckload,322.8,239.85,2025-11-24,2025-11-26,2,Delayed,0,0
SHP-20243305,2025-07-26,SUP-04,Evergreen Raw Materials,Tier 2,WH-BLR-03,South Central (Bengaluru),Regional Truckload,494.22,411.46,2025-07-30,2025-08-02,3,Delayed,0,0
SHP-20243306,2024-11-17,SUP-07,Hind Cargo Aggregates,Tier 3,WH-BLR-03,South Central (Bengaluru),Express Air Freight,409.3,811.52,2024-11-22,2024-11-22,0,On-Time,1,0
SHP-20243307,2025-07-01,SUP-06,Global Polymer Solutions,Tier 2,WH-DEL-01,North Hub (Delhi-NCR),Standard Rail Transport,737.12,505.38,2025-07-07,2025-07-07,0,On-Time,1,0
SHP-20243308,2025-10-01,SUP-06,Global Polymer Solutions,Tier 2,WH-KOL-04,East Gateway (Kolkata),Express Air Freight,637.16,1222.16,2025-10-04,2025-10-11,7,Delayed,0,0
SHP-20243309,2025-01-23,SUP-07,Hind Cargo Aggregates,Tier 3,WH-KOL-04,East Gateway (Kolkata),Priority Surface Cargo,714.84,854.53,2025-01-25,2025-01-31,6,Delayed,0,0
SHP-20243310,2025-07-14,SUP-01,Apex Precision Components,Tier 1,WH-KOL-04,East Gateway (Kolkata),Priority Surface Cargo,569.71,712.54,2025-07-19,2025-07-22,3,Delayed,0,0
SHP-20243311,2024-08-06,SUP-07,Hind Cargo Aggregates,Tier 3,WH-BLR-03,South Central (Bengaluru),Regional Truckload,795.77,558.61,2024-08-09,2024-08-11,2,Delayed,0,0
SHP-20243312,2025-10-06,SUP-05,Falcon Fasteners Corp,Tier 2,WH-MUM-02,West Port (Mumbai),Express Air Freight,745.06,1449.48,2025-10-12,2025-10-12,0,On-Time,1,0
SHP-20243313,2025-01-27,SUP-07,Hind Cargo Aggregates,Tier 3,WH-DEL-01,North Hub (Delhi-NCR),Priority Surface Cargo,453.6,539.67,2025-01-31,2025-02-01,1,Delayed,0,0
SHP-20243314,2024-10-18,SUP-02,Bharat Heavy Forgings,Tier 1,WH-KOL-04,East Gateway (Kolkata),Priority Surface Cargo,434.02,507.57,2024-10-21,2024-10-24,3,Delayed,0,0
SHP-20243315,2025-07-17,SUP-03,Delta Electronics Hub,Tier 1,WH-DEL-01,North Hub (Delhi-NCR),Priority Surface Cargo,503.15,585.47,2025-07-23,2025-07-23,0,On-Time,1,0
SHP-20243316,2025-08-15,SUP-07,Hind Cargo Aggregates,Tier 3,WH-MUM-02,West Port (Mumbai),Regional Truckload,393.88,287.71,2025-08-19,2025-08-19,0,On-Time,1,0
SHP-20243317,2024-02-16,SUP-03,Delta Electronics Hub,Tier 1,WH-BLR-03,South Central (Bengaluru),Standard Rail Transport,339.94,280.39,2024-02-20,2024-02-22,2,Delayed,0,0
SHP-20243318,2024-03-15,SUP-01,Apex Precision Components,Tier 1,WH-KOL-04,East Gateway (Kolkata),Regional Truckload,15.75,68.79,2024-03-20,2024-03-27,7,Delayed,0,0
SHP-20243319,2024-06-09,SUP-01,Apex Precision Components,Tier 1,WH-DEL-01,North Hub (Delhi-NCR),Regional Truckload,352.1,271.53,2024-06-14,2024-06-14,0,On-Time,1,0
SHP-20243320,2025-10-11,SUP-01,Apex Precision Components,Tier 1,WH-DEL-01,North Hub (Delhi-NCR),Standard Rail Transport,505.04,390.11,2025-10-14,2025-10-14,0,On-Time,1,0
SHP-20243321,2024-01-31,SUP-03,Delta Electronics Hub,Tier 1,WH-MUM-02,West Port (Mumbai),Standard Rail Transport,419.82,365.77,2024-02-05,2024-02-05,0,On-Time,1,0
SHP-20243322,2024-07-16,SUP-04,Evergreen Raw Materials,Tier 2,WH-KOL-04,East Gateway (Kolkata),Express Air Freight,433.73,828.99,2024-07-18,2024-07-19,1,Delayed,0,0
SHP-20243323,2025-05-01,SUP-07,Hind Cargo Aggregates,Tier 3,WH-BLR-03,South Central (Bengaluru),Regional Truckload,269.15,245.62,2025-05-05,2025-05-10,5,Delayed,0,0
SHP-20243324,2025-07-21,SUP-03,Delta Electronics Hub,Tier 1,WH-BLR-03,South Central (Bengaluru),Standard Rail Transport,407.86,339.6,2025-07-23,2025-07-26,3,Delayed,0,0
SHP-20243325,2025-04-01,SUP-05,Falcon Fasteners Corp,Tier 2,WH-BLR-03,South Central (Bengaluru),Standard Rail Transport,219.39,223.26,2025-04-05,2025-04-07,2,Delayed,0,0
SHP-20243326,2025-08-13,SUP-06,Global Polymer Solutions,Tier 2,WH-DEL-01,North Hub (Delhi-NCR),Standard Rail Transport,183.99,201.86,2025-08-16,2025-08-16,0,On-Time,1,0
SHP-20243327,2024-07-05,SUP-01,Apex Precision Components,Tier 1,WH-DEL-01,North Hub (Delhi-NCR),Priority Surface Cargo,841.27,983.84,2024-07-10,2024-07-12,2,Delayed,0,0
SHP-20243328,2024-04-08,SUP-04,Evergreen Raw Materials,Tier 2,WH-DEL-01,North Hub (Delhi-NCR),Express Air Freight,418.76,819.99,2024-04-11,2024-04-12,1,Delayed,0,0
SHP-20243329,2024-11-25,SUP-01,Apex Precision Components,Tier 1,WH-MUM-02,West Port (Mumbai),Standard Rail Transport,277.92,270.88,2024-12-01,2024-12-04,3,Delayed,0,0
SHP-20243330,2025-05-25,SUP-06,Global Polymer Solutions,Tier 2,WH-BLR-03,South Central (Bengaluru),Regional Truckload,118.2,141.6,2025-05-27,2025-05-27,0,On-Time,1,0
SHP-20243331,2025-07-19,SUP-02,Bharat Heavy Forgings,Tier 1,WH-KOL-04,East Gateway (Kolkata),Priority Surface Cargo,845.6,1012.85,2025-07-22,2025-07-23,1,Delayed,0,0
SHP-20243332,2025-04-09,SUP-01,Apex Precision Components,Tier 1,WH-MUM-02,West Port (Mumbai),Regional Truckload,765.66,535.08,2025-04-13,2025-04-14,1,Delayed,0,0
SHP-20243333,2024-06-08,SUP-03,Delta Electronics Hub,Tier 1,WH-DEL-01,North Hub (Delhi-NCR),Standard Rail Transport,707.12,532.15,2024-06-14,2024-06-15,1,Delayed,0,0
SHP-20243334,2025-08-13,SUP-06,Global Polymer Solutions,Tier 2,WH-DEL-01,North Hub (Delhi-NCR),Priority Surface Cargo,297.41,374.38,2025-08-19,2025-08-19,0,On-Time,1,0
SHP-20243335,2025-08-06,SUP-05,Falcon Fasteners Corp,Tier 2,WH-MUM-02,West Port (Mumbai),Regional Truckload,777.82,596.45,2025-08-08,2025-08-13,5,Delayed,0,0
SHP-20243336,2024-12-14,SUP-01,Apex Precision Components,Tier 1,WH-KOL-04,East Gateway (Kolkata),Regional Truckload,495.83,405.19,2024-12-18,2024-12-20,2,Delayed,0,0
SHP-20243337,2025-01-06,SUP-08,Indus Logistics Fab,Tier 3,WH-DEL-01,North Hub (Delhi-NCR),Standard Rail Transport,142.24,164.66,2025-01-10,2025-01-10,0,On-Time,1,0
SHP-20243338,2024-12-06,SUP-02,Bharat Heavy Forgings,Tier 1,WH-BLR-03,South Central (Bengaluru),Standard Rail Transport,481.85,366.56,2024-12-08,2024-12-12,4,Delayed,0,0
SHP-20243339,2024-02-23,SUP-08,Indus Logistics Fab,Tier 3,WH-DEL-01,North Hub (Delhi-NCR),Standard Rail Transport,818.76,601.66,2024-02-27,2024-02-28,1,Delayed,0,0
SHP-20243340,2025-10-29,SUP-06,Global Polymer Solutions,Tier 2,WH-DEL-01,North Hub (Delhi-NCR),Regional Truckload,389.28,313.88,2025-11-04,2025-11-08,4,Delayed,0,0
SHP-20243341,2025-04-13,SUP-03,Delta Electronics Hub,Tier 1,WH-DEL-01,North Hub (Delhi-NCR),Express Air Freight,703.88,1328.34,2025-04-18,2025-04-18,0,On-Time,1,0
SHP-20243342,2025-08-07,SUP-07,Hind Cargo Aggregates,Tier 3,WH-DEL-01,North Hub (Delhi-NCR),Priority Surface Cargo,324.26,422.95,2025-08-13,2025-08-18,5,Delayed,0,1
SHP-20243343,2024-04-23,SUP-06,Global Polymer Solutions,Tier 2,WH-KOL-04,East Gateway (Kolkata),Express Air Freight,377.93,786.72,2024-04-29,2024-04-30,1,Delayed,0,0
SHP-20243344,2025-05-23,SUP-01,Apex Precision Components,Tier 1,WH-BLR-03,South Central (Bengaluru),Express Air Freight,665.22,1277.21,2025-05-29,2025-05-29,0,On-Time,1,0
SHP-20243345,2024-08-13,SUP-03,Delta Electronics Hub,Tier 1,WH-DEL-01,North Hub (Delhi-NCR),Priority Surface Cargo,52.17,125.69,2024-08-17,2024-08-17,0,On-Time,1,0
SHP-20243346,2025-02-25,SUP-07,Hind Cargo Aggregates,Tier 3,WH-DEL-01,North Hub (Delhi-NCR),Standard Rail Transport,102.29,108.04,2025-02-28,2025-02-28,0,On-Time,1,0
SHP-20243347,2025-06-05,SUP-08,Indus Logistics Fab,Tier 3,WH-DEL-01,North Hub (Delhi-NCR),Regional Truckload,843.96,583.34,2025-06-08,2025-06-09,1,Delayed,0,1
SHP-20243348,2024-04-06,SUP-06,Global Polymer Solutions,Tier 2,WH-KOL-04,East Gateway (Kolkata),Express Air Freight,836.12,1600.66,2024-04-10,2024-04-12,2,Delayed,0,0
SHP-20243349,2024-08-26,SUP-01,Apex Precision Components,Tier 1,WH-BLR-03,South Central (Bengaluru),Regional Truckload,408.54,350.29,2024-08-28,2024-08-28,0,On-Time,1,0
SHP-20243350,2024-02-08,SUP-07,Hind Cargo Aggregates,Tier 3,WH-BLR-03,South Central (Bengaluru),Standard Rail Transport,540.59,442.28,2024-02-12,2024-02-13,1,Delayed,0,0
SHP-20243351,2024-02-06,SUP-07,Hind Cargo Aggregates,Tier 3,WH-DEL-01,North Hub (Delhi-NCR),Express Air Freight,828.9,1563.98,2024-02-11,2024-02-11,0,On-Time,1,0
SHP-20243352,2024-11-10,SUP-07,Hind Cargo Aggregates,Tier 3,WH-DEL-01,North Hub (Delhi-NCR),Standard Rail Transport,618.07,475.97,2024-11-12,2024-11-12,0,On-Time,1,0
SHP-20243353,2025-01-17,SUP-03,Delta Electronics Hub,Tier 1,WH-BLR-03,South Central (Bengaluru),Express Air Freight,99.22,257.73,2025-01-21,2025-01-22,1,Delayed,0,0
SHP-20243354,2024-08-04,SUP-06,Global Polymer Solutions,Tier 2,WH-DEL-01,North Hub (Delhi-NCR),Priority Surface Cargo,423.34,545.15,2024-08-06,2024-08-10,4,Delayed,0,0
SHP-20243355,2024-12-03,SUP-02,Bharat Heavy Forgings,Tier 1,WH-MUM-02,West Port (Mumbai),Regional Truckload,392.35,306.79,2024-12-06,2024-12-08,2,Delayed,0,0
SHP-20243356,2025-07-24,SUP-07,Hind Cargo Aggregates,Tier 3,WH-MUM-02,West Port (Mumbai),Express Air Freight,775.78,1466.75,2025-07-27,2025-07-28,1,Delayed,0,1
SHP-20243357,2024-09-26,SUP-03,Delta Electronics Hub,Tier 1,WH-MUM-02,West Port (Mumbai),Express Air Freight,491.22,957.69,2024-10-02,2024-10-02,0,On-Time,1,0
SHP-20243358,2024-11-05,SUP-07,Hind Cargo Aggregates,Tier 3,WH-MUM-02,West Port (Mumbai),Priority Surface Cargo,427.23,521.22,2024-11-10,2024-11-10,0,On-Time,1,0
SHP-20243359,2025-03-26,SUP-05,Falcon Fasteners Corp,Tier 2,WH-KOL-04,East Gateway (Kolkata),Express Air Freight,299.39,601.58,2025-03-31,2025-04-03,3,Delayed,0,0
SHP-20243360,2024-10-31,SUP-08,Indus Logistics Fab,Tier 3,WH-DEL-01,North Hub (Delhi-NCR),Priority Surface Cargo,314.56,413.58,2024-11-02,2024-11-02,0,On-Time,1,0
SHP-20243361,2025-02-19,SUP-05,Falcon Fasteners Corp,Tier 2,WH-BLR-03,South Central (Bengaluru),Priority Surface Cargo,415.43,545.72,2025-02-24,2025-02-25,1,Delayed,0,0
SHP-20243362,2024-09-27,SUP-04,Evergreen Raw Materials,Tier 2,WH-DEL-01,North Hub (Delhi-NCR),Priority Surface Cargo,303.77,399.22,2024-10-03,2024-10-03,0,On-Time,1,0
SHP-20243363,2024-12-21,SUP-08,Indus Logistics Fab,Tier 3,WH-MUM-02,West Port (Mumbai),Priority Surface Cargo,838.21,980.35,2024-12-26,2024-12-26,0,On-Time,1,0
SHP-20243364,2024-04-05,SUP-05,Falcon Fasteners Corp,Tier 2,WH-BLR-03,South Central (Bengaluru),Express Air Freight,767.61,1502.44,2024-04-10,2024-04-10,0,On-Time,1,0
SHP-20243365,2025-04-01,SUP-02,Bharat Heavy Forgings,Tier 1,WH-MUM-02,West Port (Mumbai),Standard Rail Transport,740.51,558.17,2025-04-03,2025-04-03,0,On-Time,1,0
SHP-20243366,2024-06-03,SUP-02,Bharat Heavy Forgings,Tier 1,WH-DEL-01,North Hub (Delhi-NCR),Standard Rail Transport,317.14,244.32,2024-06-08,2024-06-08,0,On-Time,1,0
SHP-20243367,2025-07-25,SUP-05,Falcon Fasteners Corp,Tier 2,WH-DEL-01,North Hub (Delhi-NCR),Priority Surface Cargo,139.57,231.9,2025-07-30,2025-07-31,1,Delayed,0,0
SHP-20243368,2024-01-01,SUP-03,Delta Electronics Hub,Tier 1,WH-DEL-01,North Hub (Delhi-NCR),Standard Rail Transport,845.56,634.6,2024-01-07,2024-01-08,1,Delayed,0,0
SHP-20243369,2025-07-29,SUP-08,Indus Logistics Fab,Tier 3,WH-BLR-03,South Central (Bengaluru),Standard Rail Transport,768.5,552.44,2025-08-02,2025-08-05,3,Delayed,0,0
SHP-20243370,2024-07-28,SUP-03,Delta Electronics Hub,Tier 1,WH-DEL-01,North Hub (Delhi-NCR),Priority Surface Cargo,460.02,591.24,2024-07-30,2024-07-30,0,On-Time,1,0
SHP-20243371,2025-11-18,SUP-02,Bharat Heavy Forgings,Tier 1,WH-KOL-04,East Gateway (Kolkata),Regional Truckload,635.63,484.45,2025-11-24,2025-11-27,3,Delayed,0,0
SHP-20243372,2025-04-21,SUP-08,Indus Logistics Fab,Tier 3,WH-DEL-01,North Hub (Delhi-NCR),Priority Surface Cargo,56.84,124.86,2025-04-26,2025-04-27,1,Delayed,0,0
SHP-20243373,2025-11-21,SUP-01,Apex Precision Components,Tier 1,WH-KOL-04,East Gateway (Kolkata),Standard Rail Transport,777.1,590.32,2025-11-27,2025-11-28,1,delayed  ,0,0
SHP-20243374,2024-06-22,SUP-01,Apex Precision Components,Tier 1,WH-MUM-02,West Port (Mumbai),Standard Rail Transport,191.95,204.74,2024-06-27,2024-06-27,0,On-Time,1,0
SHP-20243375,2025-05-28,SUP-08,Indus Logistics Fab,Tier 3,WH-KOL-04,East Gateway (Kolkata),Regional Truckload,829.72,623.61,2025-06-03,2025-06-09,6,Delayed,0,0
SHP-20243376,2025-05-13,SUP-04,Evergreen Raw Materials,Tier 2,WH-KOL-04,East Gateway (Kolkata),Express Air Freight,768.02,1482.93,2025-05-17,2025-05-18,1,Delayed,0,0
SHP-20243377,2024-12-13,SUP-05,Falcon Fasteners Corp,Tier 2,WH-MUM-02,West Port (Mumbai),Express Air Freight,333.36,709.29,2024-12-19,2024-12-19,0,On-Time,1,0
SHP-20243378,2025-04-30,SUP-01,Apex Precision Components,Tier 1,WH-KOL-04,East Gateway (Kolkata),Standard Rail Transport,147.58,148.62,2025-05-03,2025-05-06,3,Delayed,0,0
SHP-20243379,2024-01-23,SUP-01,Apex Precision Components,Tier 1,WH-BLR-03,South Central (Bengaluru),Regional Truckload,188.0,163.89,2024-01-27,2024-01-30,3,Delayed,0,0
SHP-20243380,2025-04-12,SUP-03,Delta Electronics Hub,Tier 1,WH-KOL-04,East Gateway (Kolkata),Regional Truckload,157.21,194.49,2025-04-16,2025-04-17,1,Delayed,0,0
SHP-20243381,2024-08-06,SUP-02,Bharat Heavy Forgings,Tier 1,WH-DEL-01,North Hub (Delhi-NCR),Regional Truckload,206.91,228.08,2024-08-11,2024-08-12,1,Delayed,0,0
SHP-20243382,2025-04-13,SUP-04,Evergreen Raw Materials,Tier 2,WH-DEL-01,North Hub (Delhi-NCR),Standard Rail Transport,629.85,455.14,2025-04-17,2025-04-21,4,Delayed,0,0
SHP-20243383,2024-11-17,SUP-01,Apex Precision Components,Tier 1,WH-DEL-01,North Hub (Delhi-NCR),Regional Truckload,744.43,564.0,2024-11-22,2024-11-22,0,On-Time,1,0
SHP-20243384,2025-02-05,SUP-03,Delta Electronics Hub,Tier 1,WH-BLR-03,South Central (Bengaluru),Standard Rail Transport,422.78,305.43,2025-02-09,2025-02-09,0,On-Time,1,0
SHP-20243385,2024-11-02,SUP-05,Falcon Fasteners Corp,Tier 2,WH-DEL-01,North Hub (Delhi-NCR),Standard Rail Transport,312.38,277.29,2024-11-05,2024-11-05,0,On-Time,1,0
SHP-20243386,2024-02-22,SUP-05,Falcon Fasteners Corp,Tier 2,WH-DEL-01,North Hub (Delhi-NCR),Priority Surface Cargo,533.66,615.0,2024-02-26,2024-02-26,0,On-Time,1,0
SHP-20243387,2025-12-16,SUP-01,Apex Precision Components,Tier 1,WH-MUM-02,West Port (Mumbai),Express Air Freight,688.12,1307.6,2025-12-19,2025-12-19,0,On-Time,1,0
SHP-20243388,2025-02-28,SUP-06,Global Polymer Solutions,Tier 2,WH-DEL-01,North Hub (Delhi-NCR),Express Air Freight,498.03,998.79,2025-03-05,2025-03-06,1,Delayed,0,0
SHP-20243389,2025-11-10,SUP-07,Hind Cargo Aggregates,Tier 3,WH-KOL-04,East Gateway (Kolkata),Priority Surface Cargo,530.77,652.46,2025-11-12,2025-11-14,2,Delayed,0,0
SHP-20243390,2025-07-30,SUP-01,Apex Precision Components,Tier 1,WH-MUM-02,West Port (Mumbai),Standard Rail Transport,64.25,83.77,2025-08-01,2025-08-01,0,On-Time,1,0
SHP-20243391,2025-03-10,SUP-04,Evergreen Raw Materials,Tier 2,WH-KOL-04,East Gateway (Kolkata),Standard Rail Transport,848.6,592.5,2025-03-16,2025-03-16,0,On-Time,1,0
SHP-20243392,2024-09-15,SUP-03,Delta Electronics Hub,Tier 1,WH-BLR-03,South Central (Bengaluru),Standard Rail Transport,232.56,195.57,2024-09-21,2024-09-21,0,On-Time,1,0
SHP-20243393,2024-07-10,SUP-07,Hind Cargo Aggregates,Tier 3,WH-KOL-04,East Gateway (Kolkata),Express Air Freight,425.51,869.04,2024-07-16,2024-07-17,1,Delayed,0,0
SHP-20243394,2024-02-11,SUP-03,Delta Electronics Hub,Tier 1,WH-KOL-04,East Gateway (Kolkata),Standard Rail Transport,78.8,131.25,2024-02-15,2024-02-19,4,delayed  ,0,1
SHP-20243395,2024-03-15,SUP-02,Bharat Heavy Forgings,Tier 1,WH-KOL-04,East Gateway (Kolkata),Regional Truckload,19.85,47.76,2024-03-18,2024-03-19,1,Delayed,0,0
SHP-20243396,2025-12-16,SUP-07,Hind Cargo Aggregates,Tier 3,WH-MUM-02,West Port (Mumbai),Standard Rail Transport,226.23,194.77,2025-12-20,2025-12-21,1,Delayed,0,0
SHP-20243397,2025-05-30,SUP-02,Bharat Heavy Forgings,Tier 1,WH-MUM-02,West Port (Mumbai),Regional Truckload,811.41,575.22,2025-06-02,2025-06-03,1,Delayed,0,0
SHP-20243398,2025-02-02,SUP-07,Hind Cargo Aggregates,Tier 3,WH-BLR-03,South Central (Bengaluru),Standard Rail Transport,510.41,422.04,2025-02-05,2025-02-05,0,On-Time,1,0
SHP-20243399,2025-01-14,SUP-06,Global Polymer Solutions,Tier 2,WH-KOL-04,East Gateway (Kolkata),Priority Surface Cargo,352.43,456.15,2025-01-18,2025-01-23,5,Delayed,0,0
SHP-20243400,2025-08-27,SUP-07,Hind Cargo Aggregates,Tier 3,WH-KOL-04,East Gateway (Kolkata),Priority Surface Cargo,420.84,528.56,2025-09-02,2025-09-02,0,On-Time,1,0
SHP-20243401,2024-02-21,SUP-03,Delta Electronics Hub,Tier 1,WH-BLR-03,South Central (Bengaluru),Priority Surface Cargo,402.62,507.82,2024-02-23,2024-02-23,0,On-Time,1,0
SHP-20243402,2024-07-24,SUP-08,Indus Logistics Fab,Tier 3,WH-KOL-04,East Gateway (Kolkata),Express Air Freight,312.32,666.59,2024-07-27,2024-08-02,6,Delayed,0,0
SHP-20243403,2025-11-12,SUP-07,Hind Cargo Aggregates,Tier 3,WH-KOL-04,East Gateway (Kolkata),Standard Rail Transport,655.15,483.07,2025-11-16,2025-11-19,3,Delayed,0,0
SHP-20243404,2024-06-22,SUP-06,Global Polymer Solutions,Tier 2,WH-MUM-02,West Port (Mumbai),Regional Truckload,379.06,320.55,2024-06-24,2024-06-26,2,Delayed,0,0
SHP-20243405,2024-07-04,SUP-01,Apex Precision Components,Tier 1,WH-KOL-04,East Gateway (Kolkata),Regional Truckload,484.5,349.48,2024-07-08,2024-07-08,0,On-Time,1,0
SHP-20243406,2024-05-07,SUP-01,Apex Precision Components,Tier 1,WH-MUM-02,West Port (Mumbai),Standard Rail Transport,408.25,332.9,2024-05-13,2024-05-16,3,Delayed,0,0
SHP-20243407,2024-01-26,SUP-01,Apex Precision Components,Tier 1,WH-DEL-01,North Hub (Delhi-NCR),Express Air Freight,745.84,1428.68,2024-01-30,2024-02-01,2,Delayed,0,0
SHP-20243408,2024-11-12,SUP-05,Falcon Fasteners Corp,Tier 2,WH-MUM-02,West Port (Mumbai),Priority Surface Cargo,630.43,752.99,2024-11-18,2024-11-18,0,On-Time,1,0
SHP-20243409,2025-03-18,SUP-04,Evergreen Raw Materials,Tier 2,WH-KOL-04,East Gateway (Kolkata),Priority Surface Cargo,775.33,908.03,2025-03-22,2025-03-22,0,On-Time,1,0
SHP-20243410,2024-02-18,SUP-05,Falcon Fasteners Corp,Tier 2,WH-BLR-03,South Central (Bengaluru),Regional Truckload,550.82,448.79,2024-02-21,2024-02-22,1,Delayed,0,0
SHP-20243411,2025-02-13,SUP-02,Bharat Heavy Forgings,Tier 1,WH-KOL-04,East Gateway (Kolkata),Express Air Freight,222.55,446.44,2025-02-17,2025-02-19,2,Delayed,0,0
SHP-20243412,2025-10-30,SUP-03,Delta Electronics Hub,Tier 1,WH-KOL-04,East Gateway (Kolkata),Regional Truckload,642.53,512.57,2025-11-04,2025-11-11,7,Delayed,0,0
SHP-20243413,2025-09-24,SUP-05,Falcon Fasteners Corp,Tier 2,WH-BLR-03,South Central (Bengaluru),Priority Surface Cargo,526.68,619.84,2025-09-28,2025-10-02,4,Delayed,0,0
SHP-20243414,2025-10-23,SUP-03,Delta Electronics Hub,Tier 1,WH-DEL-01,North Hub (Delhi-NCR),Express Air Freight,42.47,168.97,2025-10-29,2025-10-29,0,On-Time,1,0
SHP-20243415,2024-11-04,SUP-07,Hind Cargo Aggregates,Tier 3,WH-MUM-02,West Port (Mumbai),Regional Truckload,324.36,262.22,2024-11-06,2024-11-06,0,On-Time,1,1
SHP-20243416,2025-10-03,SUP-01,Apex Precision Components,Tier 1,WH-BLR-03,South Central (Bengaluru),Regional Truckload,218.7,230.02,2025-10-06,2025-10-07,1,delayed  ,0,0
SHP-20243417,2024-08-06,SUP-03,Delta Electronics Hub,Tier 1,WH-KOL-04,East Gateway (Kolkata),Express Air Freight,462.32,890.44,2024-08-11,2024-08-12,1,Delayed,0,0
SHP-20243418,2024-11-29,SUP-06,Global Polymer Solutions,Tier 2,WH-BLR-03,South Central (Bengaluru),Standard Rail Transport,152.55,147.9,2024-12-02,2024-12-02,0,On-Time,1,0
SHP-20243419,2025-09-20,SUP-04,Evergreen Raw Materials,Tier 2,WH-KOL-04,East Gateway (Kolkata),Express Air Freight,35.28,118.74,2025-09-25,2025-09-26,1,Delayed,0,0
SHP-20243420,2025-07-31,SUP-03,Delta Electronics Hub,Tier 1,WH-DEL-01,North Hub (Delhi-NCR),Standard Rail Transport,339.13,300.97,2025-08-03,2025-08-05,2,Delayed,0,0
SHP-20243421,2024-04-21,SUP-03,Delta Electronics Hub,Tier 1,WH-DEL-01,North Hub (Delhi-NCR),Regional Truckload,270.19,265.72,2024-04-23,2024-04-24,1,Delayed,0,0
SHP-20243422,2025-11-16,SUP-05,Falcon Fasteners Corp,Tier 2,WH-DEL-01,North Hub (Delhi-NCR),Express Air Freight,665.66,1313.55,2025-11-18,2025-11-18,0,On-Time,1,0
SHP-20243423,2024-06-07,SUP-05,Falcon Fasteners Corp,Tier 2,WH-DEL-01,North Hub (Delhi-NCR),Priority Surface Cargo,531.82,674.29,2024-06-13,2024-06-14,1,Delayed,0,0
SHP-20243424,2024-01-03,SUP-04,Evergreen Raw Materials,Tier 2,WH-MUM-02,West Port (Mumbai),Standard Rail Transport,628.86,454.21,2024-01-09,2024-01-09,0,On-Time,1,0
SHP-20243425,2024-08-10,SUP-03,Delta Electronics Hub,Tier 1,WH-MUM-02,West Port (Mumbai),Priority Surface Cargo,376.27,459.73,2024-08-13,2024-08-13,0,On-Time,1,0
SHP-20243426,2024-02-10,SUP-04,Evergreen Raw Materials,Tier 2,WH-DEL-01,North Hub (Delhi-NCR),Express Air Freight,755.09,1445.62,2024-02-12,2024-02-12,0,On-Time,1,0
SHP-20243427,2024-11-29,SUP-05,Falcon Fasteners Corp,Tier 2,WH-DEL-01,North Hub (Delhi-NCR),Standard Rail Transport,497.44,389.53,2024-12-04,2024-12-04,0,On-Time,1,0
SHP-20243428,2025-07-22,SUP-01,Apex Precision Components,Tier 1,WH-BLR-03,South Central (Bengaluru),Regional Truckload,144.34,186.58,2025-07-27,2025-07-29,2,Delayed,0,0
SHP-20243429,2025-04-06,SUP-02,Bharat Heavy Forgings,Tier 1,WH-BLR-03,South Central (Bengaluru),Regional Truckload,270.54,211.38,2025-04-11,2025-04-16,5,Delayed,0,0
SHP-20243430,2025-04-15,SUP-06,Global Polymer Solutions,Tier 2,WH-KOL-04,East Gateway (Kolkata),Regional Truckload,713.98,490.79,2025-04-18,2025-04-18,0,On-Time,1,0
SHP-20243431,2024-07-26,SUP-04,Evergreen Raw Materials,Tier 2,WH-MUM-02,West Port (Mumbai),Regional Truckload,203.7,179.17,2024-07-28,2024-07-29,1,Delayed,0,0
SHP-20243432,2025-10-22,SUP-06,Global Polymer Solutions,Tier 2,WH-BLR-03,South Central (Bengaluru),Express Air Freight,723.02,1412.36,2025-10-25,2025-10-26,1,Delayed,0,0
SHP-20243433,2024-09-12,SUP-03,Delta Electronics Hub,Tier 1,WH-KOL-04,East Gateway (Kolkata),Express Air Freight,476.08,932.5,2024-09-15,2024-09-19,4,Delayed,0,0
SHP-20243434,2025-06-06,SUP-08,Indus Logistics Fab,Tier 3,WH-KOL-04,East Gateway (Kolkata),Priority Surface Cargo,666.31,786.09,2025-06-11,2025-06-11,0,On-Time,1,0
SHP-20243435,2024-10-27,SUP-06,Global Polymer Solutions,Tier 2,WH-BLR-03,South Central (Bengaluru),Express Air Freight,556.82,1062.71,2024-10-31,2024-10-31,0,On-Time,1,0
SHP-20243436,2025-01-12,SUP-08,Indus Logistics Fab,Tier 3,WH-MUM-02,West Port (Mumbai),Express Air Freight,405.09,814.35,2025-01-16,2025-01-16,0,On-Time,1,0
SHP-20243437,2025-03-18,SUP-07,Hind Cargo Aggregates,Tier 3,WH-BLR-03,South Central (Bengaluru),Priority Surface Cargo,646.59,763.76,2025-03-24,2025-03-24,0,On-Time,1,0
SHP-20243438,2025-11-14,SUP-08,Indus Logistics Fab,Tier 3,WH-MUM-02,West Port (Mumbai),Priority Surface Cargo,593.71,721.34,2025-11-18,2025-11-22,4,Delayed,0,0
SHP-20243439,2025-08-09,SUP-08,Indus Logistics Fab,Tier 3,WH-KOL-04,East Gateway (Kolkata),Regional Truckload,106.77,161.15,2025-08-12,2025-08-13,1,Delayed,0,0
SHP-20243440,2025-05-03,SUP-01,Apex Precision Components,Tier 1,WH-MUM-02,West Port (Mumbai),Standard Rail Transport,794.13,555.36,2025-05-09,2025-05-09,0,On-Time,1,0
SHP-20243441,2025-06-06,SUP-06,Global Polymer Solutions,Tier 2,WH-BLR-03,South Central (Bengaluru),Express Air Freight,742.3,1407.73,2025-06-11,2025-06-12,1,Delayed,0,0
SHP-20243442,2024-05-24,SUP-08,Indus Logistics Fab,Tier 3,WH-KOL-04,East Gateway (Kolkata),Regional Truckload,327.09,279.11,2024-05-29,2024-06-01,3,Delayed,0,0
SHP-20243443,2025-11-04,SUP-08,Indus Logistics Fab,Tier 3,WH-KOL-04,East Gateway (Kolkata),Express Air Freight,189.46,429.44,2025-11-07,2025-11-12,5,Delayed,0,0
SHP-20243444,2025-09-10,SUP-07,Hind Cargo Aggregates,Tier 3,WH-MUM-02,West Port (Mumbai),Express Air Freight,797.22,1559.63,2025-09-12,2025-09-12,0,On-Time,1,1
SHP-20243445,2025-07-02,SUP-08,Indus Logistics Fab,Tier 3,WH-BLR-03,South Central (Bengaluru),Priority Surface Cargo,420.19,550.0,2025-07-05,2025-07-12,7,Delayed,0,0
SHP-20243446,2025-06-13,SUP-08,Indus Logistics Fab,Tier 3,WH-KOL-04,East Gateway (Kolkata),Priority Surface Cargo,112.82,207.43,2025-06-16,2025-06-17,1,Delayed,0,0
SHP-20243447,2025-03-13,SUP-08,Indus Logistics Fab,Tier 3,WH-KOL-04,East Gateway (Kolkata),Priority Surface Cargo,506.22,628.06,2025-03-19,2025-03-24,5,Delayed,0,0
SHP-20243448,2024-05-20,SUP-06,Global Polymer Solutions,Tier 2,WH-KOL-04,East Gateway (Kolkata),Priority Surface Cargo,585.64,710.76,2024-05-26,2024-06-01,6,Delayed,0,0
SHP-20243449,2025-06-28,SUP-04,Evergreen Raw Materials,Tier 2,WH-BLR-03,South Central (Bengaluru),Standard Rail Transport,618.36,469.69,2025-07-02,2025-07-02,0,On-Time,1,0
SHP-20243450,2025-11-04,SUP-01,Apex Precision Components,Tier 1,WH-KOL-04,East Gateway (Kolkata),Standard Rail Transport,377.17,325.15,2025-11-07,2025-11-14,7,Delayed,0,0
SHP-20243451,2025-06-09,SUP-06,Global Polymer Solutions,Tier 2,WH-BLR-03,South Central (Bengaluru),Priority Surface Cargo,685.99,835.9,2025-06-15,2025-06-19,4,Delayed,0,0
SHP-20243452,2024-08-09,SUP-01,Apex Precision Components,Tier 1,WH-KOL-04,East Gateway (Kolkata),Express Air Freight,221.69,465.71,2024-08-15,2024-08-18,3,Delayed,0,0
SHP-20243453,2025-09-30,SUP-05,Falcon Fasteners Corp,Tier 2,WH-BLR-03,South Central (Bengaluru),Regional Truckload,34.41,64.39,2025-10-03,2025-10-05,2,Delayed,0,0
SHP-20243454,2024-05-30,SUP-04,Evergreen Raw Materials,Tier 2,WH-BLR-03,South Central (Bengaluru),Express Air Freight,430.66,878.74,2024-06-05,2024-06-05,0,On-Time,1,0
SHP-20243455,2025-08-21,SUP-01,Apex Precision Components,Tier 1,WH-DEL-01,North Hub (Delhi-NCR),Regional Truckload,754.64,579.19,2025-08-26,2025-08-27,1,delayed  ,0,0
SHP-20243456,2025-11-03,SUP-04,Evergreen Raw Materials,Tier 2,WH-KOL-04,East Gateway (Kolkata),Express Air Freight,635.94,1232.04,05/11/2025,2025-11-06,1,Delayed,0,0
SHP-20243457,2024-01-11,SUP-02,Bharat Heavy Forgings,Tier 1,WH-MUM-02,West Port (Mumbai),Express Air Freight,725.04,1370.08,2024-01-16,2024-01-18,2,Delayed,0,0
SHP-20243458,2025-05-24,SUP-08,Indus Logistics Fab,Tier 3,WH-MUM-02,West Port (Mumbai),Priority Surface Cargo,165.51,249.47,2025-05-29,2025-06-03,5,Delayed,0,0
SHP-20243459,2024-11-04,SUP-04,Evergreen Raw Materials,Tier 2,WH-BLR-03,South Central (Bengaluru),Express Air Freight,580.35,1126.72,2024-11-08,2024-11-09,1,Delayed,0,0
SHP-20243460,2024-02-14,SUP-05,Falcon Fasteners Corp,Tier 2,WH-DEL-01,North Hub (Delhi-NCR),Priority Surface Cargo,711.74,850.63,2024-02-17,2024-02-20,3,Delayed,0,0
SHP-20243461,2025-11-23,SUP-03,Delta Electronics Hub,Tier 1,WH-BLR-03,South Central (Bengaluru),Standard Rail Transport,441.42,336.12,2025-11-26,2025-11-28,2,Delayed,0,0
SHP-20243462,2024-04-26,SUP-02,Bharat Heavy Forgings,Tier 1,WH-KOL-04,East Gateway (Kolkata),Regional Truckload,819.85,603.97,2024-04-30,2024-05-05,5,Delayed,0,0
SHP-20243463,2024-08-11,SUP-05,Falcon Fasteners Corp,Tier 2,WH-KOL-04,East Gateway (Kolkata),Express Air Freight,344.08,708.56,2024-08-17,2024-08-17,0,On-Time,1,0
SHP-20243464,2024-09-13,SUP-06,Global Polymer Solutions,Tier 2,WH-KOL-04,East Gateway (Kolkata),Express Air Freight,600.11,1189.18,2024-09-19,2024-09-21,2,Delayed,0,0
SHP-20243465,2025-09-18,SUP-02,Bharat Heavy Forgings,Tier 1,WH-KOL-04,East Gateway (Kolkata),Priority Surface Cargo,625.24,775.93,2025-09-20,2025-09-21,1,Delayed,0,0
SHP-20243466,2024-06-23,SUP-06,Global Polymer Solutions,Tier 2,WH-MUM-02,West Port (Mumbai),Regional Truckload,661.15,466.52,2024-06-28,2024-06-28,0,On-Time,1,0
SHP-20243467,2024-09-28,SUP-01,Apex Precision Components,Tier 1,WH-BLR-03,South Central (Bengaluru),Priority Surface Cargo,587.19,702.17,2024-09-30,2024-10-01,1,Delayed,0,0
SHP-20243468,2024-07-04,SUP-03,Delta Electronics Hub,Tier 1,WH-BLR-03,South Central (Bengaluru),Regional Truckload,205.24,214.32,2024-07-10,2024-07-10,0,On-Time,1,0
SHP-20243469,2025-11-20,SUP-03,Delta Electronics Hub,Tier 1,WH-BLR-03,South Central (Bengaluru),Regional Truckload,529.26,423.73,2025-11-23,2025-11-23,0,On-Time,1,0
SHP-20243470,2024-03-09,SUP-05,Falcon Fasteners Corp,Tier 2,WH-BLR-03,South Central (Bengaluru),Standard Rail Transport,140.36,140.19,2024-03-14,2024-03-18,4,Delayed,0,0
SHP-20243471,2025-11-08,SUP-03,Delta Electronics Hub,Tier 1,WH-BLR-03,South Central (Bengaluru),Regional Truckload,49.37,87.02,2025-11-12,2025-11-14,2,Delayed,0,0
SHP-20243472,2024-02-16,SUP-07,Hind Cargo Aggregates,Tier 3,WH-DEL-01,North Hub (Delhi-NCR),Priority Surface Cargo,842.46,1007.17,2024-02-20,2024-02-21,1,delayed  ,0,0
SHP-20243473,2025-12-05,SUP-07,Hind Cargo Aggregates,Tier 3,WH-BLR-03,South Central (Bengaluru),Regional Truckload,342.42,308.61,2025-12-11,2025-12-15,4,Delayed,0,0
SHP-20243474,2024-08-10,SUP-05,Falcon Fasteners Corp,Tier 2,WH-BLR-03,South Central (Bengaluru),Priority Surface Cargo,815.01,927.0,2024-08-15,2024-08-16,1,Delayed,0,0
SHP-20243475,2025-05-07,SUP-04,Evergreen Raw Materials,Tier 2,WH-BLR-03,South Central (Bengaluru),Standard Rail Transport,516.03,385.9,2025-05-09,2025-05-09,0,On-Time,1,0
SHP-20243476,2025-10-13,SUP-06,Global Polymer Solutions,Tier 2,WH-BLR-03,South Central (Bengaluru),Standard Rail Transport,578.11,451.38,2025-10-19,2025-10-21,2,Delayed,0,0
SHP-20243477,2024-03-05,SUP-08,Indus Logistics Fab,Tier 3,WH-BLR-03,South Central (Bengaluru),Priority Surface Cargo,774.52,931.13,2024-03-07,2024-03-07,0,On-Time,1,0
SHP-20243478,2024-03-03,SUP-07,Hind Cargo Aggregates,Tier 3,WH-DEL-01,North Hub (Delhi-NCR),Express Air Freight,771.87,1467.43,2024-03-05,2024-03-05,0,On-Time,1,1
SHP-20243479,2024-01-18,SUP-01,Apex Precision Components,Tier 1,WH-DEL-01,North Hub (Delhi-NCR),Express Air Freight,134.69,287.4,2024-01-20,2024-01-20,0,On-Time,1,0
SHP-20243480,2024-06-12,SUP-01,Apex Precision Components,Tier 1,WH-MUM-02,West Port (Mumbai),Standard Rail Transport,508.15,413.32,2024-06-16,2024-06-17,1,Delayed,0,0
SHP-20243481,2024-06-02,SUP-04,Evergreen Raw Materials,Tier 2,WH-KOL-04,East Gateway (Kolkata),Priority Surface Cargo,376.15,483.66,2024-06-06,2024-06-11,5,Delayed,0,0
SHP-20243482,2025-02-07,SUP-07,Hind Cargo Aggregates,Tier 3,WH-KOL-04,East Gateway (Kolkata),Express Air Freight,715.84,1403.59,2025-02-11,2025-02-18,7,Delayed,0,0
SHP-20243483,2024-04-25,SUP-05,Falcon Fasteners Corp,Tier 2,WH-KOL-04,East Gateway (Kolkata),Express Air Freight,231.3,470.44,2024-04-27,2024-04-29,2,Delayed,0,0
SHP-20243484,2025-03-09,SUP-03,Delta Electronics Hub,Tier 1,WH-KOL-04,East Gateway (Kolkata),Priority Surface Cargo,514.26,623.35,2025-03-12,2025-03-13,1,Delayed,0,0
SHP-20243485,2024-05-10,SUP-05,Falcon Fasteners Corp,Tier 2,WH-MUM-02,West Port (Mumbai),Express Air Freight,382.98,762.39,2024-05-15,2024-05-18,3,Delayed,0,0
SHP-20243486,2024-11-24,SUP-03,Delta Electronics Hub,Tier 1,WH-DEL-01,North Hub (Delhi-NCR),Priority Surface Cargo,304.46,399.03,2024-11-30,2024-11-30,0,on-time  ,1,0
SHP-20243487,2024-11-14,SUP-08,Indus Logistics Fab,Tier 3,WH-KOL-04,East Gateway (Kolkata),Priority Surface Cargo,306.04,391.16,2024-11-17,2024-11-17,0,On-Time,1,0
SHP-20243488,2025-08-07,SUP-05,Falcon Fasteners Corp,Tier 2,WH-MUM-02,West Port (Mumbai),Regional Truckload,271.77,244.73,2025-08-12,2025-08-12,0,On-Time,1,0
SHP-20243489,2025-09-15,SUP-07,Hind Cargo Aggregates,Tier 3,WH-BLR-03,South Central (Bengaluru),Priority Surface Cargo,346.62,421.91,2025-09-21,2025-09-22,1,Delayed,0,0
SHP-20243490,2025-02-26,SUP-06,Global Polymer Solutions,Tier 2,WH-DEL-01,North Hub (Delhi-NCR),Priority Surface Cargo,-653.58,763.85,2025-03-01,2025-03-01,0,on-time  ,1,0
SHP-20243491,2024-05-11,SUP-05,Falcon Fasteners Corp,Tier 2,WH-DEL-01,North Hub (Delhi-NCR),Express Air Freight,555.74,1055.18,2024-05-15,2024-05-20,5,Delayed,0,0
SHP-20243492,2025-01-08,SUP-02,Bharat Heavy Forgings,Tier 1,WH-BLR-03,South Central (Bengaluru),Express Air Freight,774.99,1526.02,2025-01-14,2025-01-14,0,On-Time,1,0
SHP-20243493,2024-02-14,SUP-07,Hind Cargo Aggregates,Tier 3,WH-BLR-03,South Central (Bengaluru),Express Air Freight,524.36,1021.31,2024-02-18,2024-02-18,0,On-Time,1,0
SHP-20243494,2024-10-03,SUP-02,Bharat Heavy Forgings,Tier 1,WH-DEL-01,North Hub (Delhi-NCR),Priority Surface Cargo,278.57,354.72,2024-10-07,2024-10-07,0,On-Time,1,0
SHP-20243495,2025-02-11,SUP-07,Hind Cargo Aggregates,Tier 3,WH-BLR-03,South Central (Bengaluru),Priority Surface Cargo,636.99,791.34,2025-02-15,2025-02-19,4,Delayed,0,0
SHP-20243496,2024-02-06,SUP-01,Apex Precision Components,Tier 1,WH-BLR-03,South Central (Bengaluru),Regional Truckload,792.1,546.01,2024-02-11,2024-02-11,0,On-Time,1,0
SHP-20243497,2025-11-18,SUP-03,Delta Electronics Hub,Tier 1,WH-DEL-01,North Hub (Delhi-NCR),Priority Surface Cargo,797.39,913.96,2025-11-24,2025-11-25,1,Delayed,0,0
SHP-20243498,2025-05-18,SUP-04,Evergreen Raw Materials,Tier 2,WH-BLR-03,South Central (Bengaluru),Regional Truckload,562.59,445.14,2025-05-21,2025-05-21,0,On-Time,1,0
SHP-20243499,2025-07-09,SUP-03,Delta Electronics Hub,Tier 1,WH-KOL-04,East Gateway (Kolkata),Regional Truckload,771.59,537.98,2025-07-15,2025-07-20,5,Delayed,0,0
SHP-20243500,2025-11-21,SUP-06,Global Polymer Solutions,Tier 2,WH-DEL-01,North Hub (Delhi-NCR),Priority Surface Cargo,767.32,893.35,2025-11-23,2025-11-25,2,Delayed,0,0
SHP-20243501,2024-08-29,SUP-01,Apex Precision Components,Tier 1,WH-MUM-02,West Port (Mumbai),Express Air Freight,647.47,1292.27,2024-09-04,2024-09-04,0,On-Time,1,0
SHP-20243502,2025-07-21,SUP-04,Evergreen Raw Materials,Tier 2,WH-BLR-03,South Central (Bengaluru),Regional Truckload,716.69,495.67,2025-07-23,2025-07-23,0,On-Time,1,0
SHP-20243503,2025-05-25,SUP-08,Indus Logistics Fab,Tier 3,WH-BLR-03,South Central (Bengaluru),Express Air Freight,733.18,1413.19,2025-05-28,2025-05-28,0,On-Time,1,0
SHP-20243504,2024-03-31,SUP-03,Delta Electronics Hub,Tier 1,WH-BLR-03,South Central (Bengaluru),Standard Rail Transport,411.67,305.01,2024-04-03,2024-04-03,0,On-Time,1,0
SHP-20243505,2025-06-22,SUP-05,Falcon Fasteners Corp,Tier 2,WH-DEL-01,North Hub (Delhi-NCR),Standard Rail Transport,128.9,153.97,24/06/2025,2025-06-24,0,On-Time,1,0
SHP-20243506,2024-08-29,SUP-01,Apex Precision Components,Tier 1,WH-KOL-04,East Gateway (Kolkata),Express Air Freight,796.63,1568.42,2024-09-01,2024-09-02,1,Delayed,0,0
SHP-20243507,2025-10-09,SUP-07,Hind Cargo Aggregates,Tier 3,WH-MUM-02,West Port (Mumbai),Regional Truckload,429.6,351.3,2025-10-13,2025-10-18,5,Delayed,0,0
SHP-20243508,2024-09-15,SUP-04,Evergreen Raw Materials,Tier 2,WH-BLR-03,South Central (Bengaluru),Standard Rail Transport,759.47,581.65,2024-09-17,2024-09-23,6,Delayed,0,0
SHP-20243509,2025-08-22,SUP-02,Bharat Heavy Forgings,Tier 1,WH-MUM-02,West Port (Mumbai),Priority Surface Cargo,444.37,561.15,2025-08-24,2025-08-25,1,Delayed,0,0
SHP-20243510,2025-01-19,SUP-01,Apex Precision Components,Tier 1,WH-BLR-03,South Central (Bengaluru),Priority Surface Cargo,230.45,322.32,2025-01-23,2025-01-25,2,Delayed,0,0
SHP-20243511,2025-07-01,SUP-03,Delta Electronics Hub,Tier 1,WH-BLR-03,South Central (Bengaluru),Priority Surface Cargo,530.34,637.3,2025-07-06,2025-07-07,1,Delayed,0,0
SHP-20243512,2024-06-12,SUP-06,Global Polymer Solutions,Tier 2,WH-DEL-01,North Hub (Delhi-NCR),Priority Surface Cargo,594.24,718.44,2024-06-14,2024-06-14,0,On-Time,1,0
SHP-20243513,2024-04-18,SUP-07,Hind Cargo Aggregates,Tier 3,WH-DEL-01,North Hub (Delhi-NCR),Express Air Freight,849.25,1617.35,2024-04-24,2024-04-28,4,Delayed,0,1
SHP-20243514,2025-08-17,SUP-04,Evergreen Raw Materials,Tier 2,WH-BLR-03,South Central (Bengaluru),Standard Rail Transport,125.79,139.19,2025-08-22,2025-08-22,0,On-Time,1,0
SHP-20243515,2024-10-27,SUP-04,Evergreen Raw Materials,Tier 2,WH-BLR-03,South Central (Bengaluru),Priority Surface Cargo,672.74,777.94,2024-11-01,2024-11-01,0,On-Time,1,0
SHP-20243516,2025-09-03,SUP-03,Delta Electronics Hub,Tier 1,WH-DEL-01,North Hub (Delhi-NCR),Priority Surface Cargo,226.82,340.83,2025-09-08,2025-09-11,3,Delayed,0,0
SHP-20243517,2024-12-25,SUP-08,Indus Logistics Fab,Tier 3,WH-MUM-02,West Port (Mumbai),Priority Surface Cargo,258.73,356.77,2024-12-29,2025-01-02,4,Delayed,0,0
SHP-20243518,2025-06-06,SUP-02,Bharat Heavy Forgings,Tier 1,WH-DEL-01,North Hub (Delhi-NCR),Standard Rail Transport,91.44,147.97,2025-06-11,2025-06-12,1,Delayed,0,0
SHP-20243519,2024-05-13,SUP-08,Indus Logistics Fab,Tier 3,WH-DEL-01,North Hub (Delhi-NCR),Priority Surface Cargo,765.7,918.73,2024-05-15,2024-05-15,0,On-Time,1,0
SHP-20243520,2024-07-01,SUP-02,Bharat Heavy Forgings,Tier 1,WH-DEL-01,North Hub (Delhi-NCR),Express Air Freight,776.82,1529.99,2024-07-06,2024-07-07,1,Delayed,0,0
SHP-20243521,2025-10-29,SUP-03,Delta Electronics Hub,Tier 1,WH-KOL-04,East Gateway (Kolkata),Express Air Freight,171.26,389.17,2025-10-31,2025-11-02,2,Delayed,0,0
SHP-20243522,2025-03-09,SUP-01,Apex Precision Components,Tier 1,WH-DEL-01,North Hub (Delhi-NCR),Express Air Freight,94.5,232.53,2025-03-11,2025-03-12,1,Delayed,0,0
SHP-20243523,2025-11-22,SUP-05,Falcon Fasteners Corp,Tier 2,WH-BLR-03,South Central (Bengaluru),Express Air Freight,99.44,211.27,2025-11-27,2025-11-28,1,Delayed,0,0
SHP-20243524,2024-09-23,SUP-07,Hind Cargo Aggregates,Tier 3,WH-BLR-03,South Central (Bengaluru),Standard Rail Transport,344.78,307.67,2024-09-25,2024-09-25,0,On-Time,1,0
SHP-20243525,2024-06-29,SUP-06,Global Polymer Solutions,Tier 2,WH-DEL-01,North Hub (Delhi-NCR),Standard Rail Transport,138.32,149.24,2024-07-01,2024-07-01,0,On-Time,1,0
SHP-20243526,2024-06-02,SUP-05,Falcon Fasteners Corp,Tier 2,WH-KOL-04,East Gateway (Kolkata),Standard Rail Transport,221.29,227.25,2024-06-04,2024-06-04,0,On-Time,1,0
SHP-20243527,2025-11-10,SUP-02,Bharat Heavy Forgings,Tier 1,WH-DEL-01,North Hub (Delhi-NCR),Regional Truckload,744.66,539.95,2025-11-15,2025-11-15,0,On-Time,1,0
SHP-20243528,2025-08-21,SUP-04,Evergreen Raw Materials,Tier 2,WH-BLR-03,South Central (Bengaluru),Express Air Freight,48.79,174.94,2025-08-23,2025-08-28,5,Delayed,0,0
SHP-20243529,2024-07-08,SUP-03,Delta Electronics Hub,Tier 1,WH-KOL-04,East Gateway (Kolkata),Standard Rail Transport,715.21,546.89,2024-07-13,2024-07-14,1,Delayed,0,0
SHP-20243530,2025-02-14,SUP-06,Global Polymer Solutions,Tier 2,WH-MUM-02,West Port (Mumbai),Standard Rail Transport,679.04,476.89,2025-02-19,2025-02-19,0,On-Time,1,0
SHP-20243531,2024-12-02,SUP-08,Indus Logistics Fab,Tier 3,WH-DEL-01,North Hub (Delhi-NCR),Standard Rail Transport,104.04,147.76,2024-12-08,2024-12-13,5,Delayed,0,0
SHP-20243532,2025-04-13,SUP-08,Indus Logistics Fab,Tier 3,WH-MUM-02,West Port (Mumbai),Regional Truckload,462.34,358.11,2025-04-18,2025-04-18,0,On-Time,1,0
SHP-20243533,2025-09-09,SUP-08,Indus Logistics Fab,Tier 3,WH-BLR-03,South Central (Bengaluru),Priority Surface Cargo,-810.84,951.73,2025-09-15,2025-09-18,3,Delayed,0,0
SHP-20243534,2024-05-08,SUP-07,Hind Cargo Aggregates,Tier 3,WH-BLR-03,South Central (Bengaluru),Standard Rail Transport,511.38,378.22,2024-05-11,2024-05-15,4,Delayed,0,0
SHP-20243535,2025-02-10,SUP-04,Evergreen Raw Materials,Tier 2,WH-BLR-03,South Central (Bengaluru),Standard Rail Transport,90.39,145.67,2025-02-14,2025-02-14,0,On-Time,1,0
SHP-20243536,2024-08-17,SUP-07,Hind Cargo Aggregates,Tier 3,WH-KOL-04,East Gateway (Kolkata),Priority Surface Cargo,561.13,654.46,2024-08-20,2024-08-21,1,Delayed,0,0
SHP-20243537,2024-11-15,SUP-01,Apex Precision Components,Tier 1,WH-BLR-03,South Central (Bengaluru),Express Air Freight,565.04,1112.79,2024-11-21,2024-11-24,3,Delayed,0,0
SHP-20243538,2025-07-15,SUP-03,Delta Electronics Hub,Tier 1,WH-MUM-02,West Port (Mumbai),Express Air Freight,690.46,1332.35,2025-07-19,2025-07-19,0,On-Time,1,0
SHP-20243539,2024-02-02,SUP-04,Evergreen Raw Materials,Tier 2,WH-BLR-03,South Central (Bengaluru),Standard Rail Transport,681.15,471.26,2024-02-04,2024-02-05,1,Delayed,0,0
SHP-20243540,2025-04-15,SUP-06,Global Polymer Solutions,Tier 2,WH-DEL-01,North Hub (Delhi-NCR),Express Air Freight,273.46,561.12,2025-04-19,2025-04-21,2,Delayed,0,0
SHP-20243541,2025-02-17,SUP-02,Bharat Heavy Forgings,Tier 1,WH-MUM-02,West Port (Mumbai),Express Air Freight,230.18,459.74,2025-02-23,2025-02-23,0,On-Time,1,0
SHP-20243542,2024-11-19,SUP-02,Bharat Heavy Forgings,Tier 1,WH-MUM-02,West Port (Mumbai),Regional Truckload,671.8,478.86,2024-11-25,2024-11-29,4,Delayed,0,0
SHP-20243543,2024-01-08,SUP-06,Global Polymer Solutions,Tier 2,WH-KOL-04,East Gateway (Kolkata),Standard Rail Transport,111.17,116.45,2024-01-11,2024-01-14,3,Delayed,0,0
SHP-20243544,2024-02-23,SUP-04,Evergreen Raw Materials,Tier 2,WH-DEL-01,North Hub (Delhi-NCR),Standard Rail Transport,140.19,125.03,2024-02-29,2024-03-01,1,Delayed,0,0
SHP-20243545,2025-04-27,SUP-04,Evergreen Raw Materials,Tier 2,WH-BLR-03,South Central (Bengaluru),Priority Surface Cargo,523.24,638.58,2025-05-01,2025-05-02,1,Delayed,0,0
SHP-20243546,2024-10-28,SUP-01,Apex Precision Components,Tier 1,WH-DEL-01,North Hub (Delhi-NCR),Priority Surface Cargo,388.09,476.03,2024-11-02,2024-11-02,0,On-Time,1,0
SHP-20243547,2025-05-14,SUP-02,Bharat Heavy Forgings,Tier 1,WH-KOL-04,East Gateway (Kolkata),Regional Truckload,781.49,551.91,2025-05-20,2025-05-21,1,Delayed,0,0
SHP-20243548,2025-07-30,SUP-08,Indus Logistics Fab,Tier 3,WH-BLR-03,South Central (Bengaluru),Priority Surface Cargo,446.46,526.42,2025-08-05,2025-08-05,0,On-Time,1,0
SHP-20243549,2024-04-16,SUP-05,Falcon Fasteners Corp,Tier 2,WH-MUM-02,West Port (Mumbai),Standard Rail Transport,600.92,440.06,2024-04-22,2024-04-22,0,On-Time,1,1
SHP-20243550,2025-07-10,SUP-06,Global Polymer Solutions,Tier 2,WH-BLR-03,South Central (Bengaluru),Standard Rail Transport,623.77,465.49,2025-07-14,2025-07-14,0,On-Time,1,0
SHP-20243551,2024-12-09,SUP-01,Apex Precision Components,Tier 1,WH-KOL-04,East Gateway (Kolkata),Priority Surface Cargo,725.37,830.18,2024-12-14,2024-12-15,1,Delayed,0,0
SHP-20243552,2024-10-27,SUP-01,Apex Precision Components,Tier 1,WH-MUM-02,West Port (Mumbai),Standard Rail Transport,266.05,265.48,2024-11-02,2024-11-05,3,Delayed,0,0
SHP-20243553,2025-01-03,SUP-04,Evergreen Raw Materials,Tier 2,WH-KOL-04,East Gateway (Kolkata),Express Air Freight,377.47,767.42,2025-01-09,2025-01-09,0,On-Time,1,0
SHP-20243554,2024-07-31,SUP-04,Evergreen Raw Materials,Tier 2,WH-DEL-01,North Hub (Delhi-NCR),Priority Surface Cargo,112.27,203.1,2024-08-03,2024-08-03,0,On-Time,1,0
SHP-20243555,2025-04-06,SUP-08,Indus Logistics Fab,Tier 3,WH-MUM-02,West Port (Mumbai),Priority Surface Cargo,647.87,766.18,2025-04-11,2025-04-13,2,Delayed,0,0
SHP-20243556,2024-08-13,SUP-02,Bharat Heavy Forgings,Tier 1,WH-KOL-04,East Gateway (Kolkata),Regional Truckload,-426.59,304.05,2024-08-19,2024-08-24,5,Delayed,0,0
SHP-20243557,2024-02-29,SUP-03,Delta Electronics Hub,Tier 1,WH-KOL-04,East Gateway (Kolkata),Regional Truckload,259.65,201.78,2024-03-02,2024-03-02,0,On-Time,1,0
SHP-20243558,2024-03-01,SUP-08,Indus Logistics Fab,Tier 3,WH-MUM-02,West Port (Mumbai),Regional Truckload,279.19,252.22,2024-03-07,2024-03-09,2,Delayed,0,1
SHP-20243559,2024-10-30,SUP-07,Hind Cargo Aggregates,Tier 3,WH-DEL-01,North Hub (Delhi-NCR),Standard Rail Transport,459.62,375.78,2024-11-05,2024-11-05,0,On-Time,1,1
SHP-20243560,2024-02-05,SUP-06,Global Polymer Solutions,Tier 2,WH-MUM-02,West Port (Mumbai),Regional Truckload,700.53,532.84,2024-02-09,2024-02-09,0,On-Time,1,0
SHP-20243561,2025-06-21,SUP-04,Evergreen Raw Materials,Tier 2,WH-BLR-03,South Central (Bengaluru),Express Air Freight,28.36,87.62,2025-06-24,2025-06-27,3,Delayed,0,0
SHP-20243562,2024-12-06,SUP-03,Delta Electronics Hub,Tier 1,WH-MUM-02,West Port (Mumbai),Regional Truckload,269.06,218.15,2024-12-09,2024-12-09,0,On-Time,1,0
SHP-20243563,2025-11-01,SUP-08,Indus Logistics Fab,Tier 3,WH-MUM-02,West Port (Mumbai),Regional Truckload,606.6,450.72,2025-11-06,2025-11-08,2,Delayed,0,1
SHP-20243564,2025-04-11,SUP-05,Falcon Fasteners Corp,Tier 2,WH-DEL-01,North Hub (Delhi-NCR),Express Air Freight,437.82,890.21,2025-04-15,2025-04-15,0,On-Time,1,0
SHP-20243565,2024-06-18,SUP-06,Global Polymer Solutions,Tier 2,WH-MUM-02,West Port (Mumbai),Regional Truckload,105.87,116.51,2024-06-24,2024-06-29,5,Delayed,0,0
SHP-20243566,2025-02-18,SUP-03,Delta Electronics Hub,Tier 1,WH-BLR-03,South Central (Bengaluru),Regional Truckload,506.29,398.8,2025-02-22,2025-02-22,0,On-Time,1,0
SHP-20243567,2025-02-13,SUP-06,Global Polymer Solutions,Tier 2,WH-MUM-02,West Port (Mumbai),Standard Rail Transport,548.49,417.82,2025-02-17,2025-02-17,0,On-Time,1,1
SHP-20243568,2024-11-04,SUP-06,Global Polymer Solutions,Tier 2,WH-BLR-03,South Central (Bengaluru),Priority Surface Cargo,247.69,342.5,2024-11-09,2024-11-09,0,On-Time,1,0
SHP-20243569,2024-04-21,SUP-07,Hind Cargo Aggregates,Tier 3,WH-BLR-03,South Central (Bengaluru),Express Air Freight,705.21,1350.49,2024-04-24,2024-04-24,0,On-Time,1,1
SHP-20243570,2024-01-07,SUP-02,Bharat Heavy Forgings,Tier 1,WH-DEL-01,North Hub (Delhi-NCR),Regional Truckload,351.44,305.69,2024-01-12,2024-01-12,0,On-Time,1,0
SHP-20243571,2024-09-13,SUP-05,Falcon Fasteners Corp,Tier 2,WH-BLR-03,South Central (Bengaluru),Standard Rail Transport,411.59,307.69,2024-09-16,2024-09-19,3,Delayed,0,0
SHP-20243572,2025-12-10,SUP-06,Global Polymer Solutions,Tier 2,WH-KOL-04,East Gateway (Kolkata),Priority Surface Cargo,709.61,856.69,2025-12-16,2025-12-20,4,Delayed,0,0
SHP-20243573,2024-05-05,SUP-05,Falcon Fasteners Corp,Tier 2,WH-DEL-01,North Hub (Delhi-NCR),Standard Rail Transport,681.78,534.3,2024-05-10,2024-05-13,3,Delayed,0,0
SHP-20243574,2025-02-09,SUP-06,Global Polymer Solutions,Tier 2,WH-MUM-02,West Port (Mumbai),Regional Truckload,687.4,489.37,2025-02-14,2025-02-19,5,Delayed,0,0
SHP-20243575,2024-02-09,SUP-01,Apex Precision Components,Tier 1,WH-BLR-03,South Central (Bengaluru),Regional Truckload,425.22,316.85,2024-02-14,2024-02-14,0,On-Time,1,0
SHP-20243576,2024-07-16,SUP-03,Delta Electronics Hub,Tier 1,WH-KOL-04,East Gateway (Kolkata),Standard Rail Transport,452.95,358.78,2024-07-22,2024-07-23,1,Delayed,0,0
SHP-20243577,2025-10-29,SUP-08,Indus Logistics Fab,Tier 3,WH-MUM-02,West Port (Mumbai),Standard Rail Transport,181.28,144.98,04/11/2025,2025-11-04,0,On-Time,1,0
SHP-20243578,2024-06-04,SUP-03,Delta Electronics Hub,Tier 1,WH-MUM-02,West Port (Mumbai),Express Air Freight,-571.79,1126.1,2024-06-06,2024-06-07,1,Delayed,0,0
SHP-20243579,2024-01-01,SUP-04,Evergreen Raw Materials,Tier 2,WH-DEL-01,North Hub (Delhi-NCR),Priority Surface Cargo,667.08,817.79,2024-01-06,2024-01-06,0,On-Time,1,0
SHP-20243580,2024-07-20,SUP-04,Evergreen Raw Materials,Tier 2,WH-DEL-01,North Hub (Delhi-NCR),Priority Surface Cargo,95.39,136.5,2024-07-23,2024-07-24,1,Delayed,0,0
SHP-20243581,2024-07-21,SUP-08,Indus Logistics Fab,Tier 3,WH-KOL-04,East Gateway (Kolkata),Regional Truckload,66.56,81.07,2024-07-25,2024-07-28,3,Delayed,0,0
SHP-20243582,2025-12-12,SUP-06,Global Polymer Solutions,Tier 2,WH-BLR-03,South Central (Bengaluru),Regional Truckload,263.72,222.39,2025-12-18,2025-12-19,1,Delayed,0,0
SHP-20243583,2024-03-17,SUP-03,Delta Electronics Hub,Tier 1,WH-MUM-02,West Port (Mumbai),Express Air Freight,707.61,1355.73,2024-03-19,2024-03-19,0,On-Time,1,0
SHP-20243584,2024-01-12,SUP-05,Falcon Fasteners Corp,Tier 2,WH-BLR-03,South Central (Bengaluru),Express Air Freight,483.89,964.82,14/01/2024,2024-01-14,0,On-Time,1,1
SHP-20243585,2024-06-23,SUP-03,Delta Electronics Hub,Tier 1,WH-MUM-02,West Port (Mumbai),Priority Surface Cargo,514.37,650.57,2024-06-26,2024-06-26,0,On-Time,1,0
SHP-20243586,2025-04-02,SUP-07,Hind Cargo Aggregates,Tier 3,WH-DEL-01,North Hub (Delhi-NCR),Priority Surface Cargo,751.64,916.03,2025-04-06,2025-04-06,0,On-Time,1,0
SHP-20243587,2025-02-15,SUP-08,Indus Logistics Fab,Tier 3,WH-MUM-02,West Port (Mumbai),Express Air Freight,732.28,1398.9,2025-02-17,2025-02-18,1,Delayed,0,0
SHP-20243588,2024-08-31,SUP-08,Indus Logistics Fab,Tier 3,WH-MUM-02,West Port (Mumbai),Priority Surface Cargo,121.37,221.18,2024-09-05,2024-09-06,1,Delayed,0,0
SHP-20243589,2024-03-25,SUP-03,Delta Electronics Hub,Tier 1,WH-DEL-01,North Hub (Delhi-NCR),Standard Rail Transport,93.37,136.28,2024-03-31,2024-04-01,1,Delayed,0,0
SHP-20243590,2025-10-22,SUP-05,Falcon Fasteners Corp,Tier 2,WH-DEL-01,North Hub (Delhi-NCR),Express Air Freight,348.73,686.85,2025-10-28,2025-10-28,0,On-Time,1,0
SHP-20243591,2025-05-12,SUP-01,Apex Precision Components,Tier 1,WH-MUM-02,West Port (Mumbai),Express Air Freight,33.4,104.55,2025-05-16,2025-05-16,0,On-Time,1,0
SHP-20243592,2024-01-10,SUP-08,Indus Logistics Fab,Tier 3,WH-MUM-02,West Port (Mumbai),Priority Surface Cargo,221.94,270.1,2024-01-15,2024-01-16,1,Delayed,0,0
SHP-20243593,2025-07-02,SUP-01,Apex Precision Components,Tier 1,WH-KOL-04,East Gateway (Kolkata),Priority Surface Cargo,707.49,860.05,2025-07-04,2025-07-12,8,Delayed,0,0
SHP-20243594,2024-06-02,SUP-05,Falcon Fasteners Corp,Tier 2,WH-MUM-02,West Port (Mumbai),Express Air Freight,731.72,1407.04,2024-06-07,2024-06-08,1,Delayed,0,0
SHP-20243595,2024-06-14,SUP-06,Global Polymer Solutions,Tier 2,WH-KOL-04,East Gateway (Kolkata),Standard Rail Transport,708.59,514.7,2024-06-17,2024-06-22,5,Delayed,0,0
SHP-20243596,2024-07-08,SUP-06,Global Polymer Solutions,Tier 2,WH-BLR-03,South Central (Bengaluru),Standard Rail Transport,311.69,289.64,2024-07-11,2024-07-16,5,Delayed,0,0
SHP-20243597,2025-01-12,SUP-06,Global Polymer Solutions,Tier 2,WH-MUM-02,West Port (Mumbai),Express Air Freight,170.78,363.0,2025-01-17,2025-01-22,5,Delayed,0,0
SHP-20243598,2024-05-28,SUP-04,Evergreen Raw Materials,Tier 2,WH-DEL-01,North Hub (Delhi-NCR),Standard Rail Transport,500.53,380.44,2024-06-03,2024-06-08,5,Delayed,0,0
SHP-20243599,2024-08-17,SUP-07,Hind Cargo Aggregates,Tier 3,WH-MUM-02,West Port (Mumbai),Standard Rail Transport,308.25,244.96,2024-08-20,2024-08-26,6,Delayed,0,0
SHP-20243600,2024-06-23,SUP-01,Apex Precision Components,Tier 1,WH-DEL-01,North Hub (Delhi-NCR),Express Air Freight,59.8,163.35,2024-06-29,2024-06-30,1,Delayed,0,0
SHP-20243601,2024-11-18,SUP-02,Bharat Heavy Forgings,Tier 1,WH-BLR-03,South Central (Bengaluru),Regional Truckload,400.91,288.27,2024-11-23,2024-11-24,1,Delayed,0,0
SHP-20243602,2025-12-14,SUP-04,Evergreen Raw Materials,Tier 2,WH-MUM-02,West Port (Mumbai),Regional Truckload,710.99,498.84,2025-12-20,2025-12-20,0,on-time  ,1,0
SHP-20243603,2025-02-19,SUP-03,Delta Electronics Hub,Tier 1,WH-MUM-02,West Port (Mumbai),Express Air Freight,325.08,633.14,2025-02-24,2025-02-24,0,On-Time,1,0
SHP-20243604,2025-09-06,SUP-03,Delta Electronics Hub,Tier 1,WH-DEL-01,North Hub (Delhi-NCR),Priority Surface Cargo,391.68,510.51,2025-09-12,2025-09-13,1,Delayed,0,0
SHP-20243605,2025-08-17,SUP-01,Apex Precision Components,Tier 1,WH-MUM-02,West Port (Mumbai),Express Air Freight,530.08,1060.02,2025-08-19,2025-08-19,0,On-Time,1,0
SHP-20243606,2024-11-14,SUP-03,Delta Electronics Hub,Tier 1,WH-MUM-02,West Port (Mumbai),Priority Surface Cargo,677.9,786.51,2024-11-19,2024-11-19,0,On-Time,1,0
SHP-20243607,2024-10-29,SUP-08,Indus Logistics Fab,Tier 3,WH-DEL-01,North Hub (Delhi-NCR),Express Air Freight,501.64,963.1,2024-10-31,2024-10-31,0,On-Time,1,0
SHP-20243608,2024-07-02,SUP-04,Evergreen Raw Materials,Tier 2,WH-MUM-02,West Port (Mumbai),Priority Surface Cargo,570.08,680.37,2024-07-07,2024-07-11,4,Delayed,0,0
SHP-20243609,2025-06-15,SUP-02,Bharat Heavy Forgings,Tier 1,WH-MUM-02,West Port (Mumbai),Standard Rail Transport,473.67,376.07,2025-06-20,2025-06-24,4,Delayed,0,0
SHP-20243610,2024-09-12,SUP-02,Bharat Heavy Forgings,Tier 1,WH-DEL-01,North Hub (Delhi-NCR),Regional Truckload,604.25,430.12,2024-09-16,2024-09-16,0,On-Time,1,0
SHP-20243611,2024-06-28,SUP-08,Indus Logistics Fab,Tier 3,WH-DEL-01,North Hub (Delhi-NCR),Express Air Freight,346.81,706.58,2024-07-03,2024-07-03,0,On-Time,1,0
SHP-20243612,2025-08-31,SUP-07,Hind Cargo Aggregates,Tier 3,WH-MUM-02,West Port (Mumbai),Priority Surface Cargo,229.62,293.99,2025-09-05,2025-09-05,0,On-Time,1,0
SHP-20243613,2025-03-23,SUP-01,Apex Precision Components,Tier 1,WH-MUM-02,West Port (Mumbai),Standard Rail Transport,405.06,356.72,2025-03-25,2025-03-25,0,On-Time,1,0
SHP-20243614,2024-04-12,SUP-03,Delta Electronics Hub,Tier 1,WH-BLR-03,South Central (Bengaluru),Priority Surface Cargo,248.96,359.56,2024-04-18,2024-04-21,3,Delayed,0,0
SHP-20243615,2025-07-21,SUP-07,Hind Cargo Aggregates,Tier 3,WH-BLR-03,South Central (Bengaluru),Regional Truckload,518.68,368.63,2025-07-25,2025-07-27,2,Delayed,0,0
SHP-20243616,2025-06-27,SUP-02,Bharat Heavy Forgings,Tier 1,WH-DEL-01,North Hub (Delhi-NCR),Express Air Freight,86.44,214.6,2025-07-03,2025-07-03,0,On-Time,1,0
SHP-20243617,2024-12-07,SUP-07,Hind Cargo Aggregates,Tier 3,WH-DEL-01,North Hub (Delhi-NCR),Standard Rail Transport,578.66,440.9,2024-12-11,2024-12-11,0,On-Time,1,1
SHP-20243618,2025-07-24,SUP-04,Evergreen Raw Materials,Tier 2,WH-DEL-01,North Hub (Delhi-NCR),Express Air Freight,31.31,126.1,2025-07-27,2025-07-28,1,Delayed,0,0
SHP-20243619,2025-10-12,SUP-06,Global Polymer Solutions,Tier 2,WH-KOL-04,East Gateway (Kolkata),Express Air Freight,823.3,1565.3,2025-10-14,2025-10-15,1,Delayed,0,0
SHP-20243620,2025-01-22,SUP-02,Bharat Heavy Forgings,Tier 1,WH-DEL-01,North Hub (Delhi-NCR),Regional Truckload,320.68,277.56,2025-01-24,2025-01-24,0,On-Time,1,0
SHP-20243621,2025-08-22,SUP-06,Global Polymer Solutions,Tier 2,WH-KOL-04,East Gateway (Kolkata),Express Air Freight,717.35,1395.18,2025-08-26,2025-08-28,2,Delayed,0,0
SHP-20243622,2025-01-13,SUP-04,Evergreen Raw Materials,Tier 2,WH-DEL-01,North Hub (Delhi-NCR),Regional Truckload,665.64,469.39,2025-01-18,2025-01-25,7,Delayed,0,0
SHP-20243623,2025-10-19,SUP-03,Delta Electronics Hub,Tier 1,WH-KOL-04,East Gateway (Kolkata),Regional Truckload,31.24,52.43,2025-10-23,2025-10-25,2,Delayed,0,0
SHP-20243624,2024-05-09,SUP-07,Hind Cargo Aggregates,Tier 3,WH-BLR-03,South Central (Bengaluru),Standard Rail Transport,97.46,143.47,2024-05-13,2024-05-18,5,Delayed,0,0
SHP-20243625,2024-03-29,SUP-06,Global Polymer Solutions,Tier 2,WH-DEL-01,North Hub (Delhi-NCR),Express Air Freight,749.66,1449.72,2024-04-02,2024-04-04,2,Delayed,0,0
SHP-20243626,2024-08-28,SUP-03,Delta Electronics Hub,Tier 1,WH-BLR-03,South Central (Bengaluru),Express Air Freight,40.24,161.31,2024-08-30,2024-09-02,3,Delayed,0,0
SHP-20243627,2024-07-29,SUP-04,Evergreen Raw Materials,Tier 2,WH-BLR-03,South Central (Bengaluru),Priority Surface Cargo,523.83,626.76,2024-08-01,2024-08-01,0,On-Time,1,0
SHP-20243628,2024-11-16,SUP-07,Hind Cargo Aggregates,Tier 3,WH-BLR-03,South Central (Bengaluru),Express Air Freight,557.9,1060.5,2024-11-19,2024-11-20,1,Delayed,0,0
SHP-20243629,2024-10-12,SUP-04,Evergreen Raw Materials,Tier 2,WH-DEL-01,North Hub (Delhi-NCR),Priority Surface Cargo,658.88,814.61,2024-10-15,2024-10-16,1,Delayed,0,0
SHP-20243630,2025-08-05,SUP-04,Evergreen Raw Materials,Tier 2,WH-DEL-01,North Hub (Delhi-NCR),Regional Truckload,648.82,489.6,2025-08-10,2025-08-13,3,Delayed,0,0
SHP-20243631,2025-03-03,SUP-08,Indus Logistics Fab,Tier 3,WH-BLR-03,South Central (Bengaluru),Regional Truckload,746.63,526.25,2025-03-05,2025-03-09,4,Delayed,0,0
SHP-20243632,2024-08-01,SUP-04,Evergreen Raw Materials,Tier 2,WH-DEL-01,North Hub (Delhi-NCR),Express Air Freight,832.26,1583.81,2024-08-04,2024-08-05,1,Delayed,0,0
SHP-20243633,2024-09-15,SUP-04,Evergreen Raw Materials,Tier 2,WH-MUM-02,West Port (Mumbai),Standard Rail Transport,94.97,145.3,2024-09-18,2024-09-24,6,Delayed,0,0
SHP-20243634,2025-03-07,SUP-04,Evergreen Raw Materials,Tier 2,WH-BLR-03,South Central (Bengaluru),Standard Rail Transport,438.68,319.76,2025-03-11,2025-03-13,2,Delayed,0,0
SHP-20243635,2025-05-15,SUP-05,Falcon Fasteners Corp,Tier 2,WH-KOL-04,East Gateway (Kolkata),Standard Rail Transport,538.04,421.58,2025-05-19,2025-05-19,0,On-Time,1,0
SHP-20243636,2024-05-13,SUP-03,Delta Electronics Hub,Tier 1,WH-MUM-02,West Port (Mumbai),Express Air Freight,526.44,1019.52,2024-05-19,2024-05-24,5,Delayed,0,0
SHP-20243637,2024-07-22,SUP-04,Evergreen Raw Materials,Tier 2,WH-KOL-04,East Gateway (Kolkata),Priority Surface Cargo,145.9,233.19,2024-07-24,2024-07-26,2,Delayed,0,0
SHP-20243638,2024-05-23,SUP-06,Global Polymer Solutions,Tier 2,WH-MUM-02,West Port (Mumbai),Standard Rail Transport,247.33,209.24,2024-05-25,2024-05-27,2,Delayed,0,0
SHP-20243639,2024-02-12,SUP-08,Indus Logistics Fab,Tier 3,WH-KOL-04,East Gateway (Kolkata),Regional Truckload,655.93,501.34,2024-02-18,2024-02-20,2,Delayed,0,0
SHP-20243640,2024-09-30,SUP-01,Apex Precision Components,Tier 1,WH-BLR-03,South Central (Bengaluru),Regional Truckload,170.03,166.12,2024-10-04,2024-10-06,2,Delayed,0,0
SHP-20243641,2024-10-14,SUP-02,Bharat Heavy Forgings,Tier 1,WH-DEL-01,North Hub (Delhi-NCR),Priority Surface Cargo,528.01,631.29,17/10/2024,2024-10-20,3,Delayed,0,0
SHP-20243642,2025-07-21,SUP-01,Apex Precision Components,Tier 1,WH-KOL-04,East Gateway (Kolkata),Priority Surface Cargo,688.42,819.33,2025-07-26,2025-07-31,5,Delayed,0,0
SHP-20243643,2025-11-02,SUP-07,Hind Cargo Aggregates,Tier 3,WH-MUM-02,West Port (Mumbai),Express Air Freight,107.18,223.91,2025-11-05,2025-11-05,0,On-Time,1,0
SHP-20243644,2025-11-29,SUP-05,Falcon Fasteners Corp,Tier 2,WH-MUM-02,West Port (Mumbai),Regional Truckload,405.15,331.97,2025-12-02,2025-12-02,0,on-time  ,1,0
SHP-20243645,2024-07-13,SUP-07,Hind Cargo Aggregates,Tier 3,WH-DEL-01,North Hub (Delhi-NCR),Regional Truckload,641.67,461.24,2024-07-17,2024-07-17,0,On-Time,1,0
SHP-20243646,2024-09-09,SUP-08,Indus Logistics Fab,Tier 3,WH-KOL-04,East Gateway (Kolkata),Priority Surface Cargo,751.39,853.27,14/09/2024,2024-09-17,3,Delayed,0,1
SHP-20243647,2025-08-03,SUP-08,Indus Logistics Fab,Tier 3,WH-DEL-01,North Hub (Delhi-NCR),Priority Surface Cargo,721.75,843.86,2025-08-09,2025-08-10,1,Delayed,0,0
SHP-20243648,2025-04-04,SUP-04,Evergreen Raw Materials,Tier 2,WH-BLR-03,South Central (Bengaluru),Priority Surface Cargo,567.24,692.27,2025-04-08,2025-04-11,3,Delayed,0,0
SHP-20243649,2025-10-31,SUP-03,Delta Electronics Hub,Tier 1,WH-MUM-02,West Port (Mumbai),Priority Surface Cargo,98.09,150.17,2025-11-04,2025-11-05,1,Delayed,0,0
SHP-20243650,2025-09-21,SUP-01,Apex Precision Components,Tier 1,WH-MUM-02,West Port (Mumbai),Regional Truckload,145.92,159.05,2025-09-26,2025-09-26,0,On-Time,1,0
SHP-20243651,2024-06-01,SUP-02,Bharat Heavy Forgings,Tier 1,WH-DEL-01,North Hub (Delhi-NCR),Express Air Freight,156.08,340.11,2024-06-06,2024-06-06,0,On-Time,1,0
SHP-20243652,2024-05-30,SUP-01,Apex Precision Components,Tier 1,WH-MUM-02,West Port (Mumbai),Express Air Freight,54.46,185.15,2024-06-03,2024-06-03,0,On-Time,1,0
SHP-20243653,2024-06-17,SUP-07,Hind Cargo Aggregates,Tier 3,WH-DEL-01,North Hub (Delhi-NCR),Priority Surface Cargo,354.27,420.3,2024-06-21,2024-06-22,1,Delayed,0,0
SHP-20243654,2024-08-26,SUP-05,Falcon Fasteners Corp,Tier 2,WH-MUM-02,West Port (Mumbai),Priority Surface Cargo,113.33,176.94,2024-08-30,2024-08-30,0,On-Time,1,0
SHP-20243655,2025-08-29,SUP-01,Apex Precision Components,Tier 1,WH-BLR-03,South Central (Bengaluru),Priority Surface Cargo,841.82,961.87,2025-09-03,2025-09-06,3,Delayed,0,0
SHP-20243656,2024-11-17,SUP-02,Bharat Heavy Forgings,Tier 1,WH-BLR-03,South Central (Bengaluru),Priority Surface Cargo,740.49,895.24,2024-11-21,2024-11-23,2,Delayed,0,0
SHP-20243657,2024-07-14,SUP-06,Global Polymer Solutions,Tier 2,WH-BLR-03,South Central (Bengaluru),Standard Rail Transport,644.12,488.27,2024-07-20,2024-07-22,2,Delayed,0,0
SHP-20243658,2024-05-03,SUP-04,Evergreen Raw Materials,Tier 2,WH-DEL-01,North Hub (Delhi-NCR),Priority Surface Cargo,583.49,692.47,2024-05-08,2024-05-08,0,On-Time,1,0
SHP-20243659,2024-01-25,SUP-07,Hind Cargo Aggregates,Tier 3,WH-KOL-04,East Gateway (Kolkata),Priority Surface Cargo,713.04,825.94,2024-01-31,2024-02-01,1,Delayed,0,0
SHP-20243660,2025-06-26,SUP-01,Apex Precision Components,Tier 1,WH-KOL-04,East Gateway (Kolkata),Express Air Freight,350.25,741.37,2025-06-30,2025-07-02,2,Delayed,0,0
SHP-20243661,2025-12-10,SUP-04,Evergreen Raw Materials,Tier 2,WH-KOL-04,East Gateway (Kolkata),Regional Truckload,536.01,377.65,2025-12-14,2025-12-21,7,Delayed,0,0
SHP-20243662,2025-08-21,SUP-03,Delta Electronics Hub,Tier 1,WH-MUM-02,West Port (Mumbai),Express Air Freight,242.74,526.61,2025-08-27,2025-08-27,0,On-Time,1,0
SHP-20243663,2025-08-17,SUP-02,Bharat Heavy Forgings,Tier 1,WH-KOL-04,East Gateway (Kolkata),Priority Surface Cargo,143.31,211.34,2025-08-21,2025-08-22,1,Delayed,0,0
SHP-20243664,2024-02-08,SUP-02,Bharat Heavy Forgings,Tier 1,WH-DEL-01,North Hub (Delhi-NCR),Express Air Freight,309.03,649.15,2024-02-10,2024-02-14,4,Delayed,0,0
SHP-20243665,2025-01-18,SUP-02,Bharat Heavy Forgings,Tier 1,WH-MUM-02,West Port (Mumbai),Standard Rail Transport,582.3,463.35,2025-01-23,2025-01-23,0,On-Time,1,0
SHP-20243666,2024-08-27,SUP-05,Falcon Fasteners Corp,Tier 2,WH-KOL-04,East Gateway (Kolkata),Standard Rail Transport,201.17,169.95,2024-09-02,2024-09-03,1,Delayed,0,0
SHP-20243667,2025-03-25,SUP-01,Apex Precision Components,Tier 1,WH-DEL-01,North Hub (Delhi-NCR),Priority Surface Cargo,545.1,667.72,2025-03-29,2025-03-29,0,On-Time,1,0
SHP-20243668,2025-10-02,SUP-08,Indus Logistics Fab,Tier 3,WH-KOL-04,East Gateway (Kolkata),Standard Rail Transport,198.23,160.13,2025-10-04,2025-10-07,3,Delayed,0,0
SHP-20243669,2024-04-20,SUP-07,Hind Cargo Aggregates,Tier 3,WH-MUM-02,West Port (Mumbai),Standard Rail Transport,683.44,472.11,2024-04-25,2024-04-25,0,On-Time,1,0
SHP-20243670,2024-04-14,SUP-02,Bharat Heavy Forgings,Tier 1,WH-BLR-03,South Central (Bengaluru),Standard Rail Transport,438.34,348.26,2024-04-18,2024-04-18,0,On-Time,1,0
SHP-20243671,2024-11-21,SUP-06,Global Polymer Solutions,Tier 2,WH-MUM-02,West Port (Mumbai),Regional Truckload,31.07,51.2,2024-11-25,2024-11-30,5,Delayed,0,0
SHP-20243672,2025-11-03,SUP-06,Global Polymer Solutions,Tier 2,WH-KOL-04,East Gateway (Kolkata),Priority Surface Cargo,213.3,302.49,2025-11-07,2025-11-15,8,Delayed,0,0
SHP-20243673,2024-02-14,SUP-04,Evergreen Raw Materials,Tier 2,WH-BLR-03,South Central (Bengaluru),Priority Surface Cargo,181.95,229.86,2024-02-17,2024-02-17,0,On-Time,1,0
SHP-20243674,2024-01-05,SUP-01,Apex Precision Components,Tier 1,WH-MUM-02,West Port (Mumbai),Standard Rail Transport,470.9,397.86,2024-01-11,2024-01-11,0,On-Time,1,0
SHP-20243675,2024-03-26,SUP-05,Falcon Fasteners Corp,Tier 2,WH-BLR-03,South Central (Bengaluru),Regional Truckload,31.33,61.23,2024-03-28,2024-03-29,1,Delayed,0,0
SHP-20243676,2024-01-19,SUP-02,Bharat Heavy Forgings,Tier 1,WH-BLR-03,South Central (Bengaluru),Standard Rail Transport,126.52,135.8,2024-01-23,2024-01-25,2,Delayed,0,0
SHP-20243677,2024-11-09,SUP-07,Hind Cargo Aggregates,Tier 3,WH-DEL-01,North Hub (Delhi-NCR),Regional Truckload,755.27,527.68,2024-11-14,2024-11-18,4,Delayed,0,0
SHP-20243678,2025-06-26,SUP-05,Falcon Fasteners Corp,Tier 2,WH-KOL-04,East Gateway (Kolkata),Express Air Freight,696.29,1314.48,2025-06-28,2025-07-03,5,Delayed,0,0
SHP-20243679,2025-11-13,SUP-07,Hind Cargo Aggregates,Tier 3,WH-MUM-02,West Port (Mumbai),Priority Surface Cargo,387.1,490.38,15/11/2025,2025-11-15,0,On-Time,1,1
SHP-20243680,2025-11-17,SUP-03,Delta Electronics Hub,Tier 1,WH-DEL-01,North Hub (Delhi-NCR),Express Air Freight,355.64,746.13,2025-11-21,2025-11-21,0,On-Time,1,0
SHP-20243681,2025-02-05,SUP-08,Indus Logistics Fab,Tier 3,WH-DEL-01,North Hub (Delhi-NCR),Priority Surface Cargo,314.33,399.96,2025-02-08,2025-02-13,5,Delayed,0,0
SHP-20243682,2024-05-12,SUP-06,Global Polymer Solutions,Tier 2,WH-MUM-02,West Port (Mumbai),Standard Rail Transport,787.52,598.68,2024-05-15,2024-05-16,1,Delayed,0,0
SHP-20243683,2025-02-11,SUP-08,Indus Logistics Fab,Tier 3,WH-MUM-02,West Port (Mumbai),Priority Surface Cargo,736.03,840.42,2025-02-14,2025-02-16,2,Delayed,0,0
SHP-20243684,2024-04-26,SUP-07,Hind Cargo Aggregates,Tier 3,WH-MUM-02,West Port (Mumbai),Express Air Freight,246.66,520.67,2024-04-30,2024-04-30,0,On-Time,1,1
SHP-20243685,2025-09-06,SUP-06,Global Polymer Solutions,Tier 2,WH-KOL-04,East Gateway (Kolkata),Regional Truckload,58.85,113.01,2025-09-10,2025-09-12,2,Delayed,0,0
SHP-20243686,2024-08-19,SUP-05,Falcon Fasteners Corp,Tier 2,WH-BLR-03,South Central (Bengaluru),Regional Truckload,718.74,493.93,2024-08-21,2024-08-22,1,Delayed,0,0
SHP-20243687,2024-03-03,SUP-03,Delta Electronics Hub,Tier 1,WH-DEL-01,North Hub (Delhi-NCR),Express Air Freight,693.04,1341.69,2024-03-06,2024-03-06,0,On-Time,1,0
SHP-20243688,2025-04-24,SUP-05,Falcon Fasteners Corp,Tier 2,WH-DEL-01,North Hub (Delhi-NCR),Standard Rail Transport,28.85,75.46,2025-04-27,2025-04-27,0,On-Time,1,0
SHP-20243689,2025-08-07,SUP-04,Evergreen Raw Materials,Tier 2,WH-KOL-04,East Gateway (Kolkata),Express Air Freight,145.24,309.86,2025-08-12,2025-08-19,7,Delayed,0,0
SHP-20243690,2024-01-10,SUP-04,Evergreen Raw Materials,Tier 2,WH-KOL-04,East Gateway (Kolkata),Standard Rail Transport,298.47,241.42,2024-01-15,2024-01-16,1,Delayed,0,0
SHP-20243691,2025-04-29,SUP-07,Hind Cargo Aggregates,Tier 3,WH-DEL-01,North Hub (Delhi-NCR),Standard Rail Transport,95.68,114.57,2025-05-04,2025-05-04,0,On-Time,1,0
SHP-20243692,2024-01-01,SUP-06,Global Polymer Solutions,Tier 2,WH-MUM-02,West Port (Mumbai),Priority Surface Cargo,237.13,312.67,2024-01-03,2024-01-04,1,Delayed,0,0
SHP-20243693,2024-10-31,SUP-07,Hind Cargo Aggregates,Tier 3,WH-KOL-04,East Gateway (Kolkata),Standard Rail Transport,271.98,224.63,2024-11-06,2024-11-06,0,On-Time,1,0
SHP-20243694,2025-05-30,SUP-02,Bharat Heavy Forgings,Tier 1,WH-DEL-01,North Hub (Delhi-NCR),Priority Surface Cargo,446.62,576.71,2025-06-03,2025-06-03,0,On-Time,1,0
SHP-20243695,2024-04-01,SUP-06,Global Polymer Solutions,Tier 2,WH-MUM-02,West Port (Mumbai),Regional Truckload,525.96,427.49,2024-04-07,2024-04-09,2,Delayed,0,0
SHP-20243696,2025-03-01,SUP-04,Evergreen Raw Materials,Tier 2,WH-MUM-02,West Port (Mumbai),Regional Truckload,153.17,191.99,2025-03-07,2025-03-07,0,On-Time,1,0
SHP-20243697,2025-01-31,SUP-05,Falcon Fasteners Corp,Tier 2,WH-BLR-03,South Central (Bengaluru),Express Air Freight,74.37,223.26,2025-02-03,2025-02-04,1,Delayed,0,0
SHP-20243698,2025-11-22,SUP-04,Evergreen Raw Materials,Tier 2,WH-KOL-04,East Gateway (Kolkata),Standard Rail Transport,161.02,170.98,2025-11-27,2025-11-27,0,On-Time,1,0
SHP-20243699,2025-03-18,SUP-07,Hind Cargo Aggregates,Tier 3,WH-MUM-02,West Port (Mumbai),Priority Surface Cargo,614.88,738.73,2025-03-22,2025-03-22,0,On-Time,1,0
SHP-20243700,2024-05-02,SUP-03,Delta Electronics Hub,Tier 1,WH-MUM-02,West Port (Mumbai),Express Air Freight,524.72,1004.54,2024-05-08,2024-05-08,0,On-Time,1,0
SHP-20243701,2025-02-24,SUP-01,Apex Precision Components,Tier 1,WH-BLR-03,South Central (Bengaluru),Regional Truckload,77.38,141.81,2025-03-02,2025-03-02,0,On-Time,1,1
SHP-20243702,2025-03-07,SUP-05,Falcon Fasteners Corp,Tier 2,WH-MUM-02,West Port (Mumbai),Standard Rail Transport,272.51,218.58,2025-03-10,2025-03-11,1,Delayed,0,0
SHP-20243703,2025-11-19,SUP-07,Hind Cargo Aggregates,Tier 3,WH-BLR-03,South Central (Bengaluru),Express Air Freight,387.36,782.97,2025-11-23,2025-11-28,5,Delayed,0,0
SHP-20243704,2025-02-11,SUP-07,Hind Cargo Aggregates,Tier 3,WH-MUM-02,West Port (Mumbai),Priority Surface Cargo,135.7,190.52,2025-02-17,2025-02-17,0,On-Time,1,0
SHP-20243705,2025-11-30,SUP-05,Falcon Fasteners Corp,Tier 2,WH-DEL-01,North Hub (Delhi-NCR),Priority Surface Cargo,315.32,440.79,2025-12-02,2025-12-03,1,Delayed,0,0
SHP-20243706,2025-01-02,SUP-03,Delta Electronics Hub,Tier 1,WH-DEL-01,North Hub (Delhi-NCR),Regional Truckload,35.65,116.15,2025-01-04,2025-01-06,2,Delayed,0,0
SHP-20243707,2024-03-30,SUP-05,Falcon Fasteners Corp,Tier 2,WH-BLR-03,South Central (Bengaluru),Priority Surface Cargo,83.46,161.97,2024-04-03,2024-04-03,0,On-Time,1,0
SHP-20243708,2025-12-01,SUP-06,Global Polymer Solutions,Tier 2,WH-BLR-03,South Central (Bengaluru),Priority Surface Cargo,321.09,429.6,2025-12-06,2025-12-08,2,Delayed,0,1
SHP-20243709,2024-02-16,SUP-07,Hind Cargo Aggregates,Tier 3,WH-DEL-01,North Hub (Delhi-NCR),Priority Surface Cargo,641.52,761.64,2024-02-19,2024-02-19,0,On-Time,1,0
SHP-20243710,2025-04-29,SUP-06,Global Polymer Solutions,Tier 2,WH-MUM-02,West Port (Mumbai),Priority Surface Cargo,739.68,855.98,2025-05-01,2025-05-07,6,Delayed,0,0
SHP-20243711,2025-06-02,SUP-05,Falcon Fasteners Corp,Tier 2,WH-BLR-03,South Central (Bengaluru),Regional Truckload,329.38,269.89,2025-06-08,2025-06-09,1,Delayed,0,0
SHP-20243712,2025-07-10,SUP-04,Evergreen Raw Materials,Tier 2,WH-BLR-03,South Central (Bengaluru),Standard Rail Transport,241.81,245.92,2025-07-14,2025-07-14,0,On-Time,1,0
SHP-20243713,2024-04-05,SUP-03,Delta Electronics Hub,Tier 1,WH-BLR-03,South Central (Bengaluru),Priority Surface Cargo,485.44,574.98,2024-04-08,2024-04-08,0,On-Time,1,0
SHP-20243714,2024-06-03,SUP-01,Apex Precision Components,Tier 1,WH-DEL-01,North Hub (Delhi-NCR),Standard Rail Transport,633.24,481.97,2024-06-09,2024-06-09,0,On-Time,1,0
SHP-20243715,2025-07-31,SUP-04,Evergreen Raw Materials,Tier 2,WH-MUM-02,West Port (Mumbai),Express Air Freight,350.69,735.75,2025-08-05,2025-08-05,0,On-Time,1,0
SHP-20243716,2025-08-14,SUP-04,Evergreen Raw Materials,Tier 2,WH-MUM-02,West Port (Mumbai),Priority Surface Cargo,264.63,367.1,2025-08-20,2025-08-22,2,Delayed,0,0
SHP-20243717,2024-12-23,SUP-03,Delta Electronics Hub,Tier 1,WH-DEL-01,North Hub (Delhi-NCR),Express Air Freight,323.68,628.1,2024-12-27,2024-12-27,0,On-Time,1,0
SHP-20243718,2025-03-17,SUP-07,Hind Cargo Aggregates,Tier 3,WH-KOL-04,East Gateway (Kolkata),Regional Truckload,38.07,59.34,2025-03-23,2025-03-27,4,Delayed,0,0
SHP-20243719,2024-10-16,SUP-06,Global Polymer Solutions,Tier 2,WH-MUM-02,West Port (Mumbai),Regional Truckload,550.92,416.37,2024-10-19,2024-10-19,0,On-Time,1,0
SHP-20243720,2024-12-30,SUP-04,Evergreen Raw Materials,Tier 2,WH-MUM-02,West Port (Mumbai),Express Air Freight,553.94,1055.58,2025-01-05,2025-01-05,0,On-Time,1,0
SHP-20243721,2024-02-04,SUP-08,Indus Logistics Fab,Tier 3,WH-MUM-02,West Port (Mumbai),Express Air Freight,360.44,723.44,2024-02-09,2024-02-11,2,Delayed,0,0
SHP-20243722,2025-09-09,SUP-07,Hind Cargo Aggregates,Tier 3,WH-MUM-02,West Port (Mumbai),Standard Rail Transport,621.47,458.27,2025-09-11,2025-09-11,0,On-Time,1,0
SHP-20243723,2025-08-07,SUP-08,Indus Logistics Fab,Tier 3,WH-DEL-01,North Hub (Delhi-NCR),Express Air Freight,375.79,765.79,2025-08-13,2025-08-13,0,On-Time,1,0
SHP-20243724,2024-06-15,SUP-01,Apex Precision Components,Tier 1,WH-KOL-04,East Gateway (Kolkata),Priority Surface Cargo,685.2,827.55,2024-06-19,2024-06-19,0,on-time  ,1,0
SHP-20243725,2024-12-22,SUP-02,Bharat Heavy Forgings,Tier 1,WH-BLR-03,South Central (Bengaluru),Priority Surface Cargo,146.5,243.71,2024-12-27,2024-12-27,0,On-Time,1,0
SHP-20243726,2025-01-15,SUP-02,Bharat Heavy Forgings,Tier 1,WH-KOL-04,East Gateway (Kolkata),Standard Rail Transport,599.45,434.66,2025-01-20,2025-01-24,4,delayed  ,0,0
SHP-20243727,2025-09-22,SUP-08,Indus Logistics Fab,Tier 3,WH-DEL-01,North Hub (Delhi-NCR),Regional Truckload,483.01,362.29,2025-09-26,2025-09-26,0,On-Time,1,0
SHP-20243728,2024-05-07,SUP-04,Evergreen Raw Materials,Tier 2,WH-DEL-01,North Hub (Delhi-NCR),Regional Truckload,742.68,568.84,2024-05-13,2024-05-13,0,On-Time,1,0
SHP-20243729,2024-08-04,SUP-03,Delta Electronics Hub,Tier 1,WH-MUM-02,West Port (Mumbai),Regional Truckload,462.92,354.31,2024-08-08,2024-08-08,0,On-Time,1,0
SHP-20243730,2024-10-18,SUP-05,Falcon Fasteners Corp,Tier 2,WH-KOL-04,East Gateway (Kolkata),Express Air Freight,734.64,1447.08,2024-10-20,2024-10-20,0,On-Time,1,0
SHP-20243731,2025-06-03,SUP-02,Bharat Heavy Forgings,Tier 1,WH-MUM-02,West Port (Mumbai),Standard Rail Transport,96.5,122.73,2025-06-06,2025-06-06,0,On-Time,1,0
SHP-20243732,2024-06-29,SUP-04,Evergreen Raw Materials,Tier 2,WH-DEL-01,North Hub (Delhi-NCR),Regional Truckload,806.99,557.33,2024-07-04,2024-07-09,5,Delayed,0,0
SHP-20243733,2024-11-10,SUP-05,Falcon Fasteners Corp,Tier 2,WH-DEL-01,North Hub (Delhi-NCR),Priority Surface Cargo,555.67,696.75,2024-11-13,2024-11-14,1,Delayed,0,0
SHP-20243734,2025-02-14,SUP-07,Hind Cargo Aggregates,Tier 3,WH-MUM-02,West Port (Mumbai),Express Air Freight,444.03,853.0,2025-02-19,2025-02-19,0,On-Time,1,0
SHP-20243735,2025-02-22,SUP-02,Bharat Heavy Forgings,Tier 1,WH-KOL-04,East Gateway (Kolkata),Express Air Freight,656.61,1274.9,2025-02-25,2025-02-27,2,Delayed,0,0
SHP-20243736,2025-01-21,SUP-03,Delta Electronics Hub,Tier 1,WH-MUM-02,West Port (Mumbai),Express Air Freight,27.19,93.41,2025-01-23,2025-01-24,1,Delayed,0,0
SHP-20243737,2025-08-31,SUP-04,Evergreen Raw Materials,Tier 2,WH-MUM-02,West Port (Mumbai),Standard Rail Transport,765.65,544.33,2025-09-05,2025-09-07,2,Delayed,0,0
SHP-20243738,2024-06-29,SUP-05,Falcon Fasteners Corp,Tier 2,WH-DEL-01,North Hub (Delhi-NCR),Standard Rail Transport,703.81,513.54,2024-07-05,2024-07-07,2,Delayed,0,0
SHP-20243739,2025-02-21,SUP-01,Apex Precision Components,Tier 1,WH-MUM-02,West Port (Mumbai),Regional Truckload,332.08,266.51,2025-02-26,2025-03-01,3,Delayed,0,0
SHP-20243740,2024-11-01,SUP-04,Evergreen Raw Materials,Tier 2,WH-KOL-04,East Gateway (Kolkata),Priority Surface Cargo,607.67,735.83,2024-11-05,2024-11-05,0,On-Time,1,0
SHP-20243741,2025-09-23,SUP-08,Indus Logistics Fab,Tier 3,WH-DEL-01,North Hub (Delhi-NCR),Priority Surface Cargo,784.13,888.95,2025-09-26,2025-09-28,2,Delayed,0,0
SHP-20243742,2024-01-26,SUP-03,Delta Electronics Hub,Tier 1,WH-KOL-04,East Gateway (Kolkata),Regional Truckload,105.15,125.58,2024-01-28,2024-02-07,10,Delayed,0,0
SHP-20243743,2024-09-09,SUP-08,Indus Logistics Fab,Tier 3,WH-DEL-01,North Hub (Delhi-NCR),Regional Truckload,689.46,539.8,2024-09-13,2024-09-14,1,Delayed,0,0
SHP-20243744,2025-02-26,SUP-06,Global Polymer Solutions,Tier 2,WH-DEL-01,North Hub (Delhi-NCR),Regional Truckload,276.12,206.52,2025-03-01,2025-03-05,4,Delayed,0,0
SHP-20243745,2024-04-07,SUP-03,Delta Electronics Hub,Tier 1,WH-BLR-03,South Central (Bengaluru),Standard Rail Transport,417.46,332.74,2024-04-13,2024-04-13,0,On-Time,1,0
SHP-20243746,2024-12-14,SUP-03,Delta Electronics Hub,Tier 1,WH-KOL-04,East Gateway (Kolkata),Regional Truckload,100.59,92.18,2024-12-18,2024-12-21,3,Delayed,0,0
SHP-20243747,2025-06-20,SUP-06,Global Polymer Solutions,Tier 2,WH-MUM-02,West Port (Mumbai),Regional Truckload,277.55,246.63,2025-06-26,2025-06-26,0,On-Time,1,0
SHP-20243748,2025-06-05,SUP-06,Global Polymer Solutions,Tier 2,WH-MUM-02,West Port (Mumbai),Express Air Freight,600.2,1182.23,2025-06-08,2025-06-09,1,Delayed,0,0
SHP-20243749,2024-08-31,SUP-03,Delta Electronics Hub,Tier 1,WH-KOL-04,East Gateway (Kolkata),Express Air Freight,266.5,526.27,2024-09-03,2024-09-08,5,Delayed,0,0
SHP-20243750,2024-06-24,SUP-03,Delta Electronics Hub,Tier 1,WH-MUM-02,West Port (Mumbai),Regional Truckload,488.53,386.37,2024-06-30,2024-07-01,1,Delayed,0,0
SHP-20243751,2025-08-18,SUP-07,Hind Cargo Aggregates,Tier 3,WH-DEL-01,North Hub (Delhi-NCR),Standard Rail Transport,764.58,526.92,2025-08-21,2025-08-21,0,On-Time,1,0
SHP-20243752,2024-04-16,SUP-01,Apex Precision Components,Tier 1,WH-MUM-02,West Port (Mumbai),Regional Truckload,167.8,195.77,2024-04-21,2024-04-22,1,Delayed,0,0
SHP-20243753,2025-03-09,SUP-05,Falcon Fasteners Corp,Tier 2,WH-DEL-01,North Hub (Delhi-NCR),Priority Surface Cargo,142.52,239.61,2025-03-12,2025-03-12,0,On-Time,1,0
SHP-20243754,2025-09-19,SUP-05,Falcon Fasteners Corp,Tier 2,WH-DEL-01,North Hub (Delhi-NCR),Standard Rail Transport,267.2,246.41,2025-09-25,2025-09-26,1,Delayed,0,0
SHP-20243755,2024-01-22,SUP-03,Delta Electronics Hub,Tier 1,WH-KOL-04,East Gateway (Kolkata),Priority Surface Cargo,520.97,639.12,2024-01-28,2024-01-31,3,Delayed,0,0
SHP-20243756,2025-12-12,SUP-04,Evergreen Raw Materials,Tier 2,WH-DEL-01,North Hub (Delhi-NCR),Express Air Freight,121.86,260.57,2025-12-16,2025-12-16,0,On-Time,1,0
SHP-20243757,2025-08-10,SUP-04,Evergreen Raw Materials,Tier 2,WH-DEL-01,North Hub (Delhi-NCR),Regional Truckload,60.58,120.81,2025-08-14,2025-08-17,3,Delayed,0,0
SHP-20243758,2025-06-26,SUP-05,Falcon Fasteners Corp,Tier 2,WH-BLR-03,South Central (Bengaluru),Standard Rail Transport,438.13,372.77,2025-06-28,2025-06-30,2,Delayed,0,0
SHP-20243759,2024-06-23,SUP-01,Apex Precision Components,Tier 1,WH-MUM-02,West Port (Mumbai),Priority Surface Cargo,609.69,751.33,2024-06-25,2024-06-25,0,On-Time,1,0
SHP-20243760,2024-06-20,SUP-07,Hind Cargo Aggregates,Tier 3,WH-BLR-03,South Central (Bengaluru),Express Air Freight,661.84,1283.34,2024-06-24,2024-06-25,1,Delayed,0,0
SHP-20243761,2024-01-27,SUP-01,Apex Precision Components,Tier 1,WH-BLR-03,South Central (Bengaluru),Priority Surface Cargo,324.2,420.58,2024-01-29,2024-02-01,3,delayed  ,0,0
SHP-20243762,2025-05-18,SUP-04,Evergreen Raw Materials,Tier 2,WH-KOL-04,East Gateway (Kolkata),Standard Rail Transport,773.77,570.48,2025-05-23,2025-05-25,2,Delayed,0,0
SHP-20243763,2024-11-17,SUP-01,Apex Precision Components,Tier 1,WH-BLR-03,South Central (Bengaluru),Regional Truckload,641.77,485.91,2024-11-20,2024-11-20,0,On-Time,1,0
SHP-20243764,2024-07-25,SUP-05,Falcon Fasteners Corp,Tier 2,WH-DEL-01,North Hub (Delhi-NCR),Express Air Freight,590.79,1167.69,2024-07-30,2024-07-31,1,Delayed,0,0
SHP-20243765,2025-10-11,SUP-08,Indus Logistics Fab,Tier 3,WH-BLR-03,South Central (Bengaluru),Standard Rail Transport,499.74,369.1,2025-10-17,2025-10-23,6,Delayed,0,0
SHP-20243766,2024-11-01,SUP-07,Hind Cargo Aggregates,Tier 3,WH-BLR-03,South Central (Bengaluru),Standard Rail Transport,814.29,606.39,2024-11-06,2024-11-06,0,On-Time,1,0
SHP-20243767,2024-10-26,SUP-04,Evergreen Raw Materials,Tier 2,WH-DEL-01,North Hub (Delhi-NCR),Standard Rail Transport,392.54,288.93,2024-10-29,2024-10-29,0,On-Time,1,0
SHP-20243768,2025-10-02,SUP-01,Apex Precision Components,Tier 1,WH-KOL-04,East Gateway (Kolkata),Priority Surface Cargo,175.99,240.63,2025-10-07,2025-10-07,0,On-Time,1,0
SHP-20243769,2024-12-21,SUP-04,Evergreen Raw Materials,Tier 2,WH-MUM-02,West Port (Mumbai),Regional Truckload,243.56,192.4,2024-12-23,2024-12-23,0,On-Time,1,0
SHP-20243770,2025-07-14,SUP-04,Evergreen Raw Materials,Tier 2,WH-MUM-02,West Port (Mumbai),Express Air Freight,710.53,1366.57,2025-07-16,2025-07-16,0,On-Time,1,0
SHP-20243771,2024-02-12,SUP-04,Evergreen Raw Materials,Tier 2,WH-MUM-02,West Port (Mumbai),Priority Surface Cargo,246.15,331.14,2024-02-16,2024-02-21,5,Delayed,0,0
SHP-20243772,2025-06-12,SUP-05,Falcon Fasteners Corp,Tier 2,WH-DEL-01,North Hub (Delhi-NCR),Regional Truckload,218.8,179.13,2025-06-14,2025-06-14,0,On-Time,1,0
SHP-20243773,2024-12-20,SUP-01,Apex Precision Components,Tier 1,WH-MUM-02,West Port (Mumbai),Express Air Freight,536.45,1071.6,2024-12-22,2024-12-22,0,On-Time,1,0
SHP-20243774,2024-04-28,SUP-02,Bharat Heavy Forgings,Tier 1,WH-BLR-03,South Central (Bengaluru),Regional Truckload,500.53,384.0,2024-04-30,2024-05-02,2,Delayed,0,0
SHP-20243775,2024-04-06,SUP-08,Indus Logistics Fab,Tier 3,WH-MUM-02,West Port (Mumbai),Express Air Freight,406.76,782.51,2024-04-10,2024-04-15,5,delayed  ,0,0
SHP-20243776,2024-08-26,SUP-07,Hind Cargo Aggregates,Tier 3,WH-MUM-02,West Port (Mumbai),Priority Surface Cargo,754.82,893.04,2024-08-31,2024-08-31,0,On-Time,1,0
SHP-20243777,2025-02-13,SUP-08,Indus Logistics Fab,Tier 3,WH-DEL-01,North Hub (Delhi-NCR),Priority Surface Cargo,222.18,272.76,2025-02-19,2025-02-20,1,Delayed,0,0
SHP-20243778,2025-01-06,SUP-03,Delta Electronics Hub,Tier 1,WH-MUM-02,West Port (Mumbai),Standard Rail Transport,530.23,375.23,2025-01-10,2025-01-10,0,On-Time,1,0
SHP-20243779,2024-10-11,SUP-04,Evergreen Raw Materials,Tier 2,WH-MUM-02,West Port (Mumbai),Standard Rail Transport,273.75,252.5,2024-10-14,2024-10-14,0,On-Time,1,0
SHP-20243780,2025-03-17,SUP-06,Global Polymer Solutions,Tier 2,WH-MUM-02,West Port (Mumbai),Regional Truckload,539.95,426.0,2025-03-19,2025-03-19,0,On-Time,1,0
SHP-20243781,2025-11-05,SUP-07,Hind Cargo Aggregates,Tier 3,WH-MUM-02,West Port (Mumbai),Priority Surface Cargo,780.03,948.46,2025-11-08,2025-11-08,0,On-Time,1,0
SHP-20243782,2025-04-18,SUP-06,Global Polymer Solutions,Tier 2,WH-KOL-04,East Gateway (Kolkata),Regional Truckload,723.95,533.39,2025-04-24,2025-04-27,3,Delayed,0,0
SHP-20243783,2024-05-27,SUP-03,Delta Electronics Hub,Tier 1,WH-BLR-03,South Central (Bengaluru),Priority Surface Cargo,154.97,236.34,2024-06-01,2024-06-02,1,Delayed,0,0
SHP-20243784,2025-10-26,SUP-07,Hind Cargo Aggregates,Tier 3,WH-BLR-03,South Central (Bengaluru),Priority Surface Cargo,783.08,910.9,2025-10-31,2025-11-03,3,Delayed,0,0
SHP-20243785,2024-01-29,SUP-03,Delta Electronics Hub,Tier 1,WH-BLR-03,South Central (Bengaluru),Priority Surface Cargo,774.16,930.52,2024-02-03,2024-02-09,6,Delayed,0,0
SHP-20243786,2025-02-21,SUP-02,Bharat Heavy Forgings,Tier 1,WH-DEL-01,North Hub (Delhi-NCR),Standard Rail Transport,600.72,483.08,2025-02-26,2025-02-26,0,On-Time,1,0
SHP-20243787,2025-12-05,SUP-07,Hind Cargo Aggregates,Tier 3,WH-KOL-04,East Gateway (Kolkata),Standard Rail Transport,63.92,109.36,2025-12-10,2025-12-11,1,Delayed,0,0
SHP-20243788,2025-01-19,SUP-05,Falcon Fasteners Corp,Tier 2,WH-BLR-03,South Central (Bengaluru),Regional Truckload,76.81,117.57,2025-01-21,2025-01-21,0,On-Time,1,0
SHP-20243789,2024-09-08,SUP-06,Global Polymer Solutions,Tier 2,WH-DEL-01,North Hub (Delhi-NCR),Standard Rail Transport,208.86,168.2,2024-09-11,2024-09-11,0,On-Time,1,0
SHP-20243790,2024-07-13,SUP-06,Global Polymer Solutions,Tier 2,WH-MUM-02,West Port (Mumbai),Express Air Freight,34.8,108.5,2024-07-15,2024-07-15,0,On-Time,1,0
SHP-20243791,2024-09-01,SUP-08,Indus Logistics Fab,Tier 3,WH-BLR-03,South Central (Bengaluru),Regional Truckload,217.55,236.2,2024-09-04,2024-09-04,0,On-Time,1,0
SHP-20243792,2024-02-08,SUP-04,Evergreen Raw Materials,Tier 2,WH-DEL-01,North Hub (Delhi-NCR),Regional Truckload,804.98,608.47,2024-02-14,2024-02-15,1,Delayed,0,0
SHP-20243793,2024-04-12,SUP-03,Delta Electronics Hub,Tier 1,WH-DEL-01,North Hub (Delhi-NCR),Express Air Freight,767.91,1471.72,2024-04-17,2024-04-19,2,Delayed,0,0
SHP-20243794,2024-12-17,SUP-02,Bharat Heavy Forgings,Tier 1,WH-MUM-02,West Port (Mumbai),Regional Truckload,469.19,389.9,2024-12-19,2024-12-20,1,Delayed,0,0
SHP-20243795,2025-05-12,SUP-01,Apex Precision Components,Tier 1,WH-MUM-02,West Port (Mumbai),Standard Rail Transport,582.12,451.1,2025-05-18,2025-05-21,3,Delayed,0,0
SHP-20243796,2025-04-14,SUP-01,Apex Precision Components,Tier 1,WH-BLR-03,South Central (Bengaluru),Express Air Freight,403.97,831.38,2025-04-18,2025-04-20,2,Delayed,0,0
SHP-20243797,2025-11-07,SUP-01,Apex Precision Components,Tier 1,WH-KOL-04,East Gateway (Kolkata),Standard Rail Transport,647.51,484.02,2025-11-11,2025-11-16,5,Delayed,0,0
SHP-20243798,2025-06-29,SUP-04,Evergreen Raw Materials,Tier 2,WH-MUM-02,West Port (Mumbai),Priority Surface Cargo,470.23,570.15,2025-07-05,2025-07-05,0,On-Time,1,0
SHP-20243799,2025-07-16,SUP-05,Falcon Fasteners Corp,Tier 2,WH-KOL-04,East Gateway (Kolkata),Express Air Freight,180.44,394.55,2025-07-20,2025-07-20,0,On-Time,1,0
SHP-20243800,2024-01-29,SUP-01,Apex Precision Components,Tier 1,WH-DEL-01,North Hub (Delhi-NCR),Standard Rail Transport,33.12,58.62,2024-02-02,2024-02-02,0,On-Time,1,0
SHP-20243801,2024-07-10,SUP-06,Global Polymer Solutions,Tier 2,WH-DEL-01,North Hub (Delhi-NCR),Priority Surface Cargo,532.94,611.78,2024-07-12,2024-07-12,0,On-Time,1,0
SHP-20243802,2024-06-11,SUP-08,Indus Logistics Fab,Tier 3,WH-KOL-04,East Gateway (Kolkata),Priority Surface Cargo,115.78,167.14,2024-06-17,2024-06-19,2,Delayed,0,0
SHP-20243803,2024-10-09,SUP-04,Evergreen Raw Materials,Tier 2,WH-DEL-01,North Hub (Delhi-NCR),Standard Rail Transport,328.35,287.26,2024-10-13,2024-10-15,2,Delayed,0,0
SHP-20243804,2024-10-04,SUP-05,Falcon Fasteners Corp,Tier 2,WH-MUM-02,West Port (Mumbai),Standard Rail Transport,230.08,184.81,2024-10-10,2024-10-10,0,On-Time,1,0
SHP-20243805,2025-03-05,SUP-08,Indus Logistics Fab,Tier 3,WH-KOL-04,East Gateway (Kolkata),Express Air Freight,679.6,1284.39,09/03/2025,2025-03-13,4,Delayed,0,0
SHP-20243806,2025-10-12,SUP-03,Delta Electronics Hub,Tier 1,WH-DEL-01,North Hub (Delhi-NCR),Priority Surface Cargo,425.88,556.61,2025-10-18,2025-10-18,0,On-Time,1,0
SHP-20243807,2024-03-18,SUP-07,Hind Cargo Aggregates,Tier 3,WH-MUM-02,West Port (Mumbai),Express Air Freight,381.0,758.21,2024-03-20,2024-03-21,1,Delayed,0,0
SHP-20243808,2025-12-05,SUP-05,Falcon Fasteners Corp,Tier 2,WH-MUM-02,West Port (Mumbai),Express Air Freight,806.11,1577.28,2025-12-09,2025-12-09,0,On-Time,1,0
SHP-20243809,2024-12-12,SUP-06,Global Polymer Solutions,Tier 2,WH-MUM-02,West Port (Mumbai),Priority Surface Cargo,350.84,471.15,2024-12-16,2024-12-21,5,Delayed,0,0
SHP-20243810,2025-04-26,SUP-07,Hind Cargo Aggregates,Tier 3,WH-BLR-03,South Central (Bengaluru),Priority Surface Cargo,292.94,352.29,2025-04-29,2025-04-29,0,On-Time,1,0
SHP-20243811,2024-04-09,SUP-06,Global Polymer Solutions,Tier 2,WH-DEL-01,North Hub (Delhi-NCR),Standard Rail Transport,193.05,183.92,2024-04-11,2024-04-12,1,Delayed,0,0
SHP-20243812,2025-03-16,SUP-08,Indus Logistics Fab,Tier 3,WH-KOL-04,East Gateway (Kolkata),Priority Surface Cargo,252.93,337.4,2025-03-22,2025-03-24,2,Delayed,0,1
SHP-20243813,2024-10-08,SUP-05,Falcon Fasteners Corp,Tier 2,WH-DEL-01,North Hub (Delhi-NCR),Express Air Freight,777.52,1528.87,2024-10-10,2024-10-10,0,On-Time,1,0
SHP-20243814,2024-07-15,SUP-08,Indus Logistics Fab,Tier 3,WH-MUM-02,West Port (Mumbai),Regional Truckload,605.02,427.96,2024-07-18,2024-07-22,4,Delayed,0,0
SHP-20243815,2024-06-02,SUP-08,Indus Logistics Fab,Tier 3,WH-DEL-01,North Hub (Delhi-NCR),Regional Truckload,639.5,465.14,2024-06-05,2024-06-07,2,Delayed,0,0
SHP-20243816,2024-02-04,SUP-06,Global Polymer Solutions,Tier 2,WH-KOL-04,East Gateway (Kolkata),Priority Surface Cargo,68.06,109.58,2024-02-08,2024-02-12,4,Delayed,0,0
SHP-20243817,2024-07-08,SUP-05,Falcon Fasteners Corp,Tier 2,WH-KOL-04,East Gateway (Kolkata),Standard Rail Transport,345.95,270.35,2024-07-14,2024-07-16,2,Delayed,0,0
SHP-20243818,2024-10-02,SUP-05,Falcon Fasteners Corp,Tier 2,WH-DEL-01,North Hub (Delhi-NCR),Express Air Freight,403.12,776.3,2024-10-05,2024-10-07,2,Delayed,0,0
SHP-20243819,2024-06-05,SUP-08,Indus Logistics Fab,Tier 3,WH-KOL-04,East Gateway (Kolkata),Regional Truckload,272.82,269.16,2024-06-10,2024-06-13,3,Delayed,0,0
SHP-20243820,2024-11-09,SUP-08,Indus Logistics Fab,Tier 3,WH-MUM-02,West Port (Mumbai),Standard Rail Transport,665.37,503.04,2024-11-15,2024-11-15,0,On-Time,1,0
SHP-20243821,2024-07-24,SUP-01,Apex Precision Components,Tier 1,WH-MUM-02,West Port (Mumbai),Express Air Freight,85.52,203.65,2024-07-29,2024-07-29,0,On-Time,1,0
SHP-20243822,2024-04-24,SUP-04,Evergreen Raw Materials,Tier 2,WH-BLR-03,South Central (Bengaluru),Regional Truckload,77.44,112.1,2024-04-29,2024-04-30,1,Delayed,0,0
SHP-20243823,2024-05-19,SUP-02,Bharat Heavy Forgings,Tier 1,WH-MUM-02,West Port (Mumbai),Regional Truckload,-719.17,561.22,2024-05-21,2024-05-21,0,On-Time,1,0
SHP-20243824,2024-08-06,SUP-05,Falcon Fasteners Corp,Tier 2,WH-KOL-04,East Gateway (Kolkata),Priority Surface Cargo,414.99,486.77,2024-08-11,2024-08-12,1,Delayed,0,0
SHP-20243825,2024-09-24,SUP-03,Delta Electronics Hub,Tier 1,WH-MUM-02,West Port (Mumbai),Standard Rail Transport,297.74,271.3,2024-09-28,2024-09-28,0,On-Time,1,0
SHP-20243826,2025-01-18,SUP-03,Delta Electronics Hub,Tier 1,WH-BLR-03,South Central (Bengaluru),Express Air Freight,641.83,1274.7,2025-01-24,2025-01-24,0,On-Time,1,0
SHP-20243827,2025-05-23,SUP-06,Global Polymer Solutions,Tier 2,WH-MUM-02,West Port (Mumbai),Standard Rail Transport,261.87,259.07,2025-05-29,2025-06-01,3,Delayed,0,0
SHP-20243828,2024-01-25,SUP-01,Apex Precision Components,Tier 1,WH-MUM-02,West Port (Mumbai),Standard Rail Transport,118.4,124.16,2024-01-30,2024-02-01,2,Delayed,0,0
SHP-20243829,2025-10-31,SUP-05,Falcon Fasteners Corp,Tier 2,WH-BLR-03,South Central (Bengaluru),Express Air Freight,451.27,883.82,2025-11-04,2025-11-06,2,Delayed,0,0
SHP-20243830,2025-09-14,SUP-06,Global Polymer Solutions,Tier 2,WH-MUM-02,West Port (Mumbai),Regional Truckload,649.67,483.27,2025-09-17,2025-09-17,0,On-Time,1,0
SHP-20243831,2025-01-14,SUP-02,Bharat Heavy Forgings,Tier 1,WH-BLR-03,South Central (Bengaluru),Priority Surface Cargo,636.29,750.39,2025-01-19,2025-01-23,4,Delayed,0,0
SHP-20243832,2024-04-25,SUP-06,Global Polymer Solutions,Tier 2,WH-MUM-02,West Port (Mumbai),Priority Surface Cargo,705.5,870.66,2024-04-28,2024-04-28,0,On-Time,1,0
SHP-20243833,2024-07-23,SUP-08,Indus Logistics Fab,Tier 3,WH-MUM-02,West Port (Mumbai),Standard Rail Transport,773.3,567.5,2024-07-28,2024-07-29,1,Delayed,0,0
SHP-20243834,2025-07-09,SUP-02,Bharat Heavy Forgings,Tier 1,WH-MUM-02,West Port (Mumbai),Regional Truckload,92.5,137.66,2025-07-15,2025-07-15,0,On-Time,1,0
SHP-20243835,2024-03-08,SUP-06,Global Polymer Solutions,Tier 2,WH-DEL-01,North Hub (Delhi-NCR),Standard Rail Transport,153.39,145.5,2024-03-11,2024-03-11,0,On-Time,1,0
SHP-20243836,2024-02-23,SUP-05,Falcon Fasteners Corp,Tier 2,WH-KOL-04,East Gateway (Kolkata),Express Air Freight,748.73,1447.44,2024-02-26,2024-03-02,5,Delayed,0,0
SHP-20243837,2025-11-06,SUP-05,Falcon Fasteners Corp,Tier 2,WH-BLR-03,South Central (Bengaluru),Standard Rail Transport,574.85,431.31,2025-11-09,2025-11-11,2,Delayed,0,0
SHP-20243838,2025-03-31,SUP-04,Evergreen Raw Materials,Tier 2,WH-KOL-04,East Gateway (Kolkata),Standard Rail Transport,66.76,120.83,2025-04-05,2025-04-05,0,On-Time,1,0
SHP-20243839,2024-06-27,SUP-07,Hind Cargo Aggregates,Tier 3,WH-KOL-04,East Gateway (Kolkata),Regional Truckload,788.58,601.84,2024-07-01,2024-07-06,5,Delayed,0,1
SHP-20243840,2025-03-19,SUP-06,Global Polymer Solutions,Tier 2,WH-DEL-01,North Hub (Delhi-NCR),Priority Surface Cargo,328.74,404.96,2025-03-24,2025-03-25,1,Delayed,0,0
SHP-20243841,2025-01-04,SUP-05,Falcon Fasteners Corp,Tier 2,WH-MUM-02,West Port (Mumbai),Priority Surface Cargo,76.68,160.67,2025-01-09,2025-01-15,6,Delayed,0,0
SHP-20243842,2025-01-16,SUP-02,Bharat Heavy Forgings,Tier 1,WH-BLR-03,South Central (Bengaluru),Priority Surface Cargo,671.56,765.79,2025-01-19,2025-01-19,0,On-Time,1,0
SHP-20243843,2024-06-16,SUP-04,Evergreen Raw Materials,Tier 2,WH-MUM-02,West Port (Mumbai),Priority Surface Cargo,530.41,665.3,2024-06-19,2024-06-25,6,Delayed,0,0
SHP-20243844,2024-06-07,SUP-06,Global Polymer Solutions,Tier 2,WH-MUM-02,West Port (Mumbai),Standard Rail Transport,810.8,569.1,2024-06-12,2024-06-13,1,Delayed,0,0
SHP-20243845,2024-06-21,SUP-07,Hind Cargo Aggregates,Tier 3,WH-KOL-04,East Gateway (Kolkata),Priority Surface Cargo,805.66,951.16,2024-06-26,2024-06-27,1,Delayed,0,0
SHP-20243846,2024-08-07,SUP-06,Global Polymer Solutions,Tier 2,WH-KOL-04,East Gateway (Kolkata),Regional Truckload,232.62,222.22,2024-08-13,2024-08-14,1,Delayed,0,0
SHP-20243847,2025-08-05,SUP-04,Evergreen Raw Materials,Tier 2,WH-KOL-04,East Gateway (Kolkata),Regional Truckload,171.84,197.17,2025-08-08,2025-08-16,8,Delayed,0,0
SHP-20243848,2024-07-31,SUP-07,Hind Cargo Aggregates,Tier 3,WH-DEL-01,North Hub (Delhi-NCR),Regional Truckload,176.18,179.06,2024-08-06,2024-08-07,1,Delayed,0,0
SHP-20243849,2025-04-17,SUP-07,Hind Cargo Aggregates,Tier 3,WH-KOL-04,East Gateway (Kolkata),Standard Rail Transport,475.39,346.93,2025-04-21,2025-04-28,7,Delayed,0,0
SHP-20243850,2025-07-02,SUP-05,Falcon Fasteners Corp,Tier 2,WH-MUM-02,West Port (Mumbai),Regional Truckload,698.5,546.53,2025-07-07,2025-07-10,3,Delayed,0,0
SHP-20243851,2024-11-25,SUP-06,Global Polymer Solutions,Tier 2,WH-KOL-04,East Gateway (Kolkata),Express Air Freight,767.76,1456.33,2024-11-30,2024-12-10,10,Delayed,0,0
SHP-20243852,2024-06-27,SUP-08,Indus Logistics Fab,Tier 3,WH-BLR-03,South Central (Bengaluru),Regional Truckload,514.87,375.63,2024-06-30,2024-07-03,3,Delayed,0,0
SHP-20243853,2025-06-13,SUP-07,Hind Cargo Aggregates,Tier 3,WH-MUM-02,West Port (Mumbai),Standard Rail Transport,686.06,494.43,2025-06-19,2025-06-20,1,Delayed,0,0
SHP-20243854,2024-06-19,SUP-08,Indus Logistics Fab,Tier 3,WH-DEL-01,North Hub (Delhi-NCR),Regional Truckload,67.46,97.58,2024-06-23,2024-06-23,0,On-Time,1,0
SHP-20243855,2025-08-05,SUP-02,Bharat Heavy Forgings,Tier 1,WH-KOL-04,East Gateway (Kolkata),Standard Rail Transport,783.76,541.39,2025-08-09,2025-08-09,0,On-Time,1,1
SHP-20243856,2024-11-12,SUP-01,Apex Precision Components,Tier 1,WH-BLR-03,South Central (Bengaluru),Priority Surface Cargo,737.07,903.62,2024-11-14,2024-11-16,2,Delayed,0,0
SHP-20243857,2025-11-03,SUP-01,Apex Precision Components,Tier 1,WH-KOL-04,East Gateway (Kolkata),Regional Truckload,319.53,268.41,2025-11-07,2025-11-13,6,Delayed,0,0
SHP-20243858,2025-05-18,SUP-06,Global Polymer Solutions,Tier 2,WH-KOL-04,East Gateway (Kolkata),Priority Surface Cargo,674.78,781.04,2025-05-23,2025-05-24,1,Delayed,0,0
SHP-20243859,2025-03-29,SUP-08,Indus Logistics Fab,Tier 3,WH-BLR-03,South Central (Bengaluru),Priority Surface Cargo,476.91,603.61,2025-04-04,2025-04-05,1,Delayed,0,0
SHP-20243860,2024-10-31,SUP-03,Delta Electronics Hub,Tier 1,WH-BLR-03,South Central (Bengaluru),Regional Truckload,663.91,471.76,2024-11-04,2024-11-04,0,On-Time,1,0
SHP-20243861,2025-08-15,SUP-07,Hind Cargo Aggregates,Tier 3,WH-DEL-01,North Hub (Delhi-NCR),Regional Truckload,583.74,435.9,2025-08-21,2025-08-24,3,Delayed,0,1
SHP-20243862,2024-01-27,SUP-02,Bharat Heavy Forgings,Tier 1,WH-BLR-03,South Central (Bengaluru),Standard Rail Transport,582.72,446.82,2024-02-01,2024-02-01,0,On-Time,1,0
SHP-20243863,2025-02-15,SUP-04,Evergreen Raw Materials,Tier 2,WH-DEL-01,North Hub (Delhi-NCR),Standard Rail Transport,309.63,228.89,2025-02-17,2025-02-17,0,On-Time,1,0
SHP-20243864,2024-03-26,SUP-02,Bharat Heavy Forgings,Tier 1,WH-MUM-02,West Port (Mumbai),Express Air Freight,370.46,731.66,2024-04-01,2024-04-01,0,On-Time,1,0
SHP-20243865,2024-02-23,SUP-07,Hind Cargo Aggregates,Tier 3,WH-MUM-02,West Port (Mumbai),Regional Truckload,697.21,502.78,2024-02-25,2024-03-01,5,Delayed,0,0
SHP-20243866,2025-08-08,SUP-06,Global Polymer Solutions,Tier 2,WH-MUM-02,West Port (Mumbai),Regional Truckload,416.4,322.48,2025-08-12,2025-08-16,4,Delayed,0,0
SHP-20243867,2025-01-05,SUP-06,Global Polymer Solutions,Tier 2,WH-BLR-03,South Central (Bengaluru),Express Air Freight,289.42,560.56,2025-01-10,2025-01-17,7,Delayed,0,0
SHP-20243868,2025-01-25,SUP-07,Hind Cargo Aggregates,Tier 3,WH-DEL-01,North Hub (Delhi-NCR),Priority Surface Cargo,616.64,753.64,2025-01-28,2025-01-28,0,on-time  ,1,0
SHP-20243869,2025-04-09,SUP-04,Evergreen Raw Materials,Tier 2,WH-KOL-04,East Gateway (Kolkata),Priority Surface Cargo,153.71,250.82,2025-04-13,2025-04-20,7,Delayed,0,0
SHP-20243870,2025-11-14,SUP-01,Apex Precision Components,Tier 1,WH-BLR-03,South Central (Bengaluru),Regional Truckload,106.91,120.58,20/11/2025,2025-11-21,1,Delayed,0,0
SHP-20243871,2024-02-01,SUP-06,Global Polymer Solutions,Tier 2,WH-BLR-03,South Central (Bengaluru),Priority Surface Cargo,329.97,431.29,2024-02-05,2024-02-09,4,Delayed,0,0
SHP-20243872,2024-06-10,SUP-05,Falcon Fasteners Corp,Tier 2,WH-MUM-02,West Port (Mumbai),Standard Rail Transport,366.14,300.63,2024-06-14,2024-06-17,3,Delayed,0,0
SHP-20243873,2025-08-18,SUP-07,Hind Cargo Aggregates,Tier 3,WH-DEL-01,North Hub (Delhi-NCR),Priority Surface Cargo,137.78,197.76,2025-08-24,2025-08-28,4,Delayed,0,0
SHP-20243874,2025-10-16,SUP-07,Hind Cargo Aggregates,Tier 3,WH-DEL-01,North Hub (Delhi-NCR),Regional Truckload,318.24,257.86,2025-10-22,2025-10-27,5,Delayed,0,0
SHP-20243875,2024-09-13,SUP-06,Global Polymer Solutions,Tier 2,WH-DEL-01,North Hub (Delhi-NCR),Priority Surface Cargo,412.75,534.74,2024-09-15,2024-09-16,1,Delayed,0,0
SHP-20243876,2025-09-28,SUP-05,Falcon Fasteners Corp,Tier 2,WH-KOL-04,East Gateway (Kolkata),Regional Truckload,87.09,89.6,2025-10-03,2025-10-06,3,Delayed,0,0
SHP-20243877,2025-07-28,SUP-04,Evergreen Raw Materials,Tier 2,WH-DEL-01,North Hub (Delhi-NCR),Priority Surface Cargo,468.38,567.45,2025-08-03,2025-08-07,4,Delayed,0,0
SHP-20243878,2024-11-14,SUP-08,Indus Logistics Fab,Tier 3,WH-KOL-04,East Gateway (Kolkata),Standard Rail Transport,515.16,392.74,2024-11-19,2024-11-24,5,Delayed,0,0
SHP-20243879,2025-03-21,SUP-07,Hind Cargo Aggregates,Tier 3,WH-KOL-04,East Gateway (Kolkata),Standard Rail Transport,254.83,239.77,2025-03-24,2025-03-25,1,Delayed,0,0
SHP-20243880,2024-11-11,SUP-08,Indus Logistics Fab,Tier 3,WH-DEL-01,North Hub (Delhi-NCR),Regional Truckload,783.86,572.27,2024-11-15,2024-11-15,0,On-Time,1,0
SHP-20243881,2025-03-14,SUP-03,Delta Electronics Hub,Tier 1,WH-MUM-02,West Port (Mumbai),Regional Truckload,384.17,326.64,2025-03-16,2025-03-17,1,Delayed,0,0
SHP-20243882,2025-07-18,SUP-07,Hind Cargo Aggregates,Tier 3,WH-BLR-03,South Central (Bengaluru),Standard Rail Transport,90.76,116.76,2025-07-23,2025-07-29,6,Delayed,0,0
SHP-20243883,2024-11-12,SUP-07,Hind Cargo Aggregates,Tier 3,WH-KOL-04,East Gateway (Kolkata),Express Air Freight,135.19,278.94,2024-11-15,2024-11-21,6,Delayed,0,0
SHP-20243884,2024-03-14,SUP-01,Apex Precision Components,Tier 1,WH-BLR-03,South Central (Bengaluru),Express Air Freight,189.87,432.19,2024-03-17,2024-03-17,0,On-Time,1,0
SHP-20243885,2024-05-04,SUP-05,Falcon Fasteners Corp,Tier 2,WH-BLR-03,South Central (Bengaluru),Regional Truckload,569.74,436.73,2024-05-10,2024-05-11,1,Delayed,0,0
SHP-20243886,2025-08-21,SUP-01,Apex Precision Components,Tier 1,WH-MUM-02,West Port (Mumbai),Priority Surface Cargo,218.9,266.02,2025-08-23,2025-08-23,0,on-time  ,1,0
SHP-20243887,2025-08-09,SUP-01,Apex Precision Components,Tier 1,WH-DEL-01,North Hub (Delhi-NCR),Express Air Freight,201.32,452.12,2025-08-13,2025-08-13,0,On-Time,1,0
SHP-20243888,2025-08-24,SUP-06,Global Polymer Solutions,Tier 2,WH-DEL-01,North Hub (Delhi-NCR),Priority Surface Cargo,706.7,833.42,2025-08-27,2025-08-27,0,On-Time,1,0
SHP-20243889,2024-08-27,SUP-01,Apex Precision Components,Tier 1,WH-MUM-02,West Port (Mumbai),Standard Rail Transport,414.78,312.63,01/09/2024,2024-09-03,2,Delayed,0,0
SHP-20243890,2025-10-04,SUP-08,Indus Logistics Fab,Tier 3,WH-MUM-02,West Port (Mumbai),Regional Truckload,374.88,333.64,2025-10-08,2025-10-08,0,On-Time,1,0
SHP-20243891,2024-07-02,SUP-04,Evergreen Raw Materials,Tier 2,WH-MUM-02,West Port (Mumbai),Regional Truckload,463.06,341.77,2024-07-05,2024-07-07,2,Delayed,0,0
SHP-20243892,2024-06-24,SUP-06,Global Polymer Solutions,Tier 2,WH-DEL-01,North Hub (Delhi-NCR),Standard Rail Transport,321.8,255.71,2024-06-27,2024-06-27,0,On-Time,1,0
SHP-20243893,2024-09-23,SUP-07,Hind Cargo Aggregates,Tier 3,WH-DEL-01,North Hub (Delhi-NCR),Express Air Freight,828.58,1583.04,2024-09-27,2024-09-27,0,On-Time,1,1
SHP-20243894,2025-09-13,SUP-05,Falcon Fasteners Corp,Tier 2,WH-BLR-03,South Central (Bengaluru),Express Air Freight,768.15,1476.15,2025-09-17,2025-09-20,3,Delayed,0,0
SHP-20243895,2025-09-01,SUP-01,Apex Precision Components,Tier 1,WH-BLR-03,South Central (Bengaluru),Standard Rail Transport,818.03,587.19,2025-09-06,2025-09-07,1,Delayed,0,0
SHP-20243896,2025-03-18,SUP-02,Bharat Heavy Forgings,Tier 1,WH-BLR-03,South Central (Bengaluru),Standard Rail Transport,537.58,425.14,2025-03-21,2025-03-22,1,Delayed,0,0
SHP-20243897,2025-04-13,SUP-08,Indus Logistics Fab,Tier 3,WH-DEL-01,North Hub (Delhi-NCR),Standard Rail Transport,698.16,527.99,2025-04-15,2025-04-16,1,Delayed,0,1
SHP-20243898,2025-08-15,SUP-03,Delta Electronics Hub,Tier 1,WH-BLR-03,South Central (Bengaluru),Standard Rail Transport,394.49,322.99,2025-08-18,2025-08-18,0,On-Time,1,0
SHP-20243899,2024-01-07,SUP-05,Falcon Fasteners Corp,Tier 2,WH-MUM-02,West Port (Mumbai),Regional Truckload,425.34,370.06,2024-01-13,2024-01-13,0,On-Time,1,0
SHP-20243900,2024-04-11,SUP-08,Indus Logistics Fab,Tier 3,WH-BLR-03,South Central (Bengaluru),Regional Truckload,495.02,398.04,2024-04-15,2024-04-15,0,On-Time,1,0
SHP-20243901,2024-10-16,SUP-05,Falcon Fasteners Corp,Tier 2,WH-MUM-02,West Port (Mumbai),Standard Rail Transport,379.35,317.71,2024-10-19,2024-10-19,0,On-Time,1,0
SHP-20243902,2025-02-05,SUP-03,Delta Electronics Hub,Tier 1,WH-DEL-01,North Hub (Delhi-NCR),Standard Rail Transport,713.48,522.59,2025-02-11,2025-02-11,0,On-Time,1,0
SHP-20243903,2024-02-05,SUP-01,Apex Precision Components,Tier 1,WH-MUM-02,West Port (Mumbai),Priority Surface Cargo,422.44,496.35,2024-02-07,2024-02-07,0,on-time  ,1,0
SHP-20243904,2024-09-13,SUP-02,Bharat Heavy Forgings,Tier 1,WH-MUM-02,West Port (Mumbai),Express Air Freight,249.27,532.79,2024-09-18,2024-09-19,1,Delayed,0,0
SHP-20243905,2025-09-14,SUP-01,Apex Precision Components,Tier 1,WH-KOL-04,East Gateway (Kolkata),Priority Surface Cargo,191.07,289.69,2025-09-17,2025-09-19,2,Delayed,0,0
SHP-20243906,2025-12-03,SUP-03,Delta Electronics Hub,Tier 1,WH-BLR-03,South Central (Bengaluru),Express Air Freight,370.77,728.42,2025-12-09,2025-12-13,4,Delayed,0,0
SHP-20243907,2025-12-07,SUP-03,Delta Electronics Hub,Tier 1,WH-KOL-04,East Gateway (Kolkata),Express Air Freight,571.12,1104.03,2025-12-10,2025-12-12,2,Delayed,0,0
SHP-20243908,2024-05-13,SUP-04,Evergreen Raw Materials,Tier 2,WH-DEL-01,North Hub (Delhi-NCR),Regional Truckload,455.5,388.77,2024-05-16,2024-05-17,1,delayed  ,0,0
SHP-20243909,2024-04-16,SUP-08,Indus Logistics Fab,Tier 3,WH-MUM-02,West Port (Mumbai),Regional Truckload,183.72,158.09,2024-04-19,2024-04-22,3,Delayed,0,0
SHP-20243910,2025-01-24,SUP-01,Apex Precision Components,Tier 1,WH-KOL-04,East Gateway (Kolkata),Standard Rail Transport,705.81,541.09,2025-01-28,2025-02-05,8,Delayed,0,0
SHP-20243911,2024-09-13,SUP-04,Evergreen Raw Materials,Tier 2,WH-MUM-02,West Port (Mumbai),Express Air Freight,282.72,577.07,2024-09-15,2024-09-15,0,On-Time,1,0
SHP-20243912,2024-11-27,SUP-03,Delta Electronics Hub,Tier 1,WH-MUM-02,West Port (Mumbai),Priority Surface Cargo,94.79,150.16,2024-11-29,2024-11-29,0,On-Time,1,0
SHP-20243913,2025-03-24,SUP-08,Indus Logistics Fab,Tier 3,WH-KOL-04,East Gateway (Kolkata),Regional Truckload,799.29,613.23,2025-03-27,2025-03-29,2,Delayed,0,0
SHP-20243914,2024-08-27,SUP-07,Hind Cargo Aggregates,Tier 3,WH-DEL-01,North Hub (Delhi-NCR),Priority Surface Cargo,407.48,514.61,2024-09-01,2024-09-06,5,Delayed,0,0
SHP-20243915,2024-07-25,SUP-08,Indus Logistics Fab,Tier 3,WH-KOL-04,East Gateway (Kolkata),Express Air Freight,398.16,816.84,2024-07-31,2024-08-06,6,Delayed,0,0
SHP-20243916,2025-08-21,SUP-02,Bharat Heavy Forgings,Tier 1,WH-DEL-01,North Hub (Delhi-NCR),Regional Truckload,554.88,412.37,2025-08-23,2025-08-24,1,Delayed,0,0
SHP-20243917,2025-06-10,SUP-02,Bharat Heavy Forgings,Tier 1,WH-KOL-04,East Gateway (Kolkata),Standard Rail Transport,163.99,151.99,2025-06-13,2025-06-16,3,Delayed,0,0
SHP-20243918,2024-04-25,SUP-08,Indus Logistics Fab,Tier 3,WH-BLR-03,South Central (Bengaluru),Standard Rail Transport,431.23,310.98,2024-04-29,2024-05-04,5,Delayed,0,0
SHP-20243919,2025-11-14,SUP-03,Delta Electronics Hub,Tier 1,WH-DEL-01,North Hub (Delhi-NCR),Priority Surface Cargo,317.35,393.5,2025-11-20,2025-11-20,0,On-Time,1,0
SHP-20243920,2025-08-19,SUP-03,Delta Electronics Hub,Tier 1,WH-MUM-02,West Port (Mumbai),Priority Surface Cargo,152.53,224.55,2025-08-24,2025-08-24,0,On-Time,1,0
SHP-20243921,2025-01-09,SUP-05,Falcon Fasteners Corp,Tier 2,WH-DEL-01,North Hub (Delhi-NCR),Standard Rail Transport,529.73,411.65,2025-01-11,2025-01-12,1,Delayed,0,0
SHP-20243922,2025-05-29,SUP-02,Bharat Heavy Forgings,Tier 1,WH-BLR-03,South Central (Bengaluru),Express Air Freight,506.82,1003.45,2025-06-01,2025-06-04,3,Delayed,0,0
SHP-20243923,2024-11-25,SUP-04,Evergreen Raw Materials,Tier 2,WH-DEL-01,North Hub (Delhi-NCR),Regional Truckload,236.43,222.85,2024-11-29,2024-12-02,3,Delayed,0,0
SHP-20243924,2024-05-01,SUP-03,Delta Electronics Hub,Tier 1,WH-BLR-03,South Central (Bengaluru),Regional Truckload,216.66,176.72,2024-05-05,2024-05-07,2,Delayed,0,0
SHP-20243925,2025-11-01,SUP-03,Delta Electronics Hub,Tier 1,WH-MUM-02,West Port (Mumbai),Regional Truckload,177.28,199.39,2025-11-04,2025-11-05,1,Delayed,0,0
SHP-20243926,2025-12-13,SUP-01,Apex Precision Components,Tier 1,WH-MUM-02,West Port (Mumbai),Regional Truckload,137.1,127.02,2025-12-15,2025-12-15,0,On-Time,1,0
SHP-20243927,2025-06-11,SUP-01,Apex Precision Components,Tier 1,WH-DEL-01,North Hub (Delhi-NCR),Standard Rail Transport,39.37,116.94,2025-06-15,2025-06-18,3,Delayed,0,0
SHP-20243928,2025-10-31,SUP-05,Falcon Fasteners Corp,Tier 2,WH-KOL-04,East Gateway (Kolkata),Standard Rail Transport,510.64,383.04,2025-11-04,2025-11-05,1,Delayed,0,0
SHP-20243929,2024-12-04,SUP-06,Global Polymer Solutions,Tier 2,WH-DEL-01,North Hub (Delhi-NCR),Priority Surface Cargo,723.15,882.25,2024-12-07,2024-12-07,0,On-Time,1,0
SHP-20243930,2025-11-28,SUP-08,Indus Logistics Fab,Tier 3,WH-DEL-01,North Hub (Delhi-NCR),Express Air Freight,609.81,1205.74,2025-12-01,2025-12-01,0,On-Time,1,0
SHP-20243931,2024-11-27,SUP-02,Bharat Heavy Forgings,Tier 1,WH-BLR-03,South Central (Bengaluru),Priority Surface Cargo,150.36,204.25,2024-11-30,2024-11-30,0,On-Time,1,0
SHP-20243932,2025-11-10,SUP-05,Falcon Fasteners Corp,Tier 2,WH-DEL-01,North Hub (Delhi-NCR),Express Air Freight,544.23,1095.48,2025-11-14,2025-11-14,0,On-Time,1,0
SHP-20243933,2025-03-06,SUP-08,Indus Logistics Fab,Tier 3,WH-MUM-02,West Port (Mumbai),Standard Rail Transport,610.69,429.01,2025-03-12,2025-03-13,1,Delayed,0,0
SHP-20243934,2025-09-06,SUP-05,Falcon Fasteners Corp,Tier 2,WH-KOL-04,East Gateway (Kolkata),Express Air Freight,566.18,1137.1,2025-09-08,2025-09-08,0,On-Time,1,0
SHP-20243935,2025-01-21,SUP-04,Evergreen Raw Materials,Tier 2,WH-KOL-04,East Gateway (Kolkata),Express Air Freight,319.58,682.58,2025-01-23,2025-01-30,7,Delayed,0,0
SHP-20243936,2024-04-27,SUP-02,Bharat Heavy Forgings,Tier 1,WH-DEL-01,North Hub (Delhi-NCR),Express Air Freight,367.92,768.78,2024-05-02,2024-05-02,0,On-Time,1,0
SHP-20243937,2024-01-20,SUP-04,Evergreen Raw Materials,Tier 2,WH-DEL-01,North Hub (Delhi-NCR),Priority Surface Cargo,185.85,238.9,2024-01-22,2024-01-22,0,On-Time,1,0
SHP-20243938,2025-05-29,SUP-06,Global Polymer Solutions,Tier 2,WH-BLR-03,South Central (Bengaluru),Regional Truckload,47.86,106.16,2025-06-03,2025-06-04,1,Delayed,0,0
SHP-20243939,2025-06-18,SUP-05,Falcon Fasteners Corp,Tier 2,WH-BLR-03,South Central (Bengaluru),Regional Truckload,550.8,452.36,2025-06-23,2025-06-27,4,Delayed,0,0
SHP-20243940,2025-07-23,SUP-01,Apex Precision Components,Tier 1,WH-BLR-03,South Central (Bengaluru),Priority Surface Cargo,325.84,450.56,2025-07-28,2025-07-28,0,On-Time,1,0
SHP-20243941,2025-11-08,SUP-08,Indus Logistics Fab,Tier 3,WH-KOL-04,East Gateway (Kolkata),Express Air Freight,361.64,721.48,2025-11-11,2025-11-11,0,On-Time,1,0
SHP-20243942,2025-04-29,SUP-01,Apex Precision Components,Tier 1,WH-KOL-04,East Gateway (Kolkata),Priority Surface Cargo,346.85,438.18,2025-05-02,2025-05-02,0,On-Time,1,0
SHP-20243943,2025-08-13,SUP-06,Global Polymer Solutions,Tier 2,WH-KOL-04,East Gateway (Kolkata),Standard Rail Transport,182.19,175.21,2025-08-17,2025-08-24,7,Delayed,0,0
SHP-20243944,2025-06-05,SUP-06,Global Polymer Solutions,Tier 2,WH-KOL-04,East Gateway (Kolkata),Express Air Freight,502.31,994.44,2025-06-09,2025-06-10,1,Delayed,0,0
SHP-20243945,2025-03-04,SUP-02,Bharat Heavy Forgings,Tier 1,WH-DEL-01,North Hub (Delhi-NCR),Priority Surface Cargo,53.97,87.32,10/03/2025,2025-03-10,0,On-Time,1,0
SHP-20243946,2025-12-07,SUP-01,Apex Precision Components,Tier 1,WH-MUM-02,West Port (Mumbai),Priority Surface Cargo,171.37,273.62,2025-12-09,2025-12-09,0,On-Time,1,0
SHP-20243947,2025-07-02,SUP-04,Evergreen Raw Materials,Tier 2,WH-MUM-02,West Port (Mumbai),Standard Rail Transport,628.55,486.52,2025-07-08,2025-07-08,0,On-Time,1,0
SHP-20243948,2025-05-10,SUP-04,Evergreen Raw Materials,Tier 2,WH-DEL-01,North Hub (Delhi-NCR),Standard Rail Transport,493.37,389.27,2025-05-14,2025-05-14,0,On-Time,1,1
SHP-20243949,2024-11-08,SUP-02,Bharat Heavy Forgings,Tier 1,WH-DEL-01,North Hub (Delhi-NCR),Standard Rail Transport,510.62,425.72,2024-11-13,2024-11-14,1,Delayed,0,0
SHP-20243950,2025-02-20,SUP-07,Hind Cargo Aggregates,Tier 3,WH-KOL-04,East Gateway (Kolkata),Express Air Freight,311.62,671.16,2025-02-22,2025-02-25,3,Delayed,0,0
SHP-20243951,2025-11-10,SUP-02,Bharat Heavy Forgings,Tier 1,WH-MUM-02,West Port (Mumbai),Priority Surface Cargo,540.22,664.33,2025-11-16,2025-11-16,0,On-Time,1,0
SHP-20243952,2024-09-16,SUP-08,Indus Logistics Fab,Tier 3,WH-MUM-02,West Port (Mumbai),Regional Truckload,151.6,188.08,2024-09-18,2024-09-18,0,On-Time,1,0
SHP-20243953,2025-02-07,SUP-08,Indus Logistics Fab,Tier 3,WH-DEL-01,North Hub (Delhi-NCR),Priority Surface Cargo,441.44,539.13,2025-02-13,2025-02-13,0,On-Time,1,0
SHP-20243954,2024-03-19,SUP-01,Apex Precision Components,Tier 1,WH-MUM-02,West Port (Mumbai),Regional Truckload,50.11,127.5,2024-03-21,2024-03-22,1,Delayed,0,0
SHP-20243955,2025-04-25,SUP-03,Delta Electronics Hub,Tier 1,WH-MUM-02,West Port (Mumbai),Standard Rail Transport,780.15,578.86,2025-04-30,2025-04-30,0,On-Time,1,0
SHP-20243956,2025-01-17,SUP-08,Indus Logistics Fab,Tier 3,WH-MUM-02,West Port (Mumbai),Standard Rail Transport,543.22,397.26,2025-01-19,2025-01-21,2,Delayed,0,0
SHP-20243957,2024-06-14,SUP-05,Falcon Fasteners Corp,Tier 2,WH-KOL-04,East Gateway (Kolkata),Priority Surface Cargo,723.31,870.5,2024-06-16,2024-06-16,0,On-Time,1,0
SHP-20243958,2024-10-15,SUP-08,Indus Logistics Fab,Tier 3,WH-MUM-02,West Port (Mumbai),Standard Rail Transport,587.75,436.1,2024-10-21,2024-10-23,2,Delayed,0,0
SHP-20243959,2025-03-21,SUP-02,Bharat Heavy Forgings,Tier 1,WH-MUM-02,West Port (Mumbai),Regional Truckload,841.85,599.25,2025-03-26,2025-03-26,0,On-Time,1,0
SHP-20243960,2025-06-28,SUP-05,Falcon Fasteners Corp,Tier 2,WH-MUM-02,West Port (Mumbai),Standard Rail Transport,839.33,578.5,2025-07-01,2025-07-01,0,On-Time,1,0
SHP-20243961,2025-04-14,SUP-03,Delta Electronics Hub,Tier 1,WH-DEL-01,North Hub (Delhi-NCR),Regional Truckload,487.13,349.67,2025-04-16,2025-04-16,0,On-Time,1,0
SHP-20243962,2025-03-23,SUP-08,Indus Logistics Fab,Tier 3,WH-KOL-04,East Gateway (Kolkata),Regional Truckload,411.71,332.83,2025-03-25,2025-03-29,4,Delayed,0,0
SHP-20243963,2025-08-13,SUP-01,Apex Precision Components,Tier 1,WH-BLR-03,South Central (Bengaluru),Regional Truckload,537.81,425.81,2025-08-16,2025-08-16,0,On-Time,1,0
SHP-20243964,2024-05-05,SUP-02,Bharat Heavy Forgings,Tier 1,WH-MUM-02,West Port (Mumbai),Express Air Freight,429.93,840.23,2024-05-07,2024-05-07,0,On-Time,1,0
SHP-20243965,2024-12-05,SUP-06,Global Polymer Solutions,Tier 2,WH-DEL-01,North Hub (Delhi-NCR),Priority Surface Cargo,545.17,637.85,2024-12-11,2024-12-11,0,On-Time,1,0
SHP-20243966,2025-07-30,SUP-03,Delta Electronics Hub,Tier 1,WH-KOL-04,East Gateway (Kolkata),Standard Rail Transport,236.73,231.54,2025-08-02,2025-08-03,1,Delayed,0,0
SHP-20243967,2025-06-04,SUP-01,Apex Precision Components,Tier 1,WH-MUM-02,West Port (Mumbai),Regional Truckload,695.82,489.05,2025-06-06,2025-06-08,2,Delayed,0,0
SHP-20243968,2024-09-11,SUP-02,Bharat Heavy Forgings,Tier 1,WH-DEL-01,North Hub (Delhi-NCR),Express Air Freight,281.81,590.6,2024-09-15,2024-09-18,3,Delayed,0,0
SHP-20243969,2025-07-27,SUP-02,Bharat Heavy Forgings,Tier 1,WH-MUM-02,West Port (Mumbai),Priority Surface Cargo,332.67,394.85,2025-07-29,2025-07-30,1,Delayed,0,0
SHP-20243970,2024-12-07,SUP-02,Bharat Heavy Forgings,Tier 1,WH-DEL-01,North Hub (Delhi-NCR),Regional Truckload,808.71,604.29,2024-12-13,2024-12-14,1,Delayed,0,0
SHP-20243971,2024-11-30,SUP-06,Global Polymer Solutions,Tier 2,WH-MUM-02,West Port (Mumbai),Express Air Freight,836.88,1617.5,2024-12-06,2024-12-06,0,On-Time,1,0
SHP-20243972,2025-09-21,SUP-07,Hind Cargo Aggregates,Tier 3,WH-BLR-03,South Central (Bengaluru),Standard Rail Transport,569.38,463.44,2025-09-25,2025-09-25,0,On-Time,1,0
SHP-20243973,2025-12-20,SUP-05,Falcon Fasteners Corp,Tier 2,WH-MUM-02,West Port (Mumbai),Express Air Freight,560.67,1111.31,2025-12-24,2025-12-24,0,On-Time,1,0
SHP-20243974,2024-08-13,SUP-05,Falcon Fasteners Corp,Tier 2,WH-DEL-01,North Hub (Delhi-NCR),Standard Rail Transport,788.76,558.37,2024-08-17,2024-08-17,0,On-Time,1,0
SHP-20243975,2024-10-20,SUP-06,Global Polymer Solutions,Tier 2,WH-KOL-04,East Gateway (Kolkata),Standard Rail Transport,474.26,376.54,2024-10-25,2024-10-26,1,Delayed,0,0
SHP-20243976,2024-04-07,SUP-08,Indus Logistics Fab,Tier 3,WH-KOL-04,East Gateway (Kolkata),Priority Surface Cargo,-223.69,282.12,2024-04-13,2024-04-17,4,Delayed,0,0
SHP-20243977,2025-03-21,SUP-01,Apex Precision Components,Tier 1,WH-KOL-04,East Gateway (Kolkata),Priority Surface Cargo,82.85,182.67,2025-03-27,2025-04-02,6,Delayed,0,0
SHP-20243978,2024-06-16,SUP-08,Indus Logistics Fab,Tier 3,WH-DEL-01,North Hub (Delhi-NCR),Priority Surface Cargo,466.78,588.52,2024-06-19,2024-06-19,0,On-Time,1,0
SHP-20243979,2025-11-18,SUP-01,Apex Precision Components,Tier 1,WH-MUM-02,West Port (Mumbai),Standard Rail Transport,674.13,524.07,2025-11-23,2025-11-24,1,Delayed,0,0
SHP-20243980,2025-11-06,SUP-01,Apex Precision Components,Tier 1,WH-KOL-04,East Gateway (Kolkata),Express Air Freight,105.07,234.63,2025-11-09,2025-11-10,1,Delayed,0,0
SHP-20243981,2024-08-16,SUP-06,Global Polymer Solutions,Tier 2,WH-DEL-01,North Hub (Delhi-NCR),Express Air Freight,582.76,1143.08,2024-08-21,2024-08-21,0,On-Time,1,0
SHP-20243982,2025-03-24,SUP-01,Apex Precision Components,Tier 1,WH-MUM-02,West Port (Mumbai),Standard Rail Transport,734.58,564.48,2025-03-26,2025-03-26,0,On-Time,1,0
SHP-20243983,2025-06-11,SUP-07,Hind Cargo Aggregates,Tier 3,WH-DEL-01,North Hub (Delhi-NCR),Priority Surface Cargo,300.64,405.54,2025-06-15,2025-06-15,0,On-Time,1,0
SHP-20243984,2025-05-20,SUP-08,Indus Logistics Fab,Tier 3,WH-MUM-02,West Port (Mumbai),Express Air Freight,124.92,280.29,2025-05-26,2025-05-27,1,Delayed,0,0
SHP-20243985,2025-01-02,SUP-02,Bharat Heavy Forgings,Tier 1,WH-MUM-02,West Port (Mumbai),Priority Surface Cargo,677.27,796.65,2025-01-04,2025-01-05,1,Delayed,0,0
SHP-20243986,2025-12-04,SUP-02,Bharat Heavy Forgings,Tier 1,WH-MUM-02,West Port (Mumbai),Regional Truckload,408.09,329.23,2025-12-08,2025-12-12,4,Delayed,0,0
SHP-20243987,2024-11-24,SUP-07,Hind Cargo Aggregates,Tier 3,WH-KOL-04,East Gateway (Kolkata),Express Air Freight,357.83,752.18,2024-11-26,2024-11-26,0,On-Time,1,0
SHP-20243988,2024-05-12,SUP-02,Bharat Heavy Forgings,Tier 1,WH-BLR-03,South Central (Bengaluru),Express Air Freight,438.76,856.04,2024-05-17,2024-05-18,1,Delayed,0,0
SHP-20243989,2025-07-14,SUP-05,Falcon Fasteners Corp,Tier 2,WH-MUM-02,West Port (Mumbai),Priority Surface Cargo,269.26,357.55,2025-07-19,2025-07-24,5,Delayed,0,1
SHP-20243990,2024-11-19,SUP-07,Hind Cargo Aggregates,Tier 3,WH-BLR-03,South Central (Bengaluru),Regional Truckload,55.65,122.99,2024-11-24,2024-11-29,5,Delayed,0,1
SHP-20243991,2025-02-22,SUP-03,Delta Electronics Hub,Tier 1,WH-MUM-02,West Port (Mumbai),Regional Truckload,286.55,271.95,2025-02-27,2025-02-27,0,On-Time,1,0
SHP-20243992,2024-01-08,SUP-02,Bharat Heavy Forgings,Tier 1,WH-KOL-04,East Gateway (Kolkata),Priority Surface Cargo,785.32,913.2,11/01/2024,2024-01-13,2,Delayed,0,0
SHP-20243993,2024-06-19,SUP-06,Global Polymer Solutions,Tier 2,WH-BLR-03,South Central (Bengaluru),Regional Truckload,365.93,276.94,2024-06-25,2024-06-29,4,Delayed,0,0
SHP-20243994,2024-05-30,SUP-02,Bharat Heavy Forgings,Tier 1,WH-MUM-02,West Port (Mumbai),Priority Surface Cargo,77.9,136.69,2024-06-01,2024-06-02,1,Delayed,0,0
SHP-20243995,2024-04-06,SUP-02,Bharat Heavy Forgings,Tier 1,WH-BLR-03,South Central (Bengaluru),Regional Truckload,535.52,411.88,2024-04-12,2024-04-13,1,Delayed,0,0
SHP-20243996,2024-09-10,SUP-05,Falcon Fasteners Corp,Tier 2,WH-DEL-01,North Hub (Delhi-NCR),Standard Rail Transport,300.49,239.11,2024-09-15,2024-09-15,0,On-Time,1,0
SHP-20243997,2024-09-08,SUP-08,Indus Logistics Fab,Tier 3,WH-KOL-04,East Gateway (Kolkata),Regional Truckload,587.37,443.8,2024-09-11,2024-09-11,0,On-Time,1,0
SHP-20243998,2024-01-22,SUP-08,Indus Logistics Fab,Tier 3,WH-KOL-04,East Gateway (Kolkata),Standard Rail Transport,797.08,544.5,2024-01-26,2024-02-02,7,Delayed,0,0
SHP-20243999,2025-02-03,SUP-02,Bharat Heavy Forgings,Tier 1,WH-BLR-03,South Central (Bengaluru),Standard Rail Transport,243.98,230.7,2025-02-07,2025-02-09,2,Delayed,0,0
SHP-20244000,2024-03-20,SUP-02,Bharat Heavy Forgings,Tier 1,WH-DEL-01,North Hub (Delhi-NCR),Express Air Freight,670.45,1308.26,2024-03-26,2024-03-26,0,On-Time,1,0
SHP-20244001,2024-12-14,SUP-04,Evergreen Raw Materials,Tier 2,WH-KOL-04,East Gateway (Kolkata),Express Air Freight,194.76,426.41,2024-12-18,2024-12-22,4,Delayed,0,0
SHP-20244002,2025-01-22,SUP-08,Indus Logistics Fab,Tier 3,WH-KOL-04,East Gateway (Kolkata),Regional Truckload,464.81,351.76,2025-01-27,2025-01-30,3,Delayed,0,0
SHP-20244003,2024-09-12,SUP-06,Global Polymer Solutions,Tier 2,WH-DEL-01,North Hub (Delhi-NCR),Standard Rail Transport,196.71,221.3,2024-09-14,2024-09-14,0,On-Time,1,0
SHP-20244004,2024-09-02,SUP-03,Delta Electronics Hub,Tier 1,WH-KOL-04,East Gateway (Kolkata),Standard Rail Transport,665.44,518.71,2024-09-04,2024-09-08,4,Delayed,0,0
SHP-20244005,2025-08-19,SUP-01,Apex Precision Components,Tier 1,WH-BLR-03,South Central (Bengaluru),Express Air Freight,213.32,438.24,2025-08-21,2025-08-21,0,On-Time,1,0
SHP-20244006,2024-07-20,SUP-06,Global Polymer Solutions,Tier 2,WH-BLR-03,South Central (Bengaluru),Regional Truckload,744.77,541.06,2024-07-25,2024-07-25,0,On-Time,1,0
SHP-20244007,2025-07-06,SUP-08,Indus Logistics Fab,Tier 3,WH-BLR-03,South Central (Bengaluru),Regional Truckload,704.96,486.78,2025-07-12,2025-07-17,5,Delayed,0,0
SHP-20244008,2025-03-19,SUP-06,Global Polymer Solutions,Tier 2,WH-KOL-04,East Gateway (Kolkata),Regional Truckload,650.07,448.48,2025-03-24,2025-03-29,5,Delayed,0,0
SHP-20244009,2024-05-21,SUP-01,Apex Precision Components,Tier 1,WH-DEL-01,North Hub (Delhi-NCR),Priority Surface Cargo,562.11,687.09,2024-05-24,2024-05-25,1,Delayed,0,0
SHP-20244010,2024-06-18,SUP-05,Falcon Fasteners Corp,Tier 2,WH-BLR-03,South Central (Bengaluru),Priority Surface Cargo,333.92,394.09,2024-06-20,2024-06-21,1,Delayed,0,0
SHP-20244011,2025-12-09,SUP-06,Global Polymer Solutions,Tier 2,WH-MUM-02,West Port (Mumbai),Regional Truckload,203.65,218.21,2025-12-11,2025-12-11,0,On-Time,1,0
SHP-20244012,2024-01-30,SUP-05,Falcon Fasteners Corp,Tier 2,WH-DEL-01,North Hub (Delhi-NCR),Regional Truckload,357.89,325.25,2024-02-01,2024-02-02,1,Delayed,0,0
SHP-20244013,2025-11-19,SUP-01,Apex Precision Components,Tier 1,WH-BLR-03,South Central (Bengaluru),Standard Rail Transport,331.34,276.01,2025-11-25,2025-11-25,0,on-time  ,1,0
SHP-20244014,2025-11-09,SUP-01,Apex Precision Components,Tier 1,WH-DEL-01,North Hub (Delhi-NCR),Standard Rail Transport,634.81,454.41,2025-11-14,2025-11-14,0,On-Time,1,0
SHP-20244015,2025-10-07,SUP-02,Bharat Heavy Forgings,Tier 1,WH-BLR-03,South Central (Bengaluru),Priority Surface Cargo,631.43,735.18,2025-10-10,2025-10-10,0,On-Time,1,0
SHP-20244016,2025-09-17,SUP-08,Indus Logistics Fab,Tier 3,WH-KOL-04,East Gateway (Kolkata),Express Air Freight,752.34,1438.22,2025-09-21,2025-09-26,5,Delayed,0,0
SHP-20244017,2025-11-25,SUP-06,Global Polymer Solutions,Tier 2,WH-KOL-04,East Gateway (Kolkata),Priority Surface Cargo,65.29,124.06,2025-11-28,2025-12-02,4,Delayed,0,0
SHP-20244018,2025-03-23,SUP-02,Bharat Heavy Forgings,Tier 1,WH-BLR-03,South Central (Bengaluru),Standard Rail Transport,389.02,317.61,2025-03-28,2025-03-28,0,On-Time,1,0
SHP-20244019,2025-09-25,SUP-03,Delta Electronics Hub,Tier 1,WH-KOL-04,East Gateway (Kolkata),Regional Truckload,427.39,358.49,2025-09-30,2025-10-07,7,Delayed,0,0
SHP-20244020,2025-02-04,SUP-04,Evergreen Raw Materials,Tier 2,WH-KOL-04,East Gateway (Kolkata),Priority Surface Cargo,305.51,386.2,2025-02-10,2025-02-12,2,Delayed,0,0
SHP-20244021,2024-02-04,SUP-08,Indus Logistics Fab,Tier 3,WH-KOL-04,East Gateway (Kolkata),Priority Surface Cargo,92.2,129.85,2024-02-09,2024-02-10,1,Delayed,0,0
SHP-20244022,2025-06-07,SUP-08,Indus Logistics Fab,Tier 3,WH-MUM-02,West Port (Mumbai),Standard Rail Transport,616.92,429.84,2025-06-11,2025-06-13,2,Delayed,0,0
SHP-20244023,2025-02-21,SUP-03,Delta Electronics Hub,Tier 1,WH-MUM-02,West Port (Mumbai),Standard Rail Transport,413.92,325.29,2025-02-26,2025-02-26,0,On-Time,1,0
SHP-20244024,2025-03-19,SUP-04,Evergreen Raw Materials,Tier 2,WH-KOL-04,East Gateway (Kolkata),Standard Rail Transport,211.39,165.27,2025-03-23,2025-03-23,0,On-Time,1,0
SHP-20244025,2024-07-15,SUP-05,Falcon Fasteners Corp,Tier 2,WH-KOL-04,East Gateway (Kolkata),Priority Surface Cargo,600.77,719.95,2024-07-20,2024-07-24,4,Delayed,0,0
SHP-20244026,2024-10-20,SUP-05,Falcon Fasteners Corp,Tier 2,WH-DEL-01,North Hub (Delhi-NCR),Priority Surface Cargo,746.31,879.31,2024-10-25,2024-11-02,8,Delayed,0,0
SHP-20244027,2024-12-22,SUP-04,Evergreen Raw Materials,Tier 2,WH-MUM-02,West Port (Mumbai),Regional Truckload,61.25,76.25,2024-12-27,2024-12-27,0,on-time  ,1,0
SHP-20244028,2024-02-29,SUP-08,Indus Logistics Fab,Tier 3,WH-BLR-03,South Central (Bengaluru),Regional Truckload,343.59,271.98,2024-03-06,2024-03-09,3,Delayed,0,0
SHP-20244029,2024-08-26,SUP-08,Indus Logistics Fab,Tier 3,WH-KOL-04,East Gateway (Kolkata),Express Air Freight,423.56,834.35,2024-08-30,2024-09-03,4,Delayed,0,0
SHP-20244030,2025-02-13,SUP-04,Evergreen Raw Materials,Tier 2,WH-BLR-03,South Central (Bengaluru),Standard Rail Transport,211.35,184.4,17/02/2025,2025-02-17,0,On-Time,1,0
SHP-20244031,2025-02-13,SUP-03,Delta Electronics Hub,Tier 1,WH-KOL-04,East Gateway (Kolkata),Express Air Freight,541.04,1068.42,2025-02-15,2025-02-16,1,Delayed,0,0
SHP-20244032,2024-09-26,SUP-07,Hind Cargo Aggregates,Tier 3,WH-BLR-03,South Central (Bengaluru),Express Air Freight,101.43,224.24,2024-10-02,2024-10-04,2,Delayed,0,0
SHP-20244033,2025-10-14,SUP-02,Bharat Heavy Forgings,Tier 1,WH-DEL-01,North Hub (Delhi-NCR),Standard Rail Transport,562.4,415.51,2025-10-20,2025-10-20,0,On-Time,1,0
SHP-20244034,2025-11-29,SUP-02,Bharat Heavy Forgings,Tier 1,WH-MUM-02,West Port (Mumbai),Priority Surface Cargo,79.47,123.87,2025-12-05,2025-12-05,0,On-Time,1,0
SHP-20244035,2024-06-04,SUP-05,Falcon Fasteners Corp,Tier 2,WH-BLR-03,South Central (Bengaluru),Standard Rail Transport,591.59,469.6,2024-06-10,2024-06-10,0,on-time  ,1,0
SHP-20244036,2025-01-10,SUP-01,Apex Precision Components,Tier 1,WH-BLR-03,South Central (Bengaluru),Regional Truckload,467.77,376.5,2025-01-12,2025-01-12,0,On-Time,1,0
SHP-20244037,2025-02-18,SUP-01,Apex Precision Components,Tier 1,WH-BLR-03,South Central (Bengaluru),Standard Rail Transport,276.85,244.71,2025-02-21,2025-02-21,0,On-Time,1,0
SHP-20244038,2025-04-21,SUP-06,Global Polymer Solutions,Tier 2,WH-DEL-01,North Hub (Delhi-NCR),Express Air Freight,493.67,978.64,2025-04-25,2025-04-25,0,On-Time,1,0
SHP-20244039,2025-07-16,SUP-08,Indus Logistics Fab,Tier 3,WH-KOL-04,East Gateway (Kolkata),Express Air Freight,714.19,1377.8,2025-07-18,2025-07-30,12,Delayed,0,0
SHP-20244040,2024-08-06,SUP-04,Evergreen Raw Materials,Tier 2,WH-DEL-01,North Hub (Delhi-NCR),Regional Truckload,17.8,65.01,2024-08-08,2024-08-10,2,Delayed,0,0
SHP-20244041,2025-01-31,SUP-06,Global Polymer Solutions,Tier 2,WH-BLR-03,South Central (Bengaluru),Express Air Freight,652.0,1278.8,2025-02-03,2025-02-03,0,On-Time,1,0
SHP-20244042,2025-05-21,SUP-05,Falcon Fasteners Corp,Tier 2,WH-MUM-02,West Port (Mumbai),Express Air Freight,680.7,1309.32,2025-05-24,2025-05-24,0,On-Time,1,0
SHP-20244043,2025-10-18,SUP-03,Delta Electronics Hub,Tier 1,WH-KOL-04,East Gateway (Kolkata),Priority Surface Cargo,209.83,300.16,2025-10-20,2025-10-21,1,Delayed,0,0
SHP-20244044,2025-11-14,SUP-03,Delta Electronics Hub,Tier 1,WH-KOL-04,East Gateway (Kolkata),Regional Truckload,394.48,335.56,2025-11-16,2025-11-18,2,Delayed,0,0
SHP-20244045,2024-06-24,SUP-02,Bharat Heavy Forgings,Tier 1,WH-DEL-01,North Hub (Delhi-NCR),Regional Truckload,754.8,525.95,2024-06-28,2024-07-04,6,Delayed,0,0
SHP-20244046,2025-03-29,SUP-01,Apex Precision Components,Tier 1,WH-BLR-03,South Central (Bengaluru),Express Air Freight,338.79,663.4,2025-04-03,2025-04-03,0,On-Time,1,0
SHP-20244047,2025-04-18,SUP-03,Delta Electronics Hub,Tier 1,WH-DEL-01,North Hub (Delhi-NCR),Standard Rail Transport,315.35,290.81,2025-04-21,2025-04-21,0,On-Time,1,0
SHP-20244048,2024-08-15,SUP-08,Indus Logistics Fab,Tier 3,WH-KOL-04,East Gateway (Kolkata),Regional Truckload,185.52,195.2,2024-08-17,2024-08-17,0,On-Time,1,0
SHP-20244049,2025-02-13,SUP-08,Indus Logistics Fab,Tier 3,WH-BLR-03,South Central (Bengaluru),Express Air Freight,388.62,786.25,2025-02-15,2025-02-16,1,Delayed,0,1
SHP-20244050,2024-08-07,SUP-04,Evergreen Raw Materials,Tier 2,WH-KOL-04,East Gateway (Kolkata),Express Air Freight,489.66,980.26,2024-08-11,2024-08-15,4,Delayed,0,0
SHP-20244051,2024-05-06,SUP-04,Evergreen Raw Materials,Tier 2,WH-KOL-04,East Gateway (Kolkata),Express Air Freight,132.12,271.79,2024-05-09,2024-05-09,0,On-Time,1,0
SHP-20244052,2025-04-30,SUP-07,Hind Cargo Aggregates,Tier 3,WH-DEL-01,North Hub (Delhi-NCR),Express Air Freight,220.29,446.92,2025-05-05,2025-05-05,0,On-Time,1,1
SHP-20244053,2024-08-22,SUP-05,Falcon Fasteners Corp,Tier 2,WH-KOL-04,East Gateway (Kolkata),Regional Truckload,727.88,510.76,2024-08-24,2024-08-24,0,On-Time,1,0
SHP-20244054,2025-03-24,SUP-01,Apex Precision Components,Tier 1,WH-MUM-02,West Port (Mumbai),Priority Surface Cargo,345.25,432.25,2025-03-26,2025-03-28,2,Delayed,0,0
SHP-20244055,2025-06-03,SUP-01,Apex Precision Components,Tier 1,WH-KOL-04,East Gateway (Kolkata),Standard Rail Transport,727.11,504.6,2025-06-06,2025-06-07,1,Delayed,0,0
SHP-20244056,2025-10-31,SUP-03,Delta Electronics Hub,Tier 1,WH-KOL-04,East Gateway (Kolkata),Priority Surface Cargo,401.68,508.11,2025-11-03,2025-11-06,3,Delayed,0,0
SHP-20244057,2025-05-31,SUP-03,Delta Electronics Hub,Tier 1,WH-DEL-01,North Hub (Delhi-NCR),Priority Surface Cargo,239.24,304.41,2025-06-05,2025-06-17,12,Delayed,0,0
SHP-20244058,2025-05-10,SUP-03,Delta Electronics Hub,Tier 1,WH-MUM-02,West Port (Mumbai),Regional Truckload,293.37,234.9,2025-05-14,2025-05-14,0,On-Time,1,0
SHP-20244059,2025-11-06,SUP-06,Global Polymer Solutions,Tier 2,WH-BLR-03,South Central (Bengaluru),Priority Surface Cargo,591.02,737.63,2025-11-12,2025-11-17,5,Delayed,0,0
SHP-20244060,2025-09-18,SUP-06,Global Polymer Solutions,Tier 2,WH-BLR-03,South Central (Bengaluru),Express Air Freight,160.68,332.2,2025-09-24,2025-09-25,1,Delayed,0,0
SHP-20244061,2024-07-15,SUP-03,Delta Electronics Hub,Tier 1,WH-KOL-04,East Gateway (Kolkata),Priority Surface Cargo,838.87,987.87,2024-07-19,2024-07-19,0,On-Time,1,0
SHP-20244062,2024-02-27,SUP-01,Apex Precision Components,Tier 1,WH-MUM-02,West Port (Mumbai),Express Air Freight,443.87,915.86,2024-03-01,2024-03-01,0,On-Time,1,0
SHP-20244063,2024-02-26,SUP-08,Indus Logistics Fab,Tier 3,WH-KOL-04,East Gateway (Kolkata),Express Air Freight,788.34,1508.12,2024-03-01,2024-03-03,2,Delayed,0,0
SHP-20244064,2024-11-13,SUP-02,Bharat Heavy Forgings,Tier 1,WH-DEL-01,North Hub (Delhi-NCR),Regional Truckload,108.55,163.76,2024-11-19,2024-11-19,0,On-Time,1,0
SHP-20244065,2024-04-29,SUP-04,Evergreen Raw Materials,Tier 2,WH-MUM-02,West Port (Mumbai),Priority Surface Cargo,523.21,624.47,2024-05-02,2024-05-04,2,Delayed,0,0
SHP-20244066,2024-06-03,SUP-05,Falcon Fasteners Corp,Tier 2,WH-MUM-02,West Port (Mumbai),Priority Surface Cargo,196.72,281.35,2024-06-08,2024-06-08,0,On-Time,1,0
SHP-20244067,2025-07-02,SUP-04,Evergreen Raw Materials,Tier 2,WH-DEL-01,North Hub (Delhi-NCR),Priority Surface Cargo,372.83,482.71,2025-07-07,2025-07-07,0,On-Time,1,0
SHP-20244068,2025-08-10,SUP-03,Delta Electronics Hub,Tier 1,WH-KOL-04,East Gateway (Kolkata),Priority Surface Cargo,426.65,517.94,2025-08-13,2025-08-13,0,On-Time,1,0
SHP-20244069,2024-09-05,SUP-05,Falcon Fasteners Corp,Tier 2,WH-BLR-03,South Central (Bengaluru),Express Air Freight,32.71,119.24,2024-09-07,2024-09-07,0,On-Time,1,0
SHP-20244070,2025-07-22,SUP-01,Apex Precision Components,Tier 1,WH-MUM-02,West Port (Mumbai),Express Air Freight,84.19,181.92,2025-07-25,2025-07-25,0,On-Time,1,0
SHP-20244071,2025-12-13,SUP-02,Bharat Heavy Forgings,Tier 1,WH-KOL-04,East Gateway (Kolkata),Express Air Freight,664.73,1312.28,2025-12-17,2025-12-20,3,Delayed,0,0
SHP-20244072,2024-01-20,SUP-06,Global Polymer Solutions,Tier 2,WH-DEL-01,North Hub (Delhi-NCR),Express Air Freight,463.1,892.98,2024-01-23,2024-01-24,1,Delayed,0,0
SHP-20244073,2025-04-21,SUP-05,Falcon Fasteners Corp,Tier 2,WH-MUM-02,West Port (Mumbai),Regional Truckload,52.07,111.45,2025-04-24,2025-04-24,0,On-Time,1,0
SHP-20244074,2025-06-22,SUP-06,Global Polymer Solutions,Tier 2,WH-DEL-01,North Hub (Delhi-NCR),Express Air Freight,426.25,852.77,2025-06-26,2025-06-27,1,Delayed,0,0
SHP-20244075,2025-05-03,SUP-01,Apex Precision Components,Tier 1,WH-MUM-02,West Port (Mumbai),Standard Rail Transport,537.43,397.5,2025-05-06,2025-05-06,0,On-Time,1,0
SHP-20244076,2024-12-24,SUP-01,Apex Precision Components,Tier 1,WH-DEL-01,North Hub (Delhi-NCR),Priority Surface Cargo,700.19,852.04,2024-12-30,2024-12-30,0,On-Time,1,0
SHP-20244077,2024-03-10,SUP-07,Hind Cargo Aggregates,Tier 3,WH-MUM-02,West Port (Mumbai),Priority Surface Cargo,124.65,231.21,2024-03-13,2024-03-13,0,On-Time,1,0
SHP-20244078,2025-04-02,SUP-08,Indus Logistics Fab,Tier 3,WH-MUM-02,West Port (Mumbai),Standard Rail Transport,583.59,443.26,2025-04-05,2025-04-06,1,Delayed,0,0
SHP-20244079,2025-07-12,SUP-08,Indus Logistics Fab,Tier 3,WH-MUM-02,West Port (Mumbai),Regional Truckload,180.24,180.04,2025-07-14,2025-07-15,1,Delayed,0,0
SHP-20244080,2024-10-19,SUP-08,Indus Logistics Fab,Tier 3,WH-KOL-04,East Gateway (Kolkata),Priority Surface Cargo,30.7,100.19,2024-10-23,2024-10-24,1,Delayed,0,1
SHP-20244081,2025-06-21,SUP-03,Delta Electronics Hub,Tier 1,WH-MUM-02,West Port (Mumbai),Priority Surface Cargo,620.04,773.49,2025-06-24,2025-06-24,0,On-Time,1,0
SHP-20244082,2024-07-11,SUP-06,Global Polymer Solutions,Tier 2,WH-KOL-04,East Gateway (Kolkata),Priority Surface Cargo,452.68,567.65,2024-07-13,2024-07-21,8,Delayed,0,0
SHP-20244083,2025-05-22,SUP-07,Hind Cargo Aggregates,Tier 3,WH-DEL-01,North Hub (Delhi-NCR),Priority Surface Cargo,560.0,689.15,2025-05-25,2025-05-25,0,On-Time,1,0
SHP-20244084,2024-05-19,SUP-06,Global Polymer Solutions,Tier 2,WH-KOL-04,East Gateway (Kolkata),Regional Truckload,646.09,498.18,2024-05-23,2024-05-24,1,Delayed,0,0
SHP-20244085,2024-06-29,SUP-01,Apex Precision Components,Tier 1,WH-DEL-01,North Hub (Delhi-NCR),Express Air Freight,233.25,468.93,05/07/2024,2024-07-05,0,On-Time,1,0
SHP-20244086,2024-01-20,SUP-06,Global Polymer Solutions,Tier 2,WH-MUM-02,West Port (Mumbai),Standard Rail Transport,431.65,366.71,2024-01-23,2024-01-24,1,Delayed,0,0
SHP-20244087,2024-08-29,SUP-07,Hind Cargo Aggregates,Tier 3,WH-MUM-02,West Port (Mumbai),Standard Rail Transport,659.99,482.94,2024-09-02,2024-09-02,0,On-Time,1,0
SHP-20244088,2025-10-06,SUP-07,Hind Cargo Aggregates,Tier 3,WH-MUM-02,West Port (Mumbai),Priority Surface Cargo,604.68,742.29,2025-10-09,2025-10-11,2,Delayed,0,0
SHP-20244089,2025-04-28,SUP-01,Apex Precision Components,Tier 1,WH-BLR-03,South Central (Bengaluru),Express Air Freight,291.56,626.0,2025-05-01,2025-05-05,4,Delayed,0,0
SHP-20244090,2025-06-03,SUP-06,Global Polymer Solutions,Tier 2,WH-DEL-01,North Hub (Delhi-NCR),Express Air Freight,310.84,635.77,2025-06-08,2025-06-09,1,Delayed,0,0
SHP-20244091,2025-10-28,SUP-05,Falcon Fasteners Corp,Tier 2,WH-KOL-04,East Gateway (Kolkata),Express Air Freight,390.85,753.45,2025-11-01,2025-11-03,2,Delayed,0,0
SHP-20244092,2025-07-18,SUP-02,Bharat Heavy Forgings,Tier 1,WH-KOL-04,East Gateway (Kolkata),Standard Rail Transport,686.5,525.77,2025-07-23,2025-07-24,1,Delayed,0,0
SHP-20244093,2025-08-27,SUP-03,Delta Electronics Hub,Tier 1,WH-KOL-04,East Gateway (Kolkata),Standard Rail Transport,585.26,427.2,2025-08-31,2025-09-03,3,Delayed,0,0
SHP-20244094,2024-04-25,SUP-05,Falcon Fasteners Corp,Tier 2,WH-BLR-03,South Central (Bengaluru),Standard Rail Transport,733.71,567.22,2024-04-30,2024-05-01,1,Delayed,0,0
SHP-20244095,2024-03-31,SUP-02,Bharat Heavy Forgings,Tier 1,WH-DEL-01,North Hub (Delhi-NCR),Regional Truckload,494.23,366.35,2024-04-03,2024-04-04,1,Delayed,0,0
SHP-20244096,2025-08-14,SUP-02,Bharat Heavy Forgings,Tier 1,WH-BLR-03,South Central (Bengaluru),Priority Surface Cargo,243.96,294.14,2025-08-19,2025-08-19,0,On-Time,1,0
SHP-20244097,2025-03-01,SUP-02,Bharat Heavy Forgings,Tier 1,WH-DEL-01,North Hub (Delhi-NCR),Regional Truckload,281.83,234.36,2025-03-05,2025-03-05,0,On-Time,1,0
SHP-20244098,2024-07-01,SUP-01,Apex Precision Components,Tier 1,WH-BLR-03,South Central (Bengaluru),Standard Rail Transport,726.84,534.18,2024-07-03,2024-07-03,0,On-Time,1,0
SHP-20244099,2025-03-08,SUP-06,Global Polymer Solutions,Tier 2,WH-MUM-02,West Port (Mumbai),Standard Rail Transport,242.03,248.74,2025-03-10,2025-03-10,0,On-Time,1,0
SHP-20244100,2025-01-12,SUP-01,Apex Precision Components,Tier 1,WH-DEL-01,North Hub (Delhi-NCR),Standard Rail Transport,125.69,135.57,2025-01-16,2025-01-16,0,On-Time,1,0
SHP-20244101,2025-09-21,SUP-07,Hind Cargo Aggregates,Tier 3,WH-DEL-01,North Hub (Delhi-NCR),Standard Rail Transport,514.91,425.06,2025-09-23,2025-09-24,1,Delayed,0,0
SHP-20244102,2025-03-04,SUP-06,Global Polymer Solutions,Tier 2,WH-KOL-04,East Gateway (Kolkata),Regional Truckload,837.35,627.31,2025-03-08,2025-03-16,8,Delayed,0,0
SHP-20244103,2025-01-21,SUP-06,Global Polymer Solutions,Tier 2,WH-KOL-04,East Gateway (Kolkata),Regional Truckload,666.38,519.68,2025-01-24,2025-01-29,5,Delayed,0,0
SHP-20244104,2024-10-05,SUP-08,Indus Logistics Fab,Tier 3,WH-KOL-04,East Gateway (Kolkata),Priority Surface Cargo,211.7,288.16,2024-10-08,2024-10-09,1,Delayed,0,0
SHP-20244105,2025-06-08,SUP-07,Hind Cargo Aggregates,Tier 3,WH-DEL-01,North Hub (Delhi-NCR),Priority Surface Cargo,568.11,677.32,2025-06-11,2025-06-17,6,Delayed,0,0
SHP-20244106,2024-08-31,SUP-02,Bharat Heavy Forgings,Tier 1,WH-KOL-04,East Gateway (Kolkata),Express Air Freight,40.32,107.39,2024-09-03,2024-09-03,0,On-Time,1,0
SHP-20244107,2025-10-11,SUP-04,Evergreen Raw Materials,Tier 2,WH-BLR-03,South Central (Bengaluru),Standard Rail Transport,72.49,120.15,2025-10-17,2025-10-17,0,On-Time,1,0
SHP-20244108,2024-10-12,SUP-03,Delta Electronics Hub,Tier 1,WH-KOL-04,East Gateway (Kolkata),Priority Surface Cargo,247.12,358.26,2024-10-16,2024-10-18,2,Delayed,0,0
SHP-20244109,2024-08-05,SUP-04,Evergreen Raw Materials,Tier 2,WH-KOL-04,East Gateway (Kolkata),Priority Surface Cargo,735.08,891.55,2024-08-07,2024-08-08,1,Delayed,0,0
SHP-20244110,2024-09-16,SUP-04,Evergreen Raw Materials,Tier 2,WH-BLR-03,South Central (Bengaluru),Priority Surface Cargo,718.99,875.23,2024-09-18,2024-09-20,2,Delayed,0,0
SHP-20244111,2024-07-24,SUP-03,Delta Electronics Hub,Tier 1,WH-DEL-01,North Hub (Delhi-NCR),Express Air Freight,161.29,358.59,2024-07-30,2024-08-02,3,Delayed,0,1
SHP-20244112,2025-03-02,SUP-01,Apex Precision Components,Tier 1,WH-BLR-03,South Central (Bengaluru),Express Air Freight,269.0,523.93,2025-03-06,2025-03-07,1,Delayed,0,0
SHP-20244113,2025-09-17,SUP-03,Delta Electronics Hub,Tier 1,WH-BLR-03,South Central (Bengaluru),Regional Truckload,712.53,492.44,2025-09-22,2025-09-22,0,On-Time,1,0
SHP-20244114,2025-10-17,SUP-06,Global Polymer Solutions,Tier 2,WH-BLR-03,South Central (Bengaluru),Regional Truckload,311.94,288.66,2025-10-22,2025-10-26,4,Delayed,0,0
SHP-20244115,2025-09-03,SUP-07,Hind Cargo Aggregates,Tier 3,WH-KOL-04,East Gateway (Kolkata),Express Air Freight,390.84,751.25,2025-09-09,2025-09-14,5,Delayed,0,0
SHP-20244116,2025-07-01,SUP-07,Hind Cargo Aggregates,Tier 3,WH-BLR-03,South Central (Bengaluru),Standard Rail Transport,628.47,456.45,2025-07-06,2025-07-11,5,Delayed,0,0
SHP-20244117,2024-05-19,SUP-05,Falcon Fasteners Corp,Tier 2,WH-KOL-04,East Gateway (Kolkata),Regional Truckload,848.61,618.32,2024-05-21,2024-05-23,2,Delayed,0,0
SHP-20244118,2025-06-08,SUP-04,Evergreen Raw Materials,Tier 2,WH-KOL-04,East Gateway (Kolkata),Regional Truckload,227.71,179.71,2025-06-12,2025-06-13,1,Delayed,0,0
SHP-20244119,2024-06-21,SUP-06,Global Polymer Solutions,Tier 2,WH-KOL-04,East Gateway (Kolkata),Standard Rail Transport,699.16,487.1,2024-06-24,2024-07-05,11,Delayed,0,0
SHP-20244120,2025-04-11,SUP-07,Hind Cargo Aggregates,Tier 3,WH-MUM-02,West Port (Mumbai),Standard Rail Transport,670.19,486.46,2025-04-15,2025-04-15,0,On-Time,1,0
SHP-20244121,2025-03-31,SUP-04,Evergreen Raw Materials,Tier 2,WH-DEL-01,North Hub (Delhi-NCR),Regional Truckload,67.77,97.41,2025-04-05,2025-04-05,0,On-Time,1,0
SHP-20244122,2024-10-18,SUP-04,Evergreen Raw Materials,Tier 2,WH-KOL-04,East Gateway (Kolkata),Priority Surface Cargo,170.99,263.53,2024-10-23,2024-11-03,11,Delayed,0,0
SHP-20244123,2024-07-05,SUP-04,Evergreen Raw Materials,Tier 2,WH-MUM-02,West Port (Mumbai),Priority Surface Cargo,60.61,137.79,2024-07-10,2024-07-10,0,On-Time,1,0
SHP-20244124,2024-07-17,SUP-07,Hind Cargo Aggregates,Tier 3,WH-DEL-01,North Hub (Delhi-NCR),Regional Truckload,632.57,479.55,2024-07-21,2024-07-24,3,Delayed,0,0
SHP-20244125,2024-07-12,SUP-04,Evergreen Raw Materials,Tier 2,WH-DEL-01,North Hub (Delhi-NCR),Express Air Freight,773.72,1497.5,2024-07-15,2024-07-15,0,On-Time,1,0
SHP-20244126,2025-12-04,SUP-06,Global Polymer Solutions,Tier 2,WH-MUM-02,West Port (Mumbai),Priority Surface Cargo,88.48,138.12,2025-12-06,2025-12-08,2,Delayed,0,0
SHP-20244127,2024-09-05,SUP-03,Delta Electronics Hub,Tier 1,WH-KOL-04,East Gateway (Kolkata),Regional Truckload,321.99,261.91,2024-09-08,2024-09-08,0,On-Time,1,0
SHP-20244128,2024-07-06,SUP-01,Apex Precision Components,Tier 1,WH-DEL-01,North Hub (Delhi-NCR),Standard Rail Transport,614.38,483.71,2024-07-09,2024-07-09,0,On-Time,1,0
SHP-20244129,2025-09-21,SUP-02,Bharat Heavy Forgings,Tier 1,WH-BLR-03,South Central (Bengaluru),Standard Rail Transport,512.52,412.02,2025-09-26,2025-09-26,0,On-Time,1,0
SHP-20244130,2025-07-19,SUP-06,Global Polymer Solutions,Tier 2,WH-KOL-04,East Gateway (Kolkata),Regional Truckload,548.45,429.96,2025-07-22,2025-07-22,0,On-Time,1,0
SHP-20244131,2025-05-30,SUP-02,Bharat Heavy Forgings,Tier 1,WH-MUM-02,West Port (Mumbai),Express Air Freight,239.04,503.6,2025-06-05,2025-06-05,0,On-Time,1,0
SHP-20244132,2025-05-31,SUP-06,Global Polymer Solutions,Tier 2,WH-MUM-02,West Port (Mumbai),Regional Truckload,550.11,399.1,2025-06-03,2025-06-08,5,Delayed,0,0
SHP-20244133,2025-11-13,SUP-06,Global Polymer Solutions,Tier 2,WH-BLR-03,South Central (Bengaluru),Priority Surface Cargo,637.16,767.65,2025-11-16,2025-11-16,0,On-Time,1,0
SHP-20244134,2025-01-09,SUP-07,Hind Cargo Aggregates,Tier 3,WH-DEL-01,North Hub (Delhi-NCR),Express Air Freight,849.86,1658.93,2025-01-13,2025-01-18,5,Delayed,0,1
SHP-20244135,2025-04-04,SUP-07,Hind Cargo Aggregates,Tier 3,WH-MUM-02,West Port (Mumbai),Express Air Freight,424.92,862.25,2025-04-08,2025-04-08,0,On-Time,1,1
SHP-20244136,2025-10-28,SUP-01,Apex Precision Components,Tier 1,WH-KOL-04,East Gateway (Kolkata),Standard Rail Transport,304.65,253.11,2025-11-03,2025-11-04,1,Delayed,0,0
SHP-20244137,2024-06-27,SUP-01,Apex Precision Components,Tier 1,WH-MUM-02,West Port (Mumbai),Regional Truckload,178.81,182.89,2024-07-01,2024-07-01,0,On-Time,1,0
SHP-20244138,2024-11-19,SUP-02,Bharat Heavy Forgings,Tier 1,WH-KOL-04,East Gateway (Kolkata),Regional Truckload,802.81,576.81,2024-11-22,2024-11-26,4,Delayed,0,0
SHP-20244139,2024-09-21,SUP-03,Delta Electronics Hub,Tier 1,WH-KOL-04,East Gateway (Kolkata),Express Air Freight,143.56,291.78,2024-09-25,2024-09-25,0,On-Time,1,0
SHP-20244140,2025-11-24,SUP-06,Global Polymer Solutions,Tier 2,WH-DEL-01,North Hub (Delhi-NCR),Standard Rail Transport,235.91,189.78,2025-11-29,2025-11-30,1,Delayed,0,0
SHP-20244141,2024-08-31,SUP-02,Bharat Heavy Forgings,Tier 1,WH-BLR-03,South Central (Bengaluru),Standard Rail Transport,622.78,435.68,2024-09-03,2024-09-03,0,On-Time,1,0
SHP-20244142,2025-01-21,SUP-05,Falcon Fasteners Corp,Tier 2,WH-KOL-04,East Gateway (Kolkata),Priority Surface Cargo,175.71,224.74,2025-01-25,2025-01-25,0,on-time  ,1,0
SHP-20244143,2025-12-05,SUP-06,Global Polymer Solutions,Tier 2,WH-MUM-02,West Port (Mumbai),Priority Surface Cargo,565.71,676.35,2025-12-08,2025-12-08,0,On-Time,1,0
SHP-20244144,2025-10-15,SUP-06,Global Polymer Solutions,Tier 2,WH-MUM-02,West Port (Mumbai),Regional Truckload,77.7,142.05,2025-10-18,2025-10-19,1,Delayed,0,0
SHP-20244145,2025-09-29,SUP-08,Indus Logistics Fab,Tier 3,WH-MUM-02,West Port (Mumbai),Express Air Freight,736.19,1421.04,2025-10-04,2025-10-04,0,On-Time,1,0
SHP-20244146,2025-01-28,SUP-01,Apex Precision Components,Tier 1,WH-KOL-04,East Gateway (Kolkata),Regional Truckload,776.65,543.7,2025-02-02,2025-02-02,0,On-Time,1,0
SHP-20244147,2024-07-15,SUP-02,Bharat Heavy Forgings,Tier 1,WH-MUM-02,West Port (Mumbai),Regional Truckload,95.78,146.19,2024-07-17,2024-07-19,2,Delayed,0,0
SHP-20244148,2024-01-09,SUP-04,Evergreen Raw Materials,Tier 2,WH-DEL-01,North Hub (Delhi-NCR),Standard Rail Transport,309.5,268.82,2024-01-11,2024-01-12,1,Delayed,0,0
SHP-20244149,2024-07-21,SUP-07,Hind Cargo Aggregates,Tier 3,WH-BLR-03,South Central (Bengaluru),Express Air Freight,718.49,1420.47,2024-07-25,2024-07-31,6,Delayed,0,0
SHP-20244150,2025-05-25,SUP-04,Evergreen Raw Materials,Tier 2,WH-BLR-03,South Central (Bengaluru),Regional Truckload,568.59,426.7,2025-05-29,2025-05-29,0,On-Time,1,0
SHP-20244151,2024-01-19,SUP-06,Global Polymer Solutions,Tier 2,WH-DEL-01,North Hub (Delhi-NCR),Express Air Freight,687.02,1346.51,2024-01-23,2024-01-23,0,On-Time,1,0
SHP-20244152,2024-01-30,SUP-05,Falcon Fasteners Corp,Tier 2,WH-MUM-02,West Port (Mumbai),Standard Rail Transport,105.92,139.33,2024-02-02,2024-02-02,0,On-Time,1,0
SHP-20244153,2025-05-30,SUP-06,Global Polymer Solutions,Tier 2,WH-BLR-03,South Central (Bengaluru),Regional Truckload,258.22,219.52,2025-06-02,2025-06-02,0,On-Time,1,0
SHP-20244154,2024-03-01,SUP-08,Indus Logistics Fab,Tier 3,WH-DEL-01,North Hub (Delhi-NCR),Express Air Freight,164.18,393.49,2024-03-03,2024-03-04,1,Delayed,0,0
SHP-20244155,2025-10-07,SUP-05,Falcon Fasteners Corp,Tier 2,WH-BLR-03,South Central (Bengaluru),Standard Rail Transport,196.15,188.99,2025-10-09,2025-10-10,1,Delayed,0,0
SHP-20244156,2024-09-05,SUP-08,Indus Logistics Fab,Tier 3,WH-BLR-03,South Central (Bengaluru),Standard Rail Transport,450.14,372.2,2024-09-11,2024-09-14,3,Delayed,0,0
SHP-20244157,2024-11-11,SUP-05,Falcon Fasteners Corp,Tier 2,WH-MUM-02,West Port (Mumbai),Express Air Freight,298.52,582.98,2024-11-13,2024-11-14,1,Delayed,0,0
SHP-20244158,2025-02-24,SUP-03,Delta Electronics Hub,Tier 1,WH-KOL-04,East Gateway (Kolkata),Regional Truckload,159.48,148.48,2025-02-28,2025-03-01,1,Delayed,0,0
SHP-20244159,2025-07-05,SUP-01,Apex Precision Components,Tier 1,WH-MUM-02,West Port (Mumbai),Regional Truckload,117.71,156.03,2025-07-07,2025-07-07,0,On-Time,1,0
SHP-20244160,2024-08-23,SUP-01,Apex Precision Components,Tier 1,WH-MUM-02,West Port (Mumbai),Priority Surface Cargo,795.44,950.73,2024-08-25,2024-08-26,1,Delayed,0,0
SHP-20244161,2024-02-25,SUP-04,Evergreen Raw Materials,Tier 2,WH-KOL-04,East Gateway (Kolkata),Standard Rail Transport,37.54,98.56,2024-02-28,2024-03-01,2,Delayed,0,0
SHP-20244162,2024-03-28,SUP-06,Global Polymer Solutions,Tier 2,WH-KOL-04,East Gateway (Kolkata),Express Air Freight,163.66,359.77,2024-04-02,2024-04-06,4,Delayed,0,0
SHP-20244163,2025-12-20,SUP-05,Falcon Fasteners Corp,Tier 2,WH-DEL-01,North Hub (Delhi-NCR),Standard Rail Transport,532.95,380.26,2025-12-26,2025-12-28,2,Delayed,0,0
SHP-20244164,2025-05-29,SUP-08,Indus Logistics Fab,Tier 3,WH-MUM-02,West Port (Mumbai),Priority Surface Cargo,25.94,114.25,2025-06-01,2025-06-05,4,Delayed,0,0
SHP-20244165,2024-01-20,SUP-07,Hind Cargo Aggregates,Tier 3,WH-DEL-01,North Hub (Delhi-NCR),Regional Truckload,848.99,632.19,2024-01-25,2024-01-30,5,Delayed,0,0
SHP-20244166,2024-06-21,SUP-08,Indus Logistics Fab,Tier 3,WH-DEL-01,North Hub (Delhi-NCR),Priority Surface Cargo,777.97,897.11,2024-06-27,2024-06-27,0,On-Time,1,0
SHP-20244167,2024-04-16,SUP-03,Delta Electronics Hub,Tier 1,WH-DEL-01,North Hub (Delhi-NCR),Standard Rail Transport,677.95,499.59,2024-04-18,2024-04-18,0,On-Time,1,0
SHP-20244168,2024-02-17,SUP-06,Global Polymer Solutions,Tier 2,WH-BLR-03,South Central (Bengaluru),Express Air Freight,-153.95,378.27,2024-02-22,2024-02-24,2,Delayed,0,0
SHP-20244169,2024-02-13,SUP-06,Global Polymer Solutions,Tier 2,WH-DEL-01,North Hub (Delhi-NCR),Priority Surface Cargo,479.85,604.56,2024-02-16,2024-02-21,5,Delayed,0,0
SHP-20244170,2025-09-20,SUP-05,Falcon Fasteners Corp,Tier 2,WH-BLR-03,South Central (Bengaluru),Express Air Freight,140.04,341.66,2025-09-25,2025-09-25,0,On-Time,1,0
SHP-20244171,2025-06-17,SUP-07,Hind Cargo Aggregates,Tier 3,WH-DEL-01,North Hub (Delhi-NCR),Express Air Freight,650.56,1292.75,2025-06-22,2025-06-27,5,Delayed,0,0
SHP-20244172,2025-04-13,SUP-08,Indus Logistics Fab,Tier 3,WH-KOL-04,East Gateway (Kolkata),Priority Surface Cargo,790.79,899.35,2025-04-17,2025-04-23,6,Delayed,0,0
SHP-20244173,2025-06-15,SUP-02,Bharat Heavy Forgings,Tier 1,WH-KOL-04,East Gateway (Kolkata),Regional Truckload,155.48,177.12,2025-06-17,2025-06-21,4,Delayed,0,0
SHP-20244174,2024-07-16,SUP-06,Global Polymer Solutions,Tier 2,WH-DEL-01,North Hub (Delhi-NCR),Express Air Freight,799.36,1506.25,2024-07-21,2024-07-21,0,On-Time,1,0
SHP-20244175,2024-09-17,SUP-03,Delta Electronics Hub,Tier 1,WH-BLR-03,South Central (Bengaluru),Standard Rail Transport,641.71,487.32,2024-09-19,2024-09-19,0,On-Time,1,0
SHP-20244176,2025-09-19,SUP-03,Delta Electronics Hub,Tier 1,WH-KOL-04,East Gateway (Kolkata),Standard Rail Transport,491.37,349.76,2025-09-23,2025-09-27,4,Delayed,0,0
SHP-20244177,2025-03-31,SUP-07,Hind Cargo Aggregates,Tier 3,WH-KOL-04,East Gateway (Kolkata),Express Air Freight,787.53,1546.46,2025-04-03,2025-04-09,6,Delayed,0,0
SHP-20244178,2025-10-24,SUP-04,Evergreen Raw Materials,Tier 2,WH-DEL-01,North Hub (Delhi-NCR),Express Air Freight,233.13,522.25,2025-10-30,2025-10-31,1,Delayed,0,1
SHP-20244179,2025-10-05,SUP-06,Global Polymer Solutions,Tier 2,WH-BLR-03,South Central (Bengaluru),Standard Rail Transport,817.9,588.5,2025-10-10,2025-10-12,2,Delayed,0,0
SHP-20244180,2025-02-12,SUP-08,Indus Logistics Fab,Tier 3,WH-BLR-03,South Central (Bengaluru),Express Air Freight,743.74,1446.91,2025-02-17,2025-02-22,5,Delayed,0,0
SHP-20244181,2024-07-30,SUP-02,Bharat Heavy Forgings,Tier 1,WH-KOL-04,East Gateway (Kolkata),Regional Truckload,15.13,52.9,2024-08-01,2024-08-02,1,Delayed,0,0
SHP-20244182,2024-05-28,SUP-03,Delta Electronics Hub,Tier 1,WH-DEL-01,North Hub (Delhi-NCR),Priority Surface Cargo,234.07,322.18,2024-05-30,2024-05-30,0,On-Time,1,0
SHP-20244183,2025-02-01,SUP-04,Evergreen Raw Materials,Tier 2,WH-DEL-01,North Hub (Delhi-NCR),Priority Surface Cargo,582.16,718.71,2025-02-05,2025-02-05,0,On-Time,1,0
SHP-20244184,2025-06-08,SUP-06,Global Polymer Solutions,Tier 2,WH-DEL-01,North Hub (Delhi-NCR),Standard Rail Transport,710.68,551.45,2025-06-11,2025-06-15,4,Delayed,0,0
SHP-20244185,2025-06-27,SUP-08,Indus Logistics Fab,Tier 3,WH-MUM-02,West Port (Mumbai),Standard Rail Transport,341.64,263.37,2025-07-01,2025-07-02,1,Delayed,0,0
SHP-20244186,2024-02-06,SUP-02,Bharat Heavy Forgings,Tier 1,WH-KOL-04,East Gateway (Kolkata),Regional Truckload,363.71,316.09,2024-02-12,2024-02-19,7,Delayed,0,0
SHP-20244187,2025-04-18,SUP-08,Indus Logistics Fab,Tier 3,WH-DEL-01,North Hub (Delhi-NCR),Priority Surface Cargo,593.26,680.82,2025-04-21,2025-04-23,2,Delayed,0,0
SHP-20244188,2024-06-08,SUP-03,Delta Electronics Hub,Tier 1,WH-DEL-01,North Hub (Delhi-NCR),Standard Rail Transport,98.43,137.99,2024-06-12,2024-06-12,0,On-Time,1,0
SHP-20244189,2024-11-24,SUP-03,Delta Electronics Hub,Tier 1,WH-MUM-02,West Port (Mumbai),Express Air Freight,589.0,1153.36,2024-11-28,2024-11-29,1,Delayed,0,0
SHP-20244190,2024-09-16,SUP-08,Indus Logistics Fab,Tier 3,WH-BLR-03,South Central (Bengaluru),Express Air Freight,54.25,182.28,2024-09-22,2024-09-24,2,Delayed,0,0
SHP-20244191,2025-10-16,SUP-05,Falcon Fasteners Corp,Tier 2,WH-KOL-04,East Gateway (Kolkata),Standard Rail Transport,270.93,206.28,2025-10-19,2025-10-24,5,Delayed,0,0
SHP-20244192,2024-10-23,SUP-01,Apex Precision Components,Tier 1,WH-MUM-02,West Port (Mumbai),Standard Rail Transport,641.04,480.62,2024-10-26,2024-10-26,0,On-Time,1,0
SHP-20244193,2025-04-03,SUP-04,Evergreen Raw Materials,Tier 2,WH-DEL-01,North Hub (Delhi-NCR),Express Air Freight,232.17,476.36,2025-04-05,2025-04-06,1,Delayed,0,0
SHP-20244194,2024-07-16,SUP-01,Apex Precision Components,Tier 1,WH-BLR-03,South Central (Bengaluru),Express Air Freight,420.44,857.94,2024-07-22,2024-07-24,2,Delayed,0,0
SHP-20244195,2024-10-27,SUP-07,Hind Cargo Aggregates,Tier 3,WH-BLR-03,South Central (Bengaluru),Regional Truckload,732.94,520.26,2024-11-02,2024-11-02,0,On-Time,1,0
SHP-20244196,2024-11-14,SUP-01,Apex Precision Components,Tier 1,WH-BLR-03,South Central (Bengaluru),Regional Truckload,546.65,436.46,2024-11-17,2024-11-18,1,Delayed,0,0
SHP-20244197,2025-07-17,SUP-03,Delta Electronics Hub,Tier 1,WH-DEL-01,North Hub (Delhi-NCR),Priority Surface Cargo,136.54,212.44,2025-07-21,2025-07-21,0,On-Time,1,0
SHP-20244198,2025-01-30,SUP-05,Falcon Fasteners Corp,Tier 2,WH-BLR-03,South Central (Bengaluru),Priority Surface Cargo,413.89,495.45,2025-02-01,2025-02-02,1,Delayed,0,0
SHP-20244199,2025-07-09,SUP-02,Bharat Heavy Forgings,Tier 1,WH-DEL-01,North Hub (Delhi-NCR),Standard Rail Transport,120.77,124.04,15/07/2025,2025-07-17,2,delayed  ,0,0
SHP-20244200,2024-10-16,SUP-06,Global Polymer Solutions,Tier 2,WH-MUM-02,West Port (Mumbai),Express Air Freight,267.69,572.86,2024-10-18,2024-10-18,0,On-Time,1,0
SHP-20244201,2024-05-25,SUP-07,Hind Cargo Aggregates,Tier 3,WH-BLR-03,South Central (Bengaluru),Express Air Freight,341.84,709.05,2024-05-27,2024-05-27,0,On-Time,1,0
SHP-20244202,2025-02-26,SUP-04,Evergreen Raw Materials,Tier 2,WH-KOL-04,East Gateway (Kolkata),Priority Surface Cargo,836.82,974.68,2025-03-03,2025-03-04,1,Delayed,0,0
SHP-20244203,2025-06-21,SUP-03,Delta Electronics Hub,Tier 1,WH-DEL-01,North Hub (Delhi-NCR),Standard Rail Transport,352.66,317.95,2025-06-25,2025-06-25,0,On-Time,1,0
SHP-20244204,2024-08-21,SUP-03,Delta Electronics Hub,Tier 1,WH-MUM-02,West Port (Mumbai),Regional Truckload,438.42,325.3,2024-08-23,2024-08-24,1,Delayed,0,0
SHP-20244205,2025-11-03,SUP-05,Falcon Fasteners Corp,Tier 2,WH-DEL-01,North Hub (Delhi-NCR),Regional Truckload,34.34,112.58,2025-11-06,2025-11-09,3,delayed  ,0,0
SHP-20244206,2024-04-22,SUP-03,Delta Electronics Hub,Tier 1,WH-KOL-04,East Gateway (Kolkata),Regional Truckload,637.76,478.09,2024-04-25,2024-04-28,3,Delayed,0,0
SHP-20244207,2024-05-19,SUP-03,Delta Electronics Hub,Tier 1,WH-MUM-02,West Port (Mumbai),Regional Truckload,241.16,208.71,2024-05-25,2024-05-26,1,Delayed,0,0
SHP-20244208,2024-03-07,SUP-07,Hind Cargo Aggregates,Tier 3,WH-DEL-01,North Hub (Delhi-NCR),Regional Truckload,536.28,426.14,2024-03-09,2024-03-09,0,On-Time,1,0
SHP-20244209,2024-04-18,SUP-03,Delta Electronics Hub,Tier 1,WH-BLR-03,South Central (Bengaluru),Priority Surface Cargo,838.47,965.27,2024-04-23,2024-04-23,0,On-Time,1,0
SHP-20244210,2025-04-02,SUP-06,Global Polymer Solutions,Tier 2,WH-DEL-01,North Hub (Delhi-NCR),Express Air Freight,315.47,617.03,2025-04-06,2025-04-10,4,Delayed,0,0
SHP-20244211,2025-07-28,SUP-08,Indus Logistics Fab,Tier 3,WH-MUM-02,West Port (Mumbai),Priority Surface Cargo,584.07,673.78,2025-07-30,2025-08-01,2,Delayed,0,0
SHP-20244212,2025-08-17,SUP-05,Falcon Fasteners Corp,Tier 2,WH-MUM-02,West Port (Mumbai),Priority Surface Cargo,138.34,223.59,2025-08-20,2025-08-20,0,On-Time,1,0
SHP-20244213,2025-12-10,SUP-07,Hind Cargo Aggregates,Tier 3,WH-KOL-04,East Gateway (Kolkata),Priority Surface Cargo,235.56,305.71,2025-12-15,2025-12-17,2,Delayed,0,0
SHP-20244214,2025-04-08,SUP-05,Falcon Fasteners Corp,Tier 2,WH-BLR-03,South Central (Bengaluru),Standard Rail Transport,570.74,437.91,2025-04-12,2025-04-14,2,Delayed,0,0
SHP-20244215,2025-12-17,SUP-04,Evergreen Raw Materials,Tier 2,WH-BLR-03,South Central (Bengaluru),Priority Surface Cargo,67.18,109.57,2025-12-23,2025-12-23,0,On-Time,1,0
SHP-20244216,2025-09-14,SUP-07,Hind Cargo Aggregates,Tier 3,WH-BLR-03,South Central (Bengaluru),Express Air Freight,103.41,283.58,2025-09-20,2025-09-21,1,Delayed,0,0
SHP-20244217,2025-10-05,SUP-06,Global Polymer Solutions,Tier 2,WH-MUM-02,West Port (Mumbai),Priority Surface Cargo,373.32,466.88,2025-10-09,2025-10-10,1,Delayed,0,0
SHP-20244218,2024-08-13,SUP-01,Apex Precision Components,Tier 1,WH-MUM-02,West Port (Mumbai),Regional Truckload,25.31,51.31,2024-08-17,2024-08-17,0,On-Time,1,0
SHP-20244219,2024-11-25,SUP-05,Falcon Fasteners Corp,Tier 2,WH-BLR-03,South Central (Bengaluru),Standard Rail Transport,672.48,531.88,2024-11-27,2024-11-27,0,On-Time,1,0
SHP-20244220,2024-01-20,SUP-05,Falcon Fasteners Corp,Tier 2,WH-DEL-01,North Hub (Delhi-NCR),Standard Rail Transport,45.64,88.62,2024-01-22,2024-01-22,0,On-Time,1,0
SHP-20244221,2025-06-12,SUP-06,Global Polymer Solutions,Tier 2,WH-BLR-03,South Central (Bengaluru),Express Air Freight,662.49,1309.25,2025-06-17,2025-06-17,0,On-Time,1,0
SHP-20244222,2024-08-12,SUP-07,Hind Cargo Aggregates,Tier 3,WH-KOL-04,East Gateway (Kolkata),Standard Rail Transport,507.92,412.51,2024-08-16,2024-08-23,7,Delayed,0,0
SHP-20244223,2024-04-02,SUP-06,Global Polymer Solutions,Tier 2,WH-MUM-02,West Port (Mumbai),Regional Truckload,495.78,377.06,2024-04-05,2024-04-05,0,On-Time,1,0
SHP-20244224,2024-07-25,SUP-01,Apex Precision Components,Tier 1,WH-BLR-03,South Central (Bengaluru),Express Air Freight,618.33,1189.62,2024-07-30,2024-07-31,1,Delayed,0,0
SHP-20244225,2024-03-07,SUP-08,Indus Logistics Fab,Tier 3,WH-MUM-02,West Port (Mumbai),Regional Truckload,535.11,430.54,2024-03-11,2024-03-14,3,Delayed,0,0
SHP-20244226,2025-10-19,SUP-06,Global Polymer Solutions,Tier 2,WH-MUM-02,West Port (Mumbai),Express Air Freight,594.65,1177.65,2025-10-25,2025-10-25,0,On-Time,1,0
SHP-20244227,2025-06-14,SUP-03,Delta Electronics Hub,Tier 1,WH-KOL-04,East Gateway (Kolkata),Priority Surface Cargo,-583.94,701.66,2025-06-18,2025-06-22,4,Delayed,0,0
SHP-20244228,2025-08-24,SUP-06,Global Polymer Solutions,Tier 2,WH-BLR-03,South Central (Bengaluru),Regional Truckload,189.63,214.96,2025-08-28,2025-08-28,0,On-Time,1,0
SHP-20244229,2025-09-18,SUP-04,Evergreen Raw Materials,Tier 2,WH-MUM-02,West Port (Mumbai),Standard Rail Transport,621.3,460.52,2025-09-20,2025-09-20,0,On-Time,1,0
SHP-20244230,2024-03-17,SUP-01,Apex Precision Components,Tier 1,WH-KOL-04,East Gateway (Kolkata),Express Air Freight,22.34,72.81,2024-03-22,2024-03-23,1,Delayed,0,0
SHP-20244231,2024-08-13,SUP-03,Delta Electronics Hub,Tier 1,WH-DEL-01,North Hub (Delhi-NCR),Priority Surface Cargo,35.4,120.5,2024-08-19,2024-08-19,0,On-Time,1,0
SHP-20244232,2024-05-18,SUP-07,Hind Cargo Aggregates,Tier 3,WH-MUM-02,West Port (Mumbai),Express Air Freight,676.77,1345.81,2024-05-24,2024-05-29,5,Delayed,0,0
SHP-20244233,2024-02-02,SUP-01,Apex Precision Components,Tier 1,WH-KOL-04,East Gateway (Kolkata),Express Air Freight,469.8,949.01,2024-02-08,2024-02-09,1,Delayed,0,0
SHP-20244234,2024-09-21,SUP-05,Falcon Fasteners Corp,Tier 2,WH-MUM-02,West Port (Mumbai),Priority Surface Cargo,83.51,171.86,2024-09-26,2024-09-26,0,On-Time,1,0
SHP-20244235,2024-04-07,SUP-04,Evergreen Raw Materials,Tier 2,WH-KOL-04,East Gateway (Kolkata),Priority Surface Cargo,102.99,146.07,2024-04-11,2024-04-18,7,Delayed,0,1
SHP-20244236,2025-08-03,SUP-08,Indus Logistics Fab,Tier 3,WH-BLR-03,South Central (Bengaluru),Express Air Freight,158.96,339.99,2025-08-09,2025-08-10,1,Delayed,0,1
SHP-20244237,2024-08-22,SUP-02,Bharat Heavy Forgings,Tier 1,WH-BLR-03,South Central (Bengaluru),Express Air Freight,382.42,762.48,26/08/2024,2024-08-26,0,On-Time,1,0
SHP-20244238,2025-06-14,SUP-04,Evergreen Raw Materials,Tier 2,WH-BLR-03,South Central (Bengaluru),Regional Truckload,778.09,533.25,2025-06-17,2025-06-17,0,On-Time,1,0
SHP-20244239,2024-10-30,SUP-02,Bharat Heavy Forgings,Tier 1,WH-BLR-03,South Central (Bengaluru),Express Air Freight,656.8,1255.21,2024-11-02,2024-11-02,0,On-Time,1,0
SHP-20244240,2025-07-06,SUP-02,Bharat Heavy Forgings,Tier 1,WH-DEL-01,North Hub (Delhi-NCR),Express Air Freight,556.11,1075.47,2025-07-08,2025-07-08,0,On-Time,1,0
SHP-20244241,2025-06-11,SUP-07,Hind Cargo Aggregates,Tier 3,WH-DEL-01,North Hub (Delhi-NCR),Standard Rail Transport,182.54,195.71,2025-06-16,2025-06-16,0,On-Time,1,0
SHP-20244242,2025-08-25,SUP-08,Indus Logistics Fab,Tier 3,WH-BLR-03,South Central (Bengaluru),Express Air Freight,588.45,1179.65,31/08/2025,2025-08-31,0,On-Time,1,0
SHP-20244243,2024-09-13,SUP-02,Bharat Heavy Forgings,Tier 1,WH-BLR-03,South Central (Bengaluru),Express Air Freight,188.99,378.62,2024-09-16,2024-09-16,0,On-Time,1,0
SHP-20244244,2025-02-06,SUP-06,Global Polymer Solutions,Tier 2,WH-BLR-03,South Central (Bengaluru),Regional Truckload,220.91,181.14,2025-02-12,2025-02-14,2,Delayed,0,1
SHP-20244245,2025-10-07,SUP-04,Evergreen Raw Materials,Tier 2,WH-MUM-02,West Port (Mumbai),Express Air Freight,-446.42,866.24,2025-10-10,2025-10-11,1,Delayed,0,0
SHP-20244246,2025-01-24,SUP-05,Falcon Fasteners Corp,Tier 2,WH-BLR-03,South Central (Bengaluru),Priority Surface Cargo,147.77,207.92,2025-01-28,2025-01-31,3,Delayed,0,0
SHP-20244247,2025-08-23,SUP-02,Bharat Heavy Forgings,Tier 1,WH-KOL-04,East Gateway (Kolkata),Express Air Freight,430.42,833.49,2025-08-29,2025-09-09,11,Delayed,0,0
SHP-20244248,2025-01-04,SUP-06,Global Polymer Solutions,Tier 2,WH-MUM-02,West Port (Mumbai),Regional Truckload,416.13,340.96,2025-01-09,2025-01-14,5,Delayed,0,0
SHP-20244249,2024-10-06,SUP-03,Delta Electronics Hub,Tier 1,WH-BLR-03,South Central (Bengaluru),Regional Truckload,599.73,421.22,2024-10-09,2024-10-11,2,Delayed,0,0
SHP-20244250,2025-02-14,SUP-04,Evergreen Raw Materials,Tier 2,WH-MUM-02,West Port (Mumbai),Priority Surface Cargo,98.62,143.04,2025-02-19,2025-02-19,0,On-Time,1,0
SHP-20244251,2024-02-20,SUP-05,Falcon Fasteners Corp,Tier 2,WH-KOL-04,East Gateway (Kolkata),Express Air Freight,169.27,362.69,2024-02-23,2024-02-23,0,On-Time,1,0
SHP-20244252,2024-02-04,SUP-07,Hind Cargo Aggregates,Tier 3,WH-KOL-04,East Gateway (Kolkata),Priority Surface Cargo,807.01,928.38,2024-02-06,2024-02-13,7,Delayed,0,0
SHP-20244253,2024-09-15,SUP-01,Apex Precision Components,Tier 1,WH-KOL-04,East Gateway (Kolkata),Express Air Freight,719.93,1425.17,2024-09-18,2024-09-23,5,Delayed,0,0
SHP-20244254,2025-08-12,SUP-07,Hind Cargo Aggregates,Tier 3,WH-KOL-04,East Gateway (Kolkata),Express Air Freight,656.41,1300.87,2025-08-15,2025-08-20,5,Delayed,0,0
SHP-20244255,2024-01-24,SUP-03,Delta Electronics Hub,Tier 1,WH-MUM-02,West Port (Mumbai),Express Air Freight,58.79,200.21,2024-01-27,2024-01-28,1,Delayed,0,0
SHP-20244256,2025-03-11,SUP-03,Delta Electronics Hub,Tier 1,WH-MUM-02,West Port (Mumbai),Regional Truckload,162.15,190.93,2025-03-17,2025-03-20,3,Delayed,0,0
SHP-20244257,2025-08-12,SUP-01,Apex Precision Components,Tier 1,WH-DEL-01,North Hub (Delhi-NCR),Regional Truckload,133.3,153.6,2025-08-16,2025-08-16,0,On-Time,1,0
SHP-20244258,2025-06-11,SUP-05,Falcon Fasteners Corp,Tier 2,WH-DEL-01,North Hub (Delhi-NCR),Priority Surface Cargo,689.31,821.36,2025-06-17,2025-06-20,3,Delayed,0,0
SHP-20244259,2024-07-22,SUP-02,Bharat Heavy Forgings,Tier 1,WH-BLR-03,South Central (Bengaluru),Express Air Freight,814.37,1553.87,2024-07-27,2024-07-27,0,On-Time,1,1
SHP-20244260,2025-06-04,SUP-07,Hind Cargo Aggregates,Tier 3,WH-MUM-02,West Port (Mumbai),Standard Rail Transport,24.26,73.28,2025-06-10,2025-06-11,1,Delayed,0,0
SHP-20244261,2025-06-26,SUP-02,Bharat Heavy Forgings,Tier 1,WH-KOL-04,East Gateway (Kolkata),Standard Rail Transport,526.07,422.72,2025-07-01,2025-07-01,0,On-Time,1,0
SHP-20244262,2024-12-30,SUP-07,Hind Cargo Aggregates,Tier 3,WH-DEL-01,North Hub (Delhi-NCR),Standard Rail Transport,122.16,165.04,2025-01-05,2025-01-07,2,Delayed,0,0
SHP-20244263,2025-10-29,SUP-08,Indus Logistics Fab,Tier 3,WH-DEL-01,North Hub (Delhi-NCR),Regional Truckload,493.06,387.01,2025-11-03,2025-11-03,0,On-Time,1,0
SHP-20244264,2025-04-19,SUP-05,Falcon Fasteners Corp,Tier 2,WH-MUM-02,West Port (Mumbai),Priority Surface Cargo,552.23,663.03,2025-04-21,2025-04-24,3,Delayed,0,0
SHP-20244265,2025-10-16,SUP-08,Indus Logistics Fab,Tier 3,WH-BLR-03,South Central (Bengaluru),Priority Surface Cargo,825.79,975.64,2025-10-19,2025-10-24,5,Delayed,0,0
SHP-20244266,2024-08-08,SUP-01,Apex Precision Components,Tier 1,WH-BLR-03,South Central (Bengaluru),Regional Truckload,491.06,360.68,2024-08-12,2024-08-12,0,On-Time,1,0
SHP-20244267,2024-09-06,SUP-08,Indus Logistics Fab,Tier 3,WH-DEL-01,North Hub (Delhi-NCR),Priority Surface Cargo,778.46,889.31,2024-09-10,2024-09-10,0,On-Time,1,0
SHP-20244268,2025-09-22,SUP-01,Apex Precision Components,Tier 1,WH-KOL-04,East Gateway (Kolkata),Regional Truckload,47.72,70.06,2025-09-27,2025-09-27,0,On-Time,1,0
SHP-20244269,2025-09-05,SUP-04,Evergreen Raw Materials,Tier 2,WH-BLR-03,South Central (Bengaluru),Regional Truckload,540.95,379.39,2025-09-09,2025-09-11,2,Delayed,0,0
SHP-20244270,2024-10-10,SUP-04,Evergreen Raw Materials,Tier 2,WH-MUM-02,West Port (Mumbai),Regional Truckload,-733.89,509.68,2024-10-13,2024-10-17,4,Delayed,0,0
SHP-20244271,2024-11-15,SUP-02,Bharat Heavy Forgings,Tier 1,WH-KOL-04,East Gateway (Kolkata),Express Air Freight,584.66,1122.07,2024-11-21,2024-11-21,0,On-Time,1,0
SHP-20244272,2025-04-13,SUP-02,Bharat Heavy Forgings,Tier 1,WH-KOL-04,East Gateway (Kolkata),Regional Truckload,194.92,173.51,2025-04-19,2025-04-29,10,Delayed,0,0
SHP-20244273,2025-09-04,SUP-07,Hind Cargo Aggregates,Tier 3,WH-DEL-01,North Hub (Delhi-NCR),Express Air Freight,30.44,91.77,2025-09-07,2025-09-12,5,Delayed,0,0
SHP-20244274,2024-02-10,SUP-05,Falcon Fasteners Corp,Tier 2,WH-MUM-02,West Port (Mumbai),Regional Truckload,539.51,436.14,2024-02-12,2024-02-13,1,Delayed,0,0
SHP-20244275,2025-11-26,SUP-08,Indus Logistics Fab,Tier 3,WH-MUM-02,West Port (Mumbai),Standard Rail Transport,764.19,534.83,2025-12-01,2025-12-05,4,Delayed,0,0
SHP-20244276,2024-03-06,SUP-02,Bharat Heavy Forgings,Tier 1,WH-MUM-02,West Port (Mumbai),Regional Truckload,191.45,201.57,2024-03-12,2024-03-14,2,Delayed,0,0
SHP-20244277,2024-01-02,SUP-06,Global Polymer Solutions,Tier 2,WH-DEL-01,North Hub (Delhi-NCR),Priority Surface Cargo,674.4,781.81,2024-01-06,2024-01-07,1,Delayed,0,0
SHP-20244278,2024-06-27,SUP-06,Global Polymer Solutions,Tier 2,WH-DEL-01,North Hub (Delhi-NCR),Regional Truckload,517.57,412.49,2024-06-30,2024-06-30,0,On-Time,1,0
SHP-20244279,2024-07-11,SUP-01,Apex Precision Components,Tier 1,WH-KOL-04,East Gateway (Kolkata),Express Air Freight,615.15,1173.44,2024-07-17,2024-07-23,6,Delayed,0,0
SHP-20244280,2024-05-30,SUP-02,Bharat Heavy Forgings,Tier 1,WH-MUM-02,West Port (Mumbai),Express Air Freight,452.02,878.85,2024-06-01,2024-06-01,0,On-Time,1,0
SHP-20244281,2024-12-06,SUP-02,Bharat Heavy Forgings,Tier 1,WH-MUM-02,West Port (Mumbai),Priority Surface Cargo,428.53,550.2,2024-12-11,2024-12-15,4,Delayed,0,0
SHP-20244282,2024-02-13,SUP-02,Bharat Heavy Forgings,Tier 1,WH-KOL-04,East Gateway (Kolkata),Regional Truckload,453.58,364.03,2024-02-15,2024-02-16,1,Delayed,0,0
SHP-20244283,2025-09-08,SUP-05,Falcon Fasteners Corp,Tier 2,WH-KOL-04,East Gateway (Kolkata),Standard Rail Transport,625.11,434.07,2025-09-13,2025-09-13,0,On-Time,1,0
SHP-20244284,2024-07-29,SUP-01,Apex Precision Components,Tier 1,WH-BLR-03,South Central (Bengaluru),Priority Surface Cargo,430.66,548.05,2024-08-03,2024-08-08,5,Delayed,0,0
SHP-20244285,2024-05-01,SUP-05,Falcon Fasteners Corp,Tier 2,WH-MUM-02,West Port (Mumbai),Priority Surface Cargo,534.74,650.55,2024-05-06,2024-05-06,0,On-Time,1,0
SHP-20244286,2025-06-22,SUP-08,Indus Logistics Fab,Tier 3,WH-DEL-01,North Hub (Delhi-NCR),Express Air Freight,503.47,960.66,2025-06-24,2025-06-25,1,Delayed,0,1
SHP-20244287,2025-03-21,SUP-03,Delta Electronics Hub,Tier 1,WH-BLR-03,South Central (Bengaluru),Regional Truckload,772.32,532.44,2025-03-23,2025-03-23,0,On-Time,1,0
SHP-20244288,2024-09-21,SUP-07,Hind Cargo Aggregates,Tier 3,WH-MUM-02,West Port (Mumbai),Standard Rail Transport,217.09,235.23,2024-09-23,2024-09-23,0,On-Time,1,0
SHP-20244289,2025-12-06,SUP-01,Apex Precision Components,Tier 1,WH-MUM-02,West Port (Mumbai),Express Air Freight,761.72,1491.63,2025-12-11,2025-12-12,1,Delayed,0,0
SHP-20244290,2025-09-07,SUP-06,Global Polymer Solutions,Tier 2,WH-KOL-04,East Gateway (Kolkata),Regional Truckload,541.48,435.17,2025-09-10,2025-09-11,1,Delayed,0,0
SHP-20244291,2025-08-01,SUP-07,Hind Cargo Aggregates,Tier 3,WH-BLR-03,South Central (Bengaluru),Express Air Freight,602.74,1203.85,2025-08-07,2025-08-17,10,Delayed,0,0
SHP-20244292,2024-10-01,SUP-07,Hind Cargo Aggregates,Tier 3,WH-KOL-04,East Gateway (Kolkata),Standard Rail Transport,547.18,413.75,2024-10-05,2024-10-14,9,Delayed,0,0
SHP-20244293,2025-03-29,SUP-01,Apex Precision Components,Tier 1,WH-KOL-04,East Gateway (Kolkata),Express Air Freight,652.77,1300.63,2025-04-03,2025-04-07,4,Delayed,0,0
SHP-20244294,2025-03-24,SUP-01,Apex Precision Components,Tier 1,WH-MUM-02,West Port (Mumbai),Standard Rail Transport,605.25,432.41,2025-03-27,2025-03-27,0,On-Time,1,0
SHP-20244295,2024-12-15,SUP-08,Indus Logistics Fab,Tier 3,WH-MUM-02,West Port (Mumbai),Priority Surface Cargo,202.31,317.24,2024-12-21,2024-12-26,5,Delayed,0,0
SHP-20244296,2024-06-11,SUP-03,Delta Electronics Hub,Tier 1,WH-DEL-01,North Hub (Delhi-NCR),Express Air Freight,465.6,948.59,2024-06-17,2024-06-20,3,Delayed,0,0
SHP-20244297,2025-08-13,SUP-07,Hind Cargo Aggregates,Tier 3,WH-MUM-02,West Port (Mumbai),Express Air Freight,670.08,1279.63,2025-08-19,2025-08-25,6,Delayed,0,0
SHP-20244298,2024-07-23,SUP-08,Indus Logistics Fab,Tier 3,WH-DEL-01,North Hub (Delhi-NCR),Regional Truckload,24.09,78.54,2024-07-28,2024-07-28,0,On-Time,1,0
SHP-20244299,2024-08-06,SUP-06,Global Polymer Solutions,Tier 2,WH-DEL-01,North Hub (Delhi-NCR),Regional Truckload,788.9,571.56,2024-08-10,2024-08-14,4,Delayed,0,0
SHP-20244300,2024-05-27,SUP-04,Evergreen Raw Materials,Tier 2,WH-KOL-04,East Gateway (Kolkata),Express Air Freight,776.52,1478.48,2024-05-30,2024-05-30,0,On-Time,1,0
SHP-20244301,2025-09-20,SUP-08,Indus Logistics Fab,Tier 3,WH-MUM-02,West Port (Mumbai),Express Air Freight,36.8,114.21,2025-09-22,2025-09-25,3,Delayed,0,0
SHP-20244302,2024-07-08,SUP-05,Falcon Fasteners Corp,Tier 2,WH-BLR-03,South Central (Bengaluru),Regional Truckload,107.05,145.95,2024-07-10,2024-07-10,0,On-Time,1,0
SHP-20244303,2024-11-18,SUP-07,Hind Cargo Aggregates,Tier 3,WH-DEL-01,North Hub (Delhi-NCR),Priority Surface Cargo,701.26,856.13,2024-11-20,2024-11-20,0,On-Time,1,0
SHP-20244304,2025-09-21,SUP-02,Bharat Heavy Forgings,Tier 1,WH-KOL-04,East Gateway (Kolkata),Standard Rail Transport,730.36,506.46,2025-09-25,2025-09-25,0,On-Time,1,0
SHP-20244305,2025-05-03,SUP-03,Delta Electronics Hub,Tier 1,WH-MUM-02,West Port (Mumbai),Priority Surface Cargo,504.26,596.47,2025-05-09,2025-05-10,1,Delayed,0,0
SHP-20244306,2024-07-13,SUP-02,Bharat Heavy Forgings,Tier 1,WH-BLR-03,South Central (Bengaluru),Regional Truckload,228.94,222.52,18/07/2024,2024-07-19,1,Delayed,0,0
SHP-20244307,2024-12-30,SUP-08,Indus Logistics Fab,Tier 3,WH-DEL-01,North Hub (Delhi-NCR),Standard Rail Transport,145.68,181.81,2025-01-01,2025-01-06,5,Delayed,0,0
SHP-20244308,2024-03-19,SUP-08,Indus Logistics Fab,Tier 3,WH-DEL-01,North Hub (Delhi-NCR),Standard Rail Transport,730.91,569.54,2024-03-24,2024-03-28,4,Delayed,0,0
SHP-20244309,2025-10-07,SUP-03,Delta Electronics Hub,Tier 1,WH-KOL-04,East Gateway (Kolkata),Express Air Freight,317.59,644.22,2025-10-09,2025-10-09,0,On-Time,1,0
SHP-20244310,2025-03-08,SUP-01,Apex Precision Components,Tier 1,WH-MUM-02,West Port (Mumbai),Standard Rail Transport,253.42,232.21,2025-03-10,2025-03-10,0,On-Time,1,0
SHP-20244311,2024-11-17,SUP-02,Bharat Heavy Forgings,Tier 1,WH-DEL-01,North Hub (Delhi-NCR),Express Air Freight,264.29,518.32,2024-11-23,2024-11-25,2,Delayed,0,0
SHP-20244312,2025-08-11,SUP-05,Falcon Fasteners Corp,Tier 2,WH-MUM-02,West Port (Mumbai),Regional Truckload,251.47,208.38,2025-08-17,2025-08-18,1,Delayed,0,0
SHP-20244313,2024-03-26,SUP-03,Delta Electronics Hub,Tier 1,WH-MUM-02,West Port (Mumbai),Regional Truckload,737.72,564.53,2024-04-01,2024-04-01,0,On-Time,1,0
SHP-20244314,2025-09-13,SUP-08,Indus Logistics Fab,Tier 3,WH-MUM-02,West Port (Mumbai),Express Air Freight,385.11,792.79,2025-09-19,2025-09-19,0,On-Time,1,0
SHP-20244315,2024-02-21,SUP-05,Falcon Fasteners Corp,Tier 2,WH-MUM-02,West Port (Mumbai),Standard Rail Transport,22.0,61.76,2024-02-25,2024-02-26,1,Delayed,0,0
SHP-20244316,2025-08-09,SUP-01,Apex Precision Components,Tier 1,WH-MUM-02,West Port (Mumbai),Regional Truckload,20.08,53.25,2025-08-12,2025-08-12,0,On-Time,1,0
SHP-20244317,2025-04-24,SUP-06,Global Polymer Solutions,Tier 2,WH-BLR-03,South Central (Bengaluru),Priority Surface Cargo,423.46,508.87,2025-04-30,2025-04-30,0,On-Time,1,0
SHP-20244318,2025-07-26,SUP-01,Apex Precision Components,Tier 1,WH-MUM-02,West Port (Mumbai),Regional Truckload,63.53,121.27,2025-07-29,2025-07-29,0,On-Time,1,0
SHP-20244319,2024-07-30,SUP-03,Delta Electronics Hub,Tier 1,WH-BLR-03,South Central (Bengaluru),Regional Truckload,310.34,294.66,2024-08-04,2024-08-04,0,On-Time,1,0
SHP-20244320,2024-06-24,SUP-04,Evergreen Raw Materials,Tier 2,WH-BLR-03,South Central (Bengaluru),Standard Rail Transport,49.35,68.16,2024-06-30,2024-06-30,0,On-Time,1,0
SHP-20244321,2025-06-02,SUP-05,Falcon Fasteners Corp,Tier 2,WH-KOL-04,East Gateway (Kolkata),Express Air Freight,750.34,1432.82,2025-06-05,2025-06-06,1,Delayed,0,0
SHP-20244322,2024-10-22,SUP-04,Evergreen Raw Materials,Tier 2,WH-BLR-03,South Central (Bengaluru),Express Air Freight,779.71,1468.28,2024-10-26,2024-11-01,6,Delayed,0,0
SHP-20244323,2024-12-27,SUP-08,Indus Logistics Fab,Tier 3,WH-MUM-02,West Port (Mumbai),Standard Rail Transport,215.44,189.7,2025-01-01,2025-01-02,1,Delayed,0,0
SHP-20244324,2025-11-20,SUP-07,Hind Cargo Aggregates,Tier 3,WH-DEL-01,North Hub (Delhi-NCR),Express Air Freight,581.0,1131.67,2025-11-25,2025-11-29,4,Delayed,0,0
SHP-20244325,2025-04-06,SUP-07,Hind Cargo Aggregates,Tier 3,WH-MUM-02,West Port (Mumbai),Regional Truckload,69.57,71.91,2025-04-08,2025-04-08,0,On-Time,1,0
SHP-20244326,2024-02-25,SUP-03,Delta Electronics Hub,Tier 1,WH-BLR-03,South Central (Bengaluru),Express Air Freight,706.59,1352.08,2024-03-01,2024-03-01,0,On-Time,1,0
SHP-20244327,2025-02-16,SUP-08,Indus Logistics Fab,Tier 3,WH-KOL-04,East Gateway (Kolkata),Express Air Freight,826.14,1610.48,2025-02-19,2025-02-22,3,Delayed,0,0
SHP-20244328,2025-01-26,SUP-08,Indus Logistics Fab,Tier 3,WH-MUM-02,West Port (Mumbai),Standard Rail Transport,442.73,373.3,2025-02-01,2025-02-05,4,Delayed,0,0
SHP-20244329,2024-12-11,SUP-02,Bharat Heavy Forgings,Tier 1,WH-DEL-01,North Hub (Delhi-NCR),Express Air Freight,342.93,690.29,2024-12-13,2024-12-18,5,Delayed,0,0
SHP-20244330,2025-02-03,SUP-07,Hind Cargo Aggregates,Tier 3,WH-DEL-01,North Hub (Delhi-NCR),Regional Truckload,552.64,419.02,2025-02-08,2025-02-08,0,On-Time,1,0
SHP-20244331,2024-06-13,SUP-06,Global Polymer Solutions,Tier 2,WH-KOL-04,East Gateway (Kolkata),Standard Rail Transport,490.89,410.65,2024-06-16,2024-06-21,5,Delayed,0,0
SHP-20244332,2024-09-02,SUP-07,Hind Cargo Aggregates,Tier 3,WH-DEL-01,North Hub (Delhi-NCR),Standard Rail Transport,226.88,233.32,2024-09-07,2024-09-12,5,Delayed,0,0
SHP-20244333,2024-01-10,SUP-01,Apex Precision Components,Tier 1,WH-BLR-03,South Central (Bengaluru),Priority Surface Cargo,372.74,449.48,2024-01-12,2024-01-12,0,On-Time,1,0
SHP-20244334,2025-03-25,SUP-02,Bharat Heavy Forgings,Tier 1,WH-MUM-02,West Port (Mumbai),Express Air Freight,642.65,1260.21,2025-03-27,2025-03-27,0,On-Time,1,0
SHP-20244335,2024-01-11,SUP-06,Global Polymer Solutions,Tier 2,WH-MUM-02,West Port (Mumbai),Priority Surface Cargo,804.02,971.42,2024-01-13,2024-01-13,0,On-Time,1,0
SHP-20244336,2025-02-27,SUP-04,Evergreen Raw Materials,Tier 2,WH-BLR-03,South Central (Bengaluru),Regional Truckload,234.84,220.37,2025-03-04,2025-03-05,1,Delayed,0,0
SHP-20244337,2024-04-07,SUP-05,Falcon Fasteners Corp,Tier 2,WH-DEL-01,North Hub (Delhi-NCR),Standard Rail Transport,127.29,146.72,2024-04-13,2024-04-18,5,Delayed,0,0
SHP-20244338,2025-07-18,SUP-03,Delta Electronics Hub,Tier 1,WH-MUM-02,West Port (Mumbai),Standard Rail Transport,735.58,524.5,2025-07-24,2025-07-24,0,On-Time,1,0
SHP-20244339,2024-12-20,SUP-01,Apex Precision Components,Tier 1,WH-KOL-04,East Gateway (Kolkata),Priority Surface Cargo,61.32,148.99,2024-12-25,2024-12-29,4,Delayed,0,0
SHP-20244340,2024-03-19,SUP-07,Hind Cargo Aggregates,Tier 3,WH-KOL-04,East Gateway (Kolkata),Standard Rail Transport,555.24,388.49,2024-03-21,2024-03-28,7,Delayed,0,0
SHP-20244341,2024-09-12,SUP-03,Delta Electronics Hub,Tier 1,WH-DEL-01,North Hub (Delhi-NCR),Priority Surface Cargo,750.21,871.2,2024-09-16,2024-09-16,0,On-Time,1,0
SHP-20244342,2024-02-09,SUP-04,Evergreen Raw Materials,Tier 2,WH-DEL-01,North Hub (Delhi-NCR),Express Air Freight,595.35,1155.83,2024-02-12,2024-02-13,1,Delayed,0,0
SHP-20244343,2024-02-20,SUP-07,Hind Cargo Aggregates,Tier 3,WH-KOL-04,East Gateway (Kolkata),Express Air Freight,483.09,978.45,2024-02-24,2024-02-26,2,Delayed,0,0
SHP-20244344,2024-10-07,SUP-02,Bharat Heavy Forgings,Tier 1,WH-KOL-04,East Gateway (Kolkata),Regional Truckload,333.79,253.01,2024-10-12,2024-10-12,0,On-Time,1,0
SHP-20244345,2025-10-09,SUP-01,Apex Precision Components,Tier 1,WH-MUM-02,West Port (Mumbai),Standard Rail Transport,25.8,99.85,2025-10-15,2025-10-15,0,On-Time,1,0
SHP-20244346,2025-12-11,SUP-01,Apex Precision Components,Tier 1,WH-KOL-04,East Gateway (Kolkata),Regional Truckload,561.36,447.75,2025-12-13,2025-12-13,0,On-Time,1,0
SHP-20244347,2025-09-20,SUP-02,Bharat Heavy Forgings,Tier 1,WH-BLR-03,South Central (Bengaluru),Priority Surface Cargo,379.04,492.91,2025-09-24,2025-09-25,1,Delayed,0,0
SHP-20244348,2025-03-24,SUP-01,Apex Precision Components,Tier 1,WH-BLR-03,South Central (Bengaluru),Regional Truckload,142.41,142.71,2025-03-30,2025-03-31,1,Delayed,0,0
SHP-20244349,2025-07-16,SUP-07,Hind Cargo Aggregates,Tier 3,WH-MUM-02,West Port (Mumbai),Standard Rail Transport,67.21,108.23,2025-07-22,2025-07-22,0,On-Time,1,0
SHP-20244350,2024-12-09,SUP-02,Bharat Heavy Forgings,Tier 1,WH-DEL-01,North Hub (Delhi-NCR),Priority Surface Cargo,591.82,692.65,2024-12-15,2024-12-15,0,On-Time,1,0
SHP-20244351,2025-06-13,SUP-08,Indus Logistics Fab,Tier 3,WH-MUM-02,West Port (Mumbai),Standard Rail Transport,814.87,555.93,2025-06-15,2025-06-15,0,On-Time,1,0
SHP-20244352,2024-05-13,SUP-02,Bharat Heavy Forgings,Tier 1,WH-BLR-03,South Central (Bengaluru),Standard Rail Transport,47.71,56.32,2024-05-19,2024-05-19,0,On-Time,1,0
SHP-20244353,2024-06-03,SUP-01,Apex Precision Components,Tier 1,WH-KOL-04,East Gateway (Kolkata),Express Air Freight,715.02,1381.81,2024-06-07,2024-06-07,0,On-Time,1,0
SHP-20244354,2024-02-11,SUP-04,Evergreen Raw Materials,Tier 2,WH-MUM-02,West Port (Mumbai),Regional Truckload,373.75,276.04,2024-02-17,2024-02-17,0,On-Time,1,0
SHP-20244355,2024-06-21,SUP-02,Bharat Heavy Forgings,Tier 1,WH-BLR-03,South Central (Bengaluru),Regional Truckload,426.76,313.8,2024-06-24,2024-06-25,1,Delayed,0,0
SHP-20244356,2024-05-09,SUP-02,Bharat Heavy Forgings,Tier 1,WH-DEL-01,North Hub (Delhi-NCR),Express Air Freight,795.76,1521.53,2024-05-11,2024-05-11,0,On-Time,1,0
SHP-20244357,2025-08-20,SUP-04,Evergreen Raw Materials,Tier 2,WH-KOL-04,East Gateway (Kolkata),Standard Rail Transport,316.54,262.76,2025-08-25,2025-08-25,0,On-Time,1,0
SHP-20244358,2024-06-21,SUP-06,Global Polymer Solutions,Tier 2,WH-KOL-04,East Gateway (Kolkata),Standard Rail Transport,425.5,354.5,2024-06-27,2024-07-01,4,Delayed,0,0
SHP-20244359,2024-12-27,SUP-01,Apex Precision Components,Tier 1,WH-BLR-03,South Central (Bengaluru),Regional Truckload,289.24,280.16,2024-12-30,2024-12-31,1,delayed  ,0,0
SHP-20244360,2024-04-12,SUP-01,Apex Precision Components,Tier 1,WH-BLR-03,South Central (Bengaluru),Express Air Freight,470.74,934.58,2024-04-17,2024-04-22,5,Delayed,0,0
SHP-20244361,2025-11-15,SUP-04,Evergreen Raw Materials,Tier 2,WH-BLR-03,South Central (Bengaluru),Standard Rail Transport,789.54,580.81,2025-11-18,2025-11-18,0,On-Time,1,0
SHP-20244362,2025-10-23,SUP-08,Indus Logistics Fab,Tier 3,WH-DEL-01,North Hub (Delhi-NCR),Regional Truckload,600.0,472.39,2025-10-29,2025-10-31,2,Delayed,0,0
SHP-20244363,2024-08-06,SUP-03,Delta Electronics Hub,Tier 1,WH-DEL-01,North Hub (Delhi-NCR),Regional Truckload,87.13,102.23,2024-08-09,2024-08-09,0,On-Time,1,0
SHP-20244364,2024-10-18,SUP-07,Hind Cargo Aggregates,Tier 3,WH-KOL-04,East Gateway (Kolkata),Regional Truckload,283.46,230.12,2024-10-20,2024-10-24,4,Delayed,0,0
SHP-20244365,2024-08-18,SUP-05,Falcon Fasteners Corp,Tier 2,WH-KOL-04,East Gateway (Kolkata),Express Air Freight,171.59,389.4,2024-08-20,2024-08-28,8,Delayed,0,0
SHP-20244366,2025-10-12,SUP-05,Falcon Fasteners Corp,Tier 2,WH-DEL-01,North Hub (Delhi-NCR),Standard Rail Transport,767.94,556.22,2025-10-15,2025-10-15,0,On-Time,1,0
SHP-20244367,2025-04-08,SUP-07,Hind Cargo Aggregates,Tier 3,WH-MUM-02,West Port (Mumbai),Regional Truckload,474.5,353.75,2025-04-10,2025-04-11,1,Delayed,0,0
SHP-20244368,2025-04-27,SUP-01,Apex Precision Components,Tier 1,WH-MUM-02,West Port (Mumbai),Standard Rail Transport,730.31,552.18,2025-05-03,2025-05-03,0,On-Time,1,0
SHP-20244369,2025-05-30,SUP-06,Global Polymer Solutions,Tier 2,WH-DEL-01,North Hub (Delhi-NCR),Priority Surface Cargo,430.23,528.21,2025-06-05,2025-06-06,1,Delayed,0,0
SHP-20244370,2025-09-24,SUP-01,Apex Precision Components,Tier 1,WH-DEL-01,North Hub (Delhi-NCR),Standard Rail Transport,642.55,499.49,2025-09-27,2025-09-27,0,On-Time,1,0
SHP-20244371,2024-07-31,SUP-01,Apex Precision Components,Tier 1,WH-BLR-03,South Central (Bengaluru),Regional Truckload,570.16,429.47,2024-08-03,2024-08-03,0,On-Time,1,0
SHP-20244372,2025-12-08,SUP-04,Evergreen Raw Materials,Tier 2,WH-DEL-01,North Hub (Delhi-NCR),Priority Surface Cargo,765.49,877.68,2025-12-13,2025-12-13,0,On-Time,1,0
SHP-20244373,2024-04-07,SUP-03,Delta Electronics Hub,Tier 1,WH-KOL-04,East Gateway (Kolkata),Regional Truckload,781.22,535.56,2024-04-12,2024-04-12,0,On-Time,1,0
SHP-20244374,2024-07-29,SUP-02,Bharat Heavy Forgings,Tier 1,WH-MUM-02,West Port (Mumbai),Express Air Freight,225.65,454.35,2024-08-02,2024-08-02,0,On-Time,1,0
SHP-20244375,2024-02-29,SUP-02,Bharat Heavy Forgings,Tier 1,WH-DEL-01,North Hub (Delhi-NCR),Standard Rail Transport,628.33,485.64,2024-03-06,2024-03-06,0,On-Time,1,0
SHP-20244376,2025-09-21,SUP-03,Delta Electronics Hub,Tier 1,WH-MUM-02,West Port (Mumbai),Priority Surface Cargo,231.71,283.64,2025-09-25,2025-09-25,0,On-Time,1,0
SHP-20244377,2025-06-25,SUP-05,Falcon Fasteners Corp,Tier 2,WH-BLR-03,South Central (Bengaluru),Regional Truckload,417.58,307.84,2025-06-28,2025-06-30,2,Delayed,0,1
SHP-20244378,2024-12-23,SUP-05,Falcon Fasteners Corp,Tier 2,WH-KOL-04,East Gateway (Kolkata),Express Air Freight,351.27,702.4,2024-12-26,2024-12-26,0,On-Time,1,0
SHP-20244379,2025-05-07,SUP-06,Global Polymer Solutions,Tier 2,WH-KOL-04,East Gateway (Kolkata),Express Air Freight,93.51,247.47,2025-05-13,2025-05-18,5,Delayed,0,1
SHP-20244380,2024-09-07,SUP-01,Apex Precision Components,Tier 1,WH-BLR-03,South Central (Bengaluru),Express Air Freight,251.91,496.28,2024-09-10,2024-09-10,0,On-Time,1,0
SHP-20244381,2025-05-13,SUP-04,Evergreen Raw Materials,Tier 2,WH-DEL-01,North Hub (Delhi-NCR),Standard Rail Transport,518.24,395.07,2025-05-18,2025-05-18,0,On-Time,1,0
SHP-20244382,2024-03-07,SUP-02,Bharat Heavy Forgings,Tier 1,WH-MUM-02,West Port (Mumbai),Standard Rail Transport,497.29,354.56,2024-03-11,2024-03-16,5,Delayed,0,0
SHP-20244383,2025-02-15,SUP-08,Indus Logistics Fab,Tier 3,WH-KOL-04,East Gateway (Kolkata),Priority Surface Cargo,386.54,517.9,2025-02-17,2025-02-23,6,Delayed,0,0
SHP-20244384,2025-07-12,SUP-06,Global Polymer Solutions,Tier 2,WH-DEL-01,North Hub (Delhi-NCR),Priority Surface Cargo,187.07,283.82,2025-07-18,2025-07-18,0,On-Time,1,0
SHP-20244385,2024-07-30,SUP-04,Evergreen Raw Materials,Tier 2,WH-DEL-01,North Hub (Delhi-NCR),Regional Truckload,841.4,575.16,2024-08-05,2024-08-06,1,Delayed,0,0
SHP-20244386,2024-04-25,SUP-03,Delta Electronics Hub,Tier 1,WH-DEL-01,North Hub (Delhi-NCR),Regional Truckload,712.03,527.27,2024-04-27,2024-04-28,1,Delayed,0,0
SHP-20244387,2025-05-11,SUP-01,Apex Precision Components,Tier 1,WH-MUM-02,West Port (Mumbai),Regional Truckload,573.25,430.04,2025-05-16,2025-05-17,1,Delayed,0,0
SHP-20244388,2024-12-12,SUP-01,Apex Precision Components,Tier 1,WH-DEL-01,North Hub (Delhi-NCR),Priority Surface Cargo,79.24,115.38,2024-12-14,2024-12-15,1,Delayed,0,0
SHP-20244389,2024-10-08,SUP-07,Hind Cargo Aggregates,Tier 3,WH-KOL-04,East Gateway (Kolkata),Regional Truckload,805.86,573.96,2024-10-10,2024-10-14,4,Delayed,0,0
SHP-20244390,2025-07-27,SUP-05,Falcon Fasteners Corp,Tier 2,WH-MUM-02,West Port (Mumbai),Standard Rail Transport,511.97,370.88,2025-07-29,2025-08-04,6,Delayed,0,0
SHP-20244391,2025-07-30,SUP-03,Delta Electronics Hub,Tier 1,WH-DEL-01,North Hub (Delhi-NCR),Regional Truckload,245.91,227.22,2025-08-03,2025-08-03,0,On-Time,1,0
SHP-20244392,2024-01-13,SUP-07,Hind Cargo Aggregates,Tier 3,WH-DEL-01,North Hub (Delhi-NCR),Regional Truckload,757.67,569.74,2024-01-19,2024-01-19,0,On-Time,1,0
SHP-20244393,2024-04-05,SUP-07,Hind Cargo Aggregates,Tier 3,WH-KOL-04,East Gateway (Kolkata),Express Air Freight,722.2,1407.39,2024-04-08,2024-04-10,2,Delayed,0,0
SHP-20244394,2024-08-11,SUP-05,Falcon Fasteners Corp,Tier 2,WH-BLR-03,South Central (Bengaluru),Express Air Freight,223.54,496.56,2024-08-13,2024-08-16,3,Delayed,0,0
SHP-20244395,2025-04-02,SUP-06,Global Polymer Solutions,Tier 2,WH-KOL-04,East Gateway (Kolkata),Priority Surface Cargo,128.7,203.4,2025-04-07,2025-04-07,0,On-Time,1,0
SHP-20244396,2025-12-16,SUP-03,Delta Electronics Hub,Tier 1,WH-MUM-02,West Port (Mumbai),Standard Rail Transport,199.22,190.06,2025-12-20,2025-12-20,0,On-Time,1,0
SHP-20244397,2024-10-07,SUP-04,Evergreen Raw Materials,Tier 2,WH-DEL-01,North Hub (Delhi-NCR),Regional Truckload,713.54,538.6,10/10/2024,2024-10-10,0,On-Time,1,0
SHP-20244398,2025-10-04,SUP-06,Global Polymer Solutions,Tier 2,WH-MUM-02,West Port (Mumbai),Standard Rail Transport,221.65,175.35,2025-10-08,2025-10-10,2,delayed  ,0,0
SHP-20244399,2024-08-09,SUP-03,Delta Electronics Hub,Tier 1,WH-MUM-02,West Port (Mumbai),Priority Surface Cargo,548.28,654.51,2024-08-15,2024-08-15,0,On-Time,1,0
SHP-20244400,2024-12-12,SUP-08,Indus Logistics Fab,Tier 3,WH-KOL-04,East Gateway (Kolkata),Express Air Freight,604.61,1143.78,2024-12-18,2024-12-28,10,Delayed,0,0
SHP-20244401,2025-12-09,SUP-03,Delta Electronics Hub,Tier 1,WH-MUM-02,West Port (Mumbai),Priority Surface Cargo,488.71,565.74,2025-12-13,2025-12-13,0,On-Time,1,0
SHP-20244402,2024-04-04,SUP-03,Delta Electronics Hub,Tier 1,WH-MUM-02,West Port (Mumbai),Standard Rail Transport,68.37,102.97,2024-04-07,2024-04-07,0,On-Time,1,0
SHP-20244403,2024-08-03,SUP-05,Falcon Fasteners Corp,Tier 2,WH-MUM-02,West Port (Mumbai),Regional Truckload,436.15,339.47,2024-08-05,2024-08-07,2,Delayed,0,0
SHP-20244404,2025-09-15,SUP-04,Evergreen Raw Materials,Tier 2,WH-KOL-04,East Gateway (Kolkata),Express Air Freight,283.95,593.61,2025-09-21,2025-09-22,1,Delayed,0,0
SHP-20244405,2024-04-11,SUP-01,Apex Precision Components,Tier 1,WH-MUM-02,West Port (Mumbai),Regional Truckload,143.05,162.69,2024-04-13,2024-04-13,0,On-Time,1,0
SHP-20244406,2025-01-31,SUP-07,Hind Cargo Aggregates,Tier 3,WH-MUM-02,West Port (Mumbai),Priority Surface Cargo,484.24,566.86,2025-02-02,2025-02-02,0,On-Time,1,0
SHP-20244407,2025-12-03,SUP-01,Apex Precision Components,Tier 1,WH-DEL-01,North Hub (Delhi-NCR),Priority Surface Cargo,496.63,626.34,2025-12-08,2025-12-08,0,On-Time,1,0
SHP-20244408,2024-08-23,SUP-08,Indus Logistics Fab,Tier 3,WH-KOL-04,East Gateway (Kolkata),Standard Rail Transport,422.92,333.24,2024-08-27,2024-09-01,5,Delayed,0,0
SHP-20244409,2025-05-03,SUP-06,Global Polymer Solutions,Tier 2,WH-MUM-02,West Port (Mumbai),Regional Truckload,529.34,426.64,2025-05-06,2025-05-06,0,On-Time,1,0
SHP-20244410,2024-04-08,SUP-06,Global Polymer Solutions,Tier 2,WH-MUM-02,West Port (Mumbai),Regional Truckload,732.65,537.96,2024-04-12,2024-04-17,5,Delayed,0,0
SHP-20244411,2025-08-31,SUP-07,Hind Cargo Aggregates,Tier 3,WH-KOL-04,East Gateway (Kolkata),Regional Truckload,193.43,203.42,2025-09-04,2025-09-13,9,Delayed,0,0
SHP-20244412,2024-01-24,SUP-02,Bharat Heavy Forgings,Tier 1,WH-KOL-04,East Gateway (Kolkata),Priority Surface Cargo,317.64,435.66,2024-01-29,2024-02-04,6,Delayed,0,0
SHP-20244413,2025-06-14,SUP-02,Bharat Heavy Forgings,Tier 1,WH-DEL-01,North Hub (Delhi-NCR),Standard Rail Transport,66.93,111.08,2025-06-18,2025-06-20,2,Delayed,0,0
SHP-20244414,2024-10-29,SUP-06,Global Polymer Solutions,Tier 2,WH-MUM-02,West Port (Mumbai),Priority Surface Cargo,187.44,288.53,2024-11-04,2024-11-04,0,On-Time,1,0
SHP-20244415,2025-03-10,SUP-05,Falcon Fasteners Corp,Tier 2,WH-MUM-02,West Port (Mumbai),Priority Surface Cargo,572.46,655.37,2025-03-15,2025-03-19,4,Delayed,0,0
SHP-20244416,2024-01-17,SUP-01,Apex Precision Components,Tier 1,WH-BLR-03,South Central (Bengaluru),Standard Rail Transport,242.59,234.83,2024-01-20,2024-01-21,1,Delayed,0,0
SHP-20244417,2024-08-27,SUP-02,Bharat Heavy Forgings,Tier 1,WH-DEL-01,North Hub (Delhi-NCR),Standard Rail Transport,323.13,304.92,2024-08-31,2024-08-31,0,On-Time,1,0
SHP-20244418,2024-04-16,SUP-07,Hind Cargo Aggregates,Tier 3,WH-DEL-01,North Hub (Delhi-NCR),Express Air Freight,754.18,1442.86,2024-04-20,2024-04-22,2,Delayed,0,0
SHP-20244419,2024-12-02,SUP-08,Indus Logistics Fab,Tier 3,WH-BLR-03,South Central (Bengaluru),Regional Truckload,411.57,330.53,2024-12-04,2024-12-04,0,On-Time,1,0
SHP-20244420,2025-12-16,SUP-01,Apex Precision Components,Tier 1,WH-BLR-03,South Central (Bengaluru),Priority Surface Cargo,291.98,375.22,2025-12-20,2025-12-20,0,On-Time,1,0
SHP-20244421,2024-11-01,SUP-06,Global Polymer Solutions,Tier 2,WH-MUM-02,West Port (Mumbai),Priority Surface Cargo,619.96,733.53,2024-11-05,2024-11-08,3,Delayed,0,0
SHP-20244422,2024-12-03,SUP-04,Evergreen Raw Materials,Tier 2,WH-MUM-02,West Port (Mumbai),Express Air Freight,249.64,539.66,2024-12-07,2024-12-08,1,Delayed,0,0
SHP-20244423,2025-06-02,SUP-04,Evergreen Raw Materials,Tier 2,WH-MUM-02,West Port (Mumbai),Priority Surface Cargo,773.47,907.15,2025-06-08,2025-06-08,0,On-Time,1,0
SHP-20244424,2025-06-26,SUP-03,Delta Electronics Hub,Tier 1,WH-MUM-02,West Port (Mumbai),Regional Truckload,340.96,278.97,2025-06-30,2025-07-02,2,Delayed,0,0
SHP-20244425,2024-07-20,SUP-04,Evergreen Raw Materials,Tier 2,WH-DEL-01,North Hub (Delhi-NCR),Regional Truckload,456.76,326.83,2024-07-24,2024-07-24,0,On-Time,1,0
SHP-20244426,2025-02-09,SUP-05,Falcon Fasteners Corp,Tier 2,WH-MUM-02,West Port (Mumbai),Express Air Freight,810.7,1541.13,2025-02-11,2025-02-11,0,On-Time,1,0
SHP-20244427,2025-06-02,SUP-03,Delta Electronics Hub,Tier 1,WH-MUM-02,West Port (Mumbai),Express Air Freight,452.19,924.04,2025-06-05,2025-06-08,3,Delayed,0,0
SHP-20244428,2024-05-05,SUP-03,Delta Electronics Hub,Tier 1,WH-BLR-03,South Central (Bengaluru),Regional Truckload,83.1,117.18,2024-05-09,2024-05-10,1,Delayed,0,0
SHP-20244429,2024-01-10,SUP-05,Falcon Fasteners Corp,Tier 2,WH-BLR-03,South Central (Bengaluru),Priority Surface Cargo,401.76,503.67,2024-01-13,2024-01-14,1,Delayed,0,0
SHP-20244430,2024-11-02,SUP-01,Apex Precision Components,Tier 1,WH-DEL-01,North Hub (Delhi-NCR),Standard Rail Transport,716.61,503.84,2024-11-07,2024-11-07,0,On-Time,1,0
SHP-20244431,2025-05-26,SUP-05,Falcon Fasteners Corp,Tier 2,WH-DEL-01,North Hub (Delhi-NCR),Priority Surface Cargo,300.83,410.79,2025-05-31,2025-05-31,0,On-Time,1,0
SHP-20244432,2025-09-16,SUP-05,Falcon Fasteners Corp,Tier 2,WH-BLR-03,South Central (Bengaluru),Standard Rail Transport,501.76,411.71,2025-09-21,2025-09-22,1,Delayed,0,0
SHP-20244433,2024-07-09,SUP-06,Global Polymer Solutions,Tier 2,WH-BLR-03,South Central (Bengaluru),Standard Rail Transport,23.69,99.18,2024-07-11,2024-07-15,4,Delayed,0,0
SHP-20244434,2025-05-23,SUP-04,Evergreen Raw Materials,Tier 2,WH-KOL-04,East Gateway (Kolkata),Regional Truckload,562.32,446.34,2025-05-28,2025-05-29,1,Delayed,0,0
SHP-20244435,2024-10-20,SUP-02,Bharat Heavy Forgings,Tier 1,WH-MUM-02,West Port (Mumbai),Express Air Freight,21.73,79.76,2024-10-25,2024-10-25,0,On-Time,1,0
SHP-20244436,2025-07-20,SUP-01,Apex Precision Components,Tier 1,WH-BLR-03,South Central (Bengaluru),Regional Truckload,740.84,558.47,2025-07-24,2025-07-25,1,Delayed,0,0
SHP-20244437,2025-06-25,SUP-02,Bharat Heavy Forgings,Tier 1,WH-KOL-04,East Gateway (Kolkata),Express Air Freight,44.66,118.41,2025-07-01,2025-07-04,3,Delayed,0,0
SHP-20244438,2025-07-19,SUP-07,Hind Cargo Aggregates,Tier 3,WH-MUM-02,West Port (Mumbai),Express Air Freight,518.43,1007.48,2025-07-24,2025-07-24,0,On-Time,1,0
SHP-20244439,2025-01-09,SUP-06,Global Polymer Solutions,Tier 2,WH-BLR-03,South Central (Bengaluru),Priority Surface Cargo,768.14,905.07,2025-01-11,2025-01-11,0,On-Time,1,0
SHP-20244440,2025-02-07,SUP-03,Delta Electronics Hub,Tier 1,WH-MUM-02,West Port (Mumbai),Standard Rail Transport,809.61,614.32,2025-02-11,2025-02-11,0,On-Time,1,0
SHP-20244441,2024-10-17,SUP-07,Hind Cargo Aggregates,Tier 3,WH-MUM-02,West Port (Mumbai),Regional Truckload,733.63,515.35,2024-10-20,2024-10-22,2,Delayed,0,0
SHP-20244442,2025-11-12,SUP-04,Evergreen Raw Materials,Tier 2,WH-KOL-04,East Gateway (Kolkata),Priority Surface Cargo,640.34,751.95,2025-11-14,2025-11-15,1,Delayed,0,0
SHP-20244443,2024-05-18,SUP-03,Delta Electronics Hub,Tier 1,WH-MUM-02,West Port (Mumbai),Standard Rail Transport,507.71,409.92,2024-05-21,2024-05-21,0,On-Time,1,0
SHP-20244444,2024-05-13,SUP-01,Apex Precision Components,Tier 1,WH-DEL-01,North Hub (Delhi-NCR),Standard Rail Transport,327.85,293.51,2024-05-15,2024-05-16,1,Delayed,0,0
SHP-20244445,2024-10-01,SUP-04,Evergreen Raw Materials,Tier 2,WH-DEL-01,North Hub (Delhi-NCR),Regional Truckload,53.33,127.2,2024-10-04,2024-10-04,0,On-Time,1,0
SHP-20244446,2024-07-15,SUP-03,Delta Electronics Hub,Tier 1,WH-KOL-04,East Gateway (Kolkata),Regional Truckload,354.65,263.42,2024-07-20,2024-07-20,0,On-Time,1,0
SHP-20244447,2025-11-10,SUP-06,Global Polymer Solutions,Tier 2,WH-KOL-04,East Gateway (Kolkata),Express Air Freight,722.52,1426.05,2025-11-13,2025-11-14,1,Delayed,0,0
SHP-20244448,2024-12-25,SUP-08,Indus Logistics Fab,Tier 3,WH-DEL-01,North Hub (Delhi-NCR),Standard Rail Transport,141.05,145.47,2024-12-31,2025-01-01,1,Delayed,0,0
SHP-20244449,2024-08-21,SUP-05,Falcon Fasteners Corp,Tier 2,WH-BLR-03,South Central (Bengaluru),Standard Rail Transport,250.41,193.1,2024-08-24,2024-08-28,4,Delayed,0,0
SHP-20244450,2024-11-23,SUP-05,Falcon Fasteners Corp,Tier 2,WH-MUM-02,West Port (Mumbai),Express Air Freight,547.59,1103.6,2024-11-26,2024-11-26,0,On-Time,1,0
SHP-20244451,2024-10-30,SUP-05,Falcon Fasteners Corp,Tier 2,WH-BLR-03,South Central (Bengaluru),Priority Surface Cargo,190.24,253.24,2024-11-04,2024-11-05,1,Delayed,0,0
SHP-20244452,2024-06-21,SUP-01,Apex Precision Components,Tier 1,WH-MUM-02,West Port (Mumbai),Standard Rail Transport,796.59,595.84,2024-06-24,2024-06-29,5,Delayed,0,0
SHP-20244453,2024-02-06,SUP-04,Evergreen Raw Materials,Tier 2,WH-BLR-03,South Central (Bengaluru),Regional Truckload,72.32,131.54,2024-02-08,2024-02-08,0,On-Time,1,0
SHP-20244454,2025-11-05,SUP-05,Falcon Fasteners Corp,Tier 2,WH-MUM-02,West Port (Mumbai),Regional Truckload,831.22,570.05,2025-11-10,2025-11-10,0,On-Time,1,0
SHP-20244455,2024-03-23,SUP-08,Indus Logistics Fab,Tier 3,WH-DEL-01,North Hub (Delhi-NCR),Standard Rail Transport,324.97,286.19,2024-03-29,2024-04-02,4,Delayed,0,1
SHP-20244456,2025-06-24,SUP-03,Delta Electronics Hub,Tier 1,WH-KOL-04,East Gateway (Kolkata),Priority Surface Cargo,557.72,684.84,2025-06-28,2025-07-02,4,Delayed,0,0
SHP-20244457,2025-11-05,SUP-07,Hind Cargo Aggregates,Tier 3,WH-DEL-01,North Hub (Delhi-NCR),Express Air Freight,638.83,1271.75,2025-11-10,2025-11-10,0,On-Time,1,0
SHP-20244458,2024-02-04,SUP-04,Evergreen Raw Materials,Tier 2,WH-MUM-02,West Port (Mumbai),Standard Rail Transport,35.61,116.14,2024-02-06,2024-02-06,0,On-Time,1,0
SHP-20244459,2024-11-09,SUP-08,Indus Logistics Fab,Tier 3,WH-BLR-03,South Central (Bengaluru),Regional Truckload,412.42,347.82,2024-11-14,2024-11-14,0,On-Time,1,0
SHP-20244460,2025-01-27,SUP-05,Falcon Fasteners Corp,Tier 2,WH-MUM-02,West Port (Mumbai),Express Air Freight,384.32,773.0,2025-01-31,2025-01-31,0,On-Time,1,0
SHP-20244461,2024-01-07,SUP-06,Global Polymer Solutions,Tier 2,WH-BLR-03,South Central (Bengaluru),Express Air Freight,416.91,826.4,2024-01-09,2024-01-11,2,Delayed,0,0
SHP-20244462,2025-10-16,SUP-03,Delta Electronics Hub,Tier 1,WH-KOL-04,East Gateway (Kolkata),Priority Surface Cargo,721.8,861.6,2025-10-20,2025-10-24,4,Delayed,0,0
SHP-20244463,2025-11-19,SUP-03,Delta Electronics Hub,Tier 1,WH-DEL-01,North Hub (Delhi-NCR),Regional Truckload,290.68,253.66,2025-11-24,2025-11-25,1,Delayed,0,0
SHP-20244464,2025-07-29,SUP-03,Delta Electronics Hub,Tier 1,WH-DEL-01,North Hub (Delhi-NCR),Express Air Freight,651.79,1261.05,2025-08-04,2025-08-08,4,Delayed,0,0
SHP-20244465,2025-10-23,SUP-04,Evergreen Raw Materials,Tier 2,WH-KOL-04,East Gateway (Kolkata),Priority Surface Cargo,176.92,222.84,2025-10-28,2025-11-03,6,Delayed,0,0
SHP-20244466,2025-02-11,SUP-03,Delta Electronics Hub,Tier 1,WH-MUM-02,West Port (Mumbai),Express Air Freight,785.01,1520.17,2025-02-14,2025-02-14,0,On-Time,1,0
SHP-20244467,2025-01-10,SUP-07,Hind Cargo Aggregates,Tier 3,WH-BLR-03,South Central (Bengaluru),Express Air Freight,785.52,1481.6,2025-01-15,2025-01-15,0,On-Time,1,0
SHP-20244468,2024-07-05,SUP-07,Hind Cargo Aggregates,Tier 3,WH-DEL-01,North Hub (Delhi-NCR),Regional Truckload,366.84,290.79,2024-07-11,2024-07-11,0,On-Time,1,0
SHP-20244469,2024-04-12,SUP-05,Falcon Fasteners Corp,Tier 2,WH-DEL-01,North Hub (Delhi-NCR),Priority Surface Cargo,-174.53,243.27,2024-04-16,2024-04-21,5,delayed  ,0,0
SHP-20244470,2024-03-04,SUP-08,Indus Logistics Fab,Tier 3,WH-BLR-03,South Central (Bengaluru),Express Air Freight,774.9,1523.2,2024-03-06,2024-03-07,1,Delayed,0,0
SHP-20244471,2024-06-25,SUP-05,Falcon Fasteners Corp,Tier 2,WH-DEL-01,North Hub (Delhi-NCR),Standard Rail Transport,308.34,277.21,2024-07-01,2024-07-02,1,Delayed,0,0
SHP-20244472,2025-05-23,SUP-02,Bharat Heavy Forgings,Tier 1,WH-MUM-02,West Port (Mumbai),Express Air Freight,255.43,505.27,2025-05-28,2025-05-28,0,On-Time,1,0
SHP-20244473,2025-02-15,SUP-03,Delta Electronics Hub,Tier 1,WH-BLR-03,South Central (Bengaluru),Standard Rail Transport,179.77,183.42,2025-02-17,2025-02-17,0,On-Time,1,0
SHP-20244474,2025-06-13,SUP-03,Delta Electronics Hub,Tier 1,WH-KOL-04,East Gateway (Kolkata),Regional Truckload,774.86,584.3,2025-06-15,2025-06-18,3,Delayed,0,0
SHP-20244475,2025-01-03,SUP-02,Bharat Heavy Forgings,Tier 1,WH-MUM-02,West Port (Mumbai),Priority Surface Cargo,58.39,154.86,2025-01-08,2025-01-08,0,On-Time,1,0
SHP-20244476,2025-07-18,SUP-03,Delta Electronics Hub,Tier 1,WH-MUM-02,West Port (Mumbai),Standard Rail Transport,-634.74,487.74,2025-07-22,2025-07-22,0,On-Time,1,0
SHP-20244477,2024-11-14,SUP-01,Apex Precision Components,Tier 1,WH-BLR-03,South Central (Bengaluru),Express Air Freight,528.05,1019.1,2024-11-17,2024-11-17,0,On-Time,1,0
SHP-20244478,2024-01-08,SUP-02,Bharat Heavy Forgings,Tier 1,WH-MUM-02,West Port (Mumbai),Standard Rail Transport,702.33,544.51,2024-01-11,2024-01-11,0,On-Time,1,0
SHP-20244479,2024-01-10,SUP-05,Falcon Fasteners Corp,Tier 2,WH-MUM-02,West Port (Mumbai),Standard Rail Transport,803.55,580.02,2024-01-16,2024-01-17,1,Delayed,0,0
SHP-20244480,2024-12-23,SUP-01,Apex Precision Components,Tier 1,WH-MUM-02,West Port (Mumbai),Express Air Freight,629.2,1220.59,2024-12-26,2024-12-27,1,Delayed,0,0
SHP-20244481,2024-03-10,SUP-03,Delta Electronics Hub,Tier 1,WH-DEL-01,North Hub (Delhi-NCR),Priority Surface Cargo,720.79,859.23,2024-03-12,2024-03-17,5,Delayed,0,0
SHP-20244482,2025-06-14,SUP-08,Indus Logistics Fab,Tier 3,WH-DEL-01,North Hub (Delhi-NCR),Express Air Freight,306.0,648.16,2025-06-17,2025-06-17,0,On-Time,1,0
SHP-20244483,2025-02-03,SUP-03,Delta Electronics Hub,Tier 1,WH-DEL-01,North Hub (Delhi-NCR),Regional Truckload,76.56,105.06,2025-02-07,2025-02-07,0,On-Time,1,0
SHP-20244484,2025-01-12,SUP-02,Bharat Heavy Forgings,Tier 1,WH-KOL-04,East Gateway (Kolkata),Priority Surface Cargo,660.08,782.47,2025-01-16,2025-01-21,5,Delayed,0,0
SHP-20244485,2025-06-19,SUP-04,Evergreen Raw Materials,Tier 2,WH-DEL-01,North Hub (Delhi-NCR),Regional Truckload,107.26,125.36,2025-06-24,2025-06-26,2,Delayed,0,1
SHP-20244486,2024-07-10,SUP-03,Delta Electronics Hub,Tier 1,WH-DEL-01,North Hub (Delhi-NCR),Standard Rail Transport,286.7,263.18,2024-07-16,2024-07-17,1,Delayed,0,0
SHP-20244487,2025-04-13,SUP-05,Falcon Fasteners Corp,Tier 2,WH-KOL-04,East Gateway (Kolkata),Standard Rail Transport,665.46,525.31,2025-04-15,2025-04-20,5,Delayed,0,0
SHP-20244488,2024-06-07,SUP-03,Delta Electronics Hub,Tier 1,WH-MUM-02,West Port (Mumbai),Priority Surface Cargo,331.2,431.79,2024-06-13,2024-06-13,0,On-Time,1,0
SHP-20244489,2024-05-13,SUP-03,Delta Electronics Hub,Tier 1,WH-BLR-03,South Central (Bengaluru),Regional Truckload,270.37,232.62,2024-05-15,2024-05-16,1,Delayed,0,0
SHP-20244490,2025-11-06,SUP-02,Bharat Heavy Forgings,Tier 1,WH-DEL-01,North Hub (Delhi-NCR),Standard Rail Transport,-827.97,621.59,2025-11-09,2025-11-09,0,On-Time,1,0
SHP-20244491,2025-12-19,SUP-08,Indus Logistics Fab,Tier 3,WH-MUM-02,West Port (Mumbai),Regional Truckload,670.4,500.12,2025-12-22,2025-12-22,0,On-Time,1,0
SHP-20244492,2025-11-11,SUP-08,Indus Logistics Fab,Tier 3,WH-BLR-03,South Central (Bengaluru),Express Air Freight,595.08,1136.43,2025-11-17,2025-11-22,5,Delayed,0,0
SHP-20244493,2024-07-10,SUP-02,Bharat Heavy Forgings,Tier 1,WH-DEL-01,North Hub (Delhi-NCR),Standard Rail Transport,222.48,200.2,2024-07-13,2024-07-15,2,Delayed,0,0
SHP-20244494,2024-04-15,SUP-03,Delta Electronics Hub,Tier 1,WH-KOL-04,East Gateway (Kolkata),Priority Surface Cargo,71.54,144.05,2024-04-17,2024-04-24,7,Delayed,0,0
SHP-20244495,2025-10-09,SUP-04,Evergreen Raw Materials,Tier 2,WH-DEL-01,North Hub (Delhi-NCR),Regional Truckload,430.64,326.3,2025-10-12,2025-10-12,0,On-Time,1,0
SHP-20244496,2025-08-22,SUP-02,Bharat Heavy Forgings,Tier 1,WH-DEL-01,North Hub (Delhi-NCR),Express Air Freight,711.37,1369.54,2025-08-26,2025-08-26,0,On-Time,1,0
SHP-20244497,2025-01-29,SUP-08,Indus Logistics Fab,Tier 3,WH-BLR-03,South Central (Bengaluru),Standard Rail Transport,360.83,312.84,2025-02-02,2025-02-05,3,Delayed,0,0
SHP-20244498,2025-11-05,SUP-06,Global Polymer Solutions,Tier 2,WH-MUM-02,West Port (Mumbai),Priority Surface Cargo,643.33,770.59,2025-11-08,2025-11-12,4,Delayed,0,0
SHP-20244499,2024-12-01,SUP-07,Hind Cargo Aggregates,Tier 3,WH-DEL-01,North Hub (Delhi-NCR),Priority Surface Cargo,453.45,575.35,2024-12-03,2024-12-04,1,Delayed,0,0
SHP-20244500,2025-02-05,SUP-01,Apex Precision Components,Tier 1,WH-MUM-02,West Port (Mumbai),Priority Surface Cargo,133.32,183.54,2025-02-10,2025-02-10,0,On-Time,1,0
SHP-20244501,2024-09-09,SUP-07,Hind Cargo Aggregates,Tier 3,WH-BLR-03,South Central (Bengaluru),Regional Truckload,239.54,244.06,2024-09-13,2024-09-13,0,On-Time,1,0
SHP-20244502,2025-07-17,SUP-05,Falcon Fasteners Corp,Tier 2,WH-MUM-02,West Port (Mumbai),Standard Rail Transport,173.52,170.99,2025-07-22,2025-07-22,0,On-Time,1,0
SHP-20244503,2025-01-12,SUP-01,Apex Precision Components,Tier 1,WH-BLR-03,South Central (Bengaluru),Standard Rail Transport,116.3,138.99,2025-01-18,2025-01-18,0,On-Time,1,0
SHP-20244504,2025-02-05,SUP-08,Indus Logistics Fab,Tier 3,WH-MUM-02,West Port (Mumbai),Standard Rail Transport,170.35,146.44,2025-02-10,2025-02-15,5,Delayed,0,0
SHP-20244505,2025-10-15,SUP-05,Falcon Fasteners Corp,Tier 2,WH-BLR-03,South Central (Bengaluru),Regional Truckload,268.93,213.77,2025-10-19,2025-10-23,4,Delayed,0,0
SHP-20244506,2024-07-24,SUP-07,Hind Cargo Aggregates,Tier 3,WH-MUM-02,West Port (Mumbai),Standard Rail Transport,199.44,213.16,2024-07-27,2024-07-29,2,Delayed,0,0
SHP-20244507,2024-01-16,SUP-05,Falcon Fasteners Corp,Tier 2,WH-BLR-03,South Central (Bengaluru),Regional Truckload,249.76,225.27,2024-01-19,2024-01-19,0,On-Time,1,0
SHP-20244508,2025-03-02,SUP-03,Delta Electronics Hub,Tier 1,WH-MUM-02,West Port (Mumbai),Priority Surface Cargo,471.27,605.35,2025-03-04,2025-03-04,0,On-Time,1,0
SHP-20244509,2025-01-01,SUP-05,Falcon Fasteners Corp,Tier 2,WH-KOL-04,East Gateway (Kolkata),Priority Surface Cargo,258.84,323.41,2025-01-03,2025-01-04,1,Delayed,0,0
SHP-20244510,2024-03-07,SUP-06,Global Polymer Solutions,Tier 2,WH-BLR-03,South Central (Bengaluru),Express Air Freight,460.85,898.54,2024-03-13,2024-03-13,0,On-Time,1,0
SHP-20244511,2025-09-03,SUP-01,Apex Precision Components,Tier 1,WH-KOL-04,East Gateway (Kolkata),Standard Rail Transport,621.6,450.85,2025-09-08,2025-09-08,0,On-Time,1,0
SHP-20244512,2024-06-04,SUP-04,Evergreen Raw Materials,Tier 2,WH-KOL-04,East Gateway (Kolkata),Standard Rail Transport,289.6,244.19,2024-06-10,2024-06-15,5,Delayed,0,0
SHP-20244513,2025-10-21,SUP-08,Indus Logistics Fab,Tier 3,WH-BLR-03,South Central (Bengaluru),Standard Rail Transport,207.6,189.18,2025-10-24,2025-10-29,5,Delayed,0,0
SHP-20244514,2025-07-20,SUP-05,Falcon Fasteners Corp,Tier 2,WH-BLR-03,South Central (Bengaluru),Express Air Freight,698.09,1333.9,2025-07-24,2025-07-25,1,Delayed,0,0
SHP-20244515,2025-12-11,SUP-07,Hind Cargo Aggregates,Tier 3,WH-BLR-03,South Central (Bengaluru),Regional Truckload,449.77,350.03,2025-12-16,2025-12-20,4,Delayed,0,0
SHP-20244516,2025-11-17,SUP-05,Falcon Fasteners Corp,Tier 2,WH-KOL-04,East Gateway (Kolkata),Priority Surface Cargo,38.83,95.07,2025-11-22,2025-11-24,2,Delayed,0,0
SHP-20244517,2024-09-02,SUP-02,Bharat Heavy Forgings,Tier 1,WH-DEL-01,North Hub (Delhi-NCR),Express Air Freight,258.76,526.44,2024-09-08,2024-09-09,1,Delayed,0,0
SHP-20244518,2025-07-25,SUP-03,Delta Electronics Hub,Tier 1,WH-MUM-02,West Port (Mumbai),Standard Rail Transport,302.31,235.79,2025-07-27,2025-07-29,2,Delayed,0,0
SHP-20244519,2025-10-15,SUP-02,Bharat Heavy Forgings,Tier 1,WH-DEL-01,North Hub (Delhi-NCR),Express Air Freight,479.78,946.04,2025-10-17,2025-10-18,1,Delayed,0,0
SHP-20244520,2025-11-03,SUP-05,Falcon Fasteners Corp,Tier 2,WH-KOL-04,East Gateway (Kolkata),Priority Surface Cargo,711.88,825.32,2025-11-06,2025-11-10,4,Delayed,0,0
SHP-20244521,2025-04-09,SUP-01,Apex Precision Components,Tier 1,WH-KOL-04,East Gateway (Kolkata),Express Air Freight,714.86,1391.95,2025-04-15,2025-04-21,6,Delayed,0,0
SHP-20244522,2024-12-20,SUP-05,Falcon Fasteners Corp,Tier 2,WH-DEL-01,North Hub (Delhi-NCR),Standard Rail Transport,392.79,293.23,2024-12-25,2024-12-27,2,Delayed,0,0
SHP-20244523,2025-02-13,SUP-05,Falcon Fasteners Corp,Tier 2,WH-DEL-01,North Hub (Delhi-NCR),Priority Surface Cargo,480.25,573.48,2025-02-16,2025-02-16,0,On-Time,1,0
SHP-20244524,2025-05-23,SUP-05,Falcon Fasteners Corp,Tier 2,WH-BLR-03,South Central (Bengaluru),Express Air Freight,309.62,619.42,2025-05-25,2025-05-28,3,Delayed,0,0
SHP-20244525,2024-05-11,SUP-07,Hind Cargo Aggregates,Tier 3,WH-KOL-04,East Gateway (Kolkata),Express Air Freight,386.58,742.75,2024-05-14,2024-05-22,8,Delayed,0,0
SHP-20244526,2024-09-19,SUP-04,Evergreen Raw Materials,Tier 2,WH-DEL-01,North Hub (Delhi-NCR),Standard Rail Transport,739.26,528.51,2024-09-21,2024-09-22,1,Delayed,0,0
SHP-20244527,2025-01-29,SUP-03,Delta Electronics Hub,Tier 1,WH-KOL-04,East Gateway (Kolkata),Regional Truckload,763.37,546.16,2025-02-01,2025-02-12,11,Delayed,0,0
SHP-20244528,2025-11-11,SUP-01,Apex Precision Components,Tier 1,WH-MUM-02,West Port (Mumbai),Express Air Freight,80.82,200.17,2025-11-14,2025-11-15,1,Delayed,0,0
SHP-20244529,2025-11-06,SUP-08,Indus Logistics Fab,Tier 3,WH-MUM-02,West Port (Mumbai),Priority Surface Cargo,252.95,322.48,2025-11-12,2025-11-12,0,On-Time,1,0
SHP-20244530,2025-09-14,SUP-01,Apex Precision Components,Tier 1,WH-KOL-04,East Gateway (Kolkata),Express Air Freight,239.5,481.49,2025-09-18,2025-09-23,5,Delayed,0,0
SHP-20244531,2025-08-09,SUP-01,Apex Precision Components,Tier 1,WH-DEL-01,North Hub (Delhi-NCR),Priority Surface Cargo,250.86,358.3,2025-08-15,2025-08-21,6,Delayed,0,0
SHP-20244532,2025-06-02,SUP-05,Falcon Fasteners Corp,Tier 2,WH-MUM-02,West Port (Mumbai),Priority Surface Cargo,144.74,245.97,2025-06-07,2025-06-11,4,delayed  ,0,0
SHP-20244533,2025-06-03,SUP-03,Delta Electronics Hub,Tier 1,WH-DEL-01,North Hub (Delhi-NCR),Regional Truckload,743.31,522.26,2025-06-09,2025-06-09,0,On-Time,1,0
SHP-20244534,2025-04-23,SUP-08,Indus Logistics Fab,Tier 3,WH-MUM-02,West Port (Mumbai),Priority Surface Cargo,75.78,139.6,2025-04-28,2025-04-28,0,On-Time,1,0
SHP-20244535,2025-05-04,SUP-01,Apex Precision Components,Tier 1,WH-MUM-02,West Port (Mumbai),Priority Surface Cargo,118.59,177.16,2025-05-06,2025-05-07,1,Delayed,0,0
SHP-20244536,2025-05-22,SUP-04,Evergreen Raw Materials,Tier 2,WH-MUM-02,West Port (Mumbai),Express Air Freight,716.02,1418.78,2025-05-25,2025-05-25,0,On-Time,1,0
SHP-20244537,2025-08-03,SUP-03,Delta Electronics Hub,Tier 1,WH-MUM-02,West Port (Mumbai),Priority Surface Cargo,75.22,108.31,2025-08-05,2025-08-05,0,On-Time,1,0
SHP-20244538,2025-09-07,SUP-03,Delta Electronics Hub,Tier 1,WH-BLR-03,South Central (Bengaluru),Regional Truckload,30.0,52.9,2025-09-11,2025-09-11,0,On-Time,1,0
SHP-20244539,2024-03-07,SUP-05,Falcon Fasteners Corp,Tier 2,WH-DEL-01,North Hub (Delhi-NCR),Standard Rail Transport,362.98,330.36,2024-03-11,2024-03-14,3,Delayed,0,0
SHP-20244540,2025-07-02,SUP-04,Evergreen Raw Materials,Tier 2,WH-DEL-01,North Hub (Delhi-NCR),Regional Truckload,76.06,144.41,2025-07-08,2025-07-08,0,On-Time,1,0
SHP-20244541,2025-02-27,SUP-05,Falcon Fasteners Corp,Tier 2,WH-KOL-04,East Gateway (Kolkata),Priority Surface Cargo,739.46,899.66,2025-03-02,2025-03-04,2,Delayed,0,0
SHP-20244542,2025-12-01,SUP-02,Bharat Heavy Forgings,Tier 1,WH-BLR-03,South Central (Bengaluru),Priority Surface Cargo,649.66,778.69,2025-12-06,2025-12-07,1,Delayed,0,0
SHP-20244543,2025-02-05,SUP-06,Global Polymer Solutions,Tier 2,WH-MUM-02,West Port (Mumbai),Standard Rail Transport,29.04,100.6,2025-02-11,2025-02-11,0,On-Time,1,0
SHP-20244544,2025-07-10,SUP-05,Falcon Fasteners Corp,Tier 2,WH-BLR-03,South Central (Bengaluru),Regional Truckload,162.07,184.45,2025-07-15,2025-07-15,0,On-Time,1,0
SHP-20244545,2024-10-14,SUP-03,Delta Electronics Hub,Tier 1,WH-KOL-04,East Gateway (Kolkata),Standard Rail Transport,739.55,531.3,2024-10-20,2024-10-20,0,On-Time,1,0
SHP-20244546,2024-09-15,SUP-04,Evergreen Raw Materials,Tier 2,WH-DEL-01,North Hub (Delhi-NCR),Express Air Freight,29.04,115.3,2024-09-17,2024-09-17,0,On-Time,1,0
SHP-20244547,2025-08-19,SUP-06,Global Polymer Solutions,Tier 2,WH-DEL-01,North Hub (Delhi-NCR),Standard Rail Transport,604.08,448.83,2025-08-22,2025-08-22,0,On-Time,1,0
SHP-20244548,2025-11-10,SUP-01,Apex Precision Components,Tier 1,WH-DEL-01,North Hub (Delhi-NCR),Priority Surface Cargo,600.68,691.74,2025-11-14,2025-11-15,1,Delayed,0,0
SHP-20244549,2024-01-16,SUP-08,Indus Logistics Fab,Tier 3,WH-BLR-03,South Central (Bengaluru),Priority Surface Cargo,127.18,165.05,2024-01-20,2024-01-24,4,Delayed,0,0
SHP-20244550,2025-08-10,SUP-05,Falcon Fasteners Corp,Tier 2,WH-MUM-02,West Port (Mumbai),Priority Surface Cargo,751.54,862.37,2025-08-14,2025-08-15,1,Delayed,0,0
SHP-20244551,2024-02-02,SUP-05,Falcon Fasteners Corp,Tier 2,WH-KOL-04,East Gateway (Kolkata),Standard Rail Transport,136.72,157.14,2024-02-05,2024-02-08,3,Delayed,0,0
SHP-20244552,2024-06-07,SUP-03,Delta Electronics Hub,Tier 1,WH-DEL-01,North Hub (Delhi-NCR),Regional Truckload,834.26,608.98,2024-06-12,2024-06-13,1,Delayed,0,0
SHP-20244553,2025-12-10,SUP-01,Apex Precision Components,Tier 1,WH-BLR-03,South Central (Bengaluru),Priority Surface Cargo,30.81,66.23,2025-12-15,2025-12-16,1,Delayed,0,0
SHP-20244554,2024-03-27,SUP-02,Bharat Heavy Forgings,Tier 1,WH-KOL-04,East Gateway (Kolkata),Priority Surface Cargo,-15.08,64.37,2024-03-31,2024-04-01,1,Delayed,0,0
SHP-20244555,2024-12-19,SUP-04,Evergreen Raw Materials,Tier 2,WH-KOL-04,East Gateway (Kolkata),Regional Truckload,783.7,602.12,2024-12-24,2025-01-07,14,Delayed,0,0
SHP-20244556,2025-01-23,SUP-04,Evergreen Raw Materials,Tier 2,WH-KOL-04,East Gateway (Kolkata),Regional Truckload,239.49,192.93,2025-01-25,2025-02-02,8,Delayed,0,0
SHP-20244557,2025-07-21,SUP-05,Falcon Fasteners Corp,Tier 2,WH-KOL-04,East Gateway (Kolkata),Regional Truckload,726.34,521.61,2025-07-24,2025-07-28,4,Delayed,0,0
SHP-20244558,2025-05-05,SUP-04,Evergreen Raw Materials,Tier 2,WH-DEL-01,North Hub (Delhi-NCR),Priority Surface Cargo,352.22,465.55,2025-05-09,2025-05-10,1,Delayed,0,0
SHP-20244559,2025-05-16,SUP-07,Hind Cargo Aggregates,Tier 3,WH-KOL-04,East Gateway (Kolkata),Priority Surface Cargo,160.94,255.48,2025-05-18,2025-05-27,9,Delayed,0,0
SHP-20244560,2024-06-23,SUP-01,Apex Precision Components,Tier 1,WH-DEL-01,North Hub (Delhi-NCR),Standard Rail Transport,338.6,277.9,2024-06-28,2024-06-29,1,delayed  ,0,0
SHP-20244561,2025-04-19,SUP-03,Delta Electronics Hub,Tier 1,WH-MUM-02,West Port (Mumbai),Regional Truckload,630.77,499.63,2025-04-23,2025-04-23,0,On-Time,1,0
SHP-20244562,2025-07-14,SUP-05,Falcon Fasteners Corp,Tier 2,WH-DEL-01,North Hub (Delhi-NCR),Standard Rail Transport,62.36,69.32,2025-07-18,2025-07-18,0,On-Time,1,0
SHP-20244563,2025-04-23,SUP-06,Global Polymer Solutions,Tier 2,WH-MUM-02,West Port (Mumbai),Standard Rail Transport,516.21,428.35,2025-04-28,2025-04-30,2,Delayed,0,0
SHP-20244564,2024-05-04,SUP-05,Falcon Fasteners Corp,Tier 2,WH-BLR-03,South Central (Bengaluru),Priority Surface Cargo,451.13,545.8,2024-05-09,2024-05-10,1,Delayed,0,0
SHP-20244565,2024-06-05,SUP-08,Indus Logistics Fab,Tier 3,WH-DEL-01,North Hub (Delhi-NCR),Express Air Freight,408.92,804.24,2024-06-10,2024-06-12,2,Delayed,0,0
SHP-20244566,2025-10-14,SUP-02,Bharat Heavy Forgings,Tier 1,WH-BLR-03,South Central (Bengaluru),Express Air Freight,244.26,539.13,2025-10-16,2025-10-16,0,On-Time,1,0
SHP-20244567,2024-07-19,SUP-06,Global Polymer Solutions,Tier 2,WH-KOL-04,East Gateway (Kolkata),Standard Rail Transport,543.22,380.03,2024-07-25,2024-07-29,4,Delayed,0,0
SHP-20244568,2025-06-01,SUP-04,Evergreen Raw Materials,Tier 2,WH-KOL-04,East Gateway (Kolkata),Standard Rail Transport,471.65,390.68,2025-06-06,2025-06-07,1,Delayed,0,0
SHP-20244569,2025-09-02,SUP-04,Evergreen Raw Materials,Tier 2,WH-KOL-04,East Gateway (Kolkata),Priority Surface Cargo,604.26,754.31,2025-09-08,2025-09-11,3,Delayed,0,0
SHP-20244570,2025-02-17,SUP-04,Evergreen Raw Materials,Tier 2,WH-KOL-04,East Gateway (Kolkata),Regional Truckload,-820.27,562.7,2025-02-19,2025-02-19,0,On-Time,1,0
SHP-20244571,2025-03-24,SUP-07,Hind Cargo Aggregates,Tier 3,WH-MUM-02,West Port (Mumbai),Standard Rail Transport,364.24,325.25,2025-03-29,2025-03-29,0,On-Time,1,0
SHP-20244572,2025-12-11,SUP-06,Global Polymer Solutions,Tier 2,WH-BLR-03,South Central (Bengaluru),Priority Surface Cargo,45.79,105.83,2025-12-17,2025-12-18,1,Delayed,0,0
SHP-20244573,2024-03-27,SUP-07,Hind Cargo Aggregates,Tier 3,WH-BLR-03,South Central (Bengaluru),Priority Surface Cargo,129.68,178.41,2024-03-30,2024-03-31,1,Delayed,0,0
SHP-20244574,2025-10-17,SUP-03,Delta Electronics Hub,Tier 1,WH-MUM-02,West Port (Mumbai),Standard Rail Transport,434.53,359.48,2025-10-21,2025-10-22,1,Delayed,0,0
SHP-20244575,2025-01-24,SUP-06,Global Polymer Solutions,Tier 2,WH-KOL-04,East Gateway (Kolkata),Priority Surface Cargo,819.09,987.53,2025-01-30,2025-02-05,6,Delayed,0,0
SHP-20244576,2024-11-07,SUP-04,Evergreen Raw Materials,Tier 2,WH-BLR-03,South Central (Bengaluru),Regional Truckload,379.33,337.91,2024-11-13,2024-11-13,0,On-Time,1,0
SHP-20244577,2024-04-13,SUP-02,Bharat Heavy Forgings,Tier 1,WH-BLR-03,South Central (Bengaluru),Express Air Freight,371.47,764.62,2024-04-19,2024-04-19,0,On-Time,1,0
SHP-20244578,2025-05-19,SUP-02,Bharat Heavy Forgings,Tier 1,WH-DEL-01,North Hub (Delhi-NCR),Standard Rail Transport,72.73,128.29,2025-05-24,2025-05-25,1,delayed  ,0,0
SHP-20244579,2025-10-03,SUP-07,Hind Cargo Aggregates,Tier 3,WH-DEL-01,North Hub (Delhi-NCR),Standard Rail Transport,535.37,378.99,2025-10-06,2025-10-06,0,On-Time,1,0
SHP-20244580,2025-09-13,SUP-04,Evergreen Raw Materials,Tier 2,WH-BLR-03,South Central (Bengaluru),Standard Rail Transport,340.81,268.61,2025-09-16,2025-09-17,1,Delayed,0,0
SHP-20244581,2025-02-06,SUP-06,Global Polymer Solutions,Tier 2,WH-KOL-04,East Gateway (Kolkata),Express Air Freight,39.18,165.24,2025-02-11,2025-02-16,5,Delayed,0,0
SHP-20244582,2025-05-24,SUP-03,Delta Electronics Hub,Tier 1,WH-KOL-04,East Gateway (Kolkata),Regional Truckload,300.41,255.08,2025-05-28,2025-05-31,3,Delayed,0,0
SHP-20244583,2024-02-16,SUP-05,Falcon Fasteners Corp,Tier 2,WH-MUM-02,West Port (Mumbai),Standard Rail Transport,560.87,395.78,2024-02-18,2024-02-18,0,On-Time,1,0
SHP-20244584,2025-01-22,SUP-04,Evergreen Raw Materials,Tier 2,WH-MUM-02,West Port (Mumbai),Standard Rail Transport,280.03,234.83,2025-01-25,2025-01-26,1,Delayed,0,0
SHP-20244585,2024-05-22,SUP-07,Hind Cargo Aggregates,Tier 3,WH-BLR-03,South Central (Bengaluru),Priority Surface Cargo,306.12,421.97,2024-05-27,2024-05-27,0,On-Time,1,0
SHP-20244586,2025-11-28,SUP-06,Global Polymer Solutions,Tier 2,WH-MUM-02,West Port (Mumbai),Express Air Freight,406.85,782.1,2025-12-01,2025-12-02,1,Delayed,0,0
SHP-20244587,2025-05-01,SUP-03,Delta Electronics Hub,Tier 1,WH-DEL-01,North Hub (Delhi-NCR),Standard Rail Transport,824.59,610.77,2025-05-07,2025-05-08,1,Delayed,0,0
SHP-20244588,2024-05-26,SUP-04,Evergreen Raw Materials,Tier 2,WH-MUM-02,West Port (Mumbai),Regional Truckload,355.54,301.54,2024-05-30,2024-05-30,0,On-Time,1,0
SHP-20244589,2024-10-29,SUP-08,Indus Logistics Fab,Tier 3,WH-BLR-03,South Central (Bengaluru),Express Air Freight,430.42,856.46,2024-11-03,2024-11-03,0,on-time  ,1,0
SHP-20244590,2025-05-15,SUP-07,Hind Cargo Aggregates,Tier 3,WH-MUM-02,West Port (Mumbai),Regional Truckload,322.23,273.5,2025-05-20,2025-05-20,0,On-Time,1,0
SHP-20244591,2024-02-26,SUP-05,Falcon Fasteners Corp,Tier 2,WH-DEL-01,North Hub (Delhi-NCR),Standard Rail Transport,-769.1,545.47,2024-02-28,2024-03-01,2,Delayed,0,0
SHP-20244592,2025-05-18,SUP-01,Apex Precision Components,Tier 1,WH-MUM-02,West Port (Mumbai),Regional Truckload,663.06,507.6,2025-05-23,2025-05-24,1,Delayed,0,0
SHP-20244593,2025-10-23,SUP-01,Apex Precision Components,Tier 1,WH-DEL-01,North Hub (Delhi-NCR),Priority Surface Cargo,519.65,637.0,2025-10-28,2025-10-29,1,Delayed,0,0
SHP-20244594,2025-08-11,SUP-03,Delta Electronics Hub,Tier 1,WH-MUM-02,West Port (Mumbai),Priority Surface Cargo,109.2,171.88,2025-08-17,2025-08-22,5,Delayed,0,0
SHP-20244595,2024-11-17,SUP-01,Apex Precision Components,Tier 1,WH-DEL-01,North Hub (Delhi-NCR),Regional Truckload,834.2,610.04,2024-11-23,2024-11-30,7,Delayed,0,0
SHP-20244596,2025-05-03,SUP-03,Delta Electronics Hub,Tier 1,WH-DEL-01,North Hub (Delhi-NCR),Regional Truckload,61.38,103.94,2025-05-08,2025-05-10,2,Delayed,0,0
SHP-20244597,2024-12-01,SUP-02,Bharat Heavy Forgings,Tier 1,WH-BLR-03,South Central (Bengaluru),Express Air Freight,160.56,335.6,2024-12-06,2024-12-06,0,On-Time,1,0
SHP-20244598,2024-08-29,SUP-06,Global Polymer Solutions,Tier 2,WH-BLR-03,South Central (Bengaluru),Priority Surface Cargo,630.03,764.48,2024-09-03,2024-09-03,0,On-Time,1,0
SHP-20244599,2025-04-23,SUP-04,Evergreen Raw Materials,Tier 2,WH-BLR-03,South Central (Bengaluru),Priority Surface Cargo,33.02,101.03,2025-04-25,2025-04-29,4,Delayed,0,0
SHP-20244600,2024-01-21,SUP-01,Apex Precision Components,Tier 1,WH-KOL-04,East Gateway (Kolkata),Standard Rail Transport,474.44,356.93,2024-01-25,2024-01-27,2,Delayed,0,0
SHP-20244601,2025-10-30,SUP-08,Indus Logistics Fab,Tier 3,WH-KOL-04,East Gateway (Kolkata),Standard Rail Transport,625.99,479.62,2025-11-05,2025-11-06,1,Delayed,0,0
SHP-20244602,2024-08-26,SUP-03,Delta Electronics Hub,Tier 1,WH-BLR-03,South Central (Bengaluru),Standard Rail Transport,749.86,578.95,2024-08-29,2024-08-30,1,Delayed,0,0
SHP-20244603,2024-01-05,SUP-03,Delta Electronics Hub,Tier 1,WH-MUM-02,West Port (Mumbai),Priority Surface Cargo,468.58,577.12,2024-01-09,2024-01-10,1,Delayed,0,0
SHP-20244604,2024-03-19,SUP-06,Global Polymer Solutions,Tier 2,WH-BLR-03,South Central (Bengaluru),Standard Rail Transport,779.28,569.53,2024-03-24,2024-03-24,0,On-Time,1,0
SHP-20244605,2024-08-15,SUP-05,Falcon Fasteners Corp,Tier 2,WH-DEL-01,North Hub (Delhi-NCR),Priority Surface Cargo,52.2,150.71,2024-08-21,2024-08-21,0,On-Time,1,0
SHP-20244606,2024-04-09,SUP-02,Bharat Heavy Forgings,Tier 1,WH-BLR-03,South Central (Bengaluru),Standard Rail Transport,787.92,602.48,2024-04-14,2024-04-14,0,On-Time,1,0
SHP-20244607,2025-06-18,SUP-07,Hind Cargo Aggregates,Tier 3,WH-KOL-04,East Gateway (Kolkata),Standard Rail Transport,171.23,169.15,2025-06-24,2025-06-25,1,Delayed,0,0
SHP-20244608,2024-09-03,SUP-05,Falcon Fasteners Corp,Tier 2,WH-DEL-01,North Hub (Delhi-NCR),Standard Rail Transport,101.17,137.57,2024-09-08,2024-09-09,1,Delayed,0,0
SHP-20244609,2025-08-29,SUP-06,Global Polymer Solutions,Tier 2,WH-DEL-01,North Hub (Delhi-NCR),Regional Truckload,647.89,487.56,2025-08-31,2025-09-01,1,Delayed,0,0
SHP-20244610,2025-03-10,SUP-07,Hind Cargo Aggregates,Tier 3,WH-DEL-01,North Hub (Delhi-NCR),Regional Truckload,480.07,356.72,2025-03-16,2025-03-21,5,Delayed,0,0
SHP-20244611,2024-12-02,SUP-01,Apex Precision Components,Tier 1,WH-KOL-04,East Gateway (Kolkata),Express Air Freight,540.12,1090.14,2024-12-07,2024-12-09,2,Delayed,0,0
SHP-20244612,2024-02-14,SUP-05,Falcon Fasteners Corp,Tier 2,WH-BLR-03,South Central (Bengaluru),Priority Surface Cargo,101.84,179.37,2024-02-18,2024-02-19,1,Delayed,0,0
SHP-20244613,2024-08-30,SUP-06,Global Polymer Solutions,Tier 2,WH-KOL-04,East Gateway (Kolkata),Priority Surface Cargo,357.1,477.75,2024-09-04,2024-09-04,0,On-Time,1,0
SHP-20244614,2025-10-30,SUP-07,Hind Cargo Aggregates,Tier 3,WH-BLR-03,South Central (Bengaluru),Express Air Freight,589.44,1139.02,2025-11-05,2025-11-05,0,On-Time,1,0
SHP-20244615,2025-10-05,SUP-01,Apex Precision Components,Tier 1,WH-DEL-01,North Hub (Delhi-NCR),Express Air Freight,760.46,1456.27,2025-10-08,2025-10-09,1,Delayed,0,0
SHP-20244616,2024-07-10,SUP-01,Apex Precision Components,Tier 1,WH-BLR-03,South Central (Bengaluru),Regional Truckload,99.18,151.08,2024-07-14,2024-07-17,3,Delayed,0,0
SHP-20244617,2024-12-10,SUP-03,Delta Electronics Hub,Tier 1,WH-BLR-03,South Central (Bengaluru),Regional Truckload,268.76,267.24,2024-12-13,2024-12-15,2,Delayed,0,0
SHP-20244618,2024-01-07,SUP-05,Falcon Fasteners Corp,Tier 2,WH-MUM-02,West Port (Mumbai),Priority Surface Cargo,441.36,549.21,2024-01-12,2024-01-14,2,Delayed,0,0
SHP-20244619,2024-09-01,SUP-04,Evergreen Raw Materials,Tier 2,WH-MUM-02,West Port (Mumbai),Express Air Freight,821.89,1562.61,2024-09-05,2024-09-05,0,On-Time,1,0
SHP-20244620,2024-10-22,SUP-04,Evergreen Raw Materials,Tier 2,WH-BLR-03,South Central (Bengaluru),Express Air Freight,650.95,1287.53,2024-10-25,2024-10-25,0,On-Time,1,0
SHP-20244621,2025-03-02,SUP-05,Falcon Fasteners Corp,Tier 2,WH-MUM-02,West Port (Mumbai),Priority Surface Cargo,70.48,118.56,2025-03-06,2025-03-06,0,On-Time,1,0
SHP-20244622,2024-07-11,SUP-03,Delta Electronics Hub,Tier 1,WH-MUM-02,West Port (Mumbai),Express Air Freight,449.68,904.29,2024-07-14,2024-07-15,1,delayed  ,0,0
SHP-20244623,2024-01-06,SUP-07,Hind Cargo Aggregates,Tier 3,WH-DEL-01,North Hub (Delhi-NCR),Express Air Freight,683.08,1313.82,2024-01-11,2024-01-11,0,On-Time,1,0
SHP-20244624,2024-03-05,SUP-08,Indus Logistics Fab,Tier 3,WH-DEL-01,North Hub (Delhi-NCR),Express Air Freight,849.73,1640.17,2024-03-09,2024-03-16,7,Delayed,0,0
SHP-20244625,2024-02-06,SUP-05,Falcon Fasteners Corp,Tier 2,WH-MUM-02,West Port (Mumbai),Priority Surface Cargo,643.23,788.03,2024-02-09,2024-02-09,0,On-Time,1,0
SHP-20244626,2025-04-13,SUP-06,Global Polymer Solutions,Tier 2,WH-BLR-03,South Central (Bengaluru),Express Air Freight,416.39,802.36,2025-04-19,2025-04-19,0,On-Time,1,0
SHP-20244627,2025-06-11,SUP-07,Hind Cargo Aggregates,Tier 3,WH-KOL-04,East Gateway (Kolkata),Express Air Freight,216.4,487.67,2025-06-15,2025-06-16,1,Delayed,0,1
SHP-20244628,2024-02-10,SUP-05,Falcon Fasteners Corp,Tier 2,WH-BLR-03,South Central (Bengaluru),Standard Rail Transport,657.46,476.22,2024-02-12,2024-02-14,2,Delayed,0,0
SHP-20244629,2025-09-05,SUP-01,Apex Precision Components,Tier 1,WH-BLR-03,South Central (Bengaluru),Regional Truckload,757.38,559.1,2025-09-10,2025-09-10,0,On-Time,1,0
SHP-20244630,2024-12-26,SUP-07,Hind Cargo Aggregates,Tier 3,WH-KOL-04,East Gateway (Kolkata),Regional Truckload,499.9,417.67,2024-12-29,2025-01-01,3,Delayed,0,0
SHP-20244631,2025-09-06,SUP-06,Global Polymer Solutions,Tier 2,WH-MUM-02,West Port (Mumbai),Priority Surface Cargo,216.74,333.38,2025-09-09,2025-09-09,0,On-Time,1,0
SHP-20244632,2024-06-06,SUP-07,Hind Cargo Aggregates,Tier 3,WH-KOL-04,East Gateway (Kolkata),Priority Surface Cargo,672.18,787.54,2024-06-08,2024-06-10,2,Delayed,0,0
SHP-20244633,2025-11-05,SUP-01,Apex Precision Components,Tier 1,WH-KOL-04,East Gateway (Kolkata),Standard Rail Transport,678.12,498.45,2025-11-10,2025-11-10,0,On-Time,1,0
SHP-20244634,2025-04-23,SUP-06,Global Polymer Solutions,Tier 2,WH-KOL-04,East Gateway (Kolkata),Standard Rail Transport,737.13,560.75,2025-04-29,2025-05-02,3,Delayed,0,0
SHP-20244635,2025-12-12,SUP-04,Evergreen Raw Materials,Tier 2,WH-DEL-01,North Hub (Delhi-NCR),Priority Surface Cargo,453.06,576.61,2025-12-17,2025-12-21,4,Delayed,0,0
SHP-20244636,2024-09-21,SUP-06,Global Polymer Solutions,Tier 2,WH-BLR-03,South Central (Bengaluru),Express Air Freight,246.75,489.62,2024-09-25,2024-09-30,5,Delayed,0,0
SHP-20244637,2024-07-09,SUP-08,Indus Logistics Fab,Tier 3,WH-BLR-03,South Central (Bengaluru),Regional Truckload,510.17,401.27,2024-07-13,2024-07-14,1,Delayed,0,1
SHP-20244638,2025-01-21,SUP-02,Bharat Heavy Forgings,Tier 1,WH-DEL-01,North Hub (Delhi-NCR),Standard Rail Transport,840.58,611.59,2025-01-26,2025-01-28,2,Delayed,0,0
SHP-20244639,2025-05-19,SUP-04,Evergreen Raw Materials,Tier 2,WH-DEL-01,North Hub (Delhi-NCR),Priority Surface Cargo,-501.35,617.13,2025-05-24,2025-05-24,0,On-Time,1,0
SHP-20244640,2025-01-11,SUP-03,Delta Electronics Hub,Tier 1,WH-MUM-02,West Port (Mumbai),Express Air Freight,78.88,179.35,2025-01-16,2025-01-16,0,On-Time,1,0
SHP-20244641,2025-06-07,SUP-02,Bharat Heavy Forgings,Tier 1,WH-MUM-02,West Port (Mumbai),Regional Truckload,120.16,114.93,2025-06-09,2025-06-11,2,Delayed,0,0
SHP-20244642,2024-10-14,SUP-08,Indus Logistics Fab,Tier 3,WH-BLR-03,South Central (Bengaluru),Express Air Freight,472.4,964.19,2024-10-19,2024-10-19,0,On-Time,1,0
SHP-20244643,2024-06-08,SUP-07,Hind Cargo Aggregates,Tier 3,WH-DEL-01,North Hub (Delhi-NCR),Regional Truckload,652.73,504.27,2024-06-11,2024-06-12,1,Delayed,0,0
SHP-20244644,2024-01-30,SUP-01,Apex Precision Components,Tier 1,WH-BLR-03,South Central (Bengaluru),Priority Surface Cargo,404.64,476.76,2024-02-02,2024-02-03,1,Delayed,0,0
SHP-20244645,2024-03-10,SUP-01,Apex Precision Components,Tier 1,WH-BLR-03,South Central (Bengaluru),Priority Surface Cargo,103.94,144.76,2024-03-12,2024-03-20,8,Delayed,0,0
SHP-20244646,2025-01-14,SUP-06,Global Polymer Solutions,Tier 2,WH-MUM-02,West Port (Mumbai),Standard Rail Transport,607.97,464.53,2025-01-17,2025-01-17,0,On-Time,1,0
SHP-20244647,2024-01-18,SUP-05,Falcon Fasteners Corp,Tier 2,WH-KOL-04,East Gateway (Kolkata),Express Air Freight,511.52,989.08,2024-01-24,2024-01-26,2,Delayed,0,0
SHP-20244648,2025-08-17,SUP-04,Evergreen Raw Materials,Tier 2,WH-KOL-04,East Gateway (Kolkata),Regional Truckload,556.54,441.82,2025-08-23,2025-08-23,0,On-Time,1,0
SHP-20244649,2025-09-10,SUP-06,Global Polymer Solutions,Tier 2,WH-BLR-03,South Central (Bengaluru),Priority Surface Cargo,213.68,314.84,2025-09-14,2025-09-17,3,Delayed,0,0
SHP-20244650,2024-12-19,SUP-08,Indus Logistics Fab,Tier 3,WH-DEL-01,North Hub (Delhi-NCR),Standard Rail Transport,725.38,530.68,2024-12-24,2024-12-24,0,On-Time,1,0
SHP-20244651,2025-06-25,SUP-05,Falcon Fasteners Corp,Tier 2,WH-DEL-01,North Hub (Delhi-NCR),Standard Rail Transport,812.51,567.14,2025-06-28,2025-06-28,0,On-Time,1,0
SHP-20244652,2025-10-21,SUP-02,Bharat Heavy Forgings,Tier 1,WH-MUM-02,West Port (Mumbai),Express Air Freight,401.31,819.12,2025-10-23,2025-10-23,0,On-Time,1,0
SHP-20244653,2025-01-27,SUP-06,Global Polymer Solutions,Tier 2,WH-KOL-04,East Gateway (Kolkata),Priority Surface Cargo,322.82,423.59,2025-01-31,2025-01-31,0,On-Time,1,0
SHP-20244654,2024-08-29,SUP-07,Hind Cargo Aggregates,Tier 3,WH-KOL-04,East Gateway (Kolkata),Regional Truckload,371.24,267.96,2024-09-02,2024-09-02,0,On-Time,1,0
SHP-20244655,2025-03-18,SUP-07,Hind Cargo Aggregates,Tier 3,WH-DEL-01,North Hub (Delhi-NCR),Express Air Freight,562.43,1116.11,2025-03-22,2025-03-25,3,Delayed,0,0
SHP-20244656,2024-07-14,SUP-02,Bharat Heavy Forgings,Tier 1,WH-BLR-03,South Central (Bengaluru),Standard Rail Transport,442.81,323.15,2024-07-17,2024-07-24,7,Delayed,0,0
SHP-20244657,2024-12-31,SUP-08,Indus Logistics Fab,Tier 3,WH-BLR-03,South Central (Bengaluru),Regional Truckload,444.64,318.82,2025-01-04,2025-01-05,1,Delayed,0,0
SHP-20244658,2025-07-29,SUP-08,Indus Logistics Fab,Tier 3,WH-MUM-02,West Port (Mumbai),Regional Truckload,261.99,218.33,2025-08-03,2025-08-07,4,Delayed,0,0
SHP-20244659,2024-11-16,SUP-03,Delta Electronics Hub,Tier 1,WH-DEL-01,North Hub (Delhi-NCR),Regional Truckload,29.4,70.41,20/11/2024,2024-11-25,5,Delayed,0,1
SHP-20244660,2025-03-22,SUP-05,Falcon Fasteners Corp,Tier 2,WH-KOL-04,East Gateway (Kolkata),Priority Surface Cargo,780.39,927.47,2025-03-24,2025-03-28,4,Delayed,0,0
SHP-20244661,2024-11-05,SUP-08,Indus Logistics Fab,Tier 3,WH-BLR-03,South Central (Bengaluru),Standard Rail Transport,584.95,470.68,2024-11-11,2024-11-11,0,On-Time,1,0
SHP-20244662,2024-05-27,SUP-05,Falcon Fasteners Corp,Tier 2,WH-KOL-04,East Gateway (Kolkata),Priority Surface Cargo,472.87,607.67,2024-05-29,2024-05-30,1,Delayed,0,0
SHP-20244663,2025-03-15,SUP-07,Hind Cargo Aggregates,Tier 3,WH-KOL-04,East Gateway (Kolkata),Express Air Freight,286.58,596.51,2025-03-20,2025-03-26,6,Delayed,0,0
SHP-20244664,2024-05-22,SUP-07,Hind Cargo Aggregates,Tier 3,WH-KOL-04,East Gateway (Kolkata),Priority Surface Cargo,514.77,648.24,2024-05-24,2024-05-24,0,On-Time,1,0
SHP-20244665,2025-07-05,SUP-06,Global Polymer Solutions,Tier 2,WH-KOL-04,East Gateway (Kolkata),Standard Rail Transport,680.68,471.2,2025-07-10,2025-07-16,6,Delayed,0,0
SHP-20244666,2025-04-06,SUP-05,Falcon Fasteners Corp,Tier 2,WH-KOL-04,East Gateway (Kolkata),Priority Surface Cargo,294.37,384.64,2025-04-11,2025-04-12,1,Delayed,0,0
SHP-20244667,2025-09-15,SUP-03,Delta Electronics Hub,Tier 1,WH-BLR-03,South Central (Bengaluru),Standard Rail Transport,174.38,188.32,2025-09-18,2025-09-19,1,Delayed,0,0
SHP-20244668,2025-02-03,SUP-01,Apex Precision Components,Tier 1,WH-KOL-04,East Gateway (Kolkata),Express Air Freight,570.44,1125.06,2025-02-08,2025-02-08,0,On-Time,1,0
SHP-20244669,2024-10-24,SUP-01,Apex Precision Components,Tier 1,WH-DEL-01,North Hub (Delhi-NCR),Standard Rail Transport,434.84,367.5,29/10/2024,2024-10-30,1,Delayed,0,0
SHP-20244670,2024-03-21,SUP-02,Bharat Heavy Forgings,Tier 1,WH-BLR-03,South Central (Bengaluru),Express Air Freight,44.78,122.4,2024-03-27,2024-03-30,3,Delayed,0,0
SHP-20244671,2025-09-17,SUP-04,Evergreen Raw Materials,Tier 2,WH-MUM-02,West Port (Mumbai),Express Air Freight,230.76,503.72,2025-09-20,2025-09-20,0,On-Time,1,0
SHP-20244672,2024-07-02,SUP-08,Indus Logistics Fab,Tier 3,WH-MUM-02,West Port (Mumbai),Express Air Freight,507.04,980.33,2024-07-07,2024-07-07,0,On-Time,1,0
SHP-20244673,2024-01-25,SUP-01,Apex Precision Components,Tier 1,WH-KOL-04,East Gateway (Kolkata),Express Air Freight,170.46,353.96,2024-01-27,2024-01-27,0,On-Time,1,0
SHP-20244674,2024-04-09,SUP-07,Hind Cargo Aggregates,Tier 3,WH-KOL-04,East Gateway (Kolkata),Standard Rail Transport,168.38,200.97,2024-04-13,2024-04-14,1,Delayed,0,0
SHP-20244675,2024-09-23,SUP-02,Bharat Heavy Forgings,Tier 1,WH-BLR-03,South Central (Bengaluru),Regional Truckload,701.88,506.54,2024-09-27,2024-09-28,1,Delayed,0,0
SHP-20244676,2024-07-25,SUP-08,Indus Logistics Fab,Tier 3,WH-KOL-04,East Gateway (Kolkata),Express Air Freight,525.07,1009.27,2024-07-30,2024-07-31,1,Delayed,0,1
SHP-20244677,2024-02-23,SUP-04,Evergreen Raw Materials,Tier 2,WH-MUM-02,West Port (Mumbai),Priority Surface Cargo,246.57,335.46,2024-02-27,2024-02-27,0,On-Time,1,0
SHP-20244678,2025-07-31,SUP-07,Hind Cargo Aggregates,Tier 3,WH-DEL-01,North Hub (Delhi-NCR),Express Air Freight,370.73,714.59,2025-08-05,2025-08-07,2,Delayed,0,0
SHP-20244679,2024-06-05,SUP-04,Evergreen Raw Materials,Tier 2,WH-DEL-01,North Hub (Delhi-NCR),Regional Truckload,678.58,470.24,2024-06-07,2024-06-07,0,On-Time,1,0
SHP-20244680,2024-11-21,SUP-08,Indus Logistics Fab,Tier 3,WH-BLR-03,South Central (Bengaluru),Regional Truckload,488.49,386.33,2024-11-25,2024-11-25,0,On-Time,1,1
SHP-20244681,2024-04-27,SUP-07,Hind Cargo Aggregates,Tier 3,WH-MUM-02,West Port (Mumbai),Regional Truckload,760.18,545.78,2024-04-30,2024-05-02,2,Delayed,0,0
SHP-20244682,2025-06-04,SUP-08,Indus Logistics Fab,Tier 3,WH-DEL-01,North Hub (Delhi-NCR),Express Air Freight,34.29,108.2,2025-06-10,2025-06-10,0,On-Time,1,0
SHP-20244683,2025-09-29,SUP-06,Global Polymer Solutions,Tier 2,WH-KOL-04,East Gateway (Kolkata),Regional Truckload,630.79,475.03,2025-10-03,2025-10-06,3,Delayed,0,0
SHP-20244684,2024-12-17,SUP-07,Hind Cargo Aggregates,Tier 3,WH-BLR-03,South Central (Bengaluru),Standard Rail Transport,284.68,279.05,2024-12-23,2024-12-24,1,Delayed,0,1
SHP-20244685,2024-04-29,SUP-05,Falcon Fasteners Corp,Tier 2,WH-MUM-02,West Port (Mumbai),Regional Truckload,152.3,127.88,2024-05-03,2024-05-03,0,On-Time,1,0
SHP-20244686,2025-12-01,SUP-06,Global Polymer Solutions,Tier 2,WH-KOL-04,East Gateway (Kolkata),Express Air Freight,248.07,487.14,2025-12-06,2025-12-12,6,Delayed,0,0
SHP-20244687,2025-06-30,SUP-03,Delta Electronics Hub,Tier 1,WH-KOL-04,East Gateway (Kolkata),Regional Truckload,387.15,306.35,2025-07-04,2025-07-10,6,Delayed,0,0
SHP-20244688,2024-11-07,SUP-03,Delta Electronics Hub,Tier 1,WH-BLR-03,South Central (Bengaluru),Standard Rail Transport,803.75,570.23,2024-11-10,2024-11-10,0,On-Time,1,0
SHP-20244689,2025-05-25,SUP-06,Global Polymer Solutions,Tier 2,WH-DEL-01,North Hub (Delhi-NCR),Regional Truckload,432.29,375.89,2025-05-30,2025-05-31,1,Delayed,0,0
SHP-20244690,2024-02-24,SUP-06,Global Polymer Solutions,Tier 2,WH-BLR-03,South Central (Bengaluru),Standard Rail Transport,828.32,582.37,2024-02-29,2024-03-07,7,Delayed,0,0
SHP-20244691,2024-01-09,SUP-04,Evergreen Raw Materials,Tier 2,WH-KOL-04,East Gateway (Kolkata),Standard Rail Transport,228.3,214.72,2024-01-13,2024-01-17,4,Delayed,0,0
SHP-20244692,2025-03-27,SUP-04,Evergreen Raw Materials,Tier 2,WH-MUM-02,West Port (Mumbai),Express Air Freight,601.72,1168.58,2025-04-02,2025-04-04,2,Delayed,0,0
SHP-20244693,2025-11-01,SUP-05,Falcon Fasteners Corp,Tier 2,WH-DEL-01,North Hub (Delhi-NCR),Standard Rail Transport,380.12,331.91,2025-11-06,2025-11-10,4,Delayed,0,0
SHP-20244694,2025-05-18,SUP-06,Global Polymer Solutions,Tier 2,WH-MUM-02,West Port (Mumbai),Regional Truckload,120.04,129.66,2025-05-22,2025-05-22,0,On-Time,1,0
SHP-20244695,2024-06-20,SUP-07,Hind Cargo Aggregates,Tier 3,WH-KOL-04,East Gateway (Kolkata),Priority Surface Cargo,556.52,695.48,2024-06-22,2024-06-22,0,On-Time,1,0
SHP-20244696,2024-12-17,SUP-05,Falcon Fasteners Corp,Tier 2,WH-KOL-04,East Gateway (Kolkata),Regional Truckload,740.79,543.16,2024-12-23,2024-12-25,2,Delayed,0,0
SHP-20244697,2024-05-21,SUP-05,Falcon Fasteners Corp,Tier 2,WH-KOL-04,East Gateway (Kolkata),Priority Surface Cargo,242.02,353.2,2024-05-25,2024-05-26,1,Delayed,0,0
SHP-20244698,2025-10-28,SUP-05,Falcon Fasteners Corp,Tier 2,WH-DEL-01,North Hub (Delhi-NCR),Standard Rail Transport,204.09,201.67,2025-11-02,2025-11-02,0,On-Time,1,0
SHP-20244699,2024-11-07,SUP-08,Indus Logistics Fab,Tier 3,WH-MUM-02,West Port (Mumbai),Express Air Freight,471.2,945.28,2024-11-09,2024-11-14,5,Delayed,0,0
SHP-20244700,2025-04-29,SUP-01,Apex Precision Components,Tier 1,WH-MUM-02,West Port (Mumbai),Express Air Freight,62.71,188.7,2025-05-03,2025-05-07,4,Delayed,0,0
SHP-20244701,2025-08-31,SUP-04,Evergreen Raw Materials,Tier 2,WH-KOL-04,East Gateway (Kolkata),Priority Surface Cargo,538.61,676.64,2025-09-04,2025-09-06,2,Delayed,0,0
SHP-20244702,2024-12-10,SUP-08,Indus Logistics Fab,Tier 3,WH-DEL-01,North Hub (Delhi-NCR),Express Air Freight,279.95,570.83,2024-12-13,2024-12-13,0,On-Time,1,0
SHP-20244703,2025-02-07,SUP-01,Apex Precision Components,Tier 1,WH-BLR-03,South Central (Bengaluru),Express Air Freight,705.88,1354.08,11/02/2025,2025-02-17,6,Delayed,0,0
SHP-20244704,2024-05-12,SUP-08,Indus Logistics Fab,Tier 3,WH-BLR-03,South Central (Bengaluru),Standard Rail Transport,645.6,458.33,2024-05-18,2024-05-18,0,On-Time,1,0
SHP-20244705,2024-07-09,SUP-08,Indus Logistics Fab,Tier 3,WH-BLR-03,South Central (Bengaluru),Priority Surface Cargo,429.21,543.41,2024-07-13,2024-07-15,2,Delayed,0,0
SHP-20244706,2025-10-25,SUP-05,Falcon Fasteners Corp,Tier 2,WH-MUM-02,West Port (Mumbai),Express Air Freight,45.42,113.78,2025-10-30,2025-10-30,0,On-Time,1,0
SHP-20244707,2024-11-29,SUP-08,Indus Logistics Fab,Tier 3,WH-MUM-02,West Port (Mumbai),Express Air Freight,756.85,1439.28,2024-12-02,2024-12-05,3,Delayed,0,0
SHP-20244708,2024-12-11,SUP-03,Delta Electronics Hub,Tier 1,WH-KOL-04,East Gateway (Kolkata),Regional Truckload,444.0,335.86,2024-12-13,2024-12-16,3,Delayed,0,0
SHP-20244709,2024-04-28,SUP-02,Bharat Heavy Forgings,Tier 1,WH-BLR-03,South Central (Bengaluru),Express Air Freight,503.54,975.08,2024-05-04,2024-05-06,2,Delayed,0,0
SHP-20244710,2025-12-05,SUP-05,Falcon Fasteners Corp,Tier 2,WH-BLR-03,South Central (Bengaluru),Priority Surface Cargo,179.57,225.66,2025-12-08,2025-12-09,1,Delayed,0,0
SHP-20244711,2025-11-01,SUP-08,Indus Logistics Fab,Tier 3,WH-BLR-03,South Central (Bengaluru),Priority Surface Cargo,350.05,414.7,2025-11-05,2025-11-09,4,Delayed,0,0
SHP-20244712,2025-12-13,SUP-08,Indus Logistics Fab,Tier 3,WH-DEL-01,North Hub (Delhi-NCR),Priority Surface Cargo,515.49,595.31,2025-12-18,2025-12-18,0,On-Time,1,0
SHP-20244713,2025-09-07,SUP-03,Delta Electronics Hub,Tier 1,WH-MUM-02,West Port (Mumbai),Regional Truckload,539.33,384.13,2025-09-12,2025-09-12,0,On-Time,1,0
SHP-20244714,2024-10-09,SUP-03,Delta Electronics Hub,Tier 1,WH-MUM-02,West Port (Mumbai),Express Air Freight,97.81,242.42,2024-10-11,2024-10-12,1,Delayed,0,0
SHP-20244715,2024-05-10,SUP-08,Indus Logistics Fab,Tier 3,WH-MUM-02,West Port (Mumbai),Regional Truckload,434.91,320.65,2024-05-15,2024-05-15,0,On-Time,1,1
SHP-20244716,2024-06-04,SUP-04,Evergreen Raw Materials,Tier 2,WH-KOL-04,East Gateway (Kolkata),Regional Truckload,690.17,490.73,2024-06-06,2024-06-13,7,Delayed,0,0
SHP-20244717,2025-04-29,SUP-03,Delta Electronics Hub,Tier 1,WH-MUM-02,West Port (Mumbai),Standard Rail Transport,70.66,97.36,2025-05-03,2025-05-04,1,Delayed,0,0
SHP-20244718,2024-11-18,SUP-03,Delta Electronics Hub,Tier 1,WH-BLR-03,South Central (Bengaluru),Priority Surface Cargo,-32.79,79.2,2024-11-23,2024-11-25,2,Delayed,0,0
SHP-20244719,2024-07-27,SUP-02,Bharat Heavy Forgings,Tier 1,WH-BLR-03,South Central (Bengaluru),Priority Surface Cargo,656.11,785.69,2024-08-02,2024-08-06,4,Delayed,0,0
SHP-20244720,2024-04-30,SUP-07,Hind Cargo Aggregates,Tier 3,WH-DEL-01,North Hub (Delhi-NCR),Standard Rail Transport,335.54,254.0,2024-05-05,2024-05-07,2,Delayed,0,0
SHP-20244721,2025-09-16,SUP-06,Global Polymer Solutions,Tier 2,WH-BLR-03,South Central (Bengaluru),Standard Rail Transport,544.96,427.31,2025-09-22,2025-09-28,6,Delayed,0,0
SHP-20244722,2025-07-29,SUP-04,Evergreen Raw Materials,Tier 2,WH-BLR-03,South Central (Bengaluru),Express Air Freight,551.64,1076.07,2025-08-01,2025-08-02,1,Delayed,0,0
SHP-20244723,2024-08-14,SUP-05,Falcon Fasteners Corp,Tier 2,WH-BLR-03,South Central (Bengaluru),Priority Surface Cargo,743.41,909.82,2024-08-17,2024-08-23,6,Delayed,0,0
SHP-20244724,2024-06-04,SUP-03,Delta Electronics Hub,Tier 1,WH-MUM-02,West Port (Mumbai),Priority Surface Cargo,99.84,166.42,2024-06-09,2024-06-09,0,on-time  ,1,0
SHP-20244725,2025-01-11,SUP-05,Falcon Fasteners Corp,Tier 2,WH-BLR-03,South Central (Bengaluru),Express Air Freight,648.27,1250.45,2025-01-14,2025-01-15,1,Delayed,0,0
SHP-20244726,2024-07-19,SUP-02,Bharat Heavy Forgings,Tier 1,WH-MUM-02,West Port (Mumbai),Express Air Freight,684.85,1327.96,2024-07-22,2024-07-23,1,Delayed,0,0
SHP-20244727,2025-05-14,SUP-06,Global Polymer Solutions,Tier 2,WH-MUM-02,West Port (Mumbai),Regional Truckload,420.04,355.08,2025-05-17,2025-05-22,5,Delayed,0,0
SHP-20244728,2025-05-22,SUP-04,Evergreen Raw Materials,Tier 2,WH-DEL-01,North Hub (Delhi-NCR),Express Air Freight,86.54,220.77,2025-05-28,2025-05-31,3,Delayed,0,0
SHP-20244729,2024-10-30,SUP-02,Bharat Heavy Forgings,Tier 1,WH-BLR-03,South Central (Bengaluru),Standard Rail Transport,694.64,534.54,2024-11-01,2024-11-08,7,Delayed,0,0
SHP-20244730,2025-03-15,SUP-08,Indus Logistics Fab,Tier 3,WH-KOL-04,East Gateway (Kolkata),Priority Surface Cargo,297.35,381.74,2025-03-21,2025-03-27,6,Delayed,0,0
SHP-20244731,2025-08-02,SUP-03,Delta Electronics Hub,Tier 1,WH-BLR-03,South Central (Bengaluru),Regional Truckload,353.01,318.77,2025-08-04,2025-08-05,1,Delayed,0,0
SHP-20244732,2025-12-02,SUP-04,Evergreen Raw Materials,Tier 2,WH-BLR-03,South Central (Bengaluru),Priority Surface Cargo,603.25,736.66,2025-12-07,2025-12-07,0,On-Time,1,0
SHP-20244733,2024-01-12,SUP-07,Hind Cargo Aggregates,Tier 3,WH-MUM-02,West Port (Mumbai),Standard Rail Transport,37.39,95.12,2024-01-17,2024-01-18,1,Delayed,0,0
SHP-20244734,2024-04-18,SUP-03,Delta Electronics Hub,Tier 1,WH-MUM-02,West Port (Mumbai),Priority Surface Cargo,656.01,810.91,2024-04-23,2024-04-24,1,Delayed,0,0
SHP-20244735,2024-04-09,SUP-06,Global Polymer Solutions,Tier 2,WH-MUM-02,West Port (Mumbai),Express Air Freight,466.58,933.48,2024-04-13,2024-04-15,2,Delayed,0,0
SHP-20244736,2024-05-04,SUP-03,Delta Electronics Hub,Tier 1,WH-BLR-03,South Central (Bengaluru),Priority Surface Cargo,363.52,424.99,2024-05-06,2024-05-12,6,Delayed,0,0
SHP-20244737,2025-08-14,SUP-01,Apex Precision Components,Tier 1,WH-BLR-03,South Central (Bengaluru),Regional Truckload,678.8,502.78,2025-08-20,2025-08-21,1,Delayed,0,0
SHP-20244738,2025-04-05,SUP-04,Evergreen Raw Materials,Tier 2,WH-DEL-01,North Hub (Delhi-NCR),Regional Truckload,744.19,568.42,2025-04-10,2025-04-10,0,On-Time,1,0
SHP-20244739,2024-05-29,SUP-04,Evergreen Raw Materials,Tier 2,WH-MUM-02,West Port (Mumbai),Standard Rail Transport,350.87,253.15,2024-06-02,2024-06-02,0,On-Time,1,0
SHP-20244740,2025-04-23,SUP-06,Global Polymer Solutions,Tier 2,WH-BLR-03,South Central (Bengaluru),Standard Rail Transport,491.17,344.34,2025-04-29,2025-04-29,0,On-Time,1,0
SHP-20244741,2025-10-21,SUP-08,Indus Logistics Fab,Tier 3,WH-BLR-03,South Central (Bengaluru),Regional Truckload,303.38,272.04,2025-10-26,2025-10-26,0,On-Time,1,0
SHP-20244742,2024-12-27,SUP-01,Apex Precision Components,Tier 1,WH-DEL-01,North Hub (Delhi-NCR),Regional Truckload,-445.03,374.78,2025-01-02,2025-01-02,0,On-Time,1,0
SHP-20244743,2025-03-28,SUP-02,Bharat Heavy Forgings,Tier 1,WH-BLR-03,South Central (Bengaluru),Express Air Freight,475.11,913.71,2025-04-03,2025-04-09,6,Delayed,0,0
SHP-20244744,2025-11-05,SUP-07,Hind Cargo Aggregates,Tier 3,WH-DEL-01,North Hub (Delhi-NCR),Express Air Freight,218.98,432.97,2025-11-07,2025-11-13,6,Delayed,0,1
SHP-20244745,2024-02-13,SUP-01,Apex Precision Components,Tier 1,WH-MUM-02,West Port (Mumbai),Priority Surface Cargo,140.13,227.06,2024-02-18,2024-02-18,0,On-Time,1,0
SHP-20244746,2024-09-16,SUP-02,Bharat Heavy Forgings,Tier 1,WH-MUM-02,West Port (Mumbai),Priority Surface Cargo,189.98,299.4,2024-09-18,2024-09-18,0,On-Time,1,0
SHP-20244747,2025-06-18,SUP-02,Bharat Heavy Forgings,Tier 1,WH-DEL-01,North Hub (Delhi-NCR),Express Air Freight,201.92,467.85,2025-06-21,2025-06-24,3,Delayed,0,1
SHP-20244748,2024-06-15,SUP-01,Apex Precision Components,Tier 1,WH-DEL-01,North Hub (Delhi-NCR),Standard Rail Transport,330.69,308.12,2024-06-19,2024-06-21,2,Delayed,0,0
SHP-20244749,2024-11-14,SUP-06,Global Polymer Solutions,Tier 2,WH-DEL-01,North Hub (Delhi-NCR),Regional Truckload,585.51,472.54,2024-11-18,2024-11-19,1,Delayed,0,0
SHP-20244750,2025-05-13,SUP-02,Bharat Heavy Forgings,Tier 1,WH-DEL-01,North Hub (Delhi-NCR),Express Air Freight,214.04,473.46,2025-05-17,2025-05-20,3,Delayed,0,0
SHP-20244751,2025-10-25,SUP-07,Hind Cargo Aggregates,Tier 3,WH-MUM-02,West Port (Mumbai),Priority Surface Cargo,316.38,439.37,2025-10-28,2025-10-28,0,On-Time,1,0
SHP-20244752,2024-06-14,SUP-06,Global Polymer Solutions,Tier 2,WH-BLR-03,South Central (Bengaluru),Standard Rail Transport,312.93,234.24,2024-06-17,2024-06-17,0,On-Time,1,0
SHP-20244753,2025-09-04,SUP-05,Falcon Fasteners Corp,Tier 2,WH-DEL-01,North Hub (Delhi-NCR),Priority Surface Cargo,58.49,100.84,2025-09-09,2025-09-12,3,Delayed,0,0
SHP-20244754,2024-09-29,SUP-01,Apex Precision Components,Tier 1,WH-BLR-03,South Central (Bengaluru),Express Air Freight,456.13,899.9,2024-10-03,2024-10-03,0,On-Time,1,0
SHP-20244755,2025-01-07,SUP-07,Hind Cargo Aggregates,Tier 3,WH-MUM-02,West Port (Mumbai),Express Air Freight,220.84,462.28,2025-01-11,2025-01-13,2,Delayed,0,0
SHP-20244756,2025-10-20,SUP-05,Falcon Fasteners Corp,Tier 2,WH-DEL-01,North Hub (Delhi-NCR),Express Air Freight,353.91,689.75,2025-10-22,2025-10-26,4,Delayed,0,0
SHP-20244757,2025-11-26,SUP-02,Bharat Heavy Forgings,Tier 1,WH-DEL-01,North Hub (Delhi-NCR),Priority Surface Cargo,829.67,1006.7,2025-11-29,2025-12-01,2,Delayed,0,0
SHP-20244758,2025-08-18,SUP-03,Delta Electronics Hub,Tier 1,WH-DEL-01,North Hub (Delhi-NCR),Priority Surface Cargo,142.72,222.93,2025-08-22,2025-08-22,0,On-Time,1,0
SHP-20244759,2024-11-20,SUP-06,Global Polymer Solutions,Tier 2,WH-BLR-03,South Central (Bengaluru),Priority Surface Cargo,140.54,213.3,2024-11-23,2024-11-24,1,Delayed,0,0
SHP-20244760,2024-11-08,SUP-05,Falcon Fasteners Corp,Tier 2,WH-KOL-04,East Gateway (Kolkata),Express Air Freight,415.35,849.93,2024-11-13,2024-11-17,4,Delayed,0,0
SHP-20244761,2024-02-02,SUP-08,Indus Logistics Fab,Tier 3,WH-BLR-03,South Central (Bengaluru),Standard Rail Transport,29.53,98.34,2024-02-04,2024-02-05,1,Delayed,0,0
SHP-20244762,2025-06-02,SUP-08,Indus Logistics Fab,Tier 3,WH-KOL-04,East Gateway (Kolkata),Priority Surface Cargo,775.08,945.58,2025-06-07,2025-06-07,0,On-Time,1,0
SHP-20244763,2024-06-16,SUP-08,Indus Logistics Fab,Tier 3,WH-BLR-03,South Central (Bengaluru),Standard Rail Transport,771.1,577.92,2024-06-19,2024-06-21,2,Delayed,0,0
SHP-20244764,2025-05-30,SUP-02,Bharat Heavy Forgings,Tier 1,WH-MUM-02,West Port (Mumbai),Standard Rail Transport,376.99,322.05,02/06/2025,2025-06-03,1,Delayed,0,0
SHP-20244765,2024-12-22,SUP-06,Global Polymer Solutions,Tier 2,WH-BLR-03,South Central (Bengaluru),Priority Surface Cargo,153.43,221.38,2024-12-24,2024-12-26,2,Delayed,0,0
SHP-20244766,2025-01-03,SUP-01,Apex Precision Components,Tier 1,WH-KOL-04,East Gateway (Kolkata),Regional Truckload,243.32,212.85,2025-01-08,2025-01-13,5,Delayed,0,0
SHP-20244767,2024-05-11,SUP-08,Indus Logistics Fab,Tier 3,WH-KOL-04,East Gateway (Kolkata),Regional Truckload,570.83,433.92,2024-05-13,2024-05-17,4,Delayed,0,0
SHP-20244768,2024-12-17,SUP-07,Hind Cargo Aggregates,Tier 3,WH-BLR-03,South Central (Bengaluru),Regional Truckload,696.22,544.1,2024-12-20,2024-12-23,3,Delayed,0,0
SHP-20244769,2024-07-14,SUP-02,Bharat Heavy Forgings,Tier 1,WH-BLR-03,South Central (Bengaluru),Priority Surface Cargo,448.78,573.64,2024-07-19,2024-07-22,3,Delayed,0,0
SHP-20244770,2024-09-30,SUP-03,Delta Electronics Hub,Tier 1,WH-KOL-04,East Gateway (Kolkata),Priority Surface Cargo,481.22,569.92,2024-10-02,2024-10-05,3,Delayed,0,0
SHP-20244771,2024-09-12,SUP-06,Global Polymer Solutions,Tier 2,WH-BLR-03,South Central (Bengaluru),Express Air Freight,773.08,1463.98,2024-09-16,2024-09-17,1,Delayed,0,1
SHP-20244772,2024-03-20,SUP-04,Evergreen Raw Materials,Tier 2,WH-BLR-03,South Central (Bengaluru),Regional Truckload,593.9,417.45,2024-03-22,2024-03-23,1,Delayed,0,0
SHP-20244773,2025-07-18,SUP-07,Hind Cargo Aggregates,Tier 3,WH-DEL-01,North Hub (Delhi-NCR),Standard Rail Transport,363.53,278.98,2025-07-21,2025-07-22,1,Delayed,0,0
SHP-20244774,2024-03-30,SUP-02,Bharat Heavy Forgings,Tier 1,WH-DEL-01,North Hub (Delhi-NCR),Priority Surface Cargo,257.85,374.86,2024-04-01,2024-04-03,2,Delayed,0,0
SHP-20244775,2025-07-14,SUP-02,Bharat Heavy Forgings,Tier 1,WH-KOL-04,East Gateway (Kolkata),Express Air Freight,125.57,286.0,2025-07-20,2025-07-20,0,On-Time,1,0
SHP-20244776,2024-09-11,SUP-08,Indus Logistics Fab,Tier 3,WH-MUM-02,West Port (Mumbai),Priority Surface Cargo,608.61,709.55,2024-09-17,2024-09-18,1,Delayed,0,0
SHP-20244777,2024-04-10,SUP-04,Evergreen Raw Materials,Tier 2,WH-DEL-01,North Hub (Delhi-NCR),Express Air Freight,803.84,1522.09,2024-04-16,2024-04-18,2,Delayed,0,0
SHP-20244778,2024-11-14,SUP-02,Bharat Heavy Forgings,Tier 1,WH-BLR-03,South Central (Bengaluru),Standard Rail Transport,415.9,343.89,2024-11-20,2024-11-21,1,Delayed,0,0
SHP-20244779,2025-07-18,SUP-08,Indus Logistics Fab,Tier 3,WH-MUM-02,West Port (Mumbai),Priority Surface Cargo,671.46,804.33,2025-07-23,2025-07-26,3,Delayed,0,0
SHP-20244780,2024-05-04,SUP-08,Indus Logistics Fab,Tier 3,WH-KOL-04,East Gateway (Kolkata),Priority Surface Cargo,848.95,993.76,2024-05-08,2024-05-12,4,Delayed,0,0
SHP-20244781,2024-11-06,SUP-01,Apex Precision Components,Tier 1,WH-KOL-04,East Gateway (Kolkata),Express Air Freight,705.33,1330.51,2024-11-10,2024-11-10,0,On-Time,1,1
SHP-20244782,2024-01-27,SUP-08,Indus Logistics Fab,Tier 3,WH-MUM-02,West Port (Mumbai),Priority Surface Cargo,718.71,872.58,2024-01-30,2024-01-31,1,Delayed,0,0
SHP-20244783,2024-12-14,SUP-03,Delta Electronics Hub,Tier 1,WH-BLR-03,South Central (Bengaluru),Standard Rail Transport,395.95,323.3,2024-12-16,2024-12-18,2,Delayed,0,0
SHP-20244784,2024-09-18,SUP-02,Bharat Heavy Forgings,Tier 1,WH-MUM-02,West Port (Mumbai),Priority Surface Cargo,105.53,159.21,2024-09-20,2024-09-20,0,On-Time,1,0
SHP-20244785,2025-02-16,SUP-04,Evergreen Raw Materials,Tier 2,WH-BLR-03,South Central (Bengaluru),Standard Rail Transport,413.1,309.21,2025-02-21,2025-02-27,6,Delayed,0,0
SHP-20244786,2025-11-20,SUP-06,Global Polymer Solutions,Tier 2,WH-DEL-01,North Hub (Delhi-NCR),Express Air Freight,729.59,1407.0,2025-11-26,2025-11-26,0,On-Time,1,0
SHP-20244787,2025-07-30,SUP-06,Global Polymer Solutions,Tier 2,WH-DEL-01,North Hub (Delhi-NCR),Express Air Freight,102.56,245.45,2025-08-02,2025-08-03,1,Delayed,0,0
SHP-20244788,2025-11-25,SUP-08,Indus Logistics Fab,Tier 3,WH-DEL-01,North Hub (Delhi-NCR),Standard Rail Transport,290.01,262.88,2025-11-30,2025-12-01,1,Delayed,0,0
SHP-20244789,2025-07-02,SUP-08,Indus Logistics Fab,Tier 3,WH-KOL-04,East Gateway (Kolkata),Priority Surface Cargo,460.59,578.96,2025-07-07,2025-07-14,7,Delayed,0,0
SHP-20244790,2025-10-09,SUP-05,Falcon Fasteners Corp,Tier 2,WH-MUM-02,West Port (Mumbai),Express Air Freight,518.89,1038.02,2025-10-11,2025-10-11,0,On-Time,1,0
SHP-20244791,2025-03-27,SUP-05,Falcon Fasteners Corp,Tier 2,WH-DEL-01,North Hub (Delhi-NCR),Standard Rail Transport,180.15,187.73,2025-04-02,2025-04-02,0,On-Time,1,0
SHP-20244792,2024-03-30,SUP-07,Hind Cargo Aggregates,Tier 3,WH-KOL-04,East Gateway (Kolkata),Priority Surface Cargo,462.74,589.67,2024-04-03,2024-04-13,10,Delayed,0,0
SHP-20244793,2024-10-30,SUP-05,Falcon Fasteners Corp,Tier 2,WH-BLR-03,South Central (Bengaluru),Regional Truckload,676.4,503.9,2024-11-05,2024-11-05,0,On-Time,1,0
SHP-20244794,2024-05-10,SUP-04,Evergreen Raw Materials,Tier 2,WH-MUM-02,West Port (Mumbai),Express Air Freight,807.05,1539.55,2024-05-16,2024-05-16,0,On-Time,1,0
SHP-20244795,2024-04-13,SUP-07,Hind Cargo Aggregates,Tier 3,WH-KOL-04,East Gateway (Kolkata),Express Air Freight,625.23,1234.12,2024-04-18,2024-04-21,3,Delayed,0,0
SHP-20244796,2025-03-17,SUP-01,Apex Precision Components,Tier 1,WH-KOL-04,East Gateway (Kolkata),Regional Truckload,785.97,600.51,2025-03-20,2025-03-23,3,Delayed,0,0
SHP-20244797,2024-09-27,SUP-05,Falcon Fasteners Corp,Tier 2,WH-BLR-03,South Central (Bengaluru),Priority Surface Cargo,40.24,70.98,2024-09-30,2024-10-01,1,Delayed,0,0
SHP-20244798,2024-09-25,SUP-03,Delta Electronics Hub,Tier 1,WH-DEL-01,North Hub (Delhi-NCR),Express Air Freight,732.92,1426.22,2024-09-28,2024-09-29,1,Delayed,0,0
SHP-20244799,2024-10-21,SUP-05,Falcon Fasteners Corp,Tier 2,WH-MUM-02,West Port (Mumbai),Regional Truckload,657.84,472.34,2024-10-23,2024-10-23,0,On-Time,1,0
SHP-20244800,2024-12-19,SUP-06,Global Polymer Solutions,Tier 2,WH-DEL-01,North Hub (Delhi-NCR),Express Air Freight,137.57,333.85,2024-12-23,2024-12-29,6,Delayed,0,0
SHP-20244801,2024-08-30,SUP-07,Hind Cargo Aggregates,Tier 3,WH-MUM-02,West Port (Mumbai),Express Air Freight,-436.85,867.97,2024-09-01,2024-09-01,0,On-Time,1,0
SHP-20244802,2025-08-11,SUP-08,Indus Logistics Fab,Tier 3,WH-MUM-02,West Port (Mumbai),Express Air Freight,474.06,953.47,2025-08-13,2025-08-13,0,On-Time,1,0
SHP-20244803,2024-01-25,SUP-04,Evergreen Raw Materials,Tier 2,WH-MUM-02,West Port (Mumbai),Standard Rail Transport,587.97,459.29,2024-01-31,2024-01-31,0,On-Time,1,0
SHP-20244804,2024-07-29,SUP-08,Indus Logistics Fab,Tier 3,WH-BLR-03,South Central (Bengaluru),Regional Truckload,612.71,483.86,2024-08-02,2024-08-02,0,On-Time,1,0
SHP-20244805,2024-04-07,SUP-07,Hind Cargo Aggregates,Tier 3,WH-BLR-03,South Central (Bengaluru),Regional Truckload,254.8,220.6,2024-04-12,2024-04-12,0,On-Time,1,0
SHP-20244806,2024-11-23,SUP-02,Bharat Heavy Forgings,Tier 1,WH-KOL-04,East Gateway (Kolkata),Regional Truckload,770.89,557.57,2024-11-28,2024-12-12,14,Delayed,0,0
SHP-20244807,2025-02-16,SUP-03,Delta Electronics Hub,Tier 1,WH-BLR-03,South Central (Bengaluru),Express Air Freight,223.68,482.57,2025-02-21,2025-02-21,0,On-Time,1,0
SHP-20244808,2025-01-11,SUP-02,Bharat Heavy Forgings,Tier 1,WH-DEL-01,North Hub (Delhi-NCR),Express Air Freight,140.36,290.74,2025-01-13,2025-01-14,1,Delayed,0,0
SHP-20244809,2024-03-01,SUP-07,Hind Cargo Aggregates,Tier 3,WH-KOL-04,East Gateway (Kolkata),Standard Rail Transport,187.76,205.32,2024-03-06,2024-03-11,5,Delayed,0,0
SHP-20244810,2024-08-19,SUP-01,Apex Precision Components,Tier 1,WH-KOL-04,East Gateway (Kolkata),Priority Surface Cargo,175.77,224.07,2024-08-23,2024-08-31,8,Delayed,0,0
SHP-20244811,2024-05-05,SUP-02,Bharat Heavy Forgings,Tier 1,WH-BLR-03,South Central (Bengaluru),Priority Surface Cargo,520.67,642.83,2024-05-07,2024-05-07,0,On-Time,1,0
SHP-20244812,2024-10-20,SUP-06,Global Polymer Solutions,Tier 2,WH-KOL-04,East Gateway (Kolkata),Regional Truckload,769.01,558.18,2024-10-22,2024-10-24,2,Delayed,0,0
SHP-20244813,2024-06-10,SUP-08,Indus Logistics Fab,Tier 3,WH-MUM-02,West Port (Mumbai),Priority Surface Cargo,524.08,606.98,2024-06-14,2024-06-18,4,Delayed,0,0
SHP-20244814,2025-05-02,SUP-01,Apex Precision Components,Tier 1,WH-DEL-01,North Hub (Delhi-NCR),Priority Surface Cargo,226.14,342.57,2025-05-04,2025-05-12,8,Delayed,0,1
SHP-20244815,2024-12-30,SUP-05,Falcon Fasteners Corp,Tier 2,WH-DEL-01,North Hub (Delhi-NCR),Regional Truckload,688.17,488.97,2025-01-01,2025-01-03,2,Delayed,0,0
SHP-20244816,2025-09-07,SUP-03,Delta Electronics Hub,Tier 1,WH-MUM-02,West Port (Mumbai),Regional Truckload,639.26,479.21,2025-09-09,2025-09-09,0,On-Time,1,0
SHP-20244817,2025-04-07,SUP-06,Global Polymer Solutions,Tier 2,WH-DEL-01,North Hub (Delhi-NCR),Regional Truckload,564.61,459.08,2025-04-09,2025-04-14,5,Delayed,0,0
SHP-20244818,2025-02-01,SUP-03,Delta Electronics Hub,Tier 1,WH-BLR-03,South Central (Bengaluru),Express Air Freight,712.29,1360.34,2025-02-05,2025-02-06,1,Delayed,0,0
SHP-20244819,2024-08-18,SUP-07,Hind Cargo Aggregates,Tier 3,WH-DEL-01,North Hub (Delhi-NCR),Express Air Freight,718.33,1380.02,2024-08-23,2024-08-23,0,On-Time,1,0
SHP-20244820,2024-02-24,SUP-02,Bharat Heavy Forgings,Tier 1,WH-BLR-03,South Central (Bengaluru),Regional Truckload,511.49,359.52,2024-03-01,2024-03-01,0,On-Time,1,0
SHP-20244821,2024-12-11,SUP-05,Falcon Fasteners Corp,Tier 2,WH-MUM-02,West Port (Mumbai),Standard Rail Transport,799.61,548.98,2024-12-14,2024-12-17,3,Delayed,0,0
SHP-20244822,2024-12-17,SUP-07,Hind Cargo Aggregates,Tier 3,WH-DEL-01,North Hub (Delhi-NCR),Express Air Freight,155.37,316.16,2024-12-23,2024-12-27,4,Delayed,0,0
SHP-20244823,2025-05-14,SUP-07,Hind Cargo Aggregates,Tier 3,WH-KOL-04,East Gateway (Kolkata),Priority Surface Cargo,807.95,964.79,2025-05-17,2025-05-22,5,Delayed,0,0
SHP-20244824,2025-08-24,SUP-05,Falcon Fasteners Corp,Tier 2,WH-BLR-03,South Central (Bengaluru),Standard Rail Transport,817.22,562.61,2025-08-27,2025-08-31,4,Delayed,0,0
SHP-20244825,2025-07-19,SUP-01,Apex Precision Components,Tier 1,WH-MUM-02,West Port (Mumbai),Express Air Freight,671.89,1325.7,2025-07-24,2025-07-25,1,Delayed,0,0
SHP-20244826,2025-07-10,SUP-02,Bharat Heavy Forgings,Tier 1,WH-BLR-03,South Central (Bengaluru),Priority Surface Cargo,518.34,655.01,2025-07-16,2025-07-16,0,On-Time,1,0
SHP-20244827,2024-03-19,SUP-07,Hind Cargo Aggregates,Tier 3,WH-DEL-01,North Hub (Delhi-NCR),Priority Surface Cargo,669.85,782.07,2024-03-25,2024-03-26,1,Delayed,0,0
SHP-20244828,2024-08-30,SUP-07,Hind Cargo Aggregates,Tier 3,WH-DEL-01,North Hub (Delhi-NCR),Express Air Freight,513.46,1009.66,2024-09-04,2024-09-05,1,Delayed,0,0
SHP-20244829,2025-07-05,SUP-03,Delta Electronics Hub,Tier 1,WH-KOL-04,East Gateway (Kolkata),Standard Rail Transport,780.84,573.02,2025-07-07,2025-07-15,8,Delayed,0,0
SHP-20244830,2024-07-21,SUP-02,Bharat Heavy Forgings,Tier 1,WH-MUM-02,West Port (Mumbai),Regional Truckload,294.69,280.46,2024-07-26,2024-07-26,0,On-Time,1,0
SHP-20244831,2024-06-02,SUP-05,Falcon Fasteners Corp,Tier 2,WH-KOL-04,East Gateway (Kolkata),Regional Truckload,481.99,339.45,2024-06-05,2024-06-06,1,Delayed,0,0
SHP-20244832,2024-08-17,SUP-02,Bharat Heavy Forgings,Tier 1,WH-DEL-01,North Hub (Delhi-NCR),Standard Rail Transport,88.2,135.05,2024-08-23,2024-08-23,0,On-Time,1,0
SHP-20244833,2024-03-06,SUP-05,Falcon Fasteners Corp,Tier 2,WH-DEL-01,North Hub (Delhi-NCR),Regional Truckload,43.15,119.91,2024-03-10,2024-03-10,0,On-Time,1,0
SHP-20244834,2025-09-22,SUP-05,Falcon Fasteners Corp,Tier 2,WH-KOL-04,East Gateway (Kolkata),Standard Rail Transport,135.95,167.16,2025-09-25,2025-09-30,5,Delayed,0,0
SHP-20244835,2025-06-19,SUP-04,Evergreen Raw Materials,Tier 2,WH-MUM-02,West Port (Mumbai),Express Air Freight,712.52,1367.5,2025-06-25,2025-06-25,0,On-Time,1,0
SHP-20244836,2025-05-07,SUP-01,Apex Precision Components,Tier 1,WH-MUM-02,West Port (Mumbai),Regional Truckload,414.44,341.95,2025-05-11,2025-05-11,0,On-Time,1,0
SHP-20244837,2024-07-27,SUP-06,Global Polymer Solutions,Tier 2,WH-BLR-03,South Central (Bengaluru),Regional Truckload,329.22,272.61,2024-08-02,2024-08-09,7,Delayed,0,0
SHP-20244838,2025-02-01,SUP-07,Hind Cargo Aggregates,Tier 3,WH-KOL-04,East Gateway (Kolkata),Regional Truckload,751.55,531.7,2025-02-04,2025-02-05,1,Delayed,0,0
SHP-20244839,2025-04-29,SUP-05,Falcon Fasteners Corp,Tier 2,WH-BLR-03,South Central (Bengaluru),Priority Surface Cargo,536.28,679.91,2025-05-04,2025-05-05,1,Delayed,0,0
SHP-20244840,2024-06-27,SUP-03,Delta Electronics Hub,Tier 1,WH-KOL-04,East Gateway (Kolkata),Standard Rail Transport,272.85,243.35,2024-07-03,2024-07-04,1,Delayed,0,0
SHP-20244841,2024-02-13,SUP-04,Evergreen Raw Materials,Tier 2,WH-MUM-02,West Port (Mumbai),Standard Rail Transport,415.19,334.37,2024-02-15,2024-02-15,0,On-Time,1,0
SHP-20244842,2024-02-26,SUP-06,Global Polymer Solutions,Tier 2,WH-MUM-02,West Port (Mumbai),Standard Rail Transport,743.99,561.7,2024-02-29,2024-02-29,0,On-Time,1,0
SHP-20244843,2025-04-15,SUP-02,Bharat Heavy Forgings,Tier 1,WH-MUM-02,West Port (Mumbai),Express Air Freight,359.75,733.3,2025-04-17,2025-04-17,0,On-Time,1,0
SHP-20244844,2025-12-18,SUP-06,Global Polymer Solutions,Tier 2,WH-BLR-03,South Central (Bengaluru),Priority Surface Cargo,785.94,945.76,2025-12-24,2025-12-24,0,On-Time,1,0
SHP-20244845,2025-01-13,SUP-05,Falcon Fasteners Corp,Tier 2,WH-MUM-02,West Port (Mumbai),Regional Truckload,623.39,473.86,2025-01-16,2025-01-16,0,On-Time,1,0
SHP-20244846,2025-06-06,SUP-05,Falcon Fasteners Corp,Tier 2,WH-DEL-01,North Hub (Delhi-NCR),Priority Surface Cargo,486.11,604.27,2025-06-09,2025-06-14,5,Delayed,0,0
SHP-20244847,2024-12-22,SUP-01,Apex Precision Components,Tier 1,WH-KOL-04,East Gateway (Kolkata),Regional Truckload,595.96,437.91,2024-12-26,2024-12-31,5,Delayed,0,0
SHP-20244848,2025-12-19,SUP-08,Indus Logistics Fab,Tier 3,WH-MUM-02,West Port (Mumbai),Regional Truckload,761.68,569.38,2025-12-22,2025-12-23,1,Delayed,0,0
SHP-20244849,2025-05-23,SUP-02,Bharat Heavy Forgings,Tier 1,WH-BLR-03,South Central (Bengaluru),Express Air Freight,704.97,1344.51,2025-05-27,2025-05-27,0,On-Time,1,0
SHP-20244850,2025-11-30,SUP-01,Apex Precision Components,Tier 1,WH-MUM-02,West Port (Mumbai),Standard Rail Transport,33.53,100.46,2025-12-03,2025-12-03,0,On-Time,1,0
SHP-20244851,2024-04-05,SUP-03,Delta Electronics Hub,Tier 1,WH-BLR-03,South Central (Bengaluru),Priority Surface Cargo,318.51,388.38,2024-04-11,2024-04-11,0,On-Time,1,0
SHP-20244852,2024-11-23,SUP-06,Global Polymer Solutions,Tier 2,WH-DEL-01,North Hub (Delhi-NCR),Standard Rail Transport,279.29,230.3,2024-11-26,2024-11-26,0,On-Time,1,0
SHP-20244853,2025-08-13,SUP-01,Apex Precision Components,Tier 1,WH-DEL-01,North Hub (Delhi-NCR),Priority Surface Cargo,589.1,714.54,2025-08-15,2025-08-17,2,Delayed,0,0
SHP-20244854,2024-12-17,SUP-02,Bharat Heavy Forgings,Tier 1,WH-KOL-04,East Gateway (Kolkata),Priority Surface Cargo,539.27,658.97,2024-12-20,2024-12-27,7,Delayed,0,0
SHP-20244855,2024-05-08,SUP-01,Apex Precision Components,Tier 1,WH-MUM-02,West Port (Mumbai),Standard Rail Transport,85.12,80.4,2024-05-11,2024-05-13,2,Delayed,0,0
SHP-20244856,2025-07-26,SUP-05,Falcon Fasteners Corp,Tier 2,WH-DEL-01,North Hub (Delhi-NCR),Regional Truckload,309.69,244.33,2025-07-28,2025-07-28,0,On-Time,1,0
SHP-20244857,2024-04-27,SUP-08,Indus Logistics Fab,Tier 3,WH-BLR-03,South Central (Bengaluru),Regional Truckload,270.62,246.73,2024-05-01,2024-05-01,0,On-Time,1,0
SHP-20244858,2025-09-07,SUP-03,Delta Electronics Hub,Tier 1,WH-DEL-01,North Hub (Delhi-NCR),Express Air Freight,576.15,1140.07,2025-09-13,2025-09-13,0,On-Time,1,0
SHP-20244859,2024-05-11,SUP-03,Delta Electronics Hub,Tier 1,WH-BLR-03,South Central (Bengaluru),Regional Truckload,428.07,313.13,2024-05-15,2024-05-15,0,On-Time,1,0
SHP-20244860,2024-06-02,SUP-06,Global Polymer Solutions,Tier 2,WH-DEL-01,North Hub (Delhi-NCR),Regional Truckload,552.05,446.75,2024-06-04,2024-06-08,4,Delayed,0,0
SHP-20244861,2025-10-05,SUP-06,Global Polymer Solutions,Tier 2,WH-MUM-02,West Port (Mumbai),Regional Truckload,497.65,366.26,2025-10-10,2025-10-10,0,On-Time,1,0
SHP-20244862,2025-01-29,SUP-04,Evergreen Raw Materials,Tier 2,WH-KOL-04,East Gateway (Kolkata),Standard Rail Transport,580.58,450.8,2025-01-31,2025-02-04,4,Delayed,0,0
SHP-20244863,2024-12-26,SUP-06,Global Polymer Solutions,Tier 2,WH-MUM-02,West Port (Mumbai),Standard Rail Transport,311.98,264.99,2024-12-29,2024-12-29,0,On-Time,1,0
SHP-20244864,2024-11-02,SUP-02,Bharat Heavy Forgings,Tier 1,WH-MUM-02,West Port (Mumbai),Priority Surface Cargo,-673.39,813.17,2024-11-06,2024-11-11,5,Delayed,0,0
SHP-20244865,2025-01-30,SUP-06,Global Polymer Solutions,Tier 2,WH-BLR-03,South Central (Bengaluru),Regional Truckload,130.73,157.38,2025-02-01,2025-02-01,0,On-Time,1,0
SHP-20244866,2024-08-03,SUP-06,Global Polymer Solutions,Tier 2,WH-KOL-04,East Gateway (Kolkata),Priority Surface Cargo,236.82,290.85,2024-08-07,2024-08-08,1,Delayed,0,0
SHP-20244867,2025-04-08,SUP-05,Falcon Fasteners Corp,Tier 2,WH-BLR-03,South Central (Bengaluru),Standard Rail Transport,329.47,256.8,2025-04-13,2025-04-19,6,Delayed,0,0
SHP-20244868,2024-12-10,SUP-07,Hind Cargo Aggregates,Tier 3,WH-MUM-02,West Port (Mumbai),Express Air Freight,380.78,773.73,2024-12-15,2024-12-20,5,Delayed,0,0
SHP-20244869,2025-06-07,SUP-01,Apex Precision Components,Tier 1,WH-DEL-01,North Hub (Delhi-NCR),Priority Surface Cargo,584.17,669.45,2025-06-10,2025-06-10,0,On-Time,1,0
SHP-20244870,2024-10-17,SUP-06,Global Polymer Solutions,Tier 2,WH-KOL-04,East Gateway (Kolkata),Express Air Freight,702.9,1383.37,2024-10-21,2024-10-21,0,On-Time,1,0
SHP-20244871,2025-04-07,SUP-08,Indus Logistics Fab,Tier 3,WH-MUM-02,West Port (Mumbai),Express Air Freight,411.64,832.74,2025-04-12,2025-04-16,4,Delayed,0,0
SHP-20244872,2024-10-30,SUP-05,Falcon Fasteners Corp,Tier 2,WH-DEL-01,North Hub (Delhi-NCR),Standard Rail Transport,758.51,521.1,2024-11-04,2024-11-05,1,Delayed,0,0
SHP-20244873,2024-09-03,SUP-08,Indus Logistics Fab,Tier 3,WH-MUM-02,West Port (Mumbai),Priority Surface Cargo,481.52,595.04,2024-09-06,2024-09-06,0,On-Time,1,0
SHP-20244874,2025-07-15,SUP-03,Delta Electronics Hub,Tier 1,WH-DEL-01,North Hub (Delhi-NCR),Express Air Freight,338.25,657.68,2025-07-21,2025-07-23,2,Delayed,0,0
SHP-20244875,2025-12-20,SUP-08,Indus Logistics Fab,Tier 3,WH-KOL-04,East Gateway (Kolkata),Standard Rail Transport,322.03,299.65,2025-12-24,2025-12-28,4,Delayed,0,0
SHP-20244876,2024-05-19,SUP-04,Evergreen Raw Materials,Tier 2,WH-KOL-04,East Gateway (Kolkata),Priority Surface Cargo,660.53,785.42,2024-05-22,2024-05-27,5,Delayed,0,0
SHP-20244877,2025-03-22,SUP-08,Indus Logistics Fab,Tier 3,WH-DEL-01,North Hub (Delhi-NCR),Regional Truckload,741.53,525.56,2025-03-26,2025-03-27,1,Delayed,0,0
SHP-20244878,2024-04-07,SUP-02,Bharat Heavy Forgings,Tier 1,WH-KOL-04,East Gateway (Kolkata),Express Air Freight,37.33,161.94,2024-04-11,2024-04-18,7,Delayed,0,0
SHP-20244879,2025-02-05,SUP-01,Apex Precision Components,Tier 1,WH-KOL-04,East Gateway (Kolkata),Standard Rail Transport,776.29,558.51,2025-02-08,2025-02-08,0,On-Time,1,0
SHP-20244880,2025-09-30,SUP-05,Falcon Fasteners Corp,Tier 2,WH-BLR-03,South Central (Bengaluru),Priority Surface Cargo,690.62,838.57,2025-10-05,2025-10-10,5,Delayed,0,0
SHP-20244881,2025-05-29,SUP-05,Falcon Fasteners Corp,Tier 2,WH-BLR-03,South Central (Bengaluru),Priority Surface Cargo,533.93,665.27,2025-06-01,2025-06-01,0,On-Time,1,0
SHP-20244882,2024-06-23,SUP-01,Apex Precision Components,Tier 1,WH-KOL-04,East Gateway (Kolkata),Standard Rail Transport,466.69,337.34,2024-06-26,2024-06-29,3,Delayed,0,0
SHP-20244883,2025-07-31,SUP-04,Evergreen Raw Materials,Tier 2,WH-BLR-03,South Central (Bengaluru),Priority Surface Cargo,362.62,448.8,2025-08-03,2025-08-03,0,On-Time,1,0
SHP-20244884,2024-05-09,SUP-02,Bharat Heavy Forgings,Tier 1,WH-BLR-03,South Central (Bengaluru),Regional Truckload,223.19,201.27,2024-05-13,2024-05-18,5,Delayed,0,0
SHP-20244885,2024-09-28,SUP-04,Evergreen Raw Materials,Tier 2,WH-DEL-01,North Hub (Delhi-NCR),Standard Rail Transport,428.03,345.24,2024-10-04,2024-10-05,1,Delayed,0,0
SHP-20244886,2024-11-24,SUP-06,Global Polymer Solutions,Tier 2,WH-DEL-01,North Hub (Delhi-NCR),Regional Truckload,599.64,464.31,2024-11-28,2024-11-28,0,On-Time,1,0
SHP-20244887,2025-02-25,SUP-07,Hind Cargo Aggregates,Tier 3,WH-KOL-04,East Gateway (Kolkata),Priority Surface Cargo,833.36,996.7,2025-03-03,2025-03-12,9,Delayed,0,0
SHP-20244888,2024-03-21,SUP-03,Delta Electronics Hub,Tier 1,WH-BLR-03,South Central (Bengaluru),Priority Surface Cargo,108.76,201.63,2024-03-26,2024-04-01,6,Delayed,0,0
SHP-20244889,2024-09-21,SUP-04,Evergreen Raw Materials,Tier 2,WH-BLR-03,South Central (Bengaluru),Express Air Freight,806.67,1519.92,2024-09-27,2024-09-28,1,Delayed,0,0
SHP-20244890,2024-04-27,SUP-01,Apex Precision Components,Tier 1,WH-KOL-04,East Gateway (Kolkata),Express Air Freight,69.46,190.13,2024-05-03,2024-05-08,5,Delayed,0,0
SHP-20244891,2025-11-06,SUP-04,Evergreen Raw Materials,Tier 2,WH-MUM-02,West Port (Mumbai),Priority Surface Cargo,157.38,233.86,2025-11-08,2025-11-08,0,On-Time,1,0
SHP-20244892,2025-06-16,SUP-03,Delta Electronics Hub,Tier 1,WH-DEL-01,North Hub (Delhi-NCR),Regional Truckload,677.56,489.47,2025-06-21,2025-06-23,2,Delayed,0,0
SHP-20244893,2025-02-07,SUP-04,Evergreen Raw Materials,Tier 2,WH-MUM-02,West Port (Mumbai),Standard Rail Transport,682.4,483.82,2025-02-10,2025-02-11,1,Delayed,0,0
SHP-20244894,2024-07-07,SUP-01,Apex Precision Components,Tier 1,WH-MUM-02,West Port (Mumbai),Priority Surface Cargo,522.58,661.99,2024-07-11,2024-07-11,0,On-Time,1,0
SHP-20244895,2025-04-23,SUP-04,Evergreen Raw Materials,Tier 2,WH-DEL-01,North Hub (Delhi-NCR),Priority Surface Cargo,230.45,317.85,2025-04-28,2025-04-28,0,On-Time,1,0
SHP-20244896,2024-04-27,SUP-06,Global Polymer Solutions,Tier 2,WH-DEL-01,North Hub (Delhi-NCR),Express Air Freight,102.16,216.36,2024-05-03,2024-05-03,0,On-Time,1,0
SHP-20244897,2025-11-23,SUP-02,Bharat Heavy Forgings,Tier 1,WH-BLR-03,South Central (Bengaluru),Standard Rail Transport,155.58,148.14,2025-11-29,2025-11-29,0,On-Time,1,0
SHP-20244898,2024-08-25,SUP-02,Bharat Heavy Forgings,Tier 1,WH-BLR-03,South Central (Bengaluru),Priority Surface Cargo,231.85,292.8,2024-08-30,2024-08-30,0,On-Time,1,0
SHP-20244899,2024-07-19,SUP-08,Indus Logistics Fab,Tier 3,WH-MUM-02,West Port (Mumbai),Express Air Freight,401.1,803.09,2024-07-22,2024-07-25,3,Delayed,0,0
SHP-20244900,2024-02-23,SUP-08,Indus Logistics Fab,Tier 3,WH-BLR-03,South Central (Bengaluru),Standard Rail Transport,94.37,92.2,2024-02-25,2024-02-26,1,Delayed,0,0
SHP-20244901,2025-11-12,SUP-04,Evergreen Raw Materials,Tier 2,WH-DEL-01,North Hub (Delhi-NCR),Standard Rail Transport,64.39,111.22,2025-11-15,2025-11-15,0,On-Time,1,0
SHP-20244902,2025-08-06,SUP-04,Evergreen Raw Materials,Tier 2,WH-KOL-04,East Gateway (Kolkata),Regional Truckload,424.19,366.13,2025-08-12,2025-08-14,2,Delayed,0,0
SHP-20244903,2025-07-29,SUP-08,Indus Logistics Fab,Tier 3,WH-BLR-03,South Central (Bengaluru),Priority Surface Cargo,148.25,209.49,2025-08-01,2025-08-01,0,On-Time,1,0
SHP-20244904,2025-02-06,SUP-04,Evergreen Raw Materials,Tier 2,WH-DEL-01,North Hub (Delhi-NCR),Priority Surface Cargo,189.69,251.81,2025-02-11,2025-02-13,2,Delayed,0,0
SHP-20244905,2025-01-14,SUP-08,Indus Logistics Fab,Tier 3,WH-MUM-02,West Port (Mumbai),Express Air Freight,610.79,1186.32,2025-01-16,2025-01-16,0,On-Time,1,0
SHP-20244906,2025-02-03,SUP-08,Indus Logistics Fab,Tier 3,WH-BLR-03,South Central (Bengaluru),Regional Truckload,563.23,425.39,2025-02-09,2025-02-15,6,delayed  ,0,0
SHP-20244907,2024-02-21,SUP-08,Indus Logistics Fab,Tier 3,WH-MUM-02,West Port (Mumbai),Standard Rail Transport,674.25,471.99,2024-02-27,2024-02-27,0,On-Time,1,1
SHP-20244908,2024-01-12,SUP-07,Hind Cargo Aggregates,Tier 3,WH-DEL-01,North Hub (Delhi-NCR),Regional Truckload,671.43,526.56,2024-01-16,2024-01-16,0,On-Time,1,0
SHP-20244909,2024-12-01,SUP-08,Indus Logistics Fab,Tier 3,WH-KOL-04,East Gateway (Kolkata),Standard Rail Transport,571.72,420.25,2024-12-07,2024-12-12,5,Delayed,0,0
SHP-20244910,2024-04-04,SUP-05,Falcon Fasteners Corp,Tier 2,WH-BLR-03,South Central (Bengaluru),Priority Surface Cargo,62.22,162.74,2024-04-07,2024-04-07,0,On-Time,1,0
SHP-20244911,2025-03-31,SUP-04,Evergreen Raw Materials,Tier 2,WH-DEL-01,North Hub (Delhi-NCR),Standard Rail Transport,691.33,534.13,2025-04-02,2025-04-04,2,Delayed,0,0
SHP-20244912,2024-11-10,SUP-01,Apex Precision Components,Tier 1,WH-BLR-03,South Central (Bengaluru),Priority Surface Cargo,333.41,411.37,2024-11-16,2024-11-16,0,On-Time,1,0
SHP-20244913,2024-07-01,SUP-02,Bharat Heavy Forgings,Tier 1,WH-KOL-04,East Gateway (Kolkata),Express Air Freight,529.43,1047.21,2024-07-03,2024-07-04,1,Delayed,0,0
SHP-20244914,2024-03-20,SUP-07,Hind Cargo Aggregates,Tier 3,WH-BLR-03,South Central (Bengaluru),Express Air Freight,521.22,1000.23,2024-03-22,2024-03-26,4,Delayed,0,0
SHP-20244915,2025-04-08,SUP-06,Global Polymer Solutions,Tier 2,WH-BLR-03,South Central (Bengaluru),Regional Truckload,54.91,121.94,2025-04-11,2025-04-11,0,On-Time,1,0
SHP-20244916,2024-03-17,SUP-01,Apex Precision Components,Tier 1,WH-KOL-04,East Gateway (Kolkata),Regional Truckload,212.17,226.52,2024-03-20,2024-03-20,0,On-Time,1,0
SHP-20244917,2025-09-13,SUP-03,Delta Electronics Hub,Tier 1,WH-KOL-04,East Gateway (Kolkata),Priority Surface Cargo,103.02,139.95,2025-09-19,2025-09-24,5,Delayed,0,0
SHP-20244918,2025-07-28,SUP-03,Delta Electronics Hub,Tier 1,WH-BLR-03,South Central (Bengaluru),Priority Surface Cargo,148.59,220.8,2025-07-30,2025-08-03,4,Delayed,0,0
SHP-20244919,2024-06-02,SUP-01,Apex Precision Components,Tier 1,WH-MUM-02,West Port (Mumbai),Standard Rail Transport,152.4,186.69,2024-06-08,2024-06-08,0,On-Time,1,0
SHP-20244920,2025-02-01,SUP-06,Global Polymer Solutions,Tier 2,WH-KOL-04,East Gateway (Kolkata),Regional Truckload,568.19,426.66,2025-02-04,2025-02-07,3,Delayed,0,0
SHP-20244921,2024-04-08,SUP-02,Bharat Heavy Forgings,Tier 1,WH-DEL-01,North Hub (Delhi-NCR),Regional Truckload,516.22,425.5,2024-04-13,2024-04-13,0,On-Time,1,0
SHP-20244922,2024-09-19,SUP-01,Apex Precision Components,Tier 1,WH-KOL-04,East Gateway (Kolkata),Express Air Freight,769.97,1468.65,22/09/2024,2024-09-22,0,On-Time,1,0
SHP-20244923,2024-08-25,SUP-04,Evergreen Raw Materials,Tier 2,WH-MUM-02,West Port (Mumbai),Regional Truckload,257.53,247.09,2024-08-30,2024-09-01,2,Delayed,0,0
SHP-20244924,2024-04-21,SUP-06,Global Polymer Solutions,Tier 2,WH-DEL-01,North Hub (Delhi-NCR),Standard Rail Transport,674.99,524.86,2024-04-25,2024-04-25,0,On-Time,1,0
SHP-20244925,2024-05-11,SUP-06,Global Polymer Solutions,Tier 2,WH-BLR-03,South Central (Bengaluru),Priority Surface Cargo,406.91,488.01,2024-05-17,2024-05-19,2,Delayed,0,0
SHP-20244926,2025-10-21,SUP-02,Bharat Heavy Forgings,Tier 1,WH-KOL-04,East Gateway (Kolkata),Express Air Freight,91.18,205.11,2025-10-24,2025-10-28,4,Delayed,0,0
SHP-20244927,2025-07-25,SUP-02,Bharat Heavy Forgings,Tier 1,WH-DEL-01,North Hub (Delhi-NCR),Express Air Freight,420.36,823.63,2025-07-27,2025-07-27,0,On-Time,1,0
SHP-20244928,2025-06-13,SUP-01,Apex Precision Components,Tier 1,WH-MUM-02,West Port (Mumbai),Standard Rail Transport,91.64,94.03,2025-06-17,2025-06-18,1,Delayed,0,0
SHP-20244929,2024-10-11,SUP-05,Falcon Fasteners Corp,Tier 2,WH-BLR-03,South Central (Bengaluru),Standard Rail Transport,342.8,295.61,2024-10-16,2024-10-21,5,Delayed,0,0
SHP-20244930,2025-10-22,SUP-07,Hind Cargo Aggregates,Tier 3,WH-MUM-02,West Port (Mumbai),Regional Truckload,391.32,314.87,2025-10-24,2025-10-25,1,Delayed,0,0
SHP-20244931,2025-01-09,SUP-01,Apex Precision Components,Tier 1,WH-KOL-04,East Gateway (Kolkata),Priority Surface Cargo,283.01,391.02,2025-01-14,2025-01-15,1,Delayed,0,0
SHP-20244932,2025-04-07,SUP-04,Evergreen Raw Materials,Tier 2,WH-DEL-01,North Hub (Delhi-NCR),Standard Rail Transport,358.05,260.09,2025-04-09,2025-04-10,1,Delayed,0,0
SHP-20244933,2024-01-23,SUP-06,Global Polymer Solutions,Tier 2,WH-MUM-02,West Port (Mumbai),Express Air Freight,394.88,802.74,2024-01-28,2024-01-28,0,On-Time,1,0
SHP-20244934,2025-10-09,SUP-05,Falcon Fasteners Corp,Tier 2,WH-DEL-01,North Hub (Delhi-NCR),Priority Surface Cargo,210.09,269.91,2025-10-11,2025-10-11,0,On-Time,1,0
SHP-20244935,2025-11-14,SUP-07,Hind Cargo Aggregates,Tier 3,WH-DEL-01,North Hub (Delhi-NCR),Regional Truckload,-617.01,443.4,2025-11-19,2025-11-20,1,Delayed,0,0
SHP-20244936,2025-07-23,SUP-02,Bharat Heavy Forgings,Tier 1,WH-BLR-03,South Central (Bengaluru),Regional Truckload,596.73,457.54,2025-07-26,2025-07-28,2,Delayed,0,0
SHP-20244937,2024-06-01,SUP-01,Apex Precision Components,Tier 1,WH-BLR-03,South Central (Bengaluru),Regional Truckload,287.72,230.27,2024-06-05,2024-06-08,3,Delayed,0,0
SHP-20244938,2025-05-10,SUP-05,Falcon Fasteners Corp,Tier 2,WH-DEL-01,North Hub (Delhi-NCR),Priority Surface Cargo,633.17,756.93,2025-05-12,2025-05-13,1,Delayed,0,0
SHP-20244939,2024-10-29,SUP-08,Indus Logistics Fab,Tier 3,WH-MUM-02,West Port (Mumbai),Regional Truckload,849.82,619.61,2024-11-01,2024-11-01,0,On-Time,1,0
SHP-20244940,2024-05-19,SUP-06,Global Polymer Solutions,Tier 2,WH-KOL-04,East Gateway (Kolkata),Priority Surface Cargo,625.73,740.2,2024-05-23,2024-05-29,6,Delayed,0,0
SHP-20244941,2025-03-08,SUP-06,Global Polymer Solutions,Tier 2,WH-KOL-04,East Gateway (Kolkata),Standard Rail Transport,519.18,363.06,2025-03-12,2025-03-16,4,Delayed,0,0
SHP-20244942,2024-01-29,SUP-07,Hind Cargo Aggregates,Tier 3,WH-DEL-01,North Hub (Delhi-NCR),Express Air Freight,377.42,738.37,31/01/2024,2024-02-04,4,Delayed,0,0
SHP-20244943,2025-08-24,SUP-08,Indus Logistics Fab,Tier 3,WH-KOL-04,East Gateway (Kolkata),Regional Truckload,541.98,406.74,2025-08-28,2025-08-30,2,Delayed,0,0
SHP-20244944,2025-09-03,SUP-03,Delta Electronics Hub,Tier 1,WH-MUM-02,West Port (Mumbai),Regional Truckload,73.35,108.49,2025-09-07,2025-09-07,0,On-Time,1,0
SHP-20244945,2025-02-13,SUP-07,Hind Cargo Aggregates,Tier 3,WH-DEL-01,North Hub (Delhi-NCR),Priority Surface Cargo,382.35,500.93,2025-02-18,2025-02-23,5,Delayed,0,0
SHP-20244946,2025-09-04,SUP-08,Indus Logistics Fab,Tier 3,WH-KOL-04,East Gateway (Kolkata),Regional Truckload,132.96,145.54,2025-09-06,2025-09-11,5,Delayed,0,1
SHP-20244947,2024-03-22,SUP-08,Indus Logistics Fab,Tier 3,WH-KOL-04,East Gateway (Kolkata),Regional Truckload,779.55,575.42,2024-03-27,2024-04-02,6,Delayed,0,0
SHP-20244948,2024-01-15,SUP-08,Indus Logistics Fab,Tier 3,WH-KOL-04,East Gateway (Kolkata),Priority Surface Cargo,519.19,618.68,2024-01-19,2024-01-21,2,Delayed,0,0
SHP-20244949,2024-06-16,SUP-03,Delta Electronics Hub,Tier 1,WH-MUM-02,West Port (Mumbai),Regional Truckload,491.14,365.25,2024-06-21,2024-06-21,0,On-Time,1,0
SHP-20244950,2025-11-05,SUP-02,Bharat Heavy Forgings,Tier 1,WH-BLR-03,South Central (Bengaluru),Express Air Freight,100.53,237.3,2025-11-09,2025-11-11,2,Delayed,0,0
SHP-20244951,2024-10-03,SUP-07,Hind Cargo Aggregates,Tier 3,WH-DEL-01,North Hub (Delhi-NCR),Express Air Freight,305.07,657.32,2024-10-07,2024-10-09,2,Delayed,0,0
SHP-20244952,2025-09-14,SUP-05,Falcon Fasteners Corp,Tier 2,WH-DEL-01,North Hub (Delhi-NCR),Regional Truckload,405.38,324.2,2025-09-20,2025-09-20,0,On-Time,1,1
SHP-20244953,2024-01-18,SUP-08,Indus Logistics Fab,Tier 3,WH-BLR-03,South Central (Bengaluru),Express Air Freight,593.86,1139.31,2024-01-22,2024-01-29,7,Delayed,0,0
SHP-20244954,2024-05-23,SUP-06,Global Polymer Solutions,Tier 2,WH-DEL-01,North Hub (Delhi-NCR),Priority Surface Cargo,732.75,862.36,2024-05-27,2024-05-27,0,On-Time,1,0
SHP-20244955,2025-10-05,SUP-03,Delta Electronics Hub,Tier 1,WH-DEL-01,North Hub (Delhi-NCR),Standard Rail Transport,399.37,306.38,2025-10-11,2025-10-11,0,On-Time,1,0
SHP-20244956,2024-02-04,SUP-02,Bharat Heavy Forgings,Tier 1,WH-DEL-01,North Hub (Delhi-NCR),Express Air Freight,585.87,1143.55,2024-02-07,2024-02-08,1,Delayed,0,0
SHP-20244957,2025-05-04,SUP-01,Apex Precision Components,Tier 1,WH-DEL-01,North Hub (Delhi-NCR),Standard Rail Transport,87.16,120.83,2025-05-08,2025-05-11,3,Delayed,0,0
SHP-20244958,2024-09-30,SUP-03,Delta Electronics Hub,Tier 1,WH-DEL-01,North Hub (Delhi-NCR),Regional Truckload,795.13,602.11,2024-10-04,2024-10-05,1,Delayed,0,0
SHP-20244959,2025-01-17,SUP-01,Apex Precision Components,Tier 1,WH-KOL-04,East Gateway (Kolkata),Priority Surface Cargo,326.82,424.21,2025-01-23,2025-01-23,0,On-Time,1,0
SHP-20244960,2024-11-18,SUP-02,Bharat Heavy Forgings,Tier 1,WH-DEL-01,North Hub (Delhi-NCR),Priority Surface Cargo,208.65,272.09,2024-11-21,2024-11-21,0,On-Time,1,0
SHP-20244961,2024-01-11,SUP-08,Indus Logistics Fab,Tier 3,WH-BLR-03,South Central (Bengaluru),Regional Truckload,73.48,119.41,2024-01-16,2024-01-19,3,Delayed,0,0
SHP-20244962,2025-03-31,SUP-06,Global Polymer Solutions,Tier 2,WH-BLR-03,South Central (Bengaluru),Standard Rail Transport,197.96,206.51,2025-04-04,2025-04-05,1,Delayed,0,0
SHP-20244963,2024-08-02,SUP-08,Indus Logistics Fab,Tier 3,WH-KOL-04,East Gateway (Kolkata),Standard Rail Transport,486.15,356.28,2024-08-04,2024-08-04,0,On-Time,1,0
SHP-20244964,2024-12-20,SUP-07,Hind Cargo Aggregates,Tier 3,WH-DEL-01,North Hub (Delhi-NCR),Express Air Freight,640.58,1239.97,2024-12-25,2024-12-30,5,Delayed,0,0
SHP-20244965,2024-06-21,SUP-08,Indus Logistics Fab,Tier 3,WH-KOL-04,East Gateway (Kolkata),Express Air Freight,440.78,877.78,2024-06-26,2024-06-27,1,Delayed,0,0
SHP-20244966,2024-10-17,SUP-07,Hind Cargo Aggregates,Tier 3,WH-DEL-01,North Hub (Delhi-NCR),Priority Surface Cargo,178.87,248.26,19/10/2024,2024-10-24,5,Delayed,0,0
SHP-20244967,2025-07-30,SUP-08,Indus Logistics Fab,Tier 3,WH-MUM-02,West Port (Mumbai),Express Air Freight,337.93,700.68,2025-08-05,2025-08-05,0,On-Time,1,0
SHP-20244968,2024-03-16,SUP-05,Falcon Fasteners Corp,Tier 2,WH-BLR-03,South Central (Bengaluru),Standard Rail Transport,516.86,401.46,2024-03-20,2024-03-20,0,On-Time,1,0
SHP-20244969,2024-12-25,SUP-05,Falcon Fasteners Corp,Tier 2,WH-MUM-02,West Port (Mumbai),Regional Truckload,636.87,453.38,2024-12-28,2024-12-28,0,On-Time,1,0
SHP-20244970,2025-04-30,SUP-02,Bharat Heavy Forgings,Tier 1,WH-MUM-02,West Port (Mumbai),Regional Truckload,704.68,518.4,2025-05-02,2025-05-02,0,On-Time,1,0
SHP-20244971,2024-07-28,SUP-05,Falcon Fasteners Corp,Tier 2,WH-KOL-04,East Gateway (Kolkata),Express Air Freight,711.55,1341.4,2024-07-30,2024-08-04,5,Delayed,0,0
SHP-20244972,2024-02-07,SUP-06,Global Polymer Solutions,Tier 2,WH-MUM-02,West Port (Mumbai),Express Air Freight,535.06,1079.81,2024-02-13,2024-02-13,0,On-Time,1,0
SHP-20244973,2024-04-04,SUP-01,Apex Precision Components,Tier 1,WH-DEL-01,North Hub (Delhi-NCR),Express Air Freight,446.31,862.74,2024-04-09,2024-04-11,2,Delayed,0,1
SHP-20244974,2024-02-22,SUP-06,Global Polymer Solutions,Tier 2,WH-KOL-04,East Gateway (Kolkata),Regional Truckload,337.47,306.19,2024-02-27,2024-03-01,3,Delayed,0,0
SHP-20244975,2024-12-30,SUP-07,Hind Cargo Aggregates,Tier 3,WH-DEL-01,North Hub (Delhi-NCR),Express Air Freight,646.9,1230.23,2025-01-05,2025-01-06,1,delayed  ,0,0
SHP-20244976,2024-12-25,SUP-08,Indus Logistics Fab,Tier 3,WH-MUM-02,West Port (Mumbai),Regional Truckload,434.39,353.91,2024-12-28,2025-01-02,5,Delayed,0,0
SHP-20244977,2025-10-24,SUP-08,Indus Logistics Fab,Tier 3,WH-BLR-03,South Central (Bengaluru),Priority Surface Cargo,374.02,466.6,2025-10-26,2025-10-27,1,Delayed,0,0
SHP-20244978,2025-07-16,SUP-01,Apex Precision Components,Tier 1,WH-DEL-01,North Hub (Delhi-NCR),Standard Rail Transport,513.08,422.72,2025-07-18,2025-07-18,0,On-Time,1,0
SHP-20244979,2025-01-05,SUP-06,Global Polymer Solutions,Tier 2,WH-MUM-02,West Port (Mumbai),Regional Truckload,75.87,93.21,2025-01-09,2025-01-09,0,On-Time,1,0
SHP-20244980,2025-06-06,SUP-02,Bharat Heavy Forgings,Tier 1,WH-DEL-01,North Hub (Delhi-NCR),Regional Truckload,618.38,451.93,2025-06-09,2025-06-09,0,On-Time,1,0
SHP-20244981,2024-02-17,SUP-04,Evergreen Raw Materials,Tier 2,WH-BLR-03,South Central (Bengaluru),Priority Surface Cargo,632.32,779.01,2024-02-19,2024-02-19,0,On-Time,1,0
SHP-20244982,2025-02-22,SUP-02,Bharat Heavy Forgings,Tier 1,WH-MUM-02,West Port (Mumbai),Priority Surface Cargo,749.69,898.09,2025-02-28,2025-02-28,0,On-Time,1,0
SHP-20244983,2024-06-17,SUP-01,Apex Precision Components,Tier 1,WH-KOL-04,East Gateway (Kolkata),Standard Rail Transport,351.53,287.71,2024-06-19,2024-06-19,0,On-Time,1,0
SHP-20244984,2024-04-01,SUP-05,Falcon Fasteners Corp,Tier 2,WH-MUM-02,West Port (Mumbai),Regional Truckload,93.73,100.73,2024-04-04,2024-04-06,2,Delayed,0,0
SHP-20244985,2025-06-08,SUP-08,Indus Logistics Fab,Tier 3,WH-BLR-03,South Central (Bengaluru),Regional Truckload,281.72,275.7,2025-06-10,2025-06-12,2,Delayed,0,0
SHP-20244986,2024-02-13,SUP-01,Apex Precision Components,Tier 1,WH-BLR-03,South Central (Bengaluru),Express Air Freight,805.64,1540.24,2024-02-15,2024-02-16,1,Delayed,0,0
SHP-20244987,2024-09-14,SUP-08,Indus Logistics Fab,Tier 3,WH-DEL-01,North Hub (Delhi-NCR),Standard Rail Transport,619.94,482.06,2024-09-16,2024-09-17,1,Delayed,0,0
SHP-20244988,2025-10-04,SUP-04,Evergreen Raw Materials,Tier 2,WH-KOL-04,East Gateway (Kolkata),Regional Truckload,558.95,450.01,2025-10-10,2025-10-13,3,delayed  ,0,0
SHP-20244989,2024-02-22,SUP-06,Global Polymer Solutions,Tier 2,WH-DEL-01,North Hub (Delhi-NCR),Express Air Freight,831.22,1626.15,2024-02-25,2024-02-25,0,On-Time,1,0
SHP-20244990,2024-08-15,SUP-08,Indus Logistics Fab,Tier 3,WH-KOL-04,East Gateway (Kolkata),Express Air Freight,621.16,1242.5,2024-08-19,2024-08-23,4,Delayed,0,0
SHP-20244991,2025-11-22,SUP-05,Falcon Fasteners Corp,Tier 2,WH-MUM-02,West Port (Mumbai),Priority Surface Cargo,541.05,657.81,2025-11-26,2025-11-30,4,Delayed,0,0
SHP-20244992,2025-05-18,SUP-02,Bharat Heavy Forgings,Tier 1,WH-MUM-02,West Port (Mumbai),Standard Rail Transport,645.15,485.72,2025-05-24,2025-05-24,0,On-Time,1,0
SHP-20244993,2024-06-26,SUP-03,Delta Electronics Hub,Tier 1,WH-MUM-02,West Port (Mumbai),Standard Rail Transport,31.68,80.76,2024-06-29,2024-06-30,1,Delayed,0,0
SHP-20244994,2024-06-26,SUP-04,Evergreen Raw Materials,Tier 2,WH-KOL-04,East Gateway (Kolkata),Regional Truckload,604.46,426.29,2024-07-02,2024-07-05,3,Delayed,0,0
SHP-20244995,2025-08-30,SUP-03,Delta Electronics Hub,Tier 1,WH-KOL-04,East Gateway (Kolkata),Express Air Freight,86.96,248.07,2025-09-01,2025-09-08,7,Delayed,0,0
SHP-20244996,2025-04-14,SUP-03,Delta Electronics Hub,Tier 1,WH-BLR-03,South Central (Bengaluru),Standard Rail Transport,406.76,342.49,2025-04-17,2025-04-18,1,Delayed,0,0
SHP-20244997,2024-11-24,SUP-02,Bharat Heavy Forgings,Tier 1,WH-KOL-04,East Gateway (Kolkata),Express Air Freight,271.31,550.98,2024-11-30,2024-12-03,3,Delayed,0,0
SHP-20244998,2024-07-29,SUP-07,Hind Cargo Aggregates,Tier 3,WH-BLR-03,South Central (Bengaluru),Regional Truckload,595.32,446.96,2024-07-31,2024-08-05,5,Delayed,0,0
SHP-20244999,2024-09-30,SUP-06,Global Polymer Solutions,Tier 2,WH-DEL-01,North Hub (Delhi-NCR),Priority Surface Cargo,559.77,686.16,2024-10-05,2024-10-05,0,On-Time,1,0
SHP-20245000,2024-01-26,SUP-07,Hind Cargo Aggregates,Tier 3,WH-DEL-01,North Hub (Delhi-NCR),Priority Surface Cargo,106.79,206.04,2024-01-28,2024-01-29,1,Delayed,0,0
SHP-20245001,2024-09-06,SUP-01,Apex Precision Components,Tier 1,WH-DEL-01,North Hub (Delhi-NCR),Standard Rail Transport,702.42,535.4,2024-09-08,2024-09-09,1,Delayed,0,0
SHP-20245002,2024-10-11,SUP-07,Hind Cargo Aggregates,Tier 3,WH-KOL-04,East Gateway (Kolkata),Priority Surface Cargo,353.12,418.91,2024-10-15,2024-10-17,2,Delayed,0,0
SHP-20245003,2024-07-06,SUP-06,Global Polymer Solutions,Tier 2,WH-KOL-04,East Gateway (Kolkata),Standard Rail Transport,380.2,290.49,2024-07-09,2024-07-13,4,Delayed,0,0
SHP-20245004,2024-04-20,SUP-04,Evergreen Raw Materials,Tier 2,WH-BLR-03,South Central (Bengaluru),Regional Truckload,283.49,258.48,2024-04-24,2024-04-26,2,Delayed,0,0
SHP-20245005,2025-10-19,SUP-01,Apex Precision Components,Tier 1,WH-MUM-02,West Port (Mumbai),Regional Truckload,716.04,500.64,2025-10-25,2025-10-31,6,Delayed,0,0
SHP-20245006,2025-07-31,SUP-03,Delta Electronics Hub,Tier 1,WH-MUM-02,West Port (Mumbai),Standard Rail Transport,80.6,132.26,2025-08-02,2025-08-02,0,On-Time,1,0
SHP-20245007,2025-03-07,SUP-03,Delta Electronics Hub,Tier 1,WH-KOL-04,East Gateway (Kolkata),Express Air Freight,363.71,730.75,2025-03-11,2025-03-26,15,Delayed,0,0
SHP-20245008,2024-11-02,SUP-02,Bharat Heavy Forgings,Tier 1,WH-KOL-04,East Gateway (Kolkata),Standard Rail Transport,511.23,420.13,2024-11-07,2024-11-07,0,On-Time,1,0
SHP-20245009,2024-03-13,SUP-01,Apex Precision Components,Tier 1,WH-KOL-04,East Gateway (Kolkata),Priority Surface Cargo,809.83,971.98,2024-03-19,2024-03-21,2,Delayed,0,0
SHP-20245010,2024-07-27,SUP-01,Apex Precision Components,Tier 1,WH-MUM-02,West Port (Mumbai),Regional Truckload,531.98,385.84,2024-08-02,2024-08-03,1,Delayed,0,0
SHP-20245011,2024-06-28,SUP-03,Delta Electronics Hub,Tier 1,WH-BLR-03,South Central (Bengaluru),Standard Rail Transport,560.64,439.35,2024-06-30,2024-07-01,1,Delayed,0,0
SHP-20245012,2025-01-23,SUP-01,Apex Precision Components,Tier 1,WH-DEL-01,North Hub (Delhi-NCR),Express Air Freight,547.78,1098.74,2025-01-26,2025-01-28,2,Delayed,0,0
SHP-20245013,2024-04-27,SUP-08,Indus Logistics Fab,Tier 3,WH-KOL-04,East Gateway (Kolkata),Priority Surface Cargo,655.31,760.23,2024-05-01,2024-05-05,4,Delayed,0,0
SHP-20245014,2024-07-16,SUP-05,Falcon Fasteners Corp,Tier 2,WH-BLR-03,South Central (Bengaluru),Standard Rail Transport,597.3,433.77,2024-07-19,2024-07-20,1,Delayed,0,0
SHP-20245015,2025-03-14,SUP-02,Bharat Heavy Forgings,Tier 1,WH-KOL-04,East Gateway (Kolkata),Priority Surface Cargo,176.07,228.51,2025-03-18,2025-03-21,3,Delayed,0,0
SHP-20245016,2025-01-29,SUP-02,Bharat Heavy Forgings,Tier 1,WH-BLR-03,South Central (Bengaluru),Regional Truckload,288.55,236.15,2025-02-03,2025-02-03,0,On-Time,1,0
SHP-20245017,2024-07-09,SUP-01,Apex Precision Components,Tier 1,WH-MUM-02,West Port (Mumbai),Regional Truckload,607.11,477.35,2024-07-13,2024-07-18,5,Delayed,0,0
SHP-20245018,2025-07-17,SUP-03,Delta Electronics Hub,Tier 1,WH-DEL-01,North Hub (Delhi-NCR),Express Air Freight,178.84,396.19,2025-07-19,2025-07-21,2,Delayed,0,0
SHP-20245019,2024-04-05,SUP-05,Falcon Fasteners Corp,Tier 2,WH-MUM-02,West Port (Mumbai),Regional Truckload,560.15,440.36,2024-04-10,2024-04-10,0,On-Time,1,0
SHP-20245020,2025-03-11,SUP-04,Evergreen Raw Materials,Tier 2,WH-DEL-01,North Hub (Delhi-NCR),Priority Surface Cargo,411.22,507.49,2025-03-16,2025-03-17,1,Delayed,0,0
SHP-20245021,2025-05-30,SUP-03,Delta Electronics Hub,Tier 1,WH-BLR-03,South Central (Bengaluru),Priority Surface Cargo,24.21,100.27,2025-06-02,2025-06-02,0,On-Time,1,0
SHP-20245022,2025-01-02,SUP-07,Hind Cargo Aggregates,Tier 3,WH-KOL-04,East Gateway (Kolkata),Priority Surface Cargo,207.28,318.12,2025-01-05,2025-01-12,7,Delayed,0,0
SHP-20245023,2024-12-10,SUP-05,Falcon Fasteners Corp,Tier 2,WH-MUM-02,West Port (Mumbai),Regional Truckload,479.7,380.75,2024-12-16,2024-12-16,0,On-Time,1,0
SHP-20245024,2024-07-24,SUP-08,Indus Logistics Fab,Tier 3,WH-BLR-03,South Central (Bengaluru),Standard Rail Transport,820.77,605.79,2024-07-29,2024-07-29,0,On-Time,1,0
SHP-20245025,2024-05-12,SUP-02,Bharat Heavy Forgings,Tier 1,WH-BLR-03,South Central (Bengaluru),Standard Rail Transport,395.26,344.98,2024-05-14,2024-05-19,5,Delayed,0,0
SHP-20245026,2025-04-20,SUP-02,Bharat Heavy Forgings,Tier 1,WH-MUM-02,West Port (Mumbai),Express Air Freight,485.28,987.44,2025-04-23,2025-04-23,0,On-Time,1,0
SHP-20245027,2024-01-06,SUP-06,Global Polymer Solutions,Tier 2,WH-DEL-01,North Hub (Delhi-NCR),Standard Rail Transport,105.25,156.8,2024-01-08,2024-01-12,4,Delayed,0,0
SHP-20245028,2025-02-09,SUP-08,Indus Logistics Fab,Tier 3,WH-MUM-02,West Port (Mumbai),Express Air Freight,745.27,1445.01,2025-02-11,2025-02-13,2,Delayed,0,1
SHP-20245029,2024-04-24,SUP-01,Apex Precision Components,Tier 1,WH-MUM-02,West Port (Mumbai),Priority Surface Cargo,455.34,593.24,2024-04-26,2024-04-28,2,Delayed,0,0
SHP-20245030,2024-04-12,SUP-06,Global Polymer Solutions,Tier 2,WH-KOL-04,East Gateway (Kolkata),Regional Truckload,658.74,471.92,2024-04-18,2024-04-23,5,Delayed,0,0
SHP-20245031,2025-06-24,SUP-07,Hind Cargo Aggregates,Tier 3,WH-KOL-04,East Gateway (Kolkata),Regional Truckload,488.5,379.38,2025-06-28,2025-07-04,6,Delayed,0,0
SHP-20245032,2025-10-16,SUP-07,Hind Cargo Aggregates,Tier 3,WH-BLR-03,South Central (Bengaluru),Priority Surface Cargo,239.02,341.23,2025-10-19,2025-10-19,0,On-Time,1,0
SHP-20245033,2024-12-04,SUP-03,Delta Electronics Hub,Tier 1,WH-MUM-02,West Port (Mumbai),Standard Rail Transport,59.05,131.09,2024-12-08,2024-12-08,0,On-Time,1,0
SHP-20245034,2024-11-26,SUP-05,Falcon Fasteners Corp,Tier 2,WH-MUM-02,West Port (Mumbai),Priority Surface Cargo,603.44,745.45,2024-12-02,2024-12-04,2,Delayed,0,0
SHP-20245035,2025-05-08,SUP-03,Delta Electronics Hub,Tier 1,WH-BLR-03,South Central (Bengaluru),Standard Rail Transport,26.34,64.03,2025-05-10,2025-05-12,2,Delayed,0,0
SHP-20245036,2024-12-12,SUP-02,Bharat Heavy Forgings,Tier 1,WH-BLR-03,South Central (Bengaluru),Regional Truckload,155.79,138.07,2024-12-16,2024-12-16,0,On-Time,1,0
SHP-20245037,2025-07-20,SUP-01,Apex Precision Components,Tier 1,WH-KOL-04,East Gateway (Kolkata),Regional Truckload,789.56,572.72,2025-07-26,2025-07-27,1,Delayed,0,0
SHP-20245038,2024-01-28,SUP-08,Indus Logistics Fab,Tier 3,WH-KOL-04,East Gateway (Kolkata),Priority Surface Cargo,617.62,751.58,2024-01-30,2024-02-03,4,Delayed,0,0
SHP-20245039,2025-12-05,SUP-05,Falcon Fasteners Corp,Tier 2,WH-KOL-04,East Gateway (Kolkata),Priority Surface Cargo,183.63,295.04,2025-12-09,2025-12-14,5,Delayed,0,0
SHP-20245040,2025-07-27,SUP-04,Evergreen Raw Materials,Tier 2,WH-MUM-02,West Port (Mumbai),Express Air Freight,716.8,1354.92,2025-07-31,2025-08-06,6,Delayed,0,0
SHP-20245041,2025-10-16,SUP-01,Apex Precision Components,Tier 1,WH-MUM-02,West Port (Mumbai),Regional Truckload,376.21,337.17,2025-10-21,2025-10-21,0,On-Time,1,0
SHP-20245042,2024-12-16,SUP-01,Apex Precision Components,Tier 1,WH-BLR-03,South Central (Bengaluru),Regional Truckload,504.71,367.66,2024-12-18,2024-12-19,1,Delayed,0,0
SHP-20245043,2025-08-22,SUP-02,Bharat Heavy Forgings,Tier 1,WH-MUM-02,West Port (Mumbai),Standard Rail Transport,266.23,254.65,2025-08-26,2025-08-27,1,Delayed,0,0
SHP-20245044,2025-07-04,SUP-02,Bharat Heavy Forgings,Tier 1,WH-DEL-01,North Hub (Delhi-NCR),Express Air Freight,411.88,831.52,2025-07-06,2025-07-06,0,On-Time,1,0
SHP-20245045,2024-01-16,SUP-05,Falcon Fasteners Corp,Tier 2,WH-KOL-04,East Gateway (Kolkata),Regional Truckload,835.54,579.56,2024-01-22,2024-02-04,13,Delayed,0,0
SHP-20245046,2025-10-14,SUP-05,Falcon Fasteners Corp,Tier 2,WH-DEL-01,North Hub (Delhi-NCR),Express Air Freight,436.62,893.61,2025-10-16,2025-10-16,0,On-Time,1,0
SHP-20245047,2024-07-10,SUP-06,Global Polymer Solutions,Tier 2,WH-BLR-03,South Central (Bengaluru),Express Air Freight,519.77,1010.24,2024-07-13,2024-07-15,2,Delayed,0,0
SHP-20245048,2024-07-17,SUP-07,Hind Cargo Aggregates,Tier 3,WH-DEL-01,North Hub (Delhi-NCR),Regional Truckload,244.82,217.41,2024-07-23,2024-07-23,0,On-Time,1,0
SHP-20245049,2024-08-12,SUP-02,Bharat Heavy Forgings,Tier 1,WH-MUM-02,West Port (Mumbai),Standard Rail Transport,351.81,254.41,2024-08-15,2024-08-17,2,Delayed,0,0
SHP-20245050,2024-03-23,SUP-03,Delta Electronics Hub,Tier 1,WH-BLR-03,South Central (Bengaluru),Standard Rail Transport,183.22,186.92,2024-03-29,2024-03-29,0,On-Time,1,0
SHP-20245051,2024-05-03,SUP-05,Falcon Fasteners Corp,Tier 2,WH-MUM-02,West Port (Mumbai),Regional Truckload,182.21,146.23,2024-05-09,2024-05-09,0,On-Time,1,0
SHP-20245052,2025-04-19,SUP-04,Evergreen Raw Materials,Tier 2,WH-BLR-03,South Central (Bengaluru),Express Air Freight,625.66,1217.21,2025-04-23,2025-04-23,0,On-Time,1,0
SHP-20245053,2024-08-06,SUP-08,Indus Logistics Fab,Tier 3,WH-BLR-03,South Central (Bengaluru),Express Air Freight,341.9,714.86,2024-08-09,2024-08-10,1,Delayed,0,0
SHP-20245054,2024-08-15,SUP-05,Falcon Fasteners Corp,Tier 2,WH-MUM-02,West Port (Mumbai),Regional Truckload,595.08,463.58,2024-08-20,2024-08-20,0,On-Time,1,0
SHP-20245055,2024-06-21,SUP-08,Indus Logistics Fab,Tier 3,WH-MUM-02,West Port (Mumbai),Priority Surface Cargo,318.15,436.31,2024-06-25,2024-06-27,2,Delayed,0,0
SHP-20245056,2024-11-10,SUP-08,Indus Logistics Fab,Tier 3,WH-KOL-04,East Gateway (Kolkata),Priority Surface Cargo,593.66,739.01,2024-11-15,2024-11-20,5,Delayed,0,0
SHP-20245057,2024-03-29,SUP-03,Delta Electronics Hub,Tier 1,WH-DEL-01,North Hub (Delhi-NCR),Standard Rail Transport,261.89,254.01,2024-04-04,2024-04-08,4,Delayed,0,0
SHP-20245058,2025-08-10,SUP-06,Global Polymer Solutions,Tier 2,WH-KOL-04,East Gateway (Kolkata),Express Air Freight,316.37,640.12,2025-08-15,2025-08-15,0,on-time  ,1,0
SHP-20245059,2024-10-18,SUP-06,Global Polymer Solutions,Tier 2,WH-BLR-03,South Central (Bengaluru),Express Air Freight,252.9,556.66,2024-10-22,2024-10-24,2,Delayed,0,0
SHP-20245060,2025-04-05,SUP-02,Bharat Heavy Forgings,Tier 1,WH-DEL-01,North Hub (Delhi-NCR),Regional Truckload,755.97,582.67,2025-04-09,2025-04-09,0,On-Time,1,0
SHP-20245061,2024-06-29,SUP-05,Falcon Fasteners Corp,Tier 2,WH-KOL-04,East Gateway (Kolkata),Regional Truckload,809.29,567.56,2024-07-02,2024-07-06,4,Delayed,0,0
SHP-20245062,2025-08-08,SUP-05,Falcon Fasteners Corp,Tier 2,WH-BLR-03,South Central (Bengaluru),Regional Truckload,457.92,352.23,2025-08-10,2025-08-14,4,Delayed,0,0
SHP-20245063,2025-10-29,SUP-06,Global Polymer Solutions,Tier 2,WH-BLR-03,South Central (Bengaluru),Express Air Freight,779.76,1470.2,2025-11-03,2025-11-03,0,On-Time,1,0
SHP-20245064,2024-08-31,SUP-03,Delta Electronics Hub,Tier 1,WH-KOL-04,East Gateway (Kolkata),Standard Rail Transport,280.02,242.19,2024-09-05,2024-09-05,0,On-Time,1,0
SHP-20245065,2025-04-21,SUP-02,Bharat Heavy Forgings,Tier 1,WH-BLR-03,South Central (Bengaluru),Priority Surface Cargo,213.04,311.97,2025-04-24,2025-04-28,4,Delayed,0,0
SHP-20245066,2025-02-02,SUP-04,Evergreen Raw Materials,Tier 2,WH-DEL-01,North Hub (Delhi-NCR),Express Air Freight,127.66,309.9,2025-02-08,2025-02-08,0,On-Time,1,0
SHP-20245067,2024-02-21,SUP-02,Bharat Heavy Forgings,Tier 1,WH-MUM-02,West Port (Mumbai),Express Air Freight,540.55,1090.36,2024-02-23,2024-02-24,1,Delayed,0,0
SHP-20245068,2025-01-27,SUP-02,Bharat Heavy Forgings,Tier 1,WH-BLR-03,South Central (Bengaluru),Standard Rail Transport,346.61,298.32,2025-01-31,2025-01-31,0,On-Time,1,0
SHP-20245069,2024-05-17,SUP-03,Delta Electronics Hub,Tier 1,WH-KOL-04,East Gateway (Kolkata),Express Air Freight,750.8,1424.14,2024-05-21,2024-05-22,1,Delayed,0,0
SHP-20245070,2025-11-23,SUP-05,Falcon Fasteners Corp,Tier 2,WH-KOL-04,East Gateway (Kolkata),Standard Rail Transport,303.32,254.02,2025-11-26,2025-11-29,3,Delayed,0,0
SHP-20245071,2024-08-31,SUP-06,Global Polymer Solutions,Tier 2,WH-KOL-04,East Gateway (Kolkata),Express Air Freight,232.43,491.46,2024-09-04,2024-09-05,1,Delayed,0,0
SHP-20245072,2024-07-22,SUP-01,Apex Precision Components,Tier 1,WH-MUM-02,West Port (Mumbai),Express Air Freight,717.86,1411.16,2024-07-24,2024-07-26,2,Delayed,0,0
SHP-20245073,2025-10-01,SUP-08,Indus Logistics Fab,Tier 3,WH-BLR-03,South Central (Bengaluru),Priority Surface Cargo,577.18,722.81,2025-10-06,2025-10-10,4,Delayed,0,0
SHP-20245074,2025-04-11,SUP-02,Bharat Heavy Forgings,Tier 1,WH-DEL-01,North Hub (Delhi-NCR),Priority Surface Cargo,114.0,155.99,2025-04-13,2025-04-14,1,Delayed,0,0
SHP-20245075,2024-05-23,SUP-05,Falcon Fasteners Corp,Tier 2,WH-BLR-03,South Central (Bengaluru),Regional Truckload,207.7,204.89,2024-05-26,2024-05-26,0,On-Time,1,0
SHP-20245076,2025-10-17,SUP-06,Global Polymer Solutions,Tier 2,WH-MUM-02,West Port (Mumbai),Priority Surface Cargo,597.84,683.63,2025-10-19,2025-10-19,0,On-Time,1,0
SHP-20245077,2025-05-03,SUP-06,Global Polymer Solutions,Tier 2,WH-DEL-01,North Hub (Delhi-NCR),Regional Truckload,30.91,56.9,2025-05-05,2025-05-06,1,Delayed,0,0
SHP-20245078,2025-05-08,SUP-04,Evergreen Raw Materials,Tier 2,WH-KOL-04,East Gateway (Kolkata),Regional Truckload,499.64,398.11,12/05/2025,2025-05-13,1,Delayed,0,0
SHP-20245079,2025-05-12,SUP-02,Bharat Heavy Forgings,Tier 1,WH-BLR-03,South Central (Bengaluru),Standard Rail Transport,-528.18,400.54,2025-05-14,2025-05-14,0,On-Time,1,0
SHP-20245080,2025-02-14,SUP-01,Apex Precision Components,Tier 1,WH-DEL-01,North Hub (Delhi-NCR),Standard Rail Transport,695.8,500.48,2025-02-19,2025-02-20,1,Delayed,0,0
SHP-20245081,2024-01-29,SUP-08,Indus Logistics Fab,Tier 3,WH-BLR-03,South Central (Bengaluru),Standard Rail Transport,532.11,435.17,2024-02-02,2024-02-03,1,Delayed,0,0
SHP-20245082,2024-05-02,SUP-06,Global Polymer Solutions,Tier 2,WH-KOL-04,East Gateway (Kolkata),Standard Rail Transport,31.31,51.75,2024-05-05,2024-05-05,0,On-Time,1,0
SHP-20245083,2024-07-06,SUP-02,Bharat Heavy Forgings,Tier 1,WH-BLR-03,South Central (Bengaluru),Standard Rail Transport,483.14,365.73,2024-07-12,2024-07-12,0,On-Time,1,0
SHP-20245084,2024-05-22,SUP-01,Apex Precision Components,Tier 1,WH-DEL-01,North Hub (Delhi-NCR),Regional Truckload,684.12,471.6,2024-05-28,2024-05-28,0,On-Time,1,0
SHP-20245085,2025-11-08,SUP-08,Indus Logistics Fab,Tier 3,WH-BLR-03,South Central (Bengaluru),Express Air Freight,35.01,148.69,2025-11-13,2025-11-14,1,Delayed,0,0
SHP-20245086,2024-04-26,SUP-07,Hind Cargo Aggregates,Tier 3,WH-DEL-01,North Hub (Delhi-NCR),Regional Truckload,390.23,296.5,2024-04-28,2024-05-03,5,Delayed,0,0
SHP-20245087,2024-04-18,SUP-06,Global Polymer Solutions,Tier 2,WH-DEL-01,North Hub (Delhi-NCR),Regional Truckload,825.09,621.41,2024-04-21,2024-04-29,8,Delayed,0,1
SHP-20245088,2024-11-07,SUP-03,Delta Electronics Hub,Tier 1,WH-KOL-04,East Gateway (Kolkata),Regional Truckload,636.48,496.14,2024-11-13,2024-11-14,1,Delayed,0,0
SHP-20245089,2024-02-16,SUP-04,Evergreen Raw Materials,Tier 2,WH-DEL-01,North Hub (Delhi-NCR),Express Air Freight,808.28,1526.67,2024-02-22,2024-02-22,0,On-Time,1,0
SHP-20245090,2024-10-10,SUP-03,Delta Electronics Hub,Tier 1,WH-MUM-02,West Port (Mumbai),Priority Surface Cargo,537.38,625.0,2024-10-14,2024-10-15,1,Delayed,0,0
SHP-20245091,2025-04-25,SUP-04,Evergreen Raw Materials,Tier 2,WH-BLR-03,South Central (Bengaluru),Priority Surface Cargo,490.74,569.52,2025-04-29,2025-04-30,1,Delayed,0,0
SHP-20245092,2024-11-12,SUP-02,Bharat Heavy Forgings,Tier 1,WH-KOL-04,East Gateway (Kolkata),Priority Surface Cargo,556.71,688.81,2024-11-18,2024-11-20,2,Delayed,0,0
SHP-20245093,2025-07-31,SUP-01,Apex Precision Components,Tier 1,WH-DEL-01,North Hub (Delhi-NCR),Priority Surface Cargo,840.09,1002.99,2025-08-04,2025-08-07,3,Delayed,0,0
SHP-20245094,2025-03-06,SUP-05,Falcon Fasteners Corp,Tier 2,WH-MUM-02,West Port (Mumbai),Regional Truckload,139.56,158.36,2025-03-10,2025-03-14,4,Delayed,0,0
SHP-20245095,2024-01-05,SUP-07,Hind Cargo Aggregates,Tier 3,WH-BLR-03,South Central (Bengaluru),Regional Truckload,661.27,496.13,2024-01-08,2024-01-09,1,Delayed,0,0
SHP-20245096,2025-08-17,SUP-01,Apex Precision Components,Tier 1,WH-DEL-01,North Hub (Delhi-NCR),Priority Surface Cargo,781.94,929.62,2025-08-19,2025-08-19,0,On-Time,1,0
SHP-20245097,2025-04-21,SUP-02,Bharat Heavy Forgings,Tier 1,WH-DEL-01,North Hub (Delhi-NCR),Regional Truckload,722.2,506.25,2025-04-27,2025-04-27,0,On-Time,1,0
SHP-20245098,2024-02-11,SUP-04,Evergreen Raw Materials,Tier 2,WH-BLR-03,South Central (Bengaluru),Priority Surface Cargo,175.1,240.39,2024-02-17,2024-02-22,5,Delayed,0,0
SHP-20245099,2024-05-23,SUP-03,Delta Electronics Hub,Tier 1,WH-BLR-03,South Central (Bengaluru),Express Air Freight,580.05,1153.18,2024-05-28,2024-05-28,0,On-Time,1,0
SHP-20245100,2025-07-29,SUP-04,Evergreen Raw Materials,Tier 2,WH-KOL-04,East Gateway (Kolkata),Standard Rail Transport,432.14,341.15,2025-08-01,2025-08-01,0,On-Time,1,0
SHP-20245101,2025-05-23,SUP-02,Bharat Heavy Forgings,Tier 1,WH-BLR-03,South Central (Bengaluru),Standard Rail Transport,506.87,382.13,2025-05-29,2025-05-29,0,On-Time,1,0
SHP-20245102,2024-08-28,SUP-08,Indus Logistics Fab,Tier 3,WH-BLR-03,South Central (Bengaluru),Priority Surface Cargo,-597.71,722.22,2024-08-30,2024-09-03,4,Delayed,0,0
SHP-20245103,2024-02-15,SUP-05,Falcon Fasteners Corp,Tier 2,WH-MUM-02,West Port (Mumbai),Standard Rail Transport,550.82,384.61,2024-02-17,2024-02-18,1,Delayed,0,0
SHP-20245104,2024-08-03,SUP-03,Delta Electronics Hub,Tier 1,WH-MUM-02,West Port (Mumbai),Standard Rail Transport,600.02,474.2,2024-08-09,2024-08-09,0,On-Time,1,0
SHP-20245105,2025-03-04,SUP-03,Delta Electronics Hub,Tier 1,WH-BLR-03,South Central (Bengaluru),Priority Surface Cargo,-486.39,598.53,2025-03-08,2025-03-08,0,On-Time,1,0
SHP-20245106,2024-01-29,SUP-08,Indus Logistics Fab,Tier 3,WH-BLR-03,South Central (Bengaluru),Priority Surface Cargo,413.66,537.82,2024-02-01,2024-02-01,0,On-Time,1,0
SHP-20245107,2024-08-24,SUP-08,Indus Logistics Fab,Tier 3,WH-MUM-02,West Port (Mumbai),Regional Truckload,411.42,295.44,2024-08-30,2024-08-31,1,Delayed,0,0
SHP-20245108,2025-05-01,SUP-03,Delta Electronics Hub,Tier 1,WH-KOL-04,East Gateway (Kolkata),Express Air Freight,418.64,820.09,2025-05-05,2025-05-09,4,Delayed,0,0
SHP-20245109,2024-11-13,SUP-02,Bharat Heavy Forgings,Tier 1,WH-DEL-01,North Hub (Delhi-NCR),Regional Truckload,343.01,301.44,2024-11-19,2024-11-19,0,On-Time,1,0
SHP-20245110,2024-02-04,SUP-01,Apex Precision Components,Tier 1,WH-KOL-04,East Gateway (Kolkata),Priority Surface Cargo,562.16,698.73,2024-02-07,2024-02-07,0,On-Time,1,0
SHP-20245111,2024-07-28,SUP-07,Hind Cargo Aggregates,Tier 3,WH-BLR-03,South Central (Bengaluru),Express Air Freight,774.75,1500.95,2024-07-31,2024-08-01,1,Delayed,0,0
SHP-20245112,2024-06-03,SUP-06,Global Polymer Solutions,Tier 2,WH-BLR-03,South Central (Bengaluru),Regional Truckload,257.5,206.76,2024-06-05,2024-06-07,2,Delayed,0,0
SHP-20245113,2024-03-31,SUP-04,Evergreen Raw Materials,Tier 2,WH-DEL-01,North Hub (Delhi-NCR),Express Air Freight,603.46,1157.68,2024-04-04,2024-04-05,1,Delayed,0,0
SHP-20245114,2025-05-06,SUP-02,Bharat Heavy Forgings,Tier 1,WH-MUM-02,West Port (Mumbai),Express Air Freight,572.26,1140.24,2025-05-08,2025-05-09,1,Delayed,0,0
SHP-20245115,2025-10-08,SUP-04,Evergreen Raw Materials,Tier 2,WH-BLR-03,South Central (Bengaluru),Priority Surface Cargo,543.28,682.63,2025-10-12,2025-10-13,1,Delayed,0,0
SHP-20245116,2025-12-21,SUP-02,Bharat Heavy Forgings,Tier 1,WH-BLR-03,South Central (Bengaluru),Express Air Freight,793.48,1553.82,2025-12-26,2025-12-28,2,Delayed,0,0
SHP-20245117,2024-09-08,SUP-02,Bharat Heavy Forgings,Tier 1,WH-MUM-02,West Port (Mumbai),Standard Rail Transport,531.19,430.81,2024-09-11,2024-09-11,0,On-Time,1,0
SHP-20245118,2024-01-30,SUP-03,Delta Electronics Hub,Tier 1,WH-MUM-02,West Port (Mumbai),Express Air Freight,61.55,140.9,2024-02-02,2024-02-02,0,On-Time,1,0
SHP-20245119,2025-11-08,SUP-03,Delta Electronics Hub,Tier 1,WH-DEL-01,North Hub (Delhi-NCR),Express Air Freight,457.0,889.75,2025-11-11,2025-11-11,0,On-Time,1,0
SHP-20245120,2025-10-01,SUP-07,Hind Cargo Aggregates,Tier 3,WH-DEL-01,North Hub (Delhi-NCR),Regional Truckload,813.74,622.75,2025-10-03,2025-10-08,5,Delayed,0,0
SHP-20245121,2025-04-14,SUP-05,Falcon Fasteners Corp,Tier 2,WH-BLR-03,South Central (Bengaluru),Express Air Freight,83.84,225.92,2025-04-17,2025-04-24,7,Delayed,0,0
SHP-20245122,2025-05-10,SUP-08,Indus Logistics Fab,Tier 3,WH-MUM-02,West Port (Mumbai),Priority Surface Cargo,383.89,473.03,2025-05-16,2025-05-17,1,Delayed,0,0
SHP-20245123,2024-08-20,SUP-05,Falcon Fasteners Corp,Tier 2,WH-BLR-03,South Central (Bengaluru),Priority Surface Cargo,841.17,967.55,2024-08-23,2024-08-23,0,On-Time,1,0
SHP-20245124,2025-01-13,SUP-02,Bharat Heavy Forgings,Tier 1,WH-BLR-03,South Central (Bengaluru),Standard Rail Transport,273.88,203.72,2025-01-15,2025-01-15,0,On-Time,1,0
SHP-20245125,2025-02-06,SUP-04,Evergreen Raw Materials,Tier 2,WH-KOL-04,East Gateway (Kolkata),Standard Rail Transport,758.62,522.73,2025-02-08,2025-02-12,4,Delayed,0,0
SHP-20245126,2024-09-29,SUP-05,Falcon Fasteners Corp,Tier 2,WH-MUM-02,West Port (Mumbai),Standard Rail Transport,685.67,503.93,2024-10-02,2024-10-03,1,Delayed,0,0
SHP-20245127,2024-10-29,SUP-07,Hind Cargo Aggregates,Tier 3,WH-MUM-02,West Port (Mumbai),Regional Truckload,512.33,416.77,2024-11-02,2024-11-07,5,Delayed,0,0
SHP-20245128,2025-05-17,SUP-02,Bharat Heavy Forgings,Tier 1,WH-BLR-03,South Central (Bengaluru),Priority Surface Cargo,717.57,821.53,2025-05-20,2025-05-29,9,Delayed,0,0
SHP-20245129,2024-07-02,SUP-06,Global Polymer Solutions,Tier 2,WH-BLR-03,South Central (Bengaluru),Regional Truckload,378.48,333.64,2024-07-04,2024-07-05,1,Delayed,0,0
SHP-20245130,2025-02-28,SUP-04,Evergreen Raw Materials,Tier 2,WH-KOL-04,East Gateway (Kolkata),Express Air Freight,242.41,542.76,2025-03-05,2025-03-07,2,Delayed,0,0
SHP-20245131,2025-04-02,SUP-06,Global Polymer Solutions,Tier 2,WH-MUM-02,West Port (Mumbai),Express Air Freight,687.07,1326.28,2025-04-05,2025-04-09,4,Delayed,0,0
SHP-20245132,2024-03-07,SUP-02,Bharat Heavy Forgings,Tier 1,WH-KOL-04,East Gateway (Kolkata),Express Air Freight,475.94,931.92,2024-03-10,2024-03-14,4,Delayed,0,0
SHP-20245133,2024-12-21,SUP-06,Global Polymer Solutions,Tier 2,WH-BLR-03,South Central (Bengaluru),Priority Surface Cargo,463.3,534.82,2024-12-26,2024-12-28,2,Delayed,0,0
SHP-20245134,2025-04-11,SUP-02,Bharat Heavy Forgings,Tier 1,WH-BLR-03,South Central (Bengaluru),Express Air Freight,141.01,324.15,2025-04-14,2025-04-18,4,Delayed,0,0
SHP-20245135,2025-04-26,SUP-07,Hind Cargo Aggregates,Tier 3,WH-KOL-04,East Gateway (Kolkata),Express Air Freight,552.48,1075.58,2025-04-29,2025-05-03,4,Delayed,0,1
SHP-20245136,2025-12-11,SUP-01,Apex Precision Components,Tier 1,WH-DEL-01,North Hub (Delhi-NCR),Standard Rail Transport,298.12,262.71,2025-12-16,2025-12-17,1,Delayed,0,0
SHP-20245137,2024-05-21,SUP-03,Delta Electronics Hub,Tier 1,WH-MUM-02,West Port (Mumbai),Standard Rail Transport,557.39,449.96,2024-05-24,2024-05-28,4,Delayed,0,0
SHP-20245138,2025-05-20,SUP-01,Apex Precision Components,Tier 1,WH-DEL-01,North Hub (Delhi-NCR),Standard Rail Transport,302.38,227.18,2025-05-26,2025-05-26,0,On-Time,1,0
SHP-20245139,2025-12-21,SUP-01,Apex Precision Components,Tier 1,WH-DEL-01,North Hub (Delhi-NCR),Regional Truckload,795.85,572.03,2025-12-27,2025-12-27,0,On-Time,1,0
SHP-20245140,2024-02-27,SUP-06,Global Polymer Solutions,Tier 2,WH-DEL-01,North Hub (Delhi-NCR),Express Air Freight,71.74,178.74,2024-03-02,2024-03-04,2,Delayed,0,0
SHP-20245141,2024-03-08,SUP-07,Hind Cargo Aggregates,Tier 3,WH-MUM-02,West Port (Mumbai),Priority Surface Cargo,592.97,706.23,2024-03-14,2024-03-15,1,Delayed,0,0
SHP-20245142,2024-05-01,SUP-05,Falcon Fasteners Corp,Tier 2,WH-BLR-03,South Central (Bengaluru),Standard Rail Transport,437.43,352.69,2024-05-07,2024-05-07,0,On-Time,1,0
SHP-20245143,2025-07-24,SUP-02,Bharat Heavy Forgings,Tier 1,WH-MUM-02,West Port (Mumbai),Express Air Freight,32.98,140.36,2025-07-30,2025-07-30,0,On-Time,1,0
SHP-20245144,2025-08-13,SUP-05,Falcon Fasteners Corp,Tier 2,WH-DEL-01,North Hub (Delhi-NCR),Priority Surface Cargo,177.97,239.01,2025-08-16,2025-08-19,3,Delayed,0,0
SHP-20245145,2025-11-26,SUP-06,Global Polymer Solutions,Tier 2,WH-KOL-04,East Gateway (Kolkata),Express Air Freight,803.61,1519.01,2025-12-02,2025-12-02,0,On-Time,1,0
SHP-20245146,2025-04-18,SUP-01,Apex Precision Components,Tier 1,WH-KOL-04,East Gateway (Kolkata),Standard Rail Transport,566.34,422.73,2025-04-24,2025-04-24,0,On-Time,1,0
SHP-20245147,2024-01-02,SUP-07,Hind Cargo Aggregates,Tier 3,WH-KOL-04,East Gateway (Kolkata),Standard Rail Transport,647.87,502.16,2024-01-05,2024-01-11,6,Delayed,0,0
SHP-20245148,2025-01-05,SUP-07,Hind Cargo Aggregates,Tier 3,WH-DEL-01,North Hub (Delhi-NCR),Regional Truckload,617.96,481.53,2025-01-11,2025-01-15,4,Delayed,0,0
SHP-20245149,2025-10-17,SUP-03,Delta Electronics Hub,Tier 1,WH-KOL-04,East Gateway (Kolkata),Express Air Freight,339.23,657.46,2025-10-21,2025-10-21,0,On-Time,1,0
SHP-20245150,2024-12-22,SUP-06,Global Polymer Solutions,Tier 2,WH-DEL-01,North Hub (Delhi-NCR),Express Air Freight,802.71,1579.82,2024-12-27,2024-12-27,0,On-Time,1,0
SHP-20240013,2024-03-13,SUP-06,Global Polymer Solutions,Tier 2,WH-MUM-02,West Port (Mumbai),Regional Truckload,669.54,509.59,2024-03-16,2024-03-16,0,On-Time,1,0
SHP-20240046,2025-06-30,SUP-08,Indus Logistics Fab,Tier 3,WH-BLR-03,South Central (Bengaluru),Regional Truckload,290.62,229.76,2025-07-03,2025-07-08,5,Delayed,0,0
SHP-20240081,2025-10-26,SUP-04,Evergreen Raw Materials,Tier 2,WH-DEL-01,North Hub (Delhi-NCR),Priority Surface Cargo,379.88,445.49,2025-10-31,2025-10-31,0,On-Time,1,0
SHP-20240161,2025-04-11,SUP-06,Global Polymer Solutions,Tier 2,WH-MUM-02,West Port (Mumbai),Express Air Freight,802.97,1575.89,2025-04-16,2025-04-16,0,On-Time,1,0
SHP-20240311,2024-06-21,SUP-06,Global Polymer Solutions,Tier 2,WH-DEL-01,North Hub (Delhi-NCR),Express Air Freight,800.06,1551.06,2024-06-26,2024-06-26,0,On-Time,1,0
SHP-20240621,2024-04-21,SUP-05,Falcon Fasteners Corp,Tier 2,WH-BLR-03,South Central (Bengaluru),Standard Rail Transport,697.05,541.29,2024-04-27,2024-04-28,1,Delayed,0,0
SHP-20241101,2024-07-05,SUP-03,Delta Electronics Hub,Tier 1,WH-DEL-01,North Hub (Delhi-NCR),Express Air Freight,329.6,637.0,2024-07-07,2024-07-08,1,Delayed,0,0
SHP-20241501,2025-04-19,SUP-01,Apex Precision Components,Tier 1,WH-BLR-03,South Central (Bengaluru),Priority Surface Cargo,320.39,424.95,2025-04-22,2025-04-22,0,On-Time,1,0
SHP-20242101,2024-10-04,SUP-02,Bharat Heavy Forgings,Tier 1,WH-MUM-02,West Port (Mumbai),Regional Truckload,348.8,284.83,2024-10-06,2024-10-07,1,Delayed,0,0
SHP-20242801,2024-09-20,SUP-07,Hind Cargo Aggregates,Tier 3,WH-DEL-01,North Hub (Delhi-NCR),Regional Truckload,509.88,380.38,2024-09-23,2024-09-25,2,Delayed,0,0
SHP-20243401,2024-02-21,SUP-03,Delta Electronics Hub,Tier 1,WH-BLR-03,South Central (Bengaluru),Priority Surface Cargo,402.62,507.82,2024-02-23,2024-02-23,0,On-Time,1,0
SHP-20244101,2025-09-21,SUP-07,Hind Cargo Aggregates,Tier 3,WH-DEL-01,North Hub (Delhi-NCR),Standard Rail Transport,514.91,425.06,2025-09-23,2025-09-24,1,Delayed,0,0
SHP-20244701,2025-08-31,SUP-04,Evergreen Raw Materials,Tier 2,WH-KOL-04,East Gateway (Kolkata),Priority Surface Cargo,538.61,676.64,2025-09-04,2025-09-06,2,Delayed,0,0
SHP-20245001,2024-09-06,SUP-01,Apex Precision Components,Tier 1,WH-DEL-01,North Hub (Delhi-NCR),Standard Rail Transport,702.42,535.4,2024-09-08,2024-09-09,1,Delayed,0,0
